k_index,band_index,k_distance,energy_eV,weight
0,0,0.00000000,-12.174008,3.46488448e-08
1,0,0.06074799,-12.161831,1.55397145e-03
2,0,0.12149598,-12.125518,6.18964767e-03
3,0,0.18224397,-12.065039,1.38306036e-02
4,0,0.24299205,-11.980516,2.43514763e-02
5,0,0.30373983,-11.871987,3.75810187e-02
6,0,0.36448784,-11.739760,5.33058233e-02
7,0,0.42523585,-11.583992,7.12759602e-02
8,0,0.48598386,-11.404888,9.12101653e-02
9,0,0.54673188,-11.202855,1.12802040e-01
10,0,0.60747989,-10.978205,1.35726874e-01
11,0,0.66822790,-10.731338,1.59648724e-01
12,0,0.72897591,-10.462806,1.84223702e-01
13,0,0.78972392,-10.173086,2.09107995e-01
14,0,0.85047193,-9.862951,2.33967535e-01
15,0,0.91121971,-9.532994,2.58472420e-01
16,0,0.97196773,-9.184204,2.82305364e-01
17,0,1.03271574,-8.817441,3.05157335e-01
18,0,1.09346375,-8.433770,3.26734364e-01
19,0,1.15421176,-8.034362,6.93496865e-01
20,0,1.15421176,-8.034362,6.93496850e-01
21,0,1.18458576,-8.033320,6.93612515e-01
22,0,1.21495976,-8.030216,6.93950102e-01
23,0,1.24533376,-8.025095,6.94309563e-01
24,0,1.27570776,-8.018102,6.94899584e-01
25,0,1.30608176,-8.009363,6.95541236e-01
26,0,1.33645576,-7.999066,6.96071549e-01
27,0,1.36682976,-7.987477,6.96864353e-01
28,0,1.39720381,-7.974810,6.97772339e-01
29,0,1.42757781,-7.961386,6.97088659e-01
30,0,1.45795159,-7.947528,7.01721045e-01
31,0,1.48832560,-7.933662,6.99279639e-01
32,0,1.51869960,-7.920150,6.93507979e-01
33,0,1.54907361,-7.907380,6.76300505e-01
34,0,1.57944761,-7.895736,6.25468118e-01
35,0,1.60982162,-7.885624,4.67274264e-01
36,0,1.64019563,-7.877365,1.64062486e-01
37,0,1.67056963,-7.871244,3.15169604e-02
38,0,1.70094364,-7.867476,1.93799094e-03
39,0,1.73131764,-7.866182,6.28118977e-06
40,0,1.73131764,-7.866182,6.28221361e-06
41,0,1.75279515,-7.924879,6.38683689e-01
42,0,1.77427297,-7.980461,6.43565240e-01
43,0,1.79575048,-8.032927,6.48216019e-01
44,0,1.81722830,-8.082250,6.52616481e-01
45,0,1.83870581,-8.128431,6.56765370e-01
46,0,1.86018364,-8.171462,6.60656271e-01
47,0,1.88166114,-8.211334,6.64282935e-01
48,0,1.90313897,-8.248035,6.67639913e-01
49,0,1.92461647,-8.281571,6.70721635e-01
50,0,1.94609430,-8.311938,6.73522543e-01
51,0,1.96757180,-8.339113,6.76040045e-01
52,0,1.98904963,-8.363101,6.78269365e-01
53,0,2.01052713,-8.383910,6.80210141e-01
54,0,2.03200496,-8.401513,6.81853423e-01
55,0,2.05348246,-8.415920,6.83199488e-01
56,0,2.07496029,-8.427121,6.84246279e-01
57,0,2.09643779,-8.435128,6.84992107e-01
58,0,2.11791562,-8.439933,6.85435871e-01
59,0,2.13939312,-8.441535,6.85576529e-01
60,0,2.13939312,-8.441535,6.85576533e-01
61,0,2.20382612,-8.639944,6.61077326e-01
62,0,2.26825912,-8.879154,6.26793919e-01
63,0,2.33269211,-9.149303,5.85365121e-01
64,0,2.39712495,-9.438544,5.39451183e-01
65,0,2.46155794,-9.736095,4.91027185e-01
66,0,2.52599094,-10.033039,4.41348264e-01
67,0,2.59042394,-10.322529,3.91217903e-01
68,0,2.65485693,-10.599298,3.41274721e-01
69,0,2.71928993,-10.859598,2.92148790e-01
70,0,2.78372276,-11.100614,2.44500876e-01
71,0,2.84815576,-11.320138,1.99043605e-01
72,0,2.91258876,-11.516590,1.56538564e-01
73,0,2.97702175,-11.688792,1.17755203e-01
74,0,3.04145475,-11.835792,8.34445022e-02
75,0,3.10588775,-11.956914,5.43033980e-02
76,0,3.17032058,-12.051610,3.09477931e-02
77,0,3.23475363,-12.119498,1.38843544e-02
78,0,3.29918661,-12.160320,3.49080674e-03
79,0,3.36361957,-12.174008,3.46480353e-08
80,0,3.36361957,-12.174008,3.46477937e-08
81,0,3.41622887,-12.164855,3.49469251e-03
82,0,3.46883817,-12.137635,1.39412500e-02
83,0,3.52144747,-12.092341,3.12300893e-02
84,0,3.57405686,-12.029118,5.51847522e-02
85,0,3.62666598,-11.948130,8.55720598e-02
86,0,3.67927530,-11.849741,1.22113626e-01
87,0,3.73188462,-11.734281,1.64509251e-01
88,0,3.78449394,-11.602234,2.12450463e-01
89,0,3.83710326,-11.454415,2.65681745e-01
90,0,3.88971258,-11.291718,3.23994706e-01
91,0,3.94232191,-11.115499,3.87298667e-01
92,0,3.99493123,-10.927719,4.55653337e-01
93,0,4.04754055,-10.731246,5.29285234e-01
94,0,4.10014987,-10.530251,6.08448430e-01
95,0,4.15275899,-10.331492,6.92976038e-01
96,0,4.20536831,-10.145155,7.80974374e-01
97,0,4.25797763,-9.986820,8.65866286e-01
98,0,4.31058696,-9.877355,9.32301921e-01
99,0,4.36319628,-9.837738,9.58356192e-01
0,1,0.00000000,-0.221237,9.42605162e-08
1,1,0.06074799,-0.304028,2.76414541e-02
2,1,0.12149598,-0.533108,9.11208535e-02
3,1,0.18224397,-0.861308,1.60789179e-01
4,1,0.24299205,-1.249585,2.22575107e-01
5,1,0.30373983,-1.673052,2.73679903e-01
6,1,0.36448784,-2.117453,3.14924804e-01
7,1,0.42523585,-2.574406,3.47729602e-01
8,1,0.48598386,-3.038851,3.73296483e-01
9,1,0.54673188,-3.507869,3.92483043e-01
10,1,0.60747989,-3.979083,4.05987094e-01
11,1,0.66822790,-4.451056,4.14327286e-01
12,1,0.72897591,-4.921378,4.18032797e-01
13,1,0.78972392,-5.388366,4.17510992e-01
14,1,0.85047193,-5.851013,4.13173756e-01
15,1,0.91121971,-6.307241,4.05401097e-01
16,1,0.97196773,-6.755448,3.94544071e-01
17,1,1.03271574,-7.193728,3.80945631e-01
18,1,1.09346375,-7.620536,3.64914788e-01
19,1,1.15421176,-8.034362,1.11086150e-09
20,1,1.15421176,-8.034362,3.99413608e-09
21,1,1.18458576,-8.033320,1.56369090e-04
22,1,1.21495976,-8.030216,6.31429940e-04
23,1,1.24533376,-8.025095,1.60800637e-03
24,1,1.27570776,-8.018102,2.87334131e-03
25,1,1.30608176,-8.009363,4.57236921e-03
26,1,1.33645576,-7.999066,6.83197934e-03
27,1,1.36682976,-7.987477,9.23571138e-03
28,1,1.39720381,-7.974810,1.18631677e-02
29,1,1.42757781,-7.961386,1.63545115e-02
30,1,1.45795159,-7.947528,1.57202393e-02
31,1,1.48832560,-7.933662,2.22364354e-02
32,1,1.51869960,-7.920150,3.20546301e-02
33,1,1.54907361,-7.907380,5.31486088e-02
34,1,1.57944761,-7.895736,1.07574008e-01
35,1,1.60982162,-7.885624,2.68938974e-01
36,1,1.64019563,-7.877365,5.74768813e-01
37,1,1.67056963,-7.871244,7.09266975e-01
38,1,1.70094364,-7.867476,7.40045206e-01
39,1,1.73131764,-7.866182,7.42363494e-01
40,1,1.73131764,-7.866182,7.42363492e-01
41,1,1.75279515,-7.808596,1.08598810e-01
42,1,1.77427297,-7.756296,1.08342467e-01
43,1,1.79575048,-7.709236,1.08030721e-01
44,1,1.81722830,-7.667276,1.07669687e-01
45,1,1.83870581,-7.630209,1.07267267e-01
46,1,1.86018364,-7.597762,1.06833957e-01
47,1,1.88166114,-7.569606,1.06381401e-01
48,1,1.90313897,-7.545351,1.05921952e-01
49,1,1.92461647,-7.524711,1.05466446e-01
50,1,1.94609430,-7.507363,1.05026856e-01
51,1,1.96757180,-7.492793,1.04610943e-01
52,1,1.98904963,-7.480754,1.04227594e-01
53,1,2.01052713,-7.470955,1.03884115e-01
54,1,2.03200496,-7.463114,1.03584741e-01
55,1,2.05348246,-7.457014,1.03334065e-01
56,1,2.07496029,-7.452412,1.03134555e-01
57,1,2.09643779,-7.449271,1.02989599e-01
58,1,2.11791562,-7.447428,1.02900089e-01
59,1,2.13939312,-7.446815,1.02866109e-01
60,1,2.13939312,-7.446815,1.02866123e-01
61,1,2.20382612,-7.247460,1.32533913e-01
62,1,2.26825912,-7.019417,1.63438262e-01
63,1,2.33269211,-6.762998,1.94513906e-01
64,1,2.39712495,-6.478367,2.24671705e-01
65,1,2.46155794,-6.166004,2.52844538e-01
66,1,2.52599094,-5.826264,2.77992556e-01
67,1,2.59042394,-5.459647,2.99141521e-01
68,1,2.65485693,-5.066690,3.15392737e-01
69,1,2.71928993,-4.648299,3.25941489e-01
70,1,2.78372276,-4.205520,3.30050616e-01
71,1,2.84815576,-3.739690,3.27046412e-01
72,1,2.91258876,-3.252868,3.16266758e-01
73,1,2.97702175,-2.748308,2.96938900e-01
74,1,3.04145475,-2.230417,2.68094842e-01
75,1,3.10588775,-1.707984,2.28271291e-01
76,1,3.17032058,-1.196202,1.75550965e-01
77,1,3.23475363,-0.726540,1.08886882e-01
78,1,3.29918661,-0.364477,3.69402763e-02
79,1,3.36361957,-0.221237,9.42781548e-08
80,1,3.36361957,-0.221237,9.42704182e-08
81,1,3.41622887,-0.329993,3.14737443e-02
82,1,3.46883817,-0.619918,9.86136045e-02
83,1,3.52144747,-1.018698,1.66543096e-01
84,1,3.57405686,-1.474774,2.23521601e-01
85,1,3.62666598,-1.958536,2.68896344e-01
86,1,3.67927530,-2.454449,3.04033598e-01
87,1,3.73188462,-2.952316,3.30208935e-01
88,1,3.78449394,-3.445848,3.48073027e-01
89,1,3.83710326,-3.930558,3.57789763e-01
90,1,3.88971258,-4.402823,3.59135973e-01
91,1,3.94232191,-4.859400,3.51577189e-01
92,1,3.99493123,-5.296989,3.34304612e-01
93,1,4.04754055,-5.711758,3.06292537e-01
94,1,4.10014987,-6.098368,2.66436478e-01
95,1,4.15275899,-6.449798,2.14052180e-01
96,1,4.20536831,-6.755259,1.50316477e-01
97,1,4.25797763,-6.998913,8.15170712e-02
98,1,4.31058696,-7.159679,2.35668400e-02
99,1,4.36319628,-7.216452,5.23421522e-09
0,2,0.00000000,-0.221237,4.35246678e-05
1,2,0.06074799,-0.273253,8.57608106e-04
2,2,0.12149598,-0.417348,2.80796234e-03
3,2,0.18224397,-0.620436,4.84690496e-03
4,2,0.24299205,-0.854281,6.44449859e-03
5,2,0.30373983,-1.099562,7.48079852e-03
6,2,0.36448784,-1.345517,7.98813480e-03
7,2,0.42523585,-1.584481,8.05115685e-03
8,2,0.48598386,-1.811733,7.75479734e-03
9,2,0.54673188,-2.024671,7.17758476e-03
10,2,0.60747989,-2.220993,6.39467806e-03
11,2,0.66822790,-2.399222,5.47586726e-03
12,2,0.72897591,-2.558338,4.48639742e-03
13,2,0.78972392,-2.697456,3.48856973e-03
14,2,0.85047193,-2.816014,2.53836845e-03
15,2,0.91121971,-2.913496,1.68665373e-03
16,2,0.97196773,-2.989660,9.76559829e-04
17,2,1.03271574,-3.044267,4.42905104e-04
18,2,1.09346375,-3.077078,1.12075290e-04
19,2,1.15421176,-3.088023,1.26663308e-08
20,2,1.15421176,-3.088023,1.26661984e-08
21,2,1.18458576,-3.097704,5.24630821e-04
22,2,1.21495976,-3.126067,1.98736521e-03
23,2,1.24533376,-3.171205,4.09704583e-03
24,2,1.27570776,-3.230427,6.47456885e-03
25,2,1.30608176,-3.300545,8.75879991e-03
26,2,1.33645576,-3.378349,1.06653006e-02
27,2,1.36682976,-3.460868,1.20101152e-02
28,2,1.39720381,-3.545310,1.27010172e-02
29,2,1.42757781,-3.629326,1.27254924e-02
30,2,1.45795159,-3.710912,1.21288035e-02
31,2,1.48832560,-3.788257,1.10040526e-02
32,2,1.51869960,-3.859926,9.47331204e-03
33,2,1.54907361,-3.924565,7.68159461e-03
34,2,1.57944761,-3.981093,5.78863003e-03
35,2,1.60982162,-4.028638,3.95640462e-03
36,2,1.64019563,-4.066409,2.34069255e-03
37,2,1.67056963,-4.093817,1.07942540e-03
38,2,1.70094364,-4.110419,2.80870201e-04
39,2,1.73131764,-4.115971,1.36995719e-05
40,2,1.73131764,-4.115971,1.36994634e-05
41,2,1.75279515,-4.160922,8.30622063e-05
42,2,1.77427297,-4.203776,6.19409807e-05
43,2,1.79575048,-4.244477,4.65383953e-05
44,2,1.81722830,-4.282950,3.59191644e-05
45,2,1.83870581,-4.319157,2.91710048e-05
46,2,1.86018364,-4.353049,2.55320434e-05
47,2,1.88166114,-4.384584,2.43372368e-05
48,2,1.90313897,-4.413723,2.50100653e-05
49,2,1.92461647,-4.440438,2.70439976e-05
50,2,1.94609430,-4.464692,3.00084226e-05
51,2,1.96757180,-4.486462,3.35233858e-05
52,2,1.98904963,-4.505724,3.72719929e-05
53,2,2.01052713,-4.522484,4.09795484e-05
54,2,2.03200496,-4.536669,4.44269918e-05
55,2,2.05348246,-4.548295,4.74251366e-05
56,2,2.07496029,-4.557325,4.98738404e-05
57,2,2.09643779,-4.563799,5.15620116e-05
58,2,2.11791562,-4.567686,5.24576662e-05
59,2,2.13939312,-4.568962,5.25342662e-05
60,2,2.13939312,-4.568962,5.25343313e-05
61,2,2.20382612,-4.667231,3.48242321e-03
62,2,2.26825912,-4.683691,1.15042958e-02
63,2,2.33269211,-4.625347,2.14415976e-02
64,2,2.39712495,-4.502100,3.07048507e-02
65,2,2.46155794,-4.323677,3.77452425e-02
66,2,2.52599094,-4.098907,4.20254208e-02
67,2,2.59042394,-3.834999,4.36417782e-02
68,2,2.65485693,-3.537912,4.29917883e-02
69,2,2.71928993,-3.213237,4.05757220e-02
70,2,2.78372276,-2.866140,3.68785256e-02
71,2,2.84815576,-2.501942,3.23417931e-02
72,2,2.91258876,-2.126895,2.73299510e-02
73,2,2.97702175,-1.748566,2.21377295e-02
74,2,3.04145475,-1.376798,1.69941722e-02
75,2,3.10588775,-1.024255,1.20840919e-02
76,2,3.17032058,-0.708614,7.58129966e-03
77,2,3.23475363,-0.451775,3.75099722e-03
78,2,3.29918661,-0.280740,1.03755061e-03
79,2,3.36361957,-0.221237,2.50910362e-05
80,2,3.36361957,-0.221237,2.09371880e-05
81,2,3.41622887,-0.236100,4.34303129e-05
82,2,3.46883817,-0.282174,1.43100931e-05
83,2,3.52144747,-0.352540,3.93378637e-05
84,2,3.57405686,-0.440122,8.19763071e-06
85,2,3.62666598,-0.538050,9.45497386e-06
86,2,3.67927530,-0.640874,4.97368941e-06
87,2,3.73188462,-0.744147,1.75982016e-05
88,2,3.78449394,-0.844362,6.78237932e-06
89,2,3.83710326,-0.939896,8.32096278e-06
90,2,3.88971258,-1.028758,1.39758950e-05
91,2,3.94232191,-1.109818,2.44992618e-06
92,2,3.99493123,-1.182323,3.59936499e-06
93,2,4.04754055,-1.245711,1.52106343e-06
94,2,4.10014987,-1.299418,4.94270880e-06
95,2,4.15275899,-1.343739,2.60350746e-06
96,2,4.20536831,-1.378237,2.23253957e-06
97,2,4.25797763,-1.402944,9.34193086e-07
98,2,4.31058696,-1.417777,2.15929621e-07
99,2,4.36319628,-1.422833,1.75725079e-07
0,3,0.00000000,-0.221237,1.79145621e-05
1,3,0.06074799,-0.273253,5.99338765e-05
2,3,0.12149598,-0.417348,5.63193363e-05
3,3,0.18224397,-0.620436,5.20200162e-05
4,3,0.24299205,-0.854280,4.77381147e-05
5,3,0.30373983,-1.099562,4.35968541e-05
6,3,0.36448784,-1.345517,3.95546566e-05
7,3,0.42523585,-1.584481,3.55159123e-05
8,3,0.48598386,-1.811733,3.14439981e-05
9,3,0.54673188,-2.024671,2.73370180e-05
10,3,0.60747989,-2.220993,2.32317011e-05
11,3,0.66822790,-2.399221,1.91907188e-05
12,3,0.72897591,-2.558338,1.53000034e-05
13,3,0.78972392,-2.697456,1.16551255e-05
14,3,0.85047193,-2.816014,8.35662686e-06
15,3,0.91121971,-2.913496,5.50527239e-06
16,3,0.97196773,-2.989660,3.18146435e-06
17,3,1.03271574,-3.044267,1.46267348e-06
18,3,1.09346375,-3.077077,4.08456112e-07
19,3,1.15421176,-3.088023,5.30421574e-08
20,3,1.15421176,-3.088023,5.30410945e-08
21,3,1.18458576,-3.097704,1.24686603e-07
22,3,1.21495976,-3.126067,2.64939249e-06
23,3,1.24533376,-3.171205,1.29488674e-05
24,3,1.27570776,-3.230427,3.59137944e-05
25,3,1.30608176,-3.300545,7.33801005e-05
26,3,1.33645576,-3.378349,1.23638877e-04
27,3,1.36682976,-3.460868,1.82988342e-04
28,3,1.39720381,-3.545310,2.45782005e-04
29,3,1.42757781,-3.629326,3.07559140e-04
30,3,1.45795159,-3.710911,3.65236130e-04
31,3,1.48832560,-3.788257,4.16076451e-04
32,3,1.51869960,-3.859926,4.59433004e-04
33,3,1.54907361,-3.924565,4.94733863e-04
34,3,1.57944761,-3.981093,5.22661470e-04
35,3,1.60982162,-4.028638,5.43865229e-04
36,3,1.64019563,-4.066409,5.59309990e-04
37,3,1.67056963,-4.093817,5.69795644e-04
38,3,1.70094364,-4.110419,5.75921681e-04
39,3,1.73131764,-4.115970,5.78411554e-04
40,3,1.73131764,-4.115970,5.78411753e-04
41,3,1.75279515,-4.065517,2.64364409e-04
42,3,1.77427297,-4.006250,1.14877827e-04
43,3,1.79575048,-3.938490,3.01968112e-05
44,3,1.81722830,-3.862762,3.55572452e-06
45,3,1.83870581,-3.779723,2.46987836e-05
46,3,1.86018364,-3.690187,8.09561127e-05
47,3,1.88166114,-3.595116,1.58443391e-04
48,3,1.90313897,-3.495610,2.43301154e-04
49,3,1.92461647,-3.393066,3.22292992e-04
50,3,1.94609430,-3.289015,3.84191304e-04
51,3,1.96757180,-3.185156,4.20415289e-04
52,3,1.98904963,-3.083567,4.25365844e-04
53,3,2.01052713,-2.986564,3.96996885e-04
54,3,2.03200496,-2.896860,3.38901054e-04
55,3,2.05348246,-2.817356,2.58541805e-04
56,3,2.07496029,-2.750976,1.68621147e-04
57,3,2.09643779,-2.700999,8.53519749e-05
58,3,2.11791562,-2.669834,2.55138386e-05
59,3,2.13939312,-2.659237,2.04307858e-06
60,3,2.13939312,-2.659237,2.04307850e-06
61,3,2.20382612,-2.519168,2.65128739e-06
62,3,2.26825912,-2.362696,3.33429779e-06
63,3,2.33269211,-2.191907,4.08727998e-06
64,3,2.39712495,-2.009155,4.90552917e-06
65,3,2.46155794,-1.817763,5.78127391e-06
66,3,2.52599094,-1.621230,6.70702248e-06
67,3,2.59042394,-1.423757,7.67187297e-06
68,3,2.65485693,-1.229855,8.66078794e-06
69,3,2.71928993,-1.044774,9.65255963e-06
70,3,2.78372276,-0.873833,1.06215989e-05
71,3,2.84815576,-0.720502,1.15369106e-05
72,3,2.91258876,-0.588153,1.23696929e-05
73,3,2.97702175,-0.478361,1.30963288e-05
74,3,3.04145475,-0.390914,1.37021977e-05
75,3,3.10588775,-0.324440,1.41833623e-05
76,3,3.17032058,-0.276357,1.45437791e-05
77,3,3.23475363,-0.244265,1.47920730e-05
78,3,3.29918661,-0.225970,1.49367785e-05
79,3,3.36361957,-0.221237,3.63481643e-05
80,3,3.36361957,-0.221237,4.05018989e-05
81,3,3.41622887,-0.236100,1.69249036e-05
82,3,3.46883817,-0.282174,4.30318375e-05
83,3,3.52144747,-0.352540,1.36455491e-05
84,3,3.57405686,-0.440122,3.96995589e-05
85,3,3.62666598,-0.538050,3.30975052e-05
86,3,3.67927530,-0.640874,3.22709352e-05
87,3,3.73188462,-0.744147,1.45375654e-05
88,3,3.78449394,-0.844362,2.05231543e-05
89,3,3.83710326,-0.939896,1.44924469e-05
90,3,3.88971258,-1.028758,4.70265736e-06
91,3,3.94232191,-1.109818,1.24701725e-05
92,3,3.99493123,-1.182323,7.95485491e-06
93,3,4.04754055,-1.245711,7.07500328e-06
94,3,4.10014987,-1.299418,1.11871910e-06
95,3,4.15275899,-1.343739,1.36119311e-06
96,3,4.20536831,-1.378237,8.51561575e-08
97,3,4.25797763,-1.402944,1.99508509e-07
98,3,4.31058696,-1.417777,2.03905141e-07
99,3,4.36319628,-1.422833,5.59176043e-09
0,4,0.00000000,2.274995,5.00068181e-02
1,4,0.06074799,2.244732,1.70163213e-02
2,4,0.12149598,2.154349,1.82106641e-02
3,4,0.18224397,2.016423,2.01714101e-02
4,4,0.24299205,1.845019,2.28618048e-02
5,4,0.30373983,1.653898,2.62400000e-02
6,4,0.36448784,1.454130,3.02549687e-02
7,4,0.42523585,1.254906,3.48506149e-02
8,4,0.48598386,1.063070,3.99595253e-02
9,4,0.54673188,0.883751,4.54996571e-02
10,4,0.60747989,0.720924,5.13752999e-02
11,4,0.66822790,0.577793,5.74754137e-02
12,4,0.72897591,0.456413,6.36710264e-02
13,4,0.78972392,0.359191,6.98243932e-02
14,4,0.85047193,0.287551,7.57870617e-02
15,4,0.91121971,0.243231,8.14059759e-02
16,4,0.97196773,0.226879,8.65169484e-02
17,4,1.03271574,0.240200,9.09814670e-02
18,4,1.09346375,0.284534,9.46749928e-02
19,4,1.15421176,0.360751,3.45867682e-08
20,4,1.15421176,0.360751,3.67203770e-08
21,4,1.18458576,0.378034,1.89333552e-02
22,4,1.21495976,0.429218,4.69946870e-02
23,4,1.24533376,0.512893,6.65485921e-02
24,4,1.27570776,0.625517,7.82900630e-02
25,4,1.30608176,0.764456,8.49164485e-02
26,4,1.33645576,0.926614,8.80500873e-02
27,4,1.36682976,1.109305,8.86846970e-02
28,4,1.39720381,1.309518,8.76722605e-02
29,4,1.42757781,1.525288,8.53654973e-02
30,4,1.45795159,1.754526,8.20797329e-02
31,4,1.48832560,1.995871,7.81384870e-02
32,4,1.51869960,2.247569,7.36085352e-02
33,4,1.54907361,2.508368,6.85603054e-02
34,4,1.57944761,2.777064,6.29570823e-02
35,4,1.60982162,3.050460,5.65786561e-02
36,4,1.64019563,3.325448,4.89376276e-02
37,4,1.67056963,3.593549,3.86688443e-02
38,4,1.70094364,3.828788,2.24089442e-02
39,4,1.73131764,3.942405,4.15552359e-03
40,4,1.73131764,3.942405,4.15546880e-03
41,4,1.75279515,3.837369,1.70545368e-04
42,4,1.77427297,3.652729,3.04118782e-04
43,4,1.79575048,3.435041,1.23885374e-03
44,4,1.81722830,3.206234,2.15958239e-03
45,4,1.83870581,2.975236,2.95979970e-03
46,4,1.86018364,2.746290,3.65669296e-03
47,4,1.88166114,2.521870,4.27830091e-03
48,4,1.90313897,2.303456,4.84675636e-03
49,4,1.92461647,2.093182,5.37656445e-03
50,4,1.94609430,1.891880,5.87818271e-03
51,4,1.96757180,1.702051,6.35638193e-03
52,4,1.98904963,1.525161,6.81348981e-03
53,4,2.01052713,1.363358,7.24833055e-03
54,4,2.03200496,1.219159,7.65379152e-03
55,4,2.05348246,1.095297,8.02049929e-03
56,4,2.07496029,0.995251,8.33641892e-03
57,4,2.09643779,0.920814,8.57989615e-03
58,4,2.11791562,0.875006,8.73603729e-03
59,4,2.13939312,0.859611,8.79300040e-03
60,4,2.13939312,0.859611,8.79300015e-03
61,4,2.20382612,1.022667,1.17616412e-02
62,4,2.26825912,1.205036,1.52191967e-02
63,4,2.33269211,1.403751,1.92494754e-02
64,4,2.39712495,1.615620,2.40192491e-02
65,4,2.46155794,1.834222,2.97755182e-02
66,4,2.52599094,2.052884,3.69246047e-02
67,4,2.59042394,2.261745,4.60053485e-02
68,4,2.65485693,2.448497,5.75816615e-02
69,4,2.71928993,2.598664,7.18372780e-02
70,4,2.78372276,2.700806,8.79853956e-02
71,4,2.84815576,2.751308,1.04017986e-01
72,4,2.91258876,2.756410,1.17328402e-01
73,4,2.97702175,2.728260,1.25284432e-01
74,4,3.04145475,2.624919,7.51167252e-07
75,4,3.10588775,2.499518,5.21629359e-07
76,4,3.17032058,2.401936,3.37206349e-07
77,4,3.23475363,2.332191,2.02237778e-07
78,4,3.29918661,2.290323,1.19930014e-07
79,4,3.36361957,2.274995,5.00068062e-02
80,4,3.36361957,2.274995,5.00068139e-02
81,4,3.41622887,2.299708,6.35089007e-07
82,4,3.46883817,2.333157,3.97580836e-04
83,4,3.52144747,2.315336,1.95022222e-02
84,4,3.57405686,2.255115,4.06387424e-02
85,4,3.62666598,2.169645,5.28040891e-02
86,4,3.67927530,2.070163,5.74244654e-02
87,4,3.73188462,1.964771,5.71803481e-02
88,4,3.78449394,1.858751,5.38664578e-02
89,4,3.83710326,1.755657,4.86596172e-02
90,4,3.88971258,1.658128,4.23432127e-02
91,4,3.94232191,1.568001,3.54866693e-02
92,4,3.99493123,1.486340,2.85193336e-02
93,4,4.04754055,1.414128,2.18247072e-02
94,4,4.10014987,1.352965,1.56748045e-02
95,4,4.15275899,1.302102,1.02979060e-02
96,4,4.20536831,1.262291,5.90957135e-03
97,4,4.25797763,1.233807,2.66406909e-03
98,4,4.31058696,1.216620,6.71645080e-04
99,4,4.36319628,1.210881,3.78437100e-08
0,5,0.00000000,2.274995,4.97009788e-08
1,5,0.06074799,2.344461,3.22837707e-02
2,5,0.12149598,2.532908,2.96279644e-02
3,5,0.18224397,2.809689,2.64543329e-02
4,5,0.24299205,3.146167,2.33301090e-02
5,5,0.30373983,3.523605,2.04171251e-02
6,5,0.36448784,3.928399,1.77340873e-02
7,5,0.42523585,3.766002,1.76343965e-01
8,5,0.48598386,3.391923,1.33334036e-01
9,5,0.54673188,2.987801,1.12438167e-01
10,5,0.60747989,2.587837,1.02569321e-01
11,5,0.66822790,2.207108,9.84456826e-02
12,5,0.72897591,1.854986,9.73028789e-02
13,5,0.78972392,1.536719,9.77792437e-02
14,5,0.85047193,1.252390,9.88035098e-02
15,5,0.91121971,1.003715,9.98390894e-02
16,5,0.97196773,0.790614,1.00438173e-01
17,5,1.03271574,0.612883,1.00340555e-01
18,5,1.09346375,0.469881,9.93836635e-02
19,5,1.15421176,0.360751,1.94989705e-01
20,5,1.15421176,0.360751,1.94989698e-01
21,5,1.18458576,0.378034,1.75017759e-01
22,5,1.21495976,0.429218,1.43950658e-01
23,5,1.24533376,0.512893,1.19720431e-01
24,5,1.27570776,0.625517,1.02004347e-01
25,5,1.30608176,0.764456,8.84894901e-02
26,5,1.33645576,0.926614,7.78680587e-02
27,5,1.36682976,1.109305,6.93631298e-02
28,5,1.39720381,1.309518,6.22824258e-02
29,5,1.42757781,1.525288,5.63466028e-02
30,5,1.45795159,1.754526,5.12447709e-02
31,5,1.48832560,1.995871,4.66395494e-02
32,5,1.51869960,2.247569,4.23562283e-02
33,5,1.54907361,2.508368,3.81950876e-02
34,5,1.57944761,2.777064,3.38895452e-02
35,5,1.60982162,3.050460,2.91448878e-02
36,5,1.64019563,3.325448,2.33536815e-02
37,5,1.67056963,3.593549,1.55171525e-02
38,5,1.70094364,3.828788,4.78491295e-03
39,5,1.73131764,3.942405,3.12101478e-05
40,5,1.73131764,3.942405,3.12658278e-05
41,5,1.75279515,3.977453,5.59218491e-03
42,5,1.77427297,3.993789,1.37561577e-02
43,5,1.79575048,3.995050,2.27518402e-02
44,5,1.81722830,3.987634,3.09920457e-02
45,5,1.83870581,3.974346,3.80180415e-02
46,5,1.86018364,3.957735,4.38274199e-02
47,5,1.88166114,3.939508,4.85872539e-02
48,5,1.90313897,3.920883,5.24875252e-02
49,5,1.92461647,3.902477,5.56946517e-02
50,5,1.94609430,3.884730,5.83246799e-02
51,5,1.96757180,3.868368,6.05082243e-02
52,5,1.98904963,3.853489,6.23063500e-02
53,5,2.01052713,3.839893,6.37917641e-02
54,5,2.03200496,3.828516,6.49746151e-02
55,5,2.05348246,3.819082,6.59054787e-02
56,5,2.07496029,3.811827,6.66201551e-02
57,5,2.09643779,3.806493,6.71107838e-02
58,5,2.11791562,3.803278,6.74014772e-02
59,5,2.13939312,3.802232,6.75039718e-02
60,5,2.13939312,3.802232,6.75039743e-02
61,5,2.20382612,4.605246,4.56106082e-02
62,5,2.26825912,5.396746,1.96834656e-02
63,5,2.33269211,5.788534,4.45127087e-06
64,5,2.39712495,5.371642,4.13687739e-06
65,5,2.46155794,4.979658,3.80523239e-06
66,5,2.52599094,4.611788,3.45798972e-06
67,5,2.59042394,4.269688,3.09856257e-06
68,5,2.65485693,3.954048,2.73220669e-06
69,5,2.71928993,3.664845,2.36467883e-06
70,5,2.78372276,3.402087,2.00274801e-06
71,5,2.84815576,3.166828,1.65321093e-06
72,5,2.91258876,2.958744,1.32343874e-06
73,5,2.97702175,2.778083,1.02049814e-06
74,5,3.04145475,2.679440,1.25071696e-01
75,5,3.10588775,2.619012,1.12278214e-01
76,5,3.17032058,2.496909,3.26260266e-02
77,5,3.23475363,2.381671,3.27073804e-02
78,5,3.29918661,2.304197,3.31106014e-02
79,5,3.36361957,2.274995,1.58445273e-08
80,5,3.36361957,2.274995,6.42708912e-08
81,5,3.41622887,2.299708,3.45770355e-07
82,5,3.46883817,2.366765,7.68429856e-08
83,5,3.52144747,2.469830,4.44032009e-06
84,5,3.57405686,2.598166,5.14906630e-06
85,5,3.62666598,2.739683,7.07471627e-06
86,5,3.67927530,2.881542,9.99182354e-06
87,5,3.73188462,3.011233,1.18949965e-05
88,5,3.78449394,3.117875,1.76177130e-05
89,5,3.83710326,3.192899,1.75789489e-05
90,5,3.88971258,3.234047,8.29837373e-06
91,5,3.94232191,3.244219,7.49328634e-06
92,5,3.99493123,3.230154,8.42056356e-06
93,5,4.04754055,3.200406,3.47563740e-06
94,5,4.10014987,3.162864,1.00519563e-05
95,5,4.15275899,3.124037,8.10895887e-06
96,5,4.20536831,3.089200,8.31976942e-06
97,5,4.25797763,3.061860,9.25617087e-07
98,5,4.31058696,3.044540,3.80331601e-07
99,5,4.36319628,3.037693,6.60516776e-06
0,6,0.00000000,2.274995,4.49040416e-08
1,6,0.06074799,2.344461,1.23277392e-06
2,6,0.12149598,2.532908,3.91646490e-06
3,6,0.18224397,2.809689,6.66227275e-06
4,6,0.24299205,3.146167,8.80554137e-06
5,6,0.30373983,3.523605,1.02798604e-05
6,6,0.36448784,3.928399,1.12195534e-05
7,6,0.42523585,4.353477,1.52553491e-02
8,6,0.48598386,4.794438,1.29627748e-02
9,6,0.54673188,5.246494,1.08478454e-02
10,6,0.60747989,5.707975,8.90921791e-03
11,6,0.66822790,6.178182,7.14608590e-03
12,6,0.72897591,6.653573,5.57676986e-03
13,6,0.78972392,7.135955,4.19708276e-03
14,6,0.85047193,7.623230,3.01486459e-03
15,6,0.91121971,8.117273,2.02920089e-03
16,6,0.97196773,8.610386,1.25179469e-03
17,6,1.03271574,9.095365,6.80369559e-04
18,6,1.09346375,9.540429,3.14916600e-04
19,6,1.15421176,9.778134,1.78821584e-04
20,6,1.15421176,9.778134,1.78821697e-04
21,6,1.18458576,9.751137,2.26226702e-04
22,6,1.21495976,9.664357,4.18643743e-04
23,6,1.24533376,9.507946,9.07100829e-04
24,6,1.27570776,9.284278,1.85973376e-03
25,6,1.30608176,9.010263,3.32278137e-03
26,6,1.33645576,8.704441,5.23712396e-03
27,6,1.36682976,8.378108,7.56096644e-03
28,6,1.39720381,8.042206,1.01851038e-02
29,6,1.42757781,7.701520,1.31084338e-02
30,6,1.45795159,7.358434,1.63508903e-02
31,6,1.48832560,7.015337,1.98522827e-02
32,6,1.51869960,6.672463,2.37224513e-02
33,6,1.54907361,6.334162,2.78487334e-02
34,6,1.57944761,6.000866,3.23788067e-02
35,6,1.60982162,5.673880,3.72537983e-02
36,6,1.64019563,5.357423,4.25910142e-02
37,6,1.67056963,5.059744,4.79686352e-02
38,6,1.70094364,4.807018,4.81330661e-02
39,6,1.73131764,4.688886,3.52337423e-06
40,6,1.73131764,4.688886,3.52417188e-06
41,6,1.75279515,4.699999,2.58304149e-02
42,6,1.77427297,4.799212,2.52459497e-02
43,6,1.79575048,4.939569,2.38720423e-02
44,6,1.81722830,5.065296,9.59627493e-02
45,6,1.83870581,5.195651,8.66003039e-02
46,6,1.86018364,5.333572,7.83181645e-02
47,6,1.88166114,5.477195,7.09683100e-02
48,6,1.90313897,5.625267,6.43811987e-02
49,6,1.92461647,5.776664,5.83710902e-02
50,6,1.94609430,5.930598,5.28222055e-02
51,6,1.96757180,6.086532,4.75815107e-02
52,6,1.98904963,6.243739,4.25486707e-02
53,6,2.01052713,6.401394,3.75612450e-02
54,6,2.03200496,6.558659,3.25428171e-02
55,6,2.05348246,6.713933,2.72273336e-02
56,6,2.07496029,6.864863,2.12355060e-02
57,6,2.09643779,7.004239,1.40055807e-02
58,6,2.11791562,7.116496,5.35214633e-03
59,6,2.13939312,7.164785,5.30910422e-06
60,6,2.13939312,7.164785,5.30912282e-06
61,6,2.20382612,6.686147,5.03129821e-06
62,6,2.26825912,6.227142,4.74862926e-06
63,6,2.33269211,5.881088,3.35264027e-03
64,6,2.39712495,5.666431,3.07011475e-02
65,6,2.46155794,5.304217,4.01342789e-02
66,6,2.52599094,4.938639,4.35677745e-02
67,6,2.59042394,4.591579,4.46400503e-02
68,6,2.65485693,4.267603,4.44127355e-02
69,6,2.71928993,3.966560,4.33442953e-02
70,6,2.78372276,3.688152,4.17310500e-02
71,6,2.84815576,3.434025,3.98094109e-02
72,6,2.91258876,3.203003,3.77898388e-02
73,6,2.97702175,2.994195,3.58757469e-02
74,6,3.04145475,2.806825,3.42664786e-02
75,6,3.10588775,2.640663,3.31401576e-02
76,6,3.17032058,2.548351,7.98741272e-02
77,6,3.23475363,2.458214,2.69145395e-02
78,6,3.29918661,2.342919,6.12796876e-04
79,6,3.36361957,2.274995,7.75331869e-08
80,6,3.36361957,2.274995,3.02186904e-08
81,6,3.41622887,2.303229,2.01806102e-02
82,6,3.46883817,2.366765,3.30939412e-06
83,6,3.52144747,2.469830,2.26094966e-06
84,6,3.57405686,2.598166,5.11380625e-06
85,6,3.62666598,2.739683,6.46444250e-06
86,6,3.67927530,2.881542,6.16340545e-06
87,6,3.73188462,3.011233,5.98148644e-06
88,6,3.78449394,3.117875,9.84466049e-07
89,6,3.83710326,3.192899,8.14107000e-07
90,6,3.88971258,3.234047,9.17758994e-06
91,6,3.94232191,3.244219,8.66890808e-06
92,6,3.99493123,3.230154,6.31522647e-06
93,6,4.04754055,3.200406,9.91605515e-06
94,6,4.10014987,3.162864,2.18111647e-06
95,6,4.15275899,3.124037,3.18545207e-06
96,6,4.20536831,3.089200,2.25862231e-06
97,6,4.25797763,3.061860,9.15405880e-06
98,6,4.31058696,3.044540,9.40524763e-06
99,6,4.36319628,3.037693,3.07806883e-06
0,7,0.00000000,3.020503,6.76163781e-01
1,7,0.06074799,3.103032,6.54604032e-01
2,7,0.12149598,3.322531,6.02382338e-01
3,7,0.18224397,3.618009,5.38126178e-01
4,7,0.24299205,3.911187,4.65604286e-01
5,7,0.30373983,4.090297,3.71070937e-01
6,7,0.36448784,4.036068,2.58542014e-01
7,7,0.42523585,4.353477,1.17992646e-05
8,7,0.48598386,4.794438,1.21764435e-05
9,7,0.54673188,5.246494,1.24493632e-05
10,7,0.60747989,5.707975,1.27068293e-05
11,7,0.66822790,6.178182,1.30404179e-05
12,7,0.72897591,6.653573,1.34379842e-05
13,7,0.78972392,7.135955,1.39875891e-05
14,7,0.85047193,7.623230,1.47241592e-05
15,7,0.91121971,8.117273,1.57892557e-05
16,7,0.97196773,8.610387,1.72587045e-05
17,7,1.03271574,9.095365,1.95546222e-05
18,7,1.09346375,9.540429,2.38539674e-05
19,7,1.15421176,9.778135,2.90744752e-05
20,7,1.15421176,9.778135,2.90745028e-05
21,7,1.18458576,9.751137,5.89357392e-04
22,7,1.21495976,9.664358,2.43512827e-03
23,7,1.24533376,9.507946,5.60827111e-03
24,7,1.27570776,9.284278,9.42278889e-03
25,7,1.30608176,9.010263,1.30868029e-02
26,7,1.33645576,8.704441,1.63431386e-02
27,7,1.36682976,8.378108,1.92327044e-02
28,7,1.39720381,8.042206,2.19335956e-02
29,7,1.42757781,7.701520,2.45314815e-02
30,7,1.45795159,7.358434,2.71002245e-02
31,7,1.48832560,7.015337,2.97831048e-02
32,7,1.51869960,6.672463,3.26087645e-02
33,7,1.54907361,6.334162,3.58294721e-02
34,7,1.57944761,6.000866,3.96147113e-02
35,7,1.60982162,5.673880,4.44961786e-02
36,7,1.64019563,5.357423,5.14148136e-02
37,7,1.67056963,5.059744,6.30003695e-02
38,7,1.70094364,4.807018,8.82770774e-02
39,7,1.73131764,4.688886,1.57803947e-01
40,7,1.73131764,4.688886,1.57803948e-01
41,7,1.75279515,4.752448,1.27579214e-01
42,7,1.77427297,4.839416,1.17412384e-01
43,7,1.79575048,4.945198,1.06384363e-01
44,7,1.81722830,5.099288,2.25031921e-02
45,7,1.83870581,5.269835,2.12615051e-02
46,7,1.86018364,5.447473,2.01404026e-02
47,7,1.88166114,5.630333,1.91185718e-02
48,7,1.90313897,5.817656,1.81781260e-02
49,7,1.92461647,6.008183,1.73083769e-02
50,7,1.94609430,6.201417,1.64976871e-02
51,7,1.96757180,6.397613,1.57519987e-02
52,7,1.98904963,6.596115,1.50696043e-02
53,7,2.01052713,6.797382,1.44535059e-02
54,7,2.03200496,6.999308,1.39344867e-02
55,7,2.05348246,7.202049,1.35472867e-02
56,7,2.07496029,7.405057,1.33877223e-02
57,7,2.09643779,7.603816,1.36926032e-02
58,7,2.11791562,7.748707,4.48208396e-02
59,7,2.13939312,7.702336,4.98880463e-02
60,7,2.13939312,7.702336,4.98880439e-02
61,7,2.20382612,7.215723,5.74855826e-02
62,7,2.26825912,6.799880,6.97372296e-02
63,7,2.33269211,6.732269,7.37155757e-02
64,7,2.39712495,6.440299,5.35477084e-02
65,7,2.46155794,6.139456,6.39210107e-02
66,7,2.52599094,5.875243,7.40368976e-02
67,7,2.59042394,5.655426,8.33242119e-02
68,7,2.65485693,5.488431,9.13775038e-02
69,7,2.71928993,5.380580,9.85417706e-02
70,7,2.78372276,5.329732,1.06970657e-01
71,7,2.84815576,5.315887,1.22214937e-01
72,7,2.91258876,5.287425,1.53677548e-01
73,7,2.97702175,5.157682,2.10399137e-01
74,7,3.04145475,4.851312,2.87114262e-01
75,7,3.10588775,4.393370,3.72280073e-01
76,7,3.17032058,3.882557,4.69815056e-01
77,7,3.23475363,3.423254,5.80357837e-01
78,7,3.29918661,3.119101,6.59926407e-01
79,7,3.36361957,3.020503,6.76163775e-01
80,7,3.36361957,3.020503,6.76163779e-01
81,7,3.41622887,3.086656,6.75287651e-01
82,7,3.46883817,3.296273,6.38585636e-01
83,7,3.52144747,3.633642,5.63112684e-01
84,7,3.57405686,4.047656,4.84876927e-01
85,7,3.62666598,4.499263,4.16272441e-01
86,7,3.67927530,4.965141,3.56966244e-01
87,7,3.73188462,5.433911,3.04193774e-01
88,7,3.78449394,5.897802,2.55496233e-01
89,7,3.83710326,6.348814,2.08347614e-01
90,7,3.88971258,6.772653,1.59163336e-01
91,7,3.94232191,7.135813,1.03029102e-01
92,7,3.99493123,7.373992,4.49178259e-02
93,7,4.04754055,7.454108,1.11547259e-02
94,7,4.10014987,7.437108,1.46653179e-03
95,7,4.15275899,7.387328,7.24531440e-07
96,7,4.20536831,7.335059,4.14462309e-04
97,7,4.25797763,7.292487,1.04566859e-03
98,7,4.31058696,7.265248,1.48568148e-03
99,7,4.36319628,7.255859,1.63804903e-03
0,8,0.00000000,7.439846,2.04859426e-08
1,8,0.06074799,7.358478,1.06495993e-04
2,8,0.12149598,7.083810,1.59634695e-03
3,8,0.18224397,6.723670,8.36739073e-03
4,8,0.24299205,6.374932,3.07107218e-02
5,8,0.30373983,6.161960,8.75657902e-02
6,8,0.36448784,6.211337,1.63937729e-01
7,8,0.42523585,6.510669,2.04215268e-01
8,8,0.48598386,6.951435,2.08238340e-01
9,8,0.54673188,7.459296,1.95670290e-01
10,8,0.60747989,8.000236,1.76706175e-01
11,8,0.66822790,8.557251,1.55618597e-01
12,8,0.72897591,9.118172,1.34298771e-01
13,8,0.78972392,9.678603,1.13551768e-01
14,8,0.85047193,10.073465,5.36756126e-05
15,8,0.91121971,10.459379,5.52361408e-05
16,8,0.97196773,10.873249,5.58211313e-05
17,8,1.03271574,11.308836,5.55545915e-05
18,8,1.09346375,10.962063,3.89387035e-05
19,8,1.15421176,10.719854,1.25302833e-08
20,8,1.15421176,10.719854,1.25308345e-08
21,8,1.18458576,10.676350,9.15030913e-04
22,8,1.21495976,10.576012,1.85695097e-03
23,8,1.24533376,10.472638,2.09075856e-04
24,8,1.27570776,10.395856,8.70705325e-05
25,8,1.30608176,10.346946,4.24916954e-05
26,8,1.33645576,10.317337,2.37051230e-05
27,8,1.36682976,10.298527,1.50102293e-05
28,8,1.39720381,10.287642,1.06481883e-05
29,8,1.42757781,10.281729,8.19868098e-06
30,8,1.45795159,10.278302,6.97045050e-06
31,8,1.48832560,10.277010,6.20355635e-06
32,8,1.51869960,10.276169,5.78249395e-06
33,8,1.54907361,10.276772,5.64625240e-06
34,8,1.57944761,10.277770,5.66166535e-06
35,8,1.60982162,10.278861,5.76975282e-06
36,8,1.64019563,10.279888,5.93362136e-06
37,8,1.67056963,10.280718,6.12765025e-06
38,8,1.70094364,10.281969,6.30689517e-06
39,8,1.73131764,10.282995,6.52318737e-06
40,8,1.73131764,10.282995,6.52311254e-06
41,8,1.75279515,10.167889,1.82234766e-04
42,8,1.77427297,10.045536,5.96236762e-04
43,8,1.79575048,9.918268,1.23014531e-03
44,8,1.81722830,9.786249,2.05919870e-03
45,8,1.83870581,9.649955,3.07131811e-03
46,8,1.86018364,9.509888,4.26046742e-03
47,8,1.88166114,9.366472,5.62625436e-03
48,8,1.90313897,9.220458,7.16662047e-03
49,8,1.92461647,9.071449,8.90510273e-03
50,8,1.94609430,8.920199,1.08494892e-02
51,8,1.96757180,8.767125,1.30317716e-02
52,8,1.98904963,8.612697,1.54910022e-02
53,8,2.01052713,8.455845,1.83213250e-02
54,8,2.03200496,8.300848,2.15809795e-02
55,8,2.05348246,8.147483,2.54844857e-02
56,8,2.07496029,7.998617,3.03649904e-02
57,8,2.09643779,7.860322,3.67691761e-02
58,8,2.11791562,7.787577,1.52060393e-02
59,8,2.13939312,7.889672,1.79668835e-02
60,8,2.13939312,7.889672,1.79668854e-02
61,8,2.20382612,7.501657,2.53734920e-02
62,8,2.26825912,7.127311,3.39315279e-02
63,8,2.33269211,6.771575,4.34215785e-02
64,8,2.39712495,6.737550,1.65146964e-06
65,8,2.46155794,6.455206,1.62211999e-06
66,8,2.52599094,6.214921,1.54534428e-06
67,8,2.59042394,6.022615,1.41886735e-06
68,8,2.65485693,5.885740,1.24638039e-06
69,8,2.71928993,5.804898,1.03882730e-06
70,8,2.78372276,5.783720,8.12380759e-07
71,8,2.84815576,5.826822,5.89188947e-07
72,8,2.91258876,5.934049,3.90502415e-07
73,8,2.97702175,6.102644,2.33382741e-07
74,8,3.04145475,6.326262,1.25658288e-07
75,8,3.10588775,6.593194,6.48018348e-08
76,8,3.17032058,6.883560,3.97326516e-08
77,8,3.23475363,7.163689,3.49771070e-08
78,8,3.29918661,7.379632,3.63572403e-08
79,8,3.36361957,7.439846,2.04852205e-08
80,8,3.36361957,7.439846,2.04830728e-08
81,8,3.41622887,7.428910,2.78762499e-08
82,8,3.46883817,7.334219,6.38076991e-08
83,8,3.52144747,7.202059,1.21012890e-07
84,8,3.57405686,7.057679,3.23617919e-07
85,8,3.62666598,6.923868,3.59820182e-07
86,8,3.67927530,6.819811,1.26162729e-06
87,8,3.73188462,6.762105,2.05212173e-06
88,8,3.78449394,6.765239,2.59325103e-06
89,8,3.83710326,6.836767,5.90401079e-06
90,8,3.88971258,6.980951,2.05093761e-07
91,8,3.94232191,7.195369,9.97955847e-06
92,8,3.99493123,7.473271,6.18248460e-06
93,8,4.04754055,7.808703,1.05534093e-05
94,8,4.10014987,8.190079,2.65243307e-06
95,8,4.15275899,8.608903,1.52719996e-05
96,8,4.20536831,9.063518,1.04853884e-05
97,8,4.25797763,9.535658,2.78337660e-06
98,8,4.31058696,10.003533,6.67327325e-06
99,8,4.36319628,10.290997,1.05040499e-09
0,9,0.00000000,7.456025,2.58411477e-08
1,9,0.06074799,7.477038,5.52871215e-07
2,9,0.12149598,7.517033,2.16830350e-06
3,9,0.18224397,7.583765,4.78774751e-06
4,9,0.24299205,7.677220,8.30540154e-06
5,9,0.30373983,7.797374,1.25796482e-05
6,9,0.36448784,7.944199,1.74398781e-05
7,9,0.42523585,8.117658,2.26934956e-05
8,9,0.48598386,8.317712,2.81333712e-05
9,9,0.54673188,8.544302,3.35514742e-05
10,9,0.60747989,8.797372,3.87411602e-05
11,9,0.66822790,9.077530,4.34818575e-05
12,9,0.72897591,9.383311,4.76548861e-05
13,9,0.78972392,9.715326,5.10901858e-05
14,9,0.85047193,10.228431,9.40058925e-02
15,9,0.91121971,10.765232,7.58776754e-02
16,9,0.97196773,11.282688,5.94159436e-02
17,9,1.03271574,11.418463,1.88842446e-04
18,9,1.09346375,10.962063,5.56968898e-06
19,9,1.15421176,10.719854,6.46138208e-10
20,9,1.15421176,10.719854,6.45596295e-10
21,9,1.18458576,10.676350,1.20830816e-05
22,9,1.21495976,10.576012,6.16759722e-04
23,9,1.24533376,10.472638,2.86555668e-03
24,9,1.27570776,10.395856,2.64065886e-03
25,9,1.30608176,10.346946,2.06714414e-03
26,9,1.33645576,10.317337,1.54542100e-03
27,9,1.36682976,10.298527,1.14717951e-03
28,9,1.39720381,10.287642,8.55481744e-04
29,9,1.42757781,10.281729,6.43604044e-04
30,9,1.45795159,10.278302,4.88826158e-04
31,9,1.48832560,10.277010,3.66521521e-04
32,9,1.51869960,10.276169,2.69150244e-04
33,9,1.54907361,10.276772,1.95193988e-04
34,9,1.57944761,10.277771,1.37507356e-04
35,9,1.60982162,10.278861,9.30144386e-05
36,9,1.64019563,10.279888,6.00332744e-05
37,9,1.67056963,10.280718,3.73914030e-05
38,9,1.70094364,10.281969,2.44262359e-05
39,9,1.73131764,10.282995,2.06305452e-05
40,9,1.73131764,10.282995,2.06305583e-05
41,9,1.75279515,10.385342,1.83089435e-05
42,9,1.77427297,10.466852,6.85518704e-05
43,9,1.79575048,10.520452,1.85833912e-04
44,9,1.81722830,10.538206,4.08374504e-04
45,9,1.83870581,10.514916,7.55771980e-04
46,9,1.86018364,10.450343,1.21061139e-03
47,9,1.88166114,10.349022,1.72843463e-03
48,9,1.90313897,10.218542,2.26523367e-03
49,9,1.92461647,10.064740,2.79247031e-03
50,9,1.94609430,9.893144,3.30086627e-03
51,9,1.96757180,9.710458,3.77594461e-03
52,9,1.98904963,9.519077,4.21649733e-03
53,9,2.01052713,9.319986,4.61830211e-03
54,9,2.03200496,9.118471,4.95287530e-03
55,9,2.05348246,8.914771,5.18388146e-03
56,9,2.07496029,8.711371,5.21071493e-03
57,9,2.09643779,8.511147,4.78589488e-03
58,9,2.11791562,8.326354,3.09471775e-03
59,9,2.13939312,8.224283,1.38349000e-06
60,9,2.13939312,8.224283,1.38349454e-06
61,9,2.20382612,7.807405,1.49806714e-06
62,9,2.26825912,7.418616,1.58440875e-06
63,9,2.33269211,7.061166,1.63783603e-06
64,9,2.39712495,7.397290,3.75115530e-02
65,9,2.46155794,8.228929,1.92394857e-02
66,9,2.52599094,9.040115,8.43093654e-03
67,9,2.59042394,9.734722,2.07288447e-03
68,9,2.65485693,10.178476,1.32915576e-05
69,9,2.71928993,10.294186,9.78286134e-04
70,9,2.78372276,9.525204,6.01965916e-02
71,9,2.84815576,8.749934,7.12795259e-02
72,9,2.91258876,8.084559,7.29178551e-02
73,9,2.97702175,7.595495,5.70699913e-02
74,9,3.04145475,7.341954,3.05121810e-02
75,9,3.10588775,7.284385,1.16393561e-02
76,9,3.17032058,7.326265,3.34588445e-03
77,9,3.23475363,7.392862,6.20161194e-04
78,9,3.29918661,7.444525,3.78693152e-05
79,9,3.36361957,7.456025,1.87100013e-08
80,9,3.36361957,7.456025,2.35420303e-08
81,9,3.41622887,7.428910,1.40633252e-08
82,9,3.46883817,7.334219,2.42256301e-09
83,9,3.52144747,7.202059,2.28845891e-08
84,9,3.57405686,7.057679,1.38280756e-08
85,9,3.62666598,6.923868,3.80404800e-07
86,9,3.67927530,6.819811,2.07649434e-07
87,9,3.73188462,6.762105,5.89379651e-07
88,9,3.78449394,6.765239,1.72788071e-06
89,9,3.83710326,6.836767,5.30669392e-07
90,9,3.88971258,6.980951,8.56759175e-06
91,9,3.94232191,7.195369,1.06386828e-06
92,9,3.99493123,7.473271,6.80352481e-06
93,9,4.04754055,7.808703,3.86346266e-06
94,9,4.10014987,8.190079,1.26153037e-05
95,9,4.15275899,8.608903,1.76185309e-07
96,9,4.20536831,9.063518,4.35864680e-06
97,9,4.25797763,9.535658,1.02629925e-05
98,9,4.31058696,10.003533,1.80568473e-06
99,9,4.36319628,10.290997,2.77292388e-10
0,10,0.00000000,7.456025,1.13512203e-08
1,10,0.06074799,7.495489,4.16304866e-05
2,10,0.12149598,7.657169,1.68283612e-04
3,10,0.18224397,7.913552,3.81715450e-04
4,10,0.24299205,8.249913,6.77182209e-04
5,10,0.30373983,8.651824,1.03816391e-03
6,10,0.36448784,9.105844,1.43672330e-03
7,10,0.42523585,9.600887,1.83202942e-03
8,10,0.48598386,10.126813,2.17280320e-03
9,10,0.54673188,10.673041,2.39950482e-03
10,10,0.60747989,11.227907,2.44305497e-03
11,10,0.66822790,11.776296,2.23122545e-03
12,10,0.72897591,12.296502,1.71249551e-03
13,10,0.78972392,12.757777,9.25253379e-04
14,10,0.85047193,12.824583,9.17353866e-04
15,10,0.91121971,12.400700,7.27969587e-04
16,10,0.97196773,11.915740,4.41226358e-04
17,10,1.03271574,11.418463,1.01619125e-05
18,10,1.09346375,11.769927,5.43624254e-05
19,10,1.15421176,12.256298,1.04622495e-04
20,10,1.15421176,12.256298,1.04622446e-04
21,10,1.18458576,12.289874,1.87124050e-04
22,10,1.21495976,12.351798,2.94328199e-04
23,10,1.24533376,12.398739,9.22027978e-05
24,10,1.27570776,12.429150,6.56565179e-05
25,10,1.30608176,12.453178,6.16720300e-05
26,10,1.33645576,12.475427,7.54046462e-05
27,10,1.36682976,12.497270,1.03250408e-04
28,10,1.39720381,12.519539,1.34203559e-04
29,10,1.42757781,12.543216,1.68590597e-04
30,10,1.45795159,12.567286,1.83454242e-04
31,10,1.48832560,12.591549,1.90511712e-04
32,10,1.51869960,12.615304,1.89764772e-04
33,10,1.54907361,12.637992,1.69970521e-04
34,10,1.57944761,12.661070,1.39727536e-04
35,10,1.60982162,12.678304,9.56979472e-05
36,10,1.64019563,12.693327,6.79173262e-05
37,10,1.67056963,12.704531,4.39731156e-05
38,10,1.70094364,12.712000,2.30096931e-05
39,10,1.73131764,12.715142,1.59161119e-05
40,10,1.73131764,12.715142,1.59028812e-05
41,10,1.75279515,12.604635,3.22921408e-03
42,10,1.77427297,12.509566,3.61882071e-03
43,10,1.79575048,12.439568,3.95387355e-03
44,10,1.81722830,12.402184,4.20169122e-03
45,10,1.83870581,12.403074,4.34047794e-03
46,10,1.86018364,12.443153,4.38540543e-03
47,10,1.88166114,12.518517,4.37831395e-03
48,10,1.90313897,12.623087,4.35988216e-03
49,10,1.92461647,12.749617,4.35921600e-03
50,10,1.94609430,12.892086,4.38399406e-03
51,10,1.96757180,13.047807,4.44158880e-03
52,10,1.98904963,13.212775,4.52869618e-03
53,10,2.01052713,13.384773,4.64424447e-03
54,10,2.03200496,13.560909,4.78757913e-03
55,10,2.05348246,13.739177,4.96475841e-03
56,10,2.07496029,13.917630,5.20370013e-03
57,10,2.09643779,14.088133,5.55863220e-03
58,10,2.11791562,14.236996,6.22593860e-03
59,10,2.13939312,14.310373,6.99409616e-03
60,10,2.13939312,14.310373,6.99409613e-03
61,10,2.20382612,14.326600,1.11913094e-03
62,10,2.26825912,13.987909,3.13962548e-04
63,10,2.33269211,13.562116,2.13613335e-03
64,10,2.39712495,13.135326,4.67983939e-03
65,10,2.46155794,12.727055,8.00842959e-03
66,10,2.52599094,12.335868,1.30913249e-02
67,10,2.59042394,11.918516,2.51106122e-02
68,10,2.65485693,11.219374,3.68923774e-02
69,10,2.71928993,10.362869,4.71099893e-02
70,10,2.78372276,10.162406,2.28687991e-03
71,10,2.84815576,9.891680,2.96404697e-03
72,10,2.91258876,9.540361,3.03930779e-03
73,10,2.97702175,9.141487,2.68398142e-03
74,10,3.04145475,8.724592,2.08549318e-03
75,10,3.10588775,8.321355,1.42175220e-03
76,10,3.17032058,7.964033,8.24714581e-04
77,10,3.23475363,7.682671,3.70463404e-04
78,10,3.29918661,7.502275,9.27072132e-05
79,10,3.36361957,7.456025,1.84736756e-08
80,10,3.36361957,7.456025,1.36410017e-08
81,10,3.41622887,7.481654,9.15697308e-05
82,10,3.46883817,7.603432,3.61295279e-04
83,10,3.52144747,7.796201,8.37929043e-04
84,10,3.57405686,8.042624,1.72173839e-03
85,10,3.62666598,8.310864,3.68555471e-03
86,10,3.67927530,8.542050,8.30902105e-03
87,10,3.73188462,8.659973,1.68495108e-02
88,10,3.78449394,8.647300,2.75304965e-02
89,10,3.83710326,8.563165,3.96654313e-02
90,10,3.88971258,8.472282,5.61997205e-02
91,10,3.94232191,8.435490,8.12348029e-02
92,10,3.99493123,8.530259,1.07528887e-01
93,10,4.04754055,8.797496,1.10586850e-01
94,10,4.10014987,9.178371,9.38586926e-02
95,10,4.15275899,9.605455,7.19111976e-02
96,10,4.20536831,10.043164,4.98937606e-02
97,10,4.25797763,10.459301,2.88715134e-02
98,10,4.31058696,10.797734,9.74268965e-03
99,10,4.36319628,10.941567,5.44337579e-08
0,11,0.00000000,10.822728,1.23811980e-07
1,11,0.06074799,10.846622,2.28830678e-07
2,11,0.12149598,10.910313,6.59244464e-07
3,11,0.18224397,11.016333,1.40162645e-06
4,11,0.24299205,11.164296,2.52743135e-06
5,11,0.30373983,11.355910,4.23134172e-06
6,11,0.36448784,11.584741,6.85820457e-06
7,11,0.42523585,11.850341,1.14017067e-05
8,11,0.48598386,12.150350,2.04864376e-05
9,11,0.54673188,12.468299,4.07631606e-05
10,11,0.60747989,12.785547,9.16321243e-05
11,11,0.66822790,13.057650,2.22923913e-04
12,11,0.72897591,13.198087,5.08059786e-04
13,11,0.78972392,13.122071,8.40764599e-04
14,11,0.85047193,12.824583,1.64491776e-05
15,11,0.91121971,12.400700,1.47284559e-05
16,11,0.97196773,11.915740,1.27750370e-05
17,11,1.03271574,11.775185,4.47529867e-02
18,11,1.09346375,12.234754,3.19836441e-02
19,11,1.15421176,12.256298,3.98103146e-09
20,11,1.15421176,12.256298,3.96610568e-09
21,11,1.18458576,12.289874,4.16926740e-04
22,11,1.21495976,12.351798,4.52648136e-03
23,11,1.24533376,12.398739,1.05896974e-02
24,11,1.27570776,12.429150,1.44981445e-02
25,11,1.30608176,12.453178,1.66729532e-02
26,11,1.33645576,12.475427,1.78798959e-02
27,11,1.36682976,12.497270,1.85620110e-02
28,11,1.39720381,12.519539,1.89273063e-02
29,11,1.42757781,12.543216,1.91212494e-02
30,11,1.45795159,12.567286,1.92224451e-02
31,11,1.48832560,12.591549,1.92618270e-02
32,11,1.51869960,12.615304,1.92651060e-02
33,11,1.54907361,12.637992,1.92621054e-02
34,11,1.57944761,12.661070,1.92464951e-02
35,11,1.60982162,12.678304,1.92511612e-02
36,11,1.64019563,12.693327,1.92420841e-02
37,11,1.67056963,12.704531,1.92363917e-02
38,11,1.70094364,12.712000,1.92251699e-02
39,11,1.73131764,12.715142,1.92238870e-02
40,11,1.73131764,12.715142,1.92239009e-02
41,11,1.75279515,12.833813,1.54322362e-02
42,11,1.77427297,12.958591,1.43378329e-02
43,11,1.79575048,13.087967,1.31643180e-02
44,11,1.81722830,13.221856,1.19452424e-02
45,11,1.83870581,13.358965,1.07077095e-02
46,11,1.86018364,13.498644,9.47052356e-03
47,11,1.88166114,13.640320,8.24888533e-03
48,11,1.90313897,13.783566,7.05357494e-03
49,11,1.92461647,13.927639,5.90150929e-03
50,11,1.94609430,14.073285,4.80262785e-03
51,11,1.96757180,14.217594,3.76950824e-03
52,11,1.98904963,14.361086,2.81800592e-03
53,11,2.01052713,14.500257,1.97221537e-03
54,11,2.03200496,14.639514,1.24353685e-03
55,11,2.05348246,14.774935,6.64351549e-04
56,11,2.07496029,14.860824,5.58426373e-04
57,11,2.09643779,14.781619,7.72600105e-04
58,11,2.11791562,14.689321,6.07146900e-04
59,11,2.13939312,14.634897,6.64153136e-07
60,11,2.13939312,14.634897,6.64151563e-07
61,11,2.20382612,14.991442,5.20443079e-03
62,11,2.26825912,14.529700,6.85798530e-03
63,11,2.33269211,14.089122,7.98029026e-03
64,11,2.39712495,13.684470,8.80708922e-03
65,11,2.46155794,13.334839,9.41389990e-03
66,11,2.52599094,13.071446,9.72140082e-03
67,11,2.59042394,12.318770,2.15536531e-03
68,11,2.65485693,11.781289,3.80840744e-03
69,11,2.71928993,11.467761,9.93547220e-03
70,11,2.78372276,11.215014,1.36338436e-02
71,11,2.84815576,11.007548,1.61612109e-02
72,11,2.91258876,10.845867,1.76794226e-02
73,11,2.97702175,10.731252,1.80591131e-02
74,11,3.04145475,10.667642,1.71008856e-02
75,11,3.10588775,10.653806,1.45900808e-02
76,11,3.17032058,10.684899,1.06301088e-02
77,11,3.23475363,10.743953,5.85982219e-03
78,11,3.29918661,10.801488,1.70070847e-03
79,11,3.36361957,10.822728,1.23822194e-07
80,11,3.36361957,10.822728,1.23806110e-07
81,11,3.41622887,10.784795,1.16625237e-03
82,11,3.46883817,10.673344,4.20882096e-03
83,11,3.52144747,10.516833,8.16782958e-03
84,11,3.57405686,10.349258,1.20917151e-02
85,11,3.62666598,10.216837,1.49719319e-02
86,11,3.67927530,10.179490,1.51688506e-02
87,11,3.73188462,10.318658,1.18808651e-02
88,11,3.78449394,10.652245,7.75321502e-03
89,11,3.83710326,11.121407,4.82976482e-03
90,11,3.88971258,11.666553,2.96328313e-03
91,11,3.94232191,12.245464,1.76411271e-03
92,11,3.99493123,12.815947,1.05788943e-03
93,11,4.04754055,13.311784,8.24101127e-04
94,11,4.10014987,13.602422,1.21088786e-05
95,11,4.15275899,13.015949,8.61645911e-06
96,11,4.20536831,12.426351,6.81275870e-06
97,11,4.25797763,11.851412,1.88825188e-06
98,11,4.31058696,11.321113,4.47881565e-06
99,11,4.36319628,11.010095,1.67248552e-05
0,12,0.00000000,10.822728,7.28431053e-07
1,12,0.06074799,10.846622,2.32490669e-06
2,12,0.12149598,10.910313,2.49199592e-06
3,12,0.18224397,11.016333,2.78218289e-06
4,12,0.24299205,11.164296,3.21395169e-06
5,12,0.30373983,11.355910,3.81340343e-06
6,12,0.36448784,11.584741,4.61710641e-06
7,12,0.42523585,11.850341,5.67131044e-06
8,12,0.48598386,12.150350,7.03502664e-06
9,12,0.54673188,12.468299,8.80626938e-06
10,12,0.60747989,12.785547,1.10854908e-05
11,12,0.66822790,13.057650,1.38518641e-05
12,12,0.72897591,13.198087,1.64752424e-05
13,12,0.78972392,13.122071,1.73937799e-05
14,12,0.85047193,13.118528,1.62814234e-04
15,12,0.91121971,13.334138,1.51333248e-04
16,12,0.97196773,13.376436,1.87365833e-03
17,12,1.03271574,13.253234,5.96056452e-03
18,12,1.09346375,12.767689,4.95039991e-05
19,12,1.15421176,12.648925,1.75733314e-08
20,12,1.15421176,12.648925,1.95620897e-08
21,12,1.18458576,12.688796,7.70655640e-03
22,12,1.21495976,12.822789,8.14855474e-03
23,12,1.24533376,13.051138,5.03539119e-03
24,12,1.27570776,13.341012,2.55528965e-03
25,12,1.30608176,13.664647,1.06683687e-03
26,12,1.33645576,14.006766,2.89315410e-04
27,12,1.36682976,14.358662,1.84472355e-05
28,12,1.39720381,14.713812,1.36373725e-04
29,12,1.42757781,15.068216,5.86243725e-04
30,12,1.45795159,15.415296,1.34593340e-03
31,12,1.48832560,15.735894,2.36476052e-03
32,12,1.51869960,15.992078,3.30608151e-03
33,12,1.54907361,16.124975,3.20578792e-03
34,12,1.57944761,16.142470,1.96169408e-03
35,12,1.60982162,16.112061,2.99896735e-04
36,12,1.64019563,16.073330,6.64185584e-05
37,12,1.67056963,16.040432,2.02778203e-05
38,12,1.70094364,16.019954,8.57775001e-06
39,12,1.73131764,16.013269,6.05125938e-06
40,12,1.73131764,16.013269,6.05003706e-06
41,12,1.75279515,15.904599,6.83061288e-04
42,12,1.77427297,15.798912,5.39803412e-04
43,12,1.79575048,15.698660,4.30127830e-04
44,12,1.81722830,15.604185,3.44075451e-04
45,12,1.83870581,15.515978,2.76920961e-04
46,12,1.86018364,15.434221,2.25055820e-04
47,12,1.88166114,15.358880,1.85790593e-04
48,12,1.90313897,15.289687,1.55737383e-04
49,12,1.92461647,15.226486,1.36462560e-04
50,12,1.94609430,15.168468,1.27183823e-04
51,12,1.96757180,15.115463,1.26322777e-04
52,12,1.98904963,15.066300,1.37726487e-04
53,12,2.01052713,15.019534,1.67819510e-04
54,12,2.03200496,14.972687,2.31716376e-04
55,12,2.05348246,14.921601,3.55545733e-04
56,12,2.07496029,14.905886,2.63287724e-04
57,12,2.09643779,15.025974,5.39906750e-05
58,12,2.11791562,15.126305,6.20083746e-06
59,12,2.13939312,15.172913,2.04115384e-06
60,12,2.13939312,15.172913,2.04117732e-06
61,12,2.20382612,15.029316,5.96057504e-07
62,12,2.26825912,15.333100,1.54083277e-02
63,12,2.33269211,15.484666,1.14679362e-02
64,12,2.39712495,15.022681,8.08227030e-04
65,12,2.46155794,14.131803,6.54657379e-04
66,12,2.52599094,13.195347,3.42162000e-03
67,12,2.59042394,12.963624,9.26569867e-03
68,12,2.65485693,13.117862,7.21671668e-03
69,12,2.71928993,13.470587,4.40751115e-03
70,12,2.78372276,13.274738,2.02046487e-03
71,12,2.84815576,12.742649,1.03008692e-03
72,12,2.91258876,12.241778,5.00764758e-04
73,12,2.97702175,11.822122,2.00472094e-04
74,12,3.04145475,11.488964,6.10441721e-05
75,12,3.10588775,11.235044,1.29889530e-05
76,12,3.17032058,11.048081,2.07032004e-06
77,12,3.23475363,10.922229,9.49008252e-07
78,12,3.29918661,10.849111,8.74370057e-07
79,12,3.36361957,10.822728,9.67641526e-07
80,12,3.36361957,10.822728,1.33619319e-06
81,12,3.41622887,10.889489,1.68603941e-06
82,12,3.46883817,11.072575,2.16275087e-06
83,12,3.52144747,11.353993,3.72015875e-08
84,12,3.57405686,11.711286,2.35612315e-06
85,12,3.62666598,12.125878,2.38978866e-06
86,12,3.67927530,12.582440,2.31536975e-06
87,12,3.73188462,13.068289,2.36879641e-06
88,12,3.78449394,13.570550,1.56895778e-06
89,12,3.83710326,14.061474,3.52225266e-06
90,12,3.88971258,14.487827,3.38297106e-06
91,12,3.94232191,14.715523,1.09294205e-06
92,12,3.99493123,14.577287,2.88978523e-06
93,12,4.04754055,14.148369,6.87457641e-07
94,12,4.10014987,13.602422,2.05479068e-06
95,12,4.15275899,13.015949,7.36470533e-06
96,12,4.20536831,12.426351,1.12745127e-05
97,12,4.25797763,11.851412,1.90415457e-05
98,12,4.31058696,11.321113,2.15782457e-05
99,12,4.36319628,11.010095,1.77754627e-05
0,13,0.00000000,10.822728,1.54567113e-06
1,13,0.06074799,10.898141,1.48980979e-03
2,13,0.12149598,11.083295,5.10486048e-03
3,13,0.18224397,11.325101,9.20797243e-03
4,13,0.24299205,11.587036,1.25128910e-02
5,13,0.30373983,11.857184,1.44208648e-02
6,13,0.36448784,12.136838,1.48807355e-02
7,13,0.42523585,12.432266,1.41490785e-02
8,13,0.48598386,12.750070,1.25779250e-02
9,13,0.54673188,13.095972,1.05159242e-02
10,13,0.60747989,13.474745,8.27488983e-03
11,13,0.66822790,13.893457,6.10625568e-03
12,13,0.72897591,14.347145,4.19487584e-03
13,13,0.78972392,14.842557,2.65091978e-03
14,13,0.85047193,15.055748,3.32484201e-05
15,13,0.91121971,14.448588,3.77905368e-05
16,13,0.97196773,13.864237,4.21012869e-05
17,13,1.03271574,13.303791,4.60544423e-05
18,13,1.09346375,12.998182,1.24603134e-02
19,13,1.15421176,12.648925,4.23745882e-02
20,13,1.15421176,12.648925,4.23745876e-02
21,13,1.18458576,12.688796,3.30912128e-02
22,13,1.21495976,12.822789,2.63665493e-02
23,13,1.24533376,13.051138,2.13009564e-02
24,13,1.27570776,13.341012,1.75502618e-02
25,13,1.30608176,13.664647,1.47724729e-02
26,13,1.33645576,14.006766,1.25726454e-02
27,13,1.36682976,14.358662,1.07131107e-02
28,13,1.39720381,14.713812,9.06787954e-03
29,13,1.42757781,15.068216,7.50757144e-03
30,13,1.45795159,15.415296,5.92880077e-03
31,13,1.48832560,15.735894,4.18286978e-03
32,13,1.51869960,15.992078,2.10875790e-03
33,13,1.54907361,16.124975,3.84297473e-04
34,13,1.57944761,16.142470,2.64472469e-04
35,13,1.60982162,16.112061,1.27806223e-03
36,13,1.64019563,16.073330,1.19975457e-03
37,13,1.67056963,16.040432,1.08593538e-03
38,13,1.70094364,16.019954,1.02206344e-03
39,13,1.73131764,16.013269,1.00028471e-03
40,13,1.73131764,16.013269,1.00028570e-03
41,13,1.75279515,16.116076,2.56918771e-06
42,13,1.77427297,16.203064,1.38067655e-04
43,13,1.79575048,16.270627,6.68451175e-04
44,13,1.81722830,16.313717,1.66641589e-03
45,13,1.83870581,16.329602,3.07150073e-03
46,13,1.86018364,16.319182,4.66853874e-03
47,13,1.88166114,16.286583,6.18750927e-03
48,13,1.90313897,16.237449,7.42676474e-03
49,13,1.92461647,16.177153,8.28774369e-03
50,13,1.94609430,16.109825,8.74951037e-03
51,13,1.96757180,16.038345,8.81576712e-03
52,13,1.98904963,15.964180,8.51054552e-03
53,13,2.01052713,15.887602,7.86241333e-03
54,13,2.03200496,15.808921,6.92868946e-03
55,13,2.05348246,15.699235,6.94308476e-03
56,13,2.07496029,15.544713,6.38369264e-03
57,13,2.09643779,15.424969,5.72756171e-03
58,13,2.11791562,15.351456,5.14619760e-03
59,13,2.13939312,15.328357,4.90555780e-03
60,13,2.13939312,15.328357,4.90555759e-03
61,13,2.20382612,15.153339,1.29638079e-02
62,13,2.26825912,15.409789,5.42410439e-07
63,13,2.33269211,15.772961,5.00672769e-07
64,13,2.39712495,16.110075,4.70217176e-07
65,13,2.46155794,16.429155,4.48273411e-07
66,13,2.52599094,16.496413,5.55036724e-04
67,13,2.59042394,15.724878,8.00346316e-04
68,13,2.65485693,14.989507,6.87352781e-04
69,13,2.71928993,14.447326,7.90695513e-05
70,13,2.78372276,14.766306,3.88799636e-05
71,13,2.84815576,15.362452,4.26150194e-07
72,13,2.91258876,14.613544,4.43487798e-07
73,13,2.97702175,13.858646,4.66176991e-07
74,13,3.04145475,13.126806,4.89352973e-07
75,13,3.10588775,12.440528,5.09481392e-07
76,13,3.17032058,11.823754,5.25417892e-07
77,13,3.23475363,11.310862,5.37650105e-07
78,13,3.29918661,10.955625,5.46848917e-07
79,13,3.36361957,10.822728,1.30643859e-06
80,13,3.36361957,10.822728,9.37889843e-07
81,13,3.41622887,10.889489,5.89877963e-07
82,13,3.46883817,11.072575,1.30750233e-07
83,13,3.52144747,11.353993,2.28709303e-06
84,13,3.57405686,11.711286,1.37874743e-08
85,13,3.62666598,12.125878,4.50106537e-08
86,13,3.67927530,12.582440,2.18538272e-07
87,13,3.73188462,13.068289,3.29509424e-07
88,13,3.78449394,13.570550,1.42595138e-06
89,13,3.83710326,14.061474,7.12912189e-08
90,13,3.88971258,14.487827,1.50605091e-06
91,13,3.94232191,14.715523,6.35625956e-06
92,13,3.99493123,14.577287,7.48267746e-06
93,13,4.04754055,14.148369,1.17475158e-05
94,13,4.10014987,13.613470,1.32510645e-03
95,13,4.15275899,13.616008,3.46838424e-03
96,13,4.20536831,13.381619,8.29966990e-03
97,13,4.25797763,13.050858,1.63813241e-02
98,13,4.31058696,12.745836,2.71205469e-02
99,13,4.36319628,12.610695,3.36800461e-02
0,14,0.00000000,14.790353,3.26574571e-02
1,14,0.06074799,14.881885,3.12856300e-02
2,14,0.12149598,15.151778,2.75818303e-02
3,14,0.18224397,15.586005,2.25440072e-02
4,14,0.24299205,16.160873,1.72662177e-02
5,14,0.30373983,16.847476,1.24812654e-02
6,14,0.36448784,17.614560,8.48944507e-03
7,14,0.42523585,18.433157,5.31310813e-03
8,14,0.48598386,17.966993,9.03317414e-03
9,14,0.54673188,17.325598,8.11167232e-03
10,14,0.60747989,16.745566,7.09949678e-03
11,14,0.66822790,16.272650,6.00400240e-03
12,14,0.72897591,15.989634,4.80337287e-03
13,14,0.78972392,15.686110,2.86690583e-05
14,14,0.85047193,15.379398,1.50735647e-03
15,14,0.91121971,15.957133,7.34251030e-04
16,14,0.97196773,16.569050,2.61876144e-04
17,14,1.03271574,17.207193,2.92475463e-05
18,14,1.09346375,17.849333,5.33314189e-05
19,14,1.15421176,18.436794,1.44830073e-03
20,14,1.15421176,18.436794,1.44830064e-03
21,14,1.18458576,18.386747,1.33469723e-03
22,14,1.21495976,18.258969,1.11303501e-03
23,14,1.24533376,18.091153,9.17033040e-04
24,14,1.27570776,17.906013,7.79608007e-04
25,14,1.30608176,17.717266,6.89459136e-04
26,14,1.33645576,17.531983,6.34140982e-04
27,14,1.36682976,17.355232,6.04389761e-04
28,14,1.39720381,17.189594,5.93181923e-04
29,14,1.42757781,17.040050,5.93705112e-04
30,14,1.45795159,16.912552,5.73961895e-04
31,14,1.48832560,16.823962,4.07728731e-04
32,14,1.51869960,16.809962,2.71964795e-05
33,14,1.54907361,16.933630,7.13212515e-04
34,14,1.57944761,17.184375,2.63291223e-03
35,14,1.60982162,17.486592,4.70083258e-03
36,14,1.64019563,17.789953,6.62764095e-03
37,14,1.67056963,18.023803,7.38088754e-03
38,14,1.70094364,18.102944,1.35045516e-02
39,14,1.73131764,18.114348,1.47362005e-02
40,14,1.73131764,18.114348,1.47361945e-02
41,14,1.75279515,17.992803,1.39032708e-02
42,14,1.77427297,17.884294,1.38479440e-02
43,14,1.79575048,17.795154,1.28538790e-02
44,14,1.81722830,17.727069,1.09459479e-02
45,14,1.83870581,17.676019,8.23349790e-03
46,14,1.86018364,17.562552,1.09374199e-02
47,14,1.88166114,17.349514,1.03948013e-02
48,14,1.90313897,17.132930,9.89182889e-03
49,14,1.92461647,16.916780,9.42436404e-03
50,14,1.94609430,16.699418,8.98533370e-03
51,14,1.96757180,16.485997,8.57591497e-03
52,14,1.98904963,16.276297,8.18412900e-03
53,14,2.01052713,16.073230,7.80017355e-03
54,14,2.03200496,15.878761,7.39786680e-03
55,14,2.05348246,15.727432,5.79028631e-03
56,14,2.07496029,15.643006,4.57418296e-03
57,14,2.09643779,15.557078,3.43588566e-03
58,14,2.11791562,15.478065,2.58814296e-03
59,14,2.13939312,15.438804,2.27442706e-03
60,14,2.13939312,15.438804,2.27442642e-03
61,14,2.20382612,15.725243,1.99008049e-06
62,14,2.26825912,16.266058,1.89059296e-06
63,14,2.33269211,16.550898,3.54118085e-03
64,14,2.39712495,16.358283,1.48924647e-02
65,14,2.46155794,16.624232,1.69719578e-02
66,14,2.52599094,16.700570,4.36146024e-07
67,14,2.59042394,16.879563,4.33252766e-07
68,14,2.65485693,16.879334,4.33951877e-07
69,14,2.71928993,16.600906,4.26880395e-07
70,14,2.78372276,16.055238,4.20150957e-07
71,14,2.84815576,15.642135,1.99988388e-04
72,14,2.91258876,16.651118,1.23087512e-03
73,14,2.97702175,17.415825,4.76639583e-03
74,14,3.04145475,16.781749,1.00281950e-02
75,14,3.10588775,16.166137,1.55890716e-02
76,14,3.17032058,15.619451,2.13021848e-02
77,14,3.23475363,15.181082,2.67634933e-02
78,14,3.29918661,14.892178,3.10019035e-02
79,14,3.36361957,14.790353,3.26574473e-02
80,14,3.36361957,14.790353,3.26574562e-02
81,14,3.41622887,14.858479,3.14455627e-02
82,14,3.46883817,15.053277,2.82302445e-02
83,14,3.52144747,15.352848,2.38541981e-02
84,14,3.57405686,15.732201,1.90299190e-02
85,14,3.62666598,16.170095,1.41477510e-02
86,14,3.67927530,16.640360,9.35827778e-03
87,14,3.73188462,17.111318,4.71881522e-03
88,14,3.78449394,17.507857,8.38763175e-04
89,14,3.83710326,17.655505,4.25081015e-04
90,14,3.88971258,17.239492,2.38935552e-06
91,14,3.94232191,16.923703,7.90864307e-07
92,14,3.99493123,16.675766,7.42471942e-04
93,14,4.04754055,16.364977,2.57756801e-05
94,14,4.10014987,16.279373,3.21094070e-04
95,14,4.15275899,16.517682,1.34653395e-03
96,14,4.20536831,17.032274,2.57096306e-03
97,14,4.25797763,17.701132,3.77730628e-03
98,14,4.31058696,18.434742,4.31973703e-03
99,14,4.36319628,19.007652,6.56906669e-11
0,15,0.00000000,22.719198,4.76652925e-08
1,15,0.06074799,22.546671,2.56249089e-03
2,15,0.12149598,22.065225,6.48782160e-03
3,15,0.18224397,21.442135,9.00461162e-03
4,15,0.24299205,20.757139,1.01958517e-02
5,15,0.30373983,20.054746,1.05600311e-02
6,15,0.36448784,19.342403,1.03474251e-02
7,15,0.42523585,18.641315,9.79188098e-03
8,15,0.48598386,17.966993,2.90923303e-06
9,15,0.54673188,17.325598,2.79673089e-06
10,15,0.60747989,16.745566,2.21362113e-06
11,15,0.66822790,16.272650,1.11416585e-06
12,15,0.72897591,15.989635,7.66843171e-08
13,15,0.78972392,15.992210,3.64230816e-03
14,15,0.85047193,16.273939,2.84329344e-03
15,15,0.91121971,16.747693,2.44806211e-03
16,15,0.97196773,17.337832,2.30124297e-03
17,15,1.03271574,18.003016,2.23759613e-03
18,15,1.09346375,18.711444,1.95222659e-03
19,15,1.15421176,18.436794,1.18432156e-08
20,15,1.15421176,18.436794,1.18776294e-08
21,15,1.18458576,18.386747,3.38841748e-05
22,15,1.21495976,18.258969,1.00342918e-04
23,15,1.24533376,18.091153,1.49988220e-04
24,15,1.27570776,17.906013,1.66611650e-04
25,15,1.30608176,17.717266,1.55182491e-04
26,15,1.33645576,17.531983,1.23660255e-04
27,15,1.36682976,17.355232,7.91189694e-05
28,15,1.39720381,17.189594,3.15112875e-05
29,15,1.42757781,17.040050,1.27659193e-06
30,15,1.45795159,16.912552,6.13267291e-05
31,15,1.48832560,16.823962,4.82909545e-04
32,15,1.51869960,16.809962,1.79303015e-03
33,15,1.54907361,16.933630,2.90700838e-03
34,15,1.57944761,17.184375,2.45736885e-03
35,15,1.60982162,17.486592,1.26159854e-03
36,15,1.64019563,17.789953,6.54826424e-05
37,15,1.67056963,18.023803,1.83352114e-03
38,15,1.70094364,18.102944,1.26881739e-04
39,15,1.73131764,18.114348,1.23199850e-05
40,15,1.73131764,18.114348,1.23253303e-05
41,15,1.75279515,18.243378,2.12526735e-03
42,15,1.77427297,18.333372,1.11186714e-02
43,15,1.79575048,18.162267,1.25569704e-02
44,15,1.81722830,17.972497,1.20889956e-02
45,15,1.83870581,17.771179,1.15119948e-02
46,15,1.86018364,17.632356,5.14721564e-03
47,15,1.88166114,17.583590,2.41934102e-03
48,15,1.90313897,17.521006,6.71477733e-04
49,15,1.92461647,17.442721,2.45625947e-05
50,15,1.94609430,17.352514,2.29013827e-04
51,15,1.96757180,17.255580,1.00420979e-03
52,15,1.98904963,17.156821,2.15843700e-03
53,15,2.01052713,17.059382,3.56887969e-03
54,15,2.03200496,16.969591,5.13484207e-03
55,15,2.05348246,16.889843,6.74358300e-03
56,15,2.07496029,16.823822,8.24683255e-03
57,15,2.09643779,16.774022,9.49419790e-03
58,15,2.11791562,16.743130,1.03193616e-02
59,15,2.13939312,16.734622,1.06048710e-02
60,15,2.13939312,16.734622,1.06048711e-02
61,15,2.20382612,17.413512,6.67294393e-03
62,15,2.26825912,17.390007,3.02342095e-05
63,15,2.33269211,16.780357,1.75546410e-06
64,15,2.39712495,17.270579,1.59466520e-06
65,15,2.46155794,17.248218,1.53631740e-04
66,15,2.52599094,16.967113,1.68015892e-02
67,15,2.59042394,17.326962,1.58185849e-02
68,15,2.65485693,17.685157,1.40302512e-02
69,15,2.71928993,18.018601,1.11055761e-02
70,15,2.78372276,18.266586,6.47406941e-03
71,15,2.84815576,18.301537,1.11987609e-03
72,15,2.91258876,17.983229,6.28838894e-04
73,15,2.97702175,17.714571,2.92870267e-03
74,15,3.04145475,18.799180,4.89678411e-03
75,15,3.10588775,19.879223,6.68760492e-03
76,15,3.17032058,20.911364,7.66858817e-03
77,15,3.23475363,21.837410,6.81365874e-03
78,15,3.29918661,22.503265,2.94660452e-03
79,15,3.36361957,22.719198,4.76873392e-08
80,15,3.36361957,22.719198,4.76803311e-08
81,15,3.41622887,22.621420,5.00018327e-03
82,15,3.46883817,22.306203,1.46117107e-02
83,15,3.52144747,21.858488,3.34717779e-07
84,15,3.57405686,21.235373,5.05618791e-07
85,15,3.62666598,20.552574,1.09617573e-07
86,15,3.67927530,19.842388,1.59481393e-06
87,15,3.73188462,19.130628,1.55635510e-06
88,15,3.78449394,18.440632,1.95464099e-06
89,15,3.83710326,17.789934,6.02403395e-07
90,15,3.88971258,17.239492,1.16509616e-06
91,15,3.94232191,16.923703,1.48150756e-06
92,15,3.99493123,17.008209,4.31815357e-07
93,15,4.04754055,17.421751,4.49050500e-08
94,15,4.10014987,17.989504,8.79590950e-09
95,15,4.15275899,18.626343,4.02428151e-09
96,15,4.20536831,19.301538,1.02241421e-09
97,15,4.25797763,19.989633,1.83630021e-09
98,15,4.31058696,20.157782,1.40237870e-02
99,15,4.36319628,19.554761,1.84822203e-02
0,16,0.00000000,22.719198,1.27456125e-08
1,16,0.06074799,22.546671,1.74926922e-07
2,16,0.12149598,22.065225,3.94895054e-07
3,16,0.18224397,21.442135,7.67018876e-07
4,16,0.24299205,20.757139,1.24102390e-06
5,16,0.30373983,20.054746,1.77381438e-06
6,16,0.36448784,19.342403,2.28223567e-06
7,16,0.42523585,18.641315,2.68938694e-06
8,16,0.48598386,19.137204,9.06551931e-06
9,16,0.54673188,18.412211,1.22388897e-05
10,16,0.60747989,17.702257,1.58592074e-05
11,16,0.66822790,17.009889,1.98649068e-05
12,16,0.72897591,16.336952,2.41726947e-05
13,16,0.78972392,15.992210,5.34482701e-07
14,16,0.85047193,16.273939,2.58059311e-06
15,16,0.91121971,16.747693,4.91857197e-06
16,16,0.97196773,17.337832,6.86071545e-06
17,16,1.03271574,18.003016,8.07488687e-06
18,16,1.09346375,18.711444,7.59438611e-06
19,16,1.15421176,19.255671,6.64353753e-08
20,16,1.15421176,19.255671,6.64347647e-08
21,16,1.18458576,19.256795,6.98574365e-04
22,16,1.21495976,19.241778,2.47413434e-03
23,16,1.24533376,19.194951,4.69882415e-03
24,16,1.27570776,19.122315,6.89595454e-03
25,16,1.30608176,19.034741,8.85396818e-03
26,16,1.33645576,18.940225,1.05280316e-02
27,16,1.36682976,18.843777,1.19416994e-02
28,16,1.39720381,18.749089,1.31363675e-02
29,16,1.42757781,18.658716,1.41497462e-02
30,16,1.45795159,18.574507,1.50272898e-02
31,16,1.48832560,18.496961,1.57651422e-02
32,16,1.51869960,18.426123,1.63799709e-02
33,16,1.54907361,18.365897,1.68777784e-02
34,16,1.57944761,18.316741,1.72079112e-02
35,16,1.60982162,18.280500,1.70612561e-02
36,16,1.64019563,18.267413,1.23843758e-02
37,16,1.67056963,18.322540,3.63750968e-03
38,16,1.70094364,18.497276,1.15579675e-02
39,16,1.73131764,18.601261,1.53522190e-02
40,16,1.73131764,18.601261,1.53522186e-02
41,16,1.75279515,18.487621,1.37747782e-02
42,16,1.77427297,18.385029,4.81711556e-03
43,16,1.79575048,18.532224,3.07118694e-03
44,16,1.81722830,18.519350,2.73200659e-03
45,16,1.83870581,18.463471,4.58774269e-03
46,16,1.86018364,18.428678,6.55641781e-03
47,16,1.88166114,18.426012,8.20231944e-03
48,16,1.90313897,18.460181,9.13675549e-03
49,16,1.92461647,18.527892,9.34854005e-03
50,16,1.94609430,18.621337,9.09349012e-03
51,16,1.96757180,18.732932,8.62707060e-03
52,16,1.98904963,18.855398,8.11176891e-03
53,16,2.01052713,18.984317,7.62199541e-03
54,16,2.03200496,19.111169,7.21142082e-03
55,16,2.05348246,19.231832,6.88803433e-03
56,16,2.07496029,19.332430,5.02132779e-03
57,16,2.09643779,19.333768,5.05662365e-03
58,16,2.11791562,19.334540,5.07845518e-03
59,16,2.13939312,19.335132,5.08570858e-03
60,16,2.13939312,19.335132,5.08570527e-03
61,16,2.20382612,18.358093,1.83232897e-03
62,16,2.26825912,18.031916,4.18417239e-03
63,16,2.33269211,18.266697,1.54549889e-03
64,16,2.39712495,17.901353,7.72532203e-05
65,16,2.46155794,17.753136,1.41969158e-06
66,16,2.52599094,18.226331,1.23866421e-06
67,16,2.59042394,18.691476,1.05821160e-06
68,16,2.65485693,19.159061,8.84293700e-07
69,16,2.71928993,19.631417,7.21347932e-07
70,16,2.78372276,19.964691,4.98699639e-08
71,16,2.84815576,20.203211,6.41326405e-08
72,16,2.91258876,20.423671,2.36011120e-02
73,16,2.97702175,20.650020,2.11686038e-02
74,16,3.04145475,21.018323,1.79187500e-02
75,16,3.10588775,21.437804,1.44940827e-02
76,16,3.17032058,21.873957,1.07847794e-02
77,16,3.23475363,22.287136,6.58552284e-03
78,16,3.29918661,22.611051,2.23728681e-03
79,16,3.36361957,22.719198,2.50457017e-08
80,16,3.36361957,22.719198,5.17573817e-08
81,16,3.41622887,22.651069,4.31854333e-08
82,16,3.46883817,22.354804,1.32175519e-07
83,16,3.52144747,21.858488,1.79919620e-07
84,16,3.57405686,21.235373,3.78873092e-07
85,16,3.62666598,20.552574,1.25905523e-06
86,16,3.67927530,19.842388,3.53803929e-07
87,16,3.73188462,19.130628,1.03391990e-06
88,16,3.78449394,18.440632,1.27328231e-06
89,16,3.83710326,17.789934,3.07825248e-06
90,16,3.88971258,17.453136,2.15054955e-03
91,16,3.94232191,17.075878,1.89261806e-03
92,16,3.99493123,17.008209,2.88301877e-07
93,16,4.04754055,17.421751,9.96988028e-08
94,16,4.10014987,17.989504,1.63103345e-08
95,16,4.15275899,18.626343,1.17009775e-09
96,16,4.20536831,19.301538,1.99583844e-09
97,16,4.25797763,19.989633,3.95285001e-09
98,16,4.31058696,20.676291,5.49371069e-09
99,16,4.36319628,21.237225,3.70471155e-08
0,17,0.00000000,22.719198,9.19458815e-08
1,17,0.06074799,22.757619,6.58169545e-05
2,17,0.12149598,22.802377,2.59451692e-04
3,17,0.18224397,22.749868,5.16596334e-07
4,17,0.24299205,22.070749,1.28208007e-06
5,17,0.30373983,21.350066,2.48309048e-06
6,17,0.36448784,20.611371,4.16314652e-06
7,17,0.42523585,19.869806,6.34200697e-06
8,17,0.48598386,19.275570,2.89448485e-03
9,17,0.54673188,20.106565,1.18895885e-03
10,17,0.60747989,19.768662,5.57402485e-04
11,17,0.66822790,19.338188,1.28932430e-05
12,17,0.72897591,18.956024,3.19675431e-04
13,17,0.78972392,18.660009,1.58991614e-03
14,17,0.85047193,18.481510,3.67931665e-03
15,17,0.91121971,18.458478,6.00089422e-03
16,17,0.97196773,18.588426,7.54157370e-03
17,17,1.03271574,18.782752,6.96170540e-03
18,17,1.09346375,18.805466,3.44898114e-03
19,17,1.15421176,19.255671,3.32446762e-11
20,17,1.15421176,19.255671,3.32884612e-11
21,17,1.18458576,19.256795,1.32212305e-05
22,17,1.21495976,19.241778,8.52522109e-05
23,17,1.24533376,19.194951,1.18452434e-04
24,17,1.27570776,19.122315,7.72872994e-05
25,17,1.30608176,19.034741,2.51922263e-05
26,17,1.33645576,18.940225,2.24972393e-06
27,17,1.36682976,18.843777,1.71839218e-05
28,17,1.39720381,18.749089,6.33391257e-05
29,17,1.42757781,18.658716,1.30761689e-04
30,17,1.45795159,18.574507,2.07975397e-04
31,17,1.48832560,18.496961,3.04246875e-04
32,17,1.51869960,18.426123,4.25392646e-04
33,17,1.54907361,18.365897,5.89796003e-04
34,17,1.57944761,18.316741,8.74744925e-04
35,17,1.60982162,18.280500,1.62188552e-03
36,17,1.64019563,18.267413,6.85287448e-03
37,17,1.67056963,18.322540,1.45028196e-02
38,17,1.70094364,18.497276,3.83846541e-03
39,17,1.73131764,18.601261,3.68796963e-06
40,17,1.73131764,18.601261,3.68871471e-06
41,17,1.75279515,18.653473,1.52080218e-04
42,17,1.77427297,18.635102,2.14886607e-04
43,17,1.79575048,18.582307,1.22304975e-03
44,17,1.81722830,18.686335,3.13296555e-03
45,17,1.83870581,18.843321,3.37388087e-03
46,17,1.86018364,18.997641,3.83041899e-03
47,17,1.88166114,19.135727,4.56149245e-03
48,17,1.90313897,19.231484,5.06027288e-03
49,17,1.92461647,19.278167,4.94720139e-03
50,17,1.94609430,19.299490,4.80981571e-03
51,17,1.96757180,19.311451,4.77515314e-03
52,17,1.98904963,19.319058,4.80208011e-03
53,17,2.01052713,19.323532,4.85747966e-03
54,17,2.03200496,19.327342,4.91699068e-03
55,17,2.05348246,19.330124,4.97313916e-03
56,17,2.07496029,19.339949,6.65498751e-03
57,17,2.09643779,19.426919,6.51298518e-03
58,17,2.11791562,19.484272,6.44346770e-03
59,17,2.13939312,19.504431,6.42395752e-03
60,17,2.13939312,19.504431,6.42395791e-03
61,17,2.20382612,19.527816,3.31905481e-03
62,17,2.26825912,19.502083,5.63541774e-04
63,17,2.33269211,19.592485,2.03955438e-04
64,17,2.39712495,19.990740,6.33141754e-04
65,17,2.46155794,20.434301,3.94548581e-04
66,17,2.52599094,20.814819,7.83274695e-05
67,17,2.59042394,20.757774,4.24347893e-10
68,17,2.65485693,20.182791,5.82487250e-09
69,17,2.71928993,19.922526,2.56214498e-08
70,17,2.78372276,20.103186,5.70854547e-07
71,17,2.84815576,20.501799,2.17778841e-02
72,17,2.91258876,20.545085,6.74059538e-08
73,17,2.97702175,20.937993,6.36717529e-08
74,17,3.04145475,21.348109,5.64490281e-08
75,17,3.10588775,21.756071,4.77703291e-08
76,17,3.17032058,22.134300,3.93426161e-08
77,17,3.23475363,22.449371,3.23084458e-08
78,17,3.29918661,22.663129,2.76091466e-08
79,17,3.36361957,22.719198,7.96844897e-08
80,17,3.36361957,22.719198,5.28994484e-08
81,17,3.41622887,22.651069,9.60873464e-08
82,17,3.46883817,22.354804,1.34552012e-07
83,17,3.52144747,21.876955,2.26838094e-02
84,17,3.57405686,21.388782,2.76627696e-02
85,17,3.62666598,20.883735,2.99744556e-02
86,17,3.67927530,20.366915,3.00393637e-02
87,17,3.73188462,19.883572,2.86455890e-02
88,17,3.78449394,19.509986,2.58408464e-02
89,17,3.83710326,19.422835,1.95885206e-02
90,17,3.88971258,19.728694,1.14644429e-02
91,17,3.94232191,20.263325,5.99823728e-03
92,17,3.99493123,20.894339,2.70714990e-03
93,17,4.04754055,21.569207,7.40544154e-04
94,17,4.10014987,22.251457,2.96925547e-05
95,17,4.15275899,22.582660,1.17662894e-02
96,17,4.20536831,21.834481,1.56005151e-02
97,17,4.25797763,20.986569,1.45880421e-02
98,17,4.31058696,20.676291,9.88372067e-09
99,17,4.36319628,21.237225,1.46657708e-08
0,18,0.00000000,23.904286,2.78946315e-10
1,18,0.06074799,23.770166,7.84863027e-09
2,18,0.12149598,23.341940,1.27009922e-07
3,18,0.18224397,22.878537,5.76148371e-04
4,18,0.24299205,22.680461,8.34078610e-03
5,18,0.30373983,22.214128,7.88634896e-03
6,18,0.36448784,21.720467,6.66585218e-03
7,18,0.42523585,21.222174,5.05866312e-03
8,18,0.48598386,20.724569,3.32949118e-03
9,18,0.54673188,20.236504,1.74397471e-03
10,18,0.60747989,20.892446,2.21433360e-04
11,18,0.66822790,21.603377,2.05546420e-05
12,18,0.72897591,22.215292,5.04560901e-04
13,18,0.78972392,22.759297,1.49736884e-03
14,18,0.85047193,23.197409,3.12842506e-03
15,18,0.91121971,22.418063,2.99453040e-03
16,18,0.97196773,21.671107,3.93577498e-03
17,18,1.03271574,21.046985,6.20323280e-03
18,18,1.09346375,20.406554,5.00838037e-03
19,18,1.15421176,19.823427,6.87114049e-03
20,18,1.15421176,19.823427,6.87114232e-03
21,18,1.18458576,19.861330,6.80245199e-03
22,18,1.21495976,19.973614,6.62248863e-03
23,18,1.24533376,20.145405,6.58703453e-03
24,18,1.27570776,20.350702,6.89974447e-03
25,18,1.30608176,20.569305,7.56158810e-03
26,18,1.33645576,20.786233,8.49702984e-03
27,18,1.36682976,20.987480,9.59810000e-03
28,18,1.39720381,21.162713,1.07265001e-02
29,18,1.42757781,21.296627,1.17627136e-02
30,18,1.45795159,21.366234,1.25390278e-02
31,18,1.48832560,21.348880,1.27944649e-02
32,18,1.51869960,21.233750,1.22814094e-02
33,18,1.54907361,21.036860,1.10741225e-02
34,18,1.57944761,20.784679,9.48638870e-03
35,18,1.60982162,20.497436,7.64620547e-03
36,18,1.64019563,20.196849,5.50921890e-03
37,18,1.67056963,19.901103,2.93853337e-03
38,18,1.70094364,19.647607,3.17196582e-04
39,18,1.73131764,19.539497,2.80816618e-08
40,18,1.73131764,19.539497,2.71649147e-08
41,18,1.75279515,19.465319,1.67804024e-04
42,18,1.77427297,19.417472,2.89590074e-06
43,18,1.79575048,19.388742,1.63654235e-04
44,18,1.81722830,19.377808,4.17091989e-04
45,18,1.83870581,19.378523,5.92880278e-04
46,18,1.86018364,19.392186,5.47713445e-04
47,18,1.88166114,19.429540,1.98758180e-04
48,18,1.90313897,19.515005,2.13095651e-05
49,18,1.92461647,19.653313,3.68087199e-04
50,18,1.94609430,19.818218,7.00172861e-04
51,18,1.96757180,19.995636,8.84785617e-04
52,18,1.98904963,20.177747,9.63586648e-04
53,18,2.01052713,20.361252,9.66965789e-04
54,18,2.03200496,20.542006,9.08421974e-04
55,18,2.05348246,20.716263,7.88076615e-04
56,18,2.07496029,20.877906,6.02736590e-04
57,18,2.09643779,21.015398,3.58301926e-04
58,18,2.11791562,21.112143,1.12369035e-04
59,18,2.13939312,21.130204,4.98299481e-07
60,18,2.13939312,21.130204,4.98292110e-07
61,18,2.20382612,21.593024,4.21174224e-07
62,18,2.26825912,21.912212,2.42099891e-03
63,18,2.33269211,21.834523,3.24083320e-03
64,18,2.39712495,22.057560,2.97808362e-03
65,18,2.46155794,22.392271,2.86541491e-10
66,18,2.52599094,21.540739,2.05256154e-10
67,18,2.59042394,21.149312,2.24194136e-05
68,18,2.65485693,21.462892,3.57242251e-04
69,18,2.71928993,21.748735,9.76786421e-03
70,18,2.78372276,20.991935,1.53537928e-02
71,18,2.84815576,20.588906,4.37494472e-07
72,18,2.91258876,21.076065,3.20904173e-07
73,18,2.97702175,21.567693,2.22489097e-07
74,18,3.04145475,22.061206,1.42781707e-07
75,18,3.10588775,22.545950,8.15163475e-08
76,18,3.17032058,23.016082,3.85358185e-08
77,18,3.23475363,23.448373,1.27822024e-08
78,18,3.29918661,23.789966,1.87467609e-09
79,18,3.36361957,23.904286,2.07874816e-10
80,18,3.36361957,23.904286,1.05676994e-10
81,18,3.41622887,23.839318,1.14889921e-10
82,18,3.46883817,23.679982,3.49286242e-09
83,18,3.52144747,23.584189,4.12821079e-09
84,18,3.57405686,23.552556,3.18866160e-10
85,18,3.62666598,23.558663,2.68433087e-09
86,18,3.67927530,23.584252,7.89190364e-10
87,18,3.73188462,23.621558,1.54226283e-09
88,18,3.78449394,23.667048,4.43619552e-10
89,18,3.83710326,23.710107,1.50785169e-09
90,18,3.88971258,23.747057,2.29676966e-09
91,18,3.94232191,23.769544,5.09379789e-09
92,18,3.99493123,23.764498,8.90482427e-09
93,18,4.04754055,23.708332,3.54565906e-09
94,18,4.10014987,23.599735,1.84459744e-08
95,18,4.15275899,23.200300,5.00217424e-03
96,18,4.20536831,23.042441,2.04028378e-08
97,18,4.25797763,22.576414,3.24809202e-08
98,18,4.31058696,22.011466,2.35775399e-08
99,18,4.36319628,21.482021,1.14015982e-11
0,19,0.00000000,23.904286,7.59601170e-12
1,19,0.06074799,23.812018,2.29922760e-03
2,19,0.12149598,23.514475,5.73937855e-03
3,19,0.18224397,23.122950,7.76534429e-03
4,19,0.24299205,22.988149,1.00759172e-03
5,19,0.30373983,23.136752,1.54121502e-03
6,19,0.36448784,23.325332,2.15708219e-03
7,19,0.42523585,23.564749,2.82410007e-03
8,19,0.48598386,23.873360,3.48581411e-03
9,19,0.54673188,24.258848,4.06919781e-03
10,19,0.60747989,24.749818,4.48328627e-03
11,19,0.66822790,25.320811,7.32516592e-04
12,19,0.72897591,24.696175,1.44886926e-03
13,19,0.78972392,23.976616,2.02714789e-03
14,19,0.85047193,23.201610,2.48224251e-03
15,19,0.91121971,22.997339,6.38319199e-03
16,19,0.97196773,22.102161,5.54492640e-03
17,19,1.03271574,21.233279,5.03020736e-03
18,19,1.09346375,20.406554,1.84178908e-05
19,19,1.15421176,19.823427,2.64122492e-05
20,19,1.15421176,19.823427,2.64106384e-05
21,19,1.18458576,19.861330,2.64366790e-05
22,19,1.21495976,19.973614,2.40676612e-05
23,19,1.24533376,20.145405,3.87275764e-05
24,19,1.27570776,20.350702,7.08458820e-05
25,19,1.30608176,20.569305,9.86880330e-05
26,19,1.33645576,20.786233,9.83039629e-05
27,19,1.36682976,20.987480,6.70509571e-05
28,19,1.39720381,21.162713,2.01724843e-05
29,19,1.42757781,21.296627,3.25705454e-05
30,19,1.45795159,21.366234,2.05256689e-04
31,19,1.48832560,21.348880,5.95300464e-04
32,19,1.51869960,21.233750,1.19487481e-03
33,19,1.54907361,21.036860,1.93674875e-03
34,19,1.57944761,20.784679,2.72317514e-03
35,19,1.60982162,20.497436,3.60741136e-03
36,19,1.64019563,20.196849,4.65158413e-03
37,19,1.67056963,19.901103,5.94501520e-03
38,19,1.70094364,19.647607,7.02292941e-03
39,19,1.73131764,19.539497,6.27664044e-03
40,19,1.73131764,19.539497,6.27664209e-03
41,19,1.75279515,19.669297,5.88574861e-03
42,19,1.77427297,19.880595,5.40543683e-03
43,19,1.79575048,20.130891,4.57703294e-03
44,19,1.81722830,20.396279,3.74501993e-03
45,19,1.83870581,20.664106,2.99492238e-03
46,19,1.86018364,20.926954,2.33909251e-03
47,19,1.88166114,21.179433,1.77330117e-03
48,19,1.90313897,21.421144,1.28652598e-03
49,19,1.92461647,21.636295,8.69773242e-04
50,19,1.94609430,21.812326,4.52104060e-04
51,19,1.96757180,21.855615,3.07964960e-05
52,19,1.98904963,21.759773,1.02584646e-05
53,19,2.01052713,21.636248,4.48626752e-05
54,19,2.03200496,21.512599,7.23991151e-05
55,19,2.05348246,21.394792,8.34125138e-05
56,19,2.07496029,21.290383,7.40804716e-05
57,19,2.09643779,21.205374,4.63716674e-05
58,19,2.11791562,21.149296,1.48063953e-05
59,19,2.13939312,21.147891,4.91240712e-09
60,19,2.13939312,21.147891,4.91163206e-09
61,19,2.20382612,21.753653,4.34157389e-09
62,19,2.26825912,22.130549,3.55759108e-07
63,19,2.33269211,22.727573,3.07691620e-07
64,19,2.39712495,23.054225,6.54001047e-10
65,19,2.46155794,22.565209,2.57734178e-03
66,19,2.52599094,23.269552,2.52203563e-03
67,19,2.59042394,23.586761,3.28344629e-03
68,19,2.65485693,22.634420,5.98072997e-03
69,19,2.71928993,21.759253,1.06676731e-03
70,19,2.78372276,22.044705,2.02303106e-03
71,19,2.84815576,22.322167,3.00718286e-03
72,19,2.91258876,22.584411,3.74519495e-03
73,19,2.97702175,22.825610,3.94358865e-03
74,19,3.04145475,23.043890,3.41695980e-03
75,19,3.10588775,23.241787,2.22653899e-03
76,19,3.17032058,23.419010,7.79596769e-04
77,19,3.23475363,23.592197,1.20795329e-06
78,19,3.29918661,23.794538,4.35423186e-04
79,19,3.36361957,23.904286,8.63803237e-11
80,19,3.36361957,23.904286,1.80322930e-10
81,19,3.41622887,23.839318,1.22118906e-09
82,19,3.46883817,23.679982,1.32558131e-09
83,19,3.52144747,23.584189,9.62306354e-10
84,19,3.57405686,23.552556,3.63471839e-09
85,19,3.62666598,23.558663,3.53872090e-10
86,19,3.67927530,23.584252,1.51261053e-09
87,19,3.73188462,23.621558,2.33736108e-10
88,19,3.78449394,23.667048,1.10563258e-09
89,19,3.83710326,23.710107,4.41179255e-10
90,19,3.88971258,23.747057,1.27363778e-09
91,19,3.94232191,23.769544,2.41311485e-09
92,19,3.99493123,23.764498,6.74454499e-09
93,19,4.04754055,23.708332,2.59332606e-08
94,19,4.10014987,23.599735,3.01782696e-08
95,19,4.15275899,23.382357,4.32076207e-08
96,19,4.20536831,23.042441,5.37955229e-08
97,19,4.25797763,22.576414,3.14126057e-08
98,19,4.31058696,22.011466,1.75882611e-08
99,19,4.36319628,21.482021,2.91242818e-10
0,20,0.00000000,25.363618,8.55595350e-02
1,20,0.06074799,25.459118,2.58504618e-02
2,20,0.12149598,25.652306,2.07932002e-02
3,20,0.18224397,25.870517,1.59134518e-02
4,20,0.24299205,26.070125,1.15945504e-02
5,20,0.30373983,26.237942,7.81879087e-03
6,20,0.36448784,26.333801,4.73378396e-03
7,20,0.42523585,26.360505,2.35448898e-03
8,20,0.48598386,26.295064,7.79488946e-04
9,20,0.54673188,26.114002,5.72102373e-05
10,20,0.60747989,25.791732,1.28720494e-04
11,20,0.66822790,25.362800,4.79994245e-03
12,20,0.72897591,25.657553,1.35791665e-02
13,20,0.78972392,24.797155,9.74626752e-03
14,20,0.85047193,23.898869,7.66698188e-03
15,20,0.91121971,22.997339,1.52943529e-05
16,20,0.97196773,22.102161,1.61163893e-05
17,20,1.03271574,21.233279,1.68106285e-05
18,20,1.09346375,20.781035,1.03838716e-02
19,20,1.15421176,21.046957,2.60903646e-02
20,20,1.15421176,21.046957,2.60903649e-02
21,20,1.18458576,21.073704,2.46664819e-02
22,20,1.21495976,21.151135,2.24974193e-02
23,20,1.24533376,21.272787,2.06104203e-02
24,20,1.27570776,21.431236,1.87339723e-02
25,20,1.30608176,21.620872,1.68058406e-02
26,20,1.33645576,21.836738,1.48784113e-02
27,20,1.36682976,22.071762,1.31019597e-02
28,20,1.39720381,22.313546,1.16521955e-02
29,20,1.42757781,22.536639,1.05281849e-02
30,20,1.45795159,22.691833,9.60637992e-03
31,20,1.48832560,22.769124,9.04590703e-03
32,20,1.51869960,22.821543,8.12717456e-03
33,20,1.54907361,22.889667,6.61151200e-03
34,20,1.57944761,22.973538,4.96296840e-03
35,20,1.60982162,23.060279,3.40993694e-03
36,20,1.64019563,23.138866,2.04340471e-03
37,20,1.67056963,23.200885,9.59438008e-04
38,20,1.70094364,23.240748,2.55896996e-04
39,20,1.73131764,23.257778,7.91203677e-06
40,20,1.73131764,23.257778,7.91322655e-06
41,20,1.75279515,23.144313,4.84145341e-04
42,20,1.77427297,23.031485,3.51857899e-04
43,20,1.79575048,22.916389,2.41181930e-04
44,20,1.81722830,22.801538,1.50131416e-04
45,20,1.83870581,22.685230,8.06805917e-05
46,20,1.86018364,22.567244,3.30846139e-05
47,20,1.88166114,22.447584,7.86581489e-06
48,20,1.90313897,22.326893,7.06198771e-06
49,20,1.92461647,22.207979,4.02629283e-05
50,20,1.94609430,22.102741,1.66826678e-04
51,20,1.96757180,22.107284,3.83672874e-04
52,20,1.98904963,22.225119,2.71739002e-04
53,20,2.01052713,22.344077,1.59240050e-04
54,20,2.03200496,22.443599,8.86059690e-05
55,20,2.05348246,22.521548,4.95423291e-05
56,20,2.07496029,22.588488,2.96384317e-05
57,20,2.09643779,22.556157,4.93667262e-03
58,20,2.11791562,22.459848,5.10031458e-03
59,20,2.13939312,22.424274,5.18324645e-03
60,20,2.13939312,22.424274,5.18324670e-03
61,20,2.20382612,22.239753,8.33352428e-04
62,20,2.26825912,22.397044,3.21493262e-09
63,20,2.33269211,22.972455,1.67458151e-09
64,20,2.39712495,23.371008,2.77942165e-07
65,20,2.46155794,24.045996,2.62963720e-07
66,20,2.52599094,24.562750,9.01139661e-04
67,20,2.59042394,24.088913,2.80455249e-03
68,20,2.65485693,24.960679,3.33383933e-03
69,20,2.71928993,25.749004,3.95855375e-03
70,20,2.78372276,26.201840,4.48454477e-03
71,20,2.84815576,26.283940,6.09060291e-03
72,20,2.91258876,26.234138,9.46085556e-03
73,20,2.97702175,26.148182,1.44786543e-02
74,20,3.04145475,26.052810,2.09561618e-02
75,20,3.10588775,25.954687,2.85611272e-02
76,20,3.17032058,25.838914,3.67866922e-02
77,20,3.23475363,25.680137,3.56502662e-08
78,20,3.29918661,25.469669,1.73475077e-08
79,20,3.36361957,25.363618,8.55595708e-02
80,20,3.36361957,25.363618,8.55592898e-02
81,20,3.41622887,25.447532,2.16698460e-08
82,20,3.46883817,25.594530,2.34793135e-08
83,20,3.52144747,25.733949,1.95135539e-07
84,20,3.57405686,25.848360,2.09125426e-07
85,20,3.62666598,25.944110,5.34765149e-08
86,20,3.67927530,26.028329,1.26499594e-07
87,20,3.73188462,26.106734,3.99067048e-07
88,20,3.78449394,26.183305,2.70918625e-07
89,20,3.83710326,26.255734,1.80832924e-07
90,20,3.88971258,26.324500,3.90023759e-07
91,20,3.94232191,26.350719,1.94805882e-02
92,20,3.99493123,25.468043,1.95835319e-02
93,20,4.04754055,24.567893,1.91801563e-02
94,20,4.10014987,23.701789,1.80802911e-02
95,20,4.15275899,23.382357,2.37036198e-08
96,20,4.20536831,23.782665,6.78026037e-06
97,20,4.25797763,24.434896,5.76721460e-04
98,20,4.31058696,24.968068,1.93423651e-03
99,20,4.36319628,25.194597,2.83894065e-03
0,21,0.00000000,25.363619,1.70590168e-09
1,21,0.06074799,25.503351,5.45921736e-02
2,21,0.12149598,25.787483,5.03603821e-02
3,21,0.18224397,26.087826,4.67498970e-02
4,21,0.24299205,26.347003,4.39108185e-02
5,21,0.30373983,26.562253,4.17301903e-02
6,21,0.36448784,26.737882,4.02293773e-02
7,21,0.42523585,26.883133,3.92150748e-02
8,21,0.48598386,26.993302,3.83627097e-02
9,21,0.54673188,27.025880,3.67264910e-02
10,21,0.60747989,26.876965,3.12118202e-02
11,21,0.66822790,26.405737,2.10625176e-02
12,21,0.72897591,25.657553,9.24689495e-06
13,21,0.78972392,24.797155,1.22064174e-05
14,21,0.85047193,23.898869,1.40369399e-05
15,21,0.91121971,23.498860,7.70239734e-03
16,21,0.97196773,23.152693,1.37631205e-02
17,21,1.03271574,22.383900,1.36727219e-02
18,21,1.09346375,21.644234,1.36160706e-02
19,21,1.15421176,21.046957,7.12856104e-09
20,21,1.15421176,21.046957,7.30148454e-09
21,21,1.18458576,21.073704,9.28254953e-04
22,21,1.21495976,21.151135,1.76105078e-03
23,21,1.24533376,21.272787,1.79106290e-03
24,21,1.27570776,21.431236,1.56501213e-03
25,21,1.30608176,21.620872,1.33890664e-03
26,21,1.33645576,21.836738,1.21926777e-03
27,21,1.36682976,22.071762,1.24799401e-03
28,21,1.39720381,22.313546,1.46384032e-03
29,21,1.42757781,22.536639,1.88631443e-03
30,21,1.45795159,22.691833,1.99637115e-03
31,21,1.48832560,22.769124,8.37989849e-04
32,21,1.51869960,22.821543,1.21721367e-05
33,21,1.54907361,22.889667,3.18912294e-04
34,21,1.57944761,22.973538,1.15038117e-03
35,21,1.60982162,23.060279,2.08446124e-03
36,21,1.64019563,23.138866,2.95765467e-03
37,21,1.67056963,23.200885,3.66703676e-03
38,21,1.70094364,23.240748,4.12997219e-03
39,21,1.73131764,23.257778,4.28040927e-03
40,21,1.73131764,23.257778,4.28040741e-03
41,21,1.75279515,23.363574,4.16175020e-03
42,21,1.77427297,23.460692,4.64039370e-03
43,21,1.79575048,23.545156,5.07726625e-03
44,21,1.81722830,23.615361,5.46520829e-03
45,21,1.83870581,23.668453,5.79853321e-03
46,21,1.86018364,23.701726,6.06295830e-03
47,21,1.88166114,23.711972,6.23710414e-03
48,21,1.90313897,23.696751,6.29212795e-03
49,21,1.92461647,23.650097,6.21057097e-03
50,21,1.94609430,23.571672,5.99422070e-03
51,21,1.96757180,23.462903,5.69044810e-03
52,21,1.98904963,23.328636,5.36790737e-03
53,21,2.01052713,23.175980,5.08606729e-03
54,21,2.03200496,23.012961,4.89222364e-03
55,21,2.05348246,22.848150,4.80173184e-03
56,21,2.07496029,22.692025,4.81618102e-03
57,21,2.09643779,22.626957,2.20828882e-05
58,21,2.11791562,22.649126,1.96670290e-05
59,21,2.13939312,22.656596,1.92584479e-05
60,21,2.13939312,22.656596,1.92583624e-05
61,21,2.20382612,22.911679,7.23009005e-03
62,21,2.26825912,23.455868,9.21854869e-03
63,21,2.33269211,24.043157,1.08898424e-02
64,21,2.39712495,24.660444,1.15898910e-02
65,21,2.46155794,25.173926,5.70916375e-03
66,21,2.52599094,24.717697,2.61149277e-07
67,21,2.59042394,25.343338,2.66219208e-07
68,21,2.65485693,25.863116,2.66157875e-07
69,21,2.71928993,26.228472,2.49372565e-07
70,21,2.78372276,26.418898,2.19249859e-07
71,21,2.84815576,26.486913,1.83906572e-07
72,21,2.91258876,26.464948,1.52506370e-07
73,21,2.97702175,26.385902,1.25552397e-07
74,21,3.04145475,26.259967,1.01497610e-07
75,21,3.10588775,26.099173,7.89444887e-08
76,21,3.17032058,25.902922,5.70959733e-08
77,21,3.23475363,25.689537,4.49201414e-02
78,21,3.29918661,25.495657,5.25230595e-02
79,21,3.36361957,25.363619,2.40879274e-10
80,21,3.36361957,25.363619,3.36671152e-08
81,21,3.41622887,25.447532,2.42622946e-08
82,21,3.46883817,25.594530,1.04665052e-07
83,21,3.52144747,25.733949,3.10523090e-08
84,21,3.57405686,25.848360,1.24544143e-07
85,21,3.62666598,25.944110,3.97203630e-07
86,21,3.67927530,26.028329,4.53895984e-07
87,21,3.73188462,26.106734,3.22641499e-07
88,21,3.78449394,26.183305,5.99344776e-07
89,21,3.83710326,26.255734,8.48639544e-07
90,21,3.88971258,26.324500,8.02167720e-07
91,21,3.94232191,26.387080,9.01367682e-07
92,21,3.99493123,26.437494,1.42492168e-06
93,21,4.04754055,26.474462,8.39326076e-07
94,21,4.10014987,26.480839,7.49466504e-07
95,21,4.15275899,26.430445,8.19222758e-07
96,21,4.20536831,26.320427,3.07133357e-07
97,21,4.25797763,26.192302,5.33250253e-08
98,21,4.31058696,26.101870,5.81525489e-09
99,21,4.36319628,26.067566,4.16177934e-09
0,22,0.00000000,25.363619,1.67457533e-09
1,22,0.06074799,25.503351,9.35800002e-08
2,22,0.12149598,25.787483,2.72513563e-07
3,22,0.18224397,26.087826,4.31927389e-07
4,22,0.24299205,26.347003,3.89309185e-07
5,22,0.30373983,26.562253,1.59662029e-06
6,22,0.36448784,26.737882,2.44325783e-06
7,22,0.42523585,26.883133,4.02140922e-06
8,22,0.48598386,26.993302,1.84969030e-06
9,22,0.54673188,27.025880,3.84482251e-07
10,22,0.60747989,26.876965,6.19830201e-07
11,22,0.66822790,26.405737,5.38405301e-06
12,22,0.72897591,26.034017,6.32323814e-03
13,22,0.78972392,26.014247,9.84928554e-03
14,22,0.85047193,25.178366,8.89357540e-03
15,22,0.91121971,24.374642,5.45860439e-03
16,22,0.97196773,24.215365,2.95088262e-05
17,22,1.03271574,24.514305,9.44787355e-04
18,22,1.09346375,24.859204,1.43685882e-03
19,22,1.15421176,25.211164,3.72259446e-10
20,22,1.15421176,25.211164,4.66144691e-10
21,22,1.18458576,25.178431,4.20419054e-04
22,22,1.21495976,25.083573,1.45763059e-03
23,22,1.24533376,24.936273,2.70019496e-03
24,22,1.27570776,24.746664,3.79576480e-03
25,22,1.30608176,24.528516,4.58082527e-03
26,22,1.33645576,24.295400,4.96920646e-03
27,22,1.36682976,24.055358,4.89442617e-03
28,22,1.39720381,23.841194,4.19829159e-03
29,22,1.42757781,23.700900,2.37516560e-03
30,22,1.45795159,23.692700,1.75370717e-04
31,22,1.48832560,23.855653,2.01428579e-04
32,22,1.51869960,24.140703,6.47737200e-04
33,22,1.54907361,24.491723,8.13297553e-04
34,22,1.57944761,24.882486,7.82882622e-04
35,22,1.60982162,25.295801,6.69880851e-04
36,22,1.64019563,25.727328,5.23202734e-04
37,22,1.67056963,26.172742,3.69327857e-04
38,22,1.70094364,26.629800,2.27691377e-04
39,22,1.73131764,27.024139,1.65630443e-04
40,22,1.73131764,27.024139,1.65634982e-04
41,22,1.75279515,26.838394,8.69959267e-06
42,22,1.77427297,26.603535,1.03758712e-05
43,22,1.79575048,26.366862,1.27302478e-05
44,22,1.81722830,26.134892,2.05431094e-05
45,22,1.83870581,25.910882,4.25992356e-05
46,22,1.86018364,25.698555,9.47193966e-05
47,22,1.88166114,25.502116,2.02012413e-04
48,22,1.90313897,25.326365,3.98084869e-04
49,22,1.92461647,25.175715,7.11282358e-04
50,22,1.94609430,25.050418,1.14469000e-03
51,22,1.96757180,24.956432,1.65904005e-03
52,22,1.98904963,24.887718,2.18669867e-03
53,22,2.01052713,24.839081,2.66937375e-03
54,22,2.03200496,24.805864,3.07276152e-03
55,22,2.05348246,24.783482,3.38982199e-03
56,22,2.07496029,24.772327,3.63315225e-03
57,22,2.09643779,24.763110,3.79301181e-03
58,22,2.11791562,24.758058,3.88616806e-03
59,22,2.13939312,24.756516,3.91761111e-03
60,22,2.13939312,24.756516,3.91760690e-03
61,22,2.20382612,25.522379,4.56847540e-03
62,22,2.26825912,26.259932,2.57982149e-08
63,22,2.33269211,25.318197,1.39694897e-08
64,22,2.39712495,24.977049,7.10625786e-09
65,22,2.46155794,25.495073,3.71594324e-09
66,22,2.52599094,26.172390,1.77222642e-02
67,22,2.59042394,26.862656,1.73606458e-02
68,22,2.65485693,27.208603,1.06382535e-03
69,22,2.71928993,27.242286,8.19802669e-04
70,22,2.78372276,27.641812,1.61286601e-03
71,22,2.84815576,28.441738,2.46641844e-03
72,22,2.91258876,28.828195,1.39852625e-02
73,22,2.97702175,28.257150,1.36430437e-02
74,22,3.04145475,27.636578,1.46843181e-02
75,22,3.10588775,27.012338,1.66532129e-02
76,22,3.17032058,26.425725,1.93710617e-02
77,22,3.23475363,25.909233,2.28331046e-02
78,22,3.29918661,25.523749,2.65857647e-02
79,22,3.36361957,25.363619,5.51092547e-09
80,22,3.36361957,25.363619,5.04574695e-08
81,22,3.41622887,25.479985,7.97745476e-02
82,22,3.46883817,25.753881,6.70926181e-02
83,22,3.52144747,26.116222,5.35054321e-02
84,22,3.57405686,26.513705,4.11181561e-02
85,22,3.62666598,26.931057,3.03347695e-02
86,22,3.67927530,27.319888,2.17078387e-02
87,22,3.73188462,27.670269,1.55475142e-02
88,22,3.78449394,27.920407,1.31550828e-02
89,22,3.83710326,27.820326,1.66636144e-02
90,22,3.88971258,27.183725,1.89275027e-02
91,22,3.94232191,26.387080,4.49850670e-07
92,22,3.99493123,26.437494,7.03909091e-08
93,22,4.04754055,26.474462,7.51954269e-07
94,22,4.10014987,26.480839,8.22453125e-07
95,22,4.15275899,26.430445,4.94236151e-07
96,22,4.20536831,26.320427,4.89526274e-07
97,22,4.25797763,26.192302,2.74202144e-07
98,22,4.31058696,26.101870,7.23741382e-08
99,22,4.36319628,26.067566,1.58213160e-09
0,23,0.00000000,28.862843,1.60804366e-08
1,23,0.06074799,28.960004,1.83077810e-05
2,23,0.12149598,29.239397,2.21513349e-04
3,23,0.18224397,29.697813,7.70920342e-04
4,23,0.24299205,30.310506,1.50018442e-03
5,23,0.30373983,31.053175,2.12709069e-03
6,23,0.36448784,31.691542,6.62092866e-04
7,23,0.42523585,30.992835,3.86991317e-05
8,23,0.48598386,30.176855,8.44642375e-05
9,23,0.54673188,29.394471,1.29811371e-03
10,23,0.60747989,28.772326,6.69259462e-03
11,23,0.66822790,28.339023,5.15168118e-03
12,23,0.72897591,27.415327,3.85229445e-03
13,23,0.78972392,27.359483,1.08840479e-05
14,23,0.85047193,27.020546,1.38078710e-04
15,23,0.91121971,26.651309,4.69731572e-04
16,23,0.97196773,26.280733,8.65505533e-04
17,23,1.03271574,25.920249,1.22268589e-03
18,23,1.09346375,25.565110,1.48101923e-03
19,23,1.15421176,25.211164,3.15085635e-03
20,23,1.15421176,25.211164,3.15086302e-03
21,23,1.18458576,25.178431,2.93936915e-03
22,23,1.21495976,25.083573,2.45019711e-03
23,23,1.24533376,24.936273,1.91075408e-03
24,23,1.27570776,24.746664,1.45974108e-03
25,23,1.30608176,24.528517,1.09665234e-03
26,23,1.33645576,24.295400,7.76094429e-04
27,23,1.36682976,24.055358,4.23103443e-04
28,23,1.39720381,23.841194,5.66902691e-05
29,23,1.42757781,23.700900,1.96539638e-04
30,23,1.45795159,23.692700,8.18720791e-04
31,23,1.48832560,23.855653,4.22823001e-04
32,23,1.51869960,24.140703,1.26306695e-04
33,23,1.54907361,24.491723,2.81386504e-05
34,23,1.57944761,24.882486,3.42782845e-06
35,23,1.60982162,25.295801,1.94228778e-06
36,23,1.64019563,25.727328,7.60821869e-06
37,23,1.67056963,26.172742,1.56216701e-05
38,23,1.70094364,26.629800,2.50209598e-05
39,23,1.73131764,27.024139,8.30194199e-06
40,23,1.73131764,27.024139,8.29772469e-06
41,23,1.75279515,26.872088,1.21239744e-04
42,23,1.77427297,26.661498,8.60890137e-05
43,23,1.79575048,26.459189,6.55687847e-05
44,23,1.81722830,26.269853,5.26410329e-05
45,23,1.83870581,26.094810,4.51728356e-05
46,23,1.86018364,25.936081,4.17774686e-05
47,23,1.88166114,25.795638,4.21983381e-05
48,23,1.90313897,25.675696,4.79443389e-05
49,23,1.92461647,25.577271,6.21422594e-05
50,23,1.94609430,25.501174,9.08534157e-05
51,23,1.96757180,25.448710,1.42954079e-04
52,23,1.98904963,25.418224,2.28144641e-04
53,23,2.01052713,25.406383,3.55714678e-04
54,23,2.03200496,25.410721,5.24854007e-04
55,23,2.05348246,25.425140,7.27027776e-04
56,23,2.07496029,25.447643,9.51489611e-04
57,23,2.09643779,25.465617,1.14283784e-03
58,23,2.11791562,25.478248,1.27575830e-03
59,23,2.13939312,25.483119,1.32339644e-03
60,23,2.13939312,25.483119,1.32339657e-03
61,23,2.20382612,26.185011,5.97136974e-04
62,23,2.26825912,26.332487,4.72431377e-03
63,23,2.33269211,27.162505,4.79166889e-03
64,23,2.39712495,26.798946,3.51003501e-03
65,23,2.46155794,25.898424,1.13751895e-02
66,23,2.52599094,26.331204,2.41331602e-09
67,23,2.59042394,27.276904,1.93706269e-09
68,23,2.65485693,27.596942,1.71259998e-02
69,23,2.71928993,28.311669,1.70109800e-02
70,23,2.78372276,28.918208,1.73089421e-02
71,23,2.84815576,29.147188,1.64291138e-02
72,23,2.91258876,29.387188,2.75923085e-03
73,23,2.97702175,30.320205,1.80908878e-07
74,23,3.04145475,30.036131,1.38993641e-07
75,23,3.10588775,29.687085,9.33930795e-08
76,23,3.17032058,29.357556,5.47279440e-08
77,23,3.23475363,29.093574,2.72930696e-08
78,23,3.29918661,28.924367,1.15941621e-08
79,23,3.36361957,28.862843,1.94103876e-08
80,23,3.36361957,28.862843,2.27456596e-09
81,23,3.41622887,28.874768,1.99885807e-11
82,23,3.46883817,28.899725,7.82372268e-11
83,23,3.52144747,28.941168,1.74478884e-10
84,23,3.57405686,28.998800,3.05736151e-10
85,23,3.62666598,29.072198,4.77330148e-10
86,23,3.67927530,29.160729,6.80520865e-10
87,23,3.73188462,29.263596,9.26586178e-10
88,23,3.78449394,29.380314,1.19834759e-09
89,23,3.83710326,29.036216,3.70742243e-03
90,23,3.88971258,29.070822,2.00838787e-03
91,23,3.94232191,29.251610,3.12156756e-03
92,23,3.99493123,29.410280,5.36027603e-03
93,23,4.04754055,28.710297,1.75733779e-09
94,23,4.10014987,28.078537,6.26734738e-08
95,23,4.15275899,27.601533,1.79620277e-07
96,23,4.20536831,27.315426,3.83055564e-07
97,23,4.25797763,27.181962,9.30926560e-07
98,23,4.31058696,27.129888,1.49562556e-06
99,23,4.36319628,27.115447,2.78429620e-07
0,24,0.00000000,28.862843,3.71326486e-09
1,24,0.06074799,28.960004,7.02776766e-08
2,24,0.12149598,29.239397,3.23885228e-07
3,24,0.18224397,29.697813,7.91919937e-07
4,24,0.24299205,30.310506,1.42838220e-06
5,24,0.30373983,31.053175,4.26750647e-07
6,24,0.36448784,31.691542,6.45684782e-04
7,24,0.42523585,30.992835,8.51370806e-06
8,24,0.48598386,30.176855,1.26561881e-05
9,24,0.54673188,29.394471,1.44599657e-05
10,24,0.60747989,28.772326,1.54569240e-05
11,24,0.66822790,28.350921,7.82712526e-04
12,24,0.72897591,27.842838,1.96247285e-04
13,24,0.78972392,27.411034,9.83527236e-08
14,24,0.85047193,28.261352,2.90959116e-04
15,24,0.91121971,28.796354,3.19647238e-02
16,24,0.97196773,28.931455,3.32185388e-02
17,24,1.03271574,29.038756,3.42033152e-02
18,24,1.09346375,29.111063,3.48408265e-02
19,24,1.15421176,29.136372,3.50958006e-02
20,24,1.15421176,29.136372,3.50926868e-02
21,24,1.18458576,29.162416,3.43382136e-02
22,24,1.21495976,29.236950,3.22739693e-02
23,24,1.24533376,29.350410,2.95767381e-02
24,24,1.27570776,29.489349,2.63571898e-02
25,24,1.30608176,29.638639,2.27385382e-02
26,24,1.33645576,29.781450,2.02727344e-02
27,24,1.36682976,29.895117,1.47542900e-02
28,24,1.39720381,29.962737,1.29191821e-02
29,24,1.42757781,29.964432,1.39923178e-02
30,24,1.45795159,29.894462,1.45790246e-02
31,24,1.48832560,29.766048,1.40328963e-02
32,24,1.51869960,29.599505,1.25037259e-02
33,24,1.54907361,29.410687,1.01417974e-02
34,24,1.57944761,29.193485,7.18103479e-03
35,24,1.60982162,28.902836,4.95199101e-03
36,24,1.64019563,28.506547,9.32040951e-04
37,24,1.67056963,28.052925,1.29263706e-04
38,24,1.70094364,27.585367,1.87593800e-05
39,24,1.73131764,27.187755,9.61365618e-06
40,24,1.73131764,27.187755,9.61307596e-06
41,24,1.75279515,27.194277,1.02106970e-04
42,24,1.77427297,27.251582,7.77904611e-05
43,24,1.79575048,27.321718,6.62047548e-05
44,24,1.81722830,27.398215,6.06342672e-05
45,24,1.83870581,27.480000,5.91307239e-05
46,24,1.86018364,27.566510,6.04333635e-05
47,24,1.88166114,27.657198,6.35497181e-05
48,24,1.90313897,27.751504,6.77418740e-05
49,24,1.92461647,27.848299,7.16400973e-05
50,24,1.94609430,27.948349,7.47409360e-05
51,24,1.96757180,28.046753,7.54998067e-05
52,24,1.98904963,28.143582,7.32531146e-05
53,24,2.01052713,28.236651,6.73138236e-05
54,24,2.03200496,28.323752,5.74584123e-05
55,24,2.05348246,28.401877,4.41843587e-05
56,24,2.07496029,28.468742,2.94519897e-05
57,24,2.09643779,28.519072,1.47820045e-05
58,24,2.11791562,28.550746,4.03907506e-06
59,24,2.13939312,28.561970,6.81850485e-08
60,24,2.13939312,28.561970,6.81520274e-08
61,24,2.20382612,27.375306,4.38016431e-08
62,24,2.26825912,26.931171,1.22413825e-05
63,24,2.33269211,27.566799,1.66643863e-03
64,24,2.39712495,27.716405,5.81320340e-03
65,24,2.46155794,27.599945,5.17047945e-03
66,24,2.52599094,27.446804,3.53292489e-03
67,24,2.59042394,27.306253,2.04816875e-03
68,24,2.65485693,28.290491,1.89873041e-09
69,24,2.71928993,29.343464,2.04039334e-09
70,24,2.78372276,29.933308,9.23350229e-08
71,24,2.84815576,30.294030,1.58863855e-07
72,24,2.91258876,30.437136,1.94848481e-07
73,24,2.97702175,30.366711,2.66097687e-03
74,24,3.04145475,30.944938,5.29527401e-08
75,24,3.10588775,30.285539,3.81230221e-08
76,24,3.17032058,29.716686,2.67645919e-08
77,24,3.23475363,29.266051,1.90255758e-08
78,24,3.29918661,28.971073,1.46012324e-08
79,24,3.36361957,28.862843,3.74926346e-10
80,24,3.36361957,28.862843,1.75125363e-08
81,24,3.41622887,28.996058,2.35632327e-08
82,24,3.46883817,29.358471,1.29977171e-07
83,24,3.52144747,29.896097,1.87823067e-07
84,24,3.57405686,30.542130,1.17961532e-07
85,24,3.62666598,31.242488,1.93356390e-07
86,24,3.67927530,31.093611,7.56089845e-03
87,24,3.73188462,30.265120,8.87845066e-03
88,24,3.78449394,29.495746,8.26517730e-03
89,24,3.83710326,29.508301,1.49244302e-09
90,24,3.88971258,29.646337,1.82708413e-09
91,24,3.94232191,29.792050,2.18588989e-09
92,24,3.99493123,29.446258,1.26052735e-08
93,24,4.04754055,28.710297,2.41353832e-09
94,24,4.10014987,28.078537,2.76030972e-09
95,24,4.15275899,27.601533,1.95041442e-07
96,24,4.20536831,27.315426,5.50608079e-07
97,24,4.25797763,27.181962,4.99627631e-07
98,24,4.31058696,27.129888,2.07401413e-07
99,24,4.36319628,27.115447,1.50799255e-06
0,25,0.00000000,28.862843,1.81426210e-14
1,25,0.06074799,29.038018,2.47784643e-07
2,25,0.12149598,29.488888,8.98454115e-07
3,25,0.18224397,30.114103,1.82963348e-06
4,25,0.24299205,30.829552,2.99335867e-06
5,25,0.30373983,31.583733,4.42687340e-06
6,25,0.36448784,31.983872,2.09049579e-03
7,25,0.42523585,31.219780,2.47917839e-03
8,25,0.48598386,30.430381,2.55407899e-03
9,25,0.54673188,29.660967,2.24313587e-03
10,25,0.60747989,28.956807,1.57983471e-03
11,25,0.66822790,28.466331,1.67582454e-02
12,25,0.72897591,28.428536,2.41481713e-02
13,25,0.78972392,28.520940,2.80537194e-02
14,25,0.85047193,28.652034,3.03505589e-02
15,25,0.91121971,28.796354,7.72337512e-06
16,25,0.97196773,28.931455,9.76752120e-06
17,25,1.03271574,29.038756,8.80031561e-06
18,25,1.09346375,29.111063,2.64510029e-05
19,25,1.15421176,29.136372,4.39940604e-06
20,25,1.15421176,29.136372,7.55823930e-06
21,25,1.18458576,29.162416,3.85160987e-04
22,25,1.21495976,29.236950,1.38729129e-03
23,25,1.24533376,29.350410,2.49699184e-03
24,25,1.27570776,29.489349,3.76633929e-03
25,25,1.30608176,29.638639,5.17725146e-03
26,25,1.33645576,29.781450,5.21539044e-03
27,25,1.36682976,29.895117,8.06973007e-03
28,25,1.39720381,29.962737,7.12714054e-03
29,25,1.42757781,29.964432,3.42140091e-03
30,25,1.45795159,29.894462,7.74548048e-04
31,25,1.48832560,29.766048,7.72259726e-06
32,25,1.51869960,29.599505,6.70352762e-04
33,25,1.54907361,29.410687,2.02070897e-03
34,25,1.57944761,29.193485,2.65829369e-03
35,25,1.60982162,28.902836,4.65468706e-05
36,25,1.64019563,28.506547,4.98637578e-04
37,25,1.67056963,28.052925,2.47249308e-04
38,25,1.70094364,27.585367,1.47268332e-04
39,25,1.73131764,27.187755,1.55140057e-04
40,25,1.73131764,27.187755,1.55140820e-04
41,25,1.75279515,27.524002,2.10581299e-06
42,25,1.77427297,27.928547,6.53269247e-05
43,25,1.79575048,28.321513,1.11779475e-03
44,25,1.81722830,28.530189,1.22341361e-02
45,25,1.83870581,28.495874,1.54158886e-02
46,25,1.86018364,28.442060,1.60108435e-02
47,25,1.88166114,28.394493,1.62326127e-02
48,25,1.90313897,28.358390,1.62820193e-02
49,25,1.92461647,28.334094,1.61891754e-02
50,25,1.94609430,28.324166,1.59507395e-02
51,25,1.96757180,28.330203,1.55690325e-02
52,25,1.98904963,28.353989,1.50270466e-02
53,25,2.01052713,28.397191,1.43186258e-02
54,25,2.03200496,28.461600,1.34278929e-02
55,25,2.05348246,28.548423,1.23564927e-02
56,25,2.07496029,28.663635,1.10573008e-02
57,25,2.09643779,28.797085,9.52407998e-03
58,25,2.11791562,28.950793,7.27048140e-03
59,25,2.13939312,29.086369,1.34937130e-07
60,25,2.13939312,29.086369,1.34950589e-07
61,25,2.20382612,28.815053,1.52043993e-02
62,25,2.26825912,28.547008,1.33536740e-02
63,25,2.33269211,27.855770,1.42299236e-03
64,25,2.39712495,28.017786,3.65782157e-03
65,25,2.46155794,28.854504,3.21245628e-03
66,25,2.52599094,28.915760,1.95574981e-08
67,25,2.59042394,28.998441,2.92019519e-09
68,25,2.65485693,29.193820,3.24527397e-09
69,25,2.71928993,29.523370,3.33928214e-08
70,25,2.78372276,30.420690,2.17510038e-09
71,25,2.84815576,30.790386,5.40009732e-04
72,25,2.91258876,31.223279,2.41922460e-03
73,25,2.97702175,31.656134,7.06727622e-08
74,25,3.04145475,31.337131,2.27616594e-03
75,25,3.10588775,31.582464,1.26280946e-04
76,25,3.17032058,30.603558,3.03775781e-04
77,25,3.23475363,29.735297,2.18177349e-04
78,25,3.29918661,29.104092,3.29780343e-05
79,25,3.36361957,28.862843,1.83030555e-14
80,25,3.36361957,28.862843,2.08418457e-14
81,25,3.41622887,28.996058,4.38089182e-08
82,25,3.46883817,29.358471,8.42492472e-08
83,25,3.52144747,29.896097,2.73963178e-07
84,25,3.57405686,30.542130,6.83388845e-07
85,25,3.62666598,31.242488,1.02326491e-06
86,25,3.67927530,31.900709,4.11129788e-07
87,25,3.73188462,32.376224,2.73475174e-07
88,25,3.78449394,32.354343,1.20300268e-06
89,25,3.83710326,31.804075,2.56194946e-07
90,25,3.88971258,31.048898,2.53112573e-07
91,25,3.94232191,30.241970,9.35083581e-08
92,25,3.99493123,29.446258,5.82347908e-08
93,25,4.04754055,29.489367,7.95673573e-03
94,25,4.10014987,29.445315,9.73008595e-03
95,25,4.15275899,29.234076,9.64799893e-03
96,25,4.20536831,28.867004,7.61781018e-03
97,25,4.25797763,28.402247,4.53746014e-03
98,25,4.31058696,27.963766,1.49761769e-03
99,25,4.36319628,27.765535,7.87978579e-10
0,26,0.00000000,34.511773,5.12514328e-08
1,26,0.06074799,34.458467,7.08214635e-05
2,26,0.12149598,34.194862,1.94015085e-05
3,26,0.18224397,33.774737,1.11277219e-04
4,26,0.24299205,33.223151,1.07989279e-04
5,26,0.30373983,32.568430,5.13900093e-05
6,26,0.36448784,32.004451,1.04501902e-03
7,26,0.42523585,32.592182,2.77869842e-03
8,26,0.48598386,31.510244,3.52198168e-03
9,26,0.54673188,30.434592,4.24343951e-03
10,26,0.60747989,29.375039,4.86412995e-03
11,26,0.66822790,28.466331,1.38032069e-05
12,26,0.72897591,28.428536,1.11046831e-05
13,26,0.78972392,28.520940,9.08144517e-06
14,26,0.85047193,28.652034,7.31381371e-06
15,26,0.91121971,29.336263,1.61736643e-04
16,26,0.97196773,30.476652,2.27768360e-05
17,26,1.03271574,31.639578,2.35603586e-05
18,26,1.09346375,32.774841,2.60978836e-04
19,26,1.15421176,33.718480,6.77013249e-11
20,26,1.15421176,33.718480,7.47327997e-11
21,26,1.18458576,33.482166,1.44327825e-03
22,26,1.21495976,33.206008,2.02091498e-03
23,26,1.24533376,32.927413,3.87491057e-05
24,26,1.27570776,32.652498,4.89889430e-04
25,26,1.30608176,32.389063,1.43800811e-03
26,26,1.33645576,32.147210,3.00086452e-03
27,26,1.36682976,31.939772,5.31893381e-03
28,26,1.39720381,31.785389,8.11149256e-03
29,26,1.42757781,31.693960,1.07500629e-02
30,26,1.45795159,31.610463,8.69074667e-03
31,26,1.48832560,31.229248,2.33035632e-03
32,26,1.51869960,30.742621,2.21670501e-03
33,26,1.54907361,30.257652,3.19208606e-03
34,26,1.57944761,29.806466,5.85061066e-03
35,26,1.60982162,29.441301,1.12735122e-02
36,26,1.64019563,29.213696,1.11531111e-02
37,26,1.67056963,29.080602,4.42627286e-03
38,26,1.70094364,29.007643,1.01585348e-03
39,26,1.73131764,28.983956,2.80428490e-06
40,26,1.73131764,28.983956,2.73375564e-06
41,26,1.75279515,28.878086,1.49945258e-02
42,26,1.77427297,28.784048,1.53613210e-02
43,26,1.79575048,28.717795,1.48009849e-02
44,26,1.81722830,28.849012,4.31268483e-03
45,26,1.83870581,29.235294,1.05316539e-03
46,26,1.86018364,29.652323,5.63354160e-04
47,26,1.88166114,30.072605,4.15517661e-04
48,26,1.90313897,30.455125,2.46493885e-05
49,26,1.92461647,30.640356,3.10591154e-05
50,26,1.94609430,30.781739,2.98391279e-04
51,26,1.96757180,30.863676,7.96346843e-04
52,26,1.98904963,30.692553,2.08059335e-03
53,26,2.01052713,30.463305,2.75317242e-03
54,26,2.03200496,30.229615,3.54978019e-03
55,26,2.05348246,29.995671,4.48474239e-03
56,26,2.07496029,29.766921,5.60710172e-03
57,26,2.09643779,29.545612,6.98980021e-03
58,26,2.11791562,29.338089,9.12161746e-03
59,26,2.13939312,29.185799,1.60242379e-02
60,26,2.13939312,29.185799,1.60241813e-02
61,26,2.20382612,29.054437,1.20375098e-07
62,26,2.26825912,28.899742,1.28124348e-03
63,26,2.33269211,28.471490,9.13147049e-03
64,26,2.39712495,28.920721,2.41955974e-03
65,26,2.46155794,28.905683,4.16547466e-08
66,26,2.52599094,29.667882,2.62960702e-03
67,26,2.59042394,30.413969,2.11158817e-03
68,26,2.65485693,30.972555,1.75298961e-03
69,26,2.71928993,31.089831,1.25473951e-03
70,26,2.78372276,30.845718,2.99228463e-04
71,26,2.84815576,31.506866,2.40614169e-09
72,26,2.91258876,32.290367,5.63632810e-08
73,26,2.97702175,31.860454,2.64504961e-03
74,26,3.04145475,32.512197,3.30628405e-06
75,26,3.10588775,32.267749,1.72686906e-03
76,26,3.17032058,33.120756,1.06879530e-03
77,26,3.23475363,33.845097,5.01357638e-04
78,26,3.29918661,34.358796,1.65984451e-04
79,26,3.36361957,34.511773,3.54712223e-08
80,26,3.36361957,34.511773,1.74505485e-07
81,26,3.41622887,34.401500,2.53064859e-04
82,26,3.46883817,33.992336,8.37677159e-04
83,26,3.52144747,33.401549,2.02550222e-03
84,26,3.57405686,32.693703,3.72012112e-03
85,26,3.62666598,31.913848,5.67002733e-03
86,26,3.67927530,31.900709,1.26026566e-06
87,26,3.73188462,32.376224,1.70144172e-06
88,26,3.78449394,32.354343,2.55061508e-07
89,26,3.83710326,31.804075,5.51550539e-07
90,26,3.88971258,31.048898,1.82344000e-07
91,26,3.94232191,30.241970,1.19142082e-07
92,26,3.99493123,29.942367,2.55496258e-09
93,26,4.04754055,30.093334,2.94213808e-09
94,26,4.10014987,30.244057,3.33633859e-09
95,26,4.15275899,30.379970,3.71726944e-09
96,26,4.20536831,30.498004,4.06166300e-09
97,26,4.25797763,30.590270,4.32763881e-09
98,26,4.31058696,30.649333,4.51501330e-09
99,26,4.36319628,30.669515,4.58167064e-09
0,27,0.00000000,34.511773,8.18270344e-07
1,27,0.06074799,34.460322,1.07627788e-05
2,27,0.12149598,34.194862,7.89653795e-05
3,27,0.18224397,33.774737,3.58446753e-06
4,27,0.24299205,33.223151,4.02886018e-06
5,27,0.30373983,32.568430,6.77178789e-06
6,27,0.36448784,32.004451,1.14901680e-05
7,27,0.42523585,32.777105,2.17485422e-03
8,27,0.48598386,33.668907,1.09843371e-05
9,27,0.54673188,34.182476,1.41985376e-05
10,27,0.60747989,34.576303,1.78289089e-05
11,27,0.66822790,34.579116,3.28601195e-05
12,27,0.72897591,34.579021,2.48578868e-05
13,27,0.78972392,34.643305,2.54358120e-04
14,27,0.85047193,34.723939,2.66474824e-05
15,27,0.91121971,34.390600,1.35174087e-03
16,27,0.97196773,34.109945,9.68246308e-04
17,27,1.03271574,33.897408,5.57326194e-04
18,27,1.09346375,33.764042,1.52585736e-04
19,27,1.15421176,33.718480,4.58900348e-10
20,27,1.15421176,33.718480,4.54633501e-10
21,27,1.18458576,33.482166,7.85442899e-06
22,27,1.21495976,33.206008,3.61207296e-04
23,27,1.24533376,32.927413,3.35269087e-03
24,27,1.27570776,32.652498,4.00840097e-03
25,27,1.30608176,32.389063,4.27467854e-03
26,27,1.33645576,32.147210,4.06412751e-03
27,27,1.36682976,31.939772,3.27876646e-03
28,27,1.39720381,31.785389,2.11612289e-03
29,27,1.42757781,31.693960,7.91783181e-04
30,27,1.45795159,31.610463,1.13933231e-04
31,27,1.48832560,31.229248,6.85869444e-05
32,27,1.51869960,30.742621,6.26951189e-05
33,27,1.54907361,30.257652,1.48509307e-04
34,27,1.57944761,29.806466,2.41436347e-04
35,27,1.60982162,29.441301,2.44480677e-05
36,27,1.64019563,29.213696,3.88747220e-03
37,27,1.67056963,29.080602,1.19634052e-02
38,27,1.70094364,29.007643,1.58604730e-02
39,27,1.73131764,28.983956,1.70070843e-02
40,27,1.73131764,28.983956,1.70071512e-02
41,27,1.75279515,29.107996,2.14160169e-03
42,27,1.77427297,29.256555,1.78077642e-03
43,27,1.79575048,29.426621,1.42084107e-03
44,27,1.81722830,29.614860,1.07182149e-03
45,27,1.83870581,29.817575,7.42070137e-04
46,27,1.86018364,30.030051,4.41457549e-04
47,27,1.88166114,30.245574,1.88849644e-04
48,27,1.90313897,30.488355,3.86935694e-04
49,27,1.92461647,30.865333,5.29317463e-04
50,27,1.94609430,31.031888,1.06923387e-03
51,27,1.96757180,30.900793,1.53477626e-03
52,27,1.98904963,30.888122,1.32731305e-03
53,27,2.01052713,30.872018,1.73896072e-03
54,27,2.03200496,30.832960,2.01290664e-03
55,27,2.05348246,30.785112,2.18669115e-03
56,27,2.07496029,30.739356,2.30024751e-03
57,27,2.09643779,30.700471,2.36758875e-03
58,27,2.11791562,30.674952,2.40515927e-03
59,27,2.13939312,30.666272,2.41795504e-03
60,27,2.13939312,30.666272,2.41795989e-03
61,27,2.20382612,29.872566,1.43173090e-03
62,27,2.26825912,29.017302,1.03553249e-07
63,27,2.33269211,28.974984,8.46989783e-08
64,27,2.39712495,28.931165,6.39782427e-08
65,27,2.46155794,29.678888,4.53453146e-04
66,27,2.52599094,30.482209,1.70640155e-05
67,27,2.59042394,31.274662,8.59703980e-05
68,27,2.65485693,32.031174,4.11817458e-04
69,27,2.71928993,32.713333,8.75301939e-04
70,27,2.78372276,33.274220,1.32363597e-03
71,27,2.84815576,33.286959,1.26812005e-07
72,27,2.91258876,32.821679,4.58344379e-08
73,27,2.97702175,33.263482,3.12217328e-04
74,27,3.04145475,32.521286,1.97419951e-03
75,27,3.10588775,33.152416,1.20280969e-03
76,27,3.17032058,33.709250,5.88196035e-04
77,27,3.23475363,34.152758,2.23039257e-04
78,27,3.29918661,34.443120,7.04115531e-05
79,27,3.36361957,34.511773,1.30423565e-06
80,27,3.36361957,34.511773,2.14054414e-06
81,27,3.41622887,34.524829,4.32935234e-09
82,27,3.46883817,34.444721,5.76599938e-09
83,27,3.52144747,34.317124,2.33115212e-08
84,27,3.57405686,34.147650,9.51503201e-09
85,27,3.62666598,33.943632,2.95479006e-08
86,27,3.67927530,33.715177,2.30392730e-08
87,27,3.73188462,33.503080,8.25575033e-09
88,27,3.78449394,33.412873,8.44373282e-08
89,27,3.83710326,33.235522,4.80394661e-09
90,27,3.88971258,32.979007,2.67242044e-08
91,27,3.94232191,32.738187,5.08320010e-08
92,27,3.99493123,32.525081,2.72169028e-08
93,27,4.04754055,32.344407,1.13914107e-07
94,27,4.10014987,32.195695,3.93367214e-08
95,27,4.15275899,32.079845,2.19889394e-08
96,27,4.20536831,32.004916,4.47970904e-08
97,27,4.25797763,31.957067,1.45799001e-08
98,27,4.31058696,31.935305,1.31799345e-09
99,27,4.36319628,31.928747,2.21199028e-09
0,28,0.00000000,34.511773,9.32291875e-05
1,28,0.06074799,34.460322,7.13324356e-05
2,28,0.12149598,34.198104,2.04026446e-04
3,28,0.18224397,33.803314,4.91614611e-04
4,28,0.24299205,33.295155,9.48107733e-04
5,28,0.30373983,32.684738,1.52325041e-03
6,28,0.36448784,32.325538,6.18124612e-06
7,28,0.42523585,32.777105,7.86549993e-06
8,28,0.48598386,33.695163,1.94504892e-03
9,28,0.54673188,34.612575,1.65792363e-03
10,28,0.60747989,34.650706,2.54984329e-04
11,28,0.66822790,34.856237,2.17445638e-05
12,28,0.72897591,35.042882,2.57130457e-05
13,28,0.78972392,35.105654,5.90437322e-04
14,28,0.85047193,34.723939,2.07117159e-03
15,28,0.91121971,34.390600,2.88585565e-04
16,28,0.97196773,34.109945,1.27092391e-04
17,28,1.03271574,33.897408,9.89876802e-07
18,28,1.09346375,33.764042,7.42695787e-08
19,28,1.15421176,33.792977,1.48430185e-06
20,28,1.15421176,33.792977,1.28044847e-06
21,28,1.18458576,34.018990,2.04471311e-04
22,28,1.21495976,34.264924,7.57986390e-05
23,28,1.24533376,34.495166,4.84726683e-05
24,28,1.27570776,34.547114,1.38571503e-07
25,28,1.30608176,34.170726,1.15769075e-05
26,28,1.33645576,33.735839,2.83557345e-05
27,28,1.36682976,33.272462,4.70991948e-05
28,28,1.39720381,32.786991,4.85599110e-05
29,28,1.42757781,32.303053,1.22378003e-05
30,28,1.45795159,31.878186,2.50734337e-03
31,28,1.48832560,31.806267,1.16686159e-02
32,28,1.51869960,31.875952,1.17564795e-02
33,28,1.54907361,31.972568,1.07310444e-02
34,28,1.57944761,32.073371,9.49392893e-03
35,28,1.60982162,32.166291,7.79946328e-03
36,28,1.64019563,32.245126,6.74310401e-03
37,28,1.67056963,32.305028,5.29959580e-03
38,28,1.70094364,32.351586,5.02460864e-03
39,28,1.73131764,32.373828,9.63085190e-04
40,28,1.73131764,32.373828,4.00615488e-03
41,28,1.75279515,32.329042,6.83335141e-03
42,28,1.77427297,32.269182,6.60393759e-03
43,28,1.79575048,32.214922,6.36932261e-03
44,28,1.81722830,32.159778,6.13246483e-03
45,28,1.83870581,32.104051,5.89834790e-03
46,28,1.86018364,31.986948,4.77746284e-06
47,28,1.88166114,31.831377,4.40757693e-05
48,28,1.90313897,31.665530,1.50347208e-04
49,28,1.92461647,31.519815,2.26538497e-04
50,28,1.94609430,31.568741,2.68413217e-05
51,28,1.96757180,31.903940,6.93494387e-06
52,28,1.98904963,32.304351,2.10164245e-05
53,28,2.01052713,32.605453,1.55444840e-03
54,28,2.03200496,32.883209,1.07200149e-03
55,28,2.05348246,33.181535,7.25394153e-04
56,28,2.07496029,33.495461,4.72863698e-04
57,28,2.09643779,33.807049,2.94595980e-04
58,28,2.11791562,34.101581,1.55801120e-04
59,28,2.13939312,34.276019,1.42327124e-08
60,28,2.13939312,34.276019,1.40650896e-08
61,28,2.20382612,34.238794,2.79821565e-09
62,28,2.26825912,34.101032,2.91563618e-09
63,28,2.33269211,33.991910,2.80405283e-09
64,28,2.39712495,33.913977,2.11062529e-09
65,28,2.46155794,33.883303,1.56720574e-09
66,28,2.52599094,33.882325,9.84659675e-10
67,28,2.59042394,33.452410,2.23593664e-04
68,28,2.65485693,33.113562,1.23403764e-04
69,28,2.71928993,33.196963,1.33573441e-05
70,28,2.78372276,33.709205,4.20464375e-06
71,28,2.84815576,33.638981,1.49639889e-03
72,28,2.91258876,33.667590,1.06550719e-03
73,28,2.97702175,33.794802,8.31451134e-09
74,28,3.04145475,34.257888,9.35518729e-09
75,28,3.10588775,34.377060,9.19750768e-09
76,28,3.17032058,34.457441,6.11001930e-09
77,28,3.23475363,34.509254,3.44111623e-09
78,28,3.29918661,34.538801,1.60785127e-09
79,28,3.36361957,34.511773,9.27545054e-05
80,28,3.36361957,34.511773,9.17622713e-05
81,28,3.41622887,34.524829,1.69388537e-10
82,28,3.46883817,34.444721,6.49532393e-09
83,28,3.52144747,34.317124,1.17508973e-09
84,28,3.57405686,34.147650,2.71034086e-08
85,28,3.62666598,33.943633,1.43250387e-08
86,28,3.67927530,33.715177,3.23674138e-09
87,28,3.73188462,33.503080,7.36370479e-11
88,28,3.78449394,33.412873,6.46196651e-08
89,28,3.83710326,33.235522,3.77708856e-10
90,28,3.88971258,32.979007,5.95061535e-09
91,28,3.94232191,32.738187,3.55273653e-08
92,28,3.99493123,32.525081,9.33044128e-08
93,28,4.04754055,32.344408,2.04211234e-08
94,28,4.10014987,32.195695,9.34302662e-08
95,28,4.15275899,32.079845,9.45863672e-08
96,28,4.20536831,32.004916,4.62396419e-08
97,28,4.25797763,31.957067,3.94927317e-08
98,28,4.31058696,31.935305,1.74571278e-08
99,28,4.36319628,31.928747,8.26215870e-10
0,29,0.00000000,37.687382,2.09484342e-09
1,29,0.06074799,37.755726,3.64584699e-04
2,29,0.12149598,37.521813,1.10806074e-04
3,29,0.18224397,36.703250,3.83268576e-04
4,29,0.24299205,35.753144,8.23135782e-04
5,29,0.30373983,34.730768,1.39424802e-03
6,29,0.36448784,33.670225,2.05780677e-03
7,29,0.42523585,33.023397,8.36643140e-06
8,29,0.48598386,33.695163,3.73713410e-05
9,29,0.54673188,34.612575,1.11786554e-05
10,29,0.60747989,35.486501,1.37586335e-03
11,29,0.66822790,35.868751,3.53592915e-04
12,29,0.72897591,35.516184,3.34804124e-04
13,29,0.78972392,35.105654,1.86187212e-03
14,29,0.85047193,34.744721,7.16920860e-04
15,29,0.91121971,34.861266,1.35635855e-03
16,29,0.97196773,34.942586,2.00966541e-03
17,29,1.03271574,34.887789,2.29863126e-03
18,29,1.09346375,34.537368,1.79488636e-03
19,29,1.15421176,33.792977,1.73312530e-03
20,29,1.15421176,33.792977,1.73332432e-03
21,29,1.18458576,34.018990,2.62719098e-04
22,29,1.21495976,34.264924,3.91069085e-05
23,29,1.24533376,34.495166,1.24220570e-05
24,29,1.27570776,34.547114,1.81891095e-04
25,29,1.30608176,34.170726,1.80222914e-04
26,29,1.33645576,33.735839,2.11960436e-04
27,29,1.36682976,33.272462,2.69215193e-04
28,29,1.39720381,32.786991,3.95852213e-04
29,29,1.42757781,32.303053,7.80904468e-04
30,29,1.45795159,31.878186,2.30007022e-03
31,29,1.48832560,31.806267,9.68893531e-05
32,29,1.51869960,31.875952,3.21426076e-04
33,29,1.54907361,31.972568,7.93935366e-04
34,29,1.57944761,32.073371,1.26304349e-03
35,29,1.60982162,32.166291,2.17999142e-03
36,29,1.64019563,32.245126,2.55526669e-03
37,29,1.67056963,32.305028,3.47573536e-03
38,29,1.70094364,32.351586,3.41494609e-03
39,29,1.73131764,32.373828,7.34542419e-03
40,29,1.73131764,32.373828,4.30236653e-03
41,29,1.75279515,32.387599,9.26144534e-04
42,29,1.77427297,32.366121,6.36586141e-04
43,29,1.79575048,32.315694,3.78628210e-04
44,29,1.81722830,32.233616,1.77010408e-04
45,29,1.83870581,32.122723,4.93105480e-05
46,29,1.86018364,32.050987,5.66073412e-03
47,29,1.88166114,32.006061,5.40217843e-03
48,29,1.90313897,31.979058,5.07960295e-03
49,29,1.92461647,31.984284,4.61293197e-03
50,29,1.94609430,32.041533,3.91835445e-03
51,29,1.96757180,32.168170,3.05014051e-03
52,29,1.98904963,32.361644,2.21550656e-03
53,29,2.01052713,32.708941,2.42971432e-05
54,29,2.03200496,33.108819,2.34043563e-05
55,29,2.05348246,33.490717,1.98036599e-05
56,29,2.07496029,33.844575,1.48875113e-05
57,29,2.09643779,34.139148,8.49303375e-06
58,29,2.11791562,34.343976,2.62742525e-06
59,29,2.13939312,34.419050,2.68109432e-09
60,29,2.13939312,34.419050,2.82849794e-09
61,29,2.20382612,34.454535,1.76232733e-08
62,29,2.26825912,34.657328,2.19355716e-08
63,29,2.33269211,34.702877,3.51684617e-04
64,29,2.39712495,34.606711,1.96812052e-04
65,29,2.46155794,34.337596,1.75934790e-04
66,29,2.52599094,33.920748,2.10633713e-04
67,29,2.59042394,33.899380,1.01613690e-09
68,29,2.65485693,33.929344,3.80681288e-09
69,29,2.71928993,33.939668,1.25455941e-08
70,29,2.78372276,33.898920,2.26412037e-08
71,29,2.84815576,33.860923,1.35799240e-08
72,29,2.91258876,33.928581,3.73540904e-10
73,29,2.97702175,34.098997,4.61456294e-09
74,29,3.04145475,34.866468,6.45532571e-09
75,29,3.10588775,35.892243,6.44992951e-09
76,29,3.17032058,36.823312,7.21494538e-09
77,29,3.23475363,37.598256,7.93390966e-09
78,29,3.29918661,37.762244,7.80074169e-04
79,29,3.36361957,37.687382,2.16584211e-09
80,29,3.36361957,37.687382,2.11178344e-09
81,29,3.41622887,37.738415,7.61936306e-04
82,29,3.46883817,37.863728,2.65273908e-03
83,29,3.52144747,37.509347,3.05946798e-09
84,29,3.57405686,36.912894,2.05523211e-08
85,29,3.62666598,36.194556,2.96990541e-08
86,29,3.67927530,35.419730,1.31399570e-09
87,29,3.73188462,34.690716,3.75045741e-08
88,29,3.78449394,34.194303,4.67690961e-07
89,29,3.83710326,34.072792,2.17809749e-07
90,29,3.88971258,34.019882,3.73855599e-07
91,29,3.94232191,33.875856,6.05072647e-07
92,29,3.99493123,33.666079,4.04041987e-07
93,29,4.04754055,33.425778,2.23931817e-07
94,29,4.10014987,33.190857,3.35659264e-07
95,29,4.15275899,32.967394,2.17933463e-07
96,29,4.20536831,32.773799,2.31668747e-07
97,29,4.25797763,32.617263,3.60732891e-07
98,29,4.31058696,32.513765,3.13334604e-07
99,29,4.36319628,32.473527,4.45244911e-07
0,30,0.00000000,38.292740,2.09510067e-09
1,30,0.06074799,38.108767,9.11745535e-06
2,30,0.12149598,37.908492,1.64342080e-03
3,30,0.18224397,37.837468,3.88774063e-03
4,30,0.24299205,37.212410,3.67563399e-03
5,30,0.30373983,36.516808,3.09441202e-03
6,30,0.36448784,35.910319,2.44308054e-03
7,30,0.42523585,35.428184,1.77983799e-03
8,30,0.48598386,35.065020,1.16752479e-03
9,30,0.54673188,34.809610,6.46784250e-04
10,30,0.60747989,35.486501,2.77032500e-04
11,30,0.66822790,35.868751,2.51679180e-03
12,30,0.72897591,35.516184,2.38259143e-03
13,30,0.78972392,35.169561,2.96560653e-05
14,30,0.85047193,35.244066,3.34365417e-05
15,30,0.91121971,35.298717,3.69845511e-05
16,30,0.97196773,35.334876,4.02829038e-05
17,30,1.03271574,35.368700,4.32268217e-05
18,30,1.09346375,35.406918,4.57329234e-05
19,30,1.15421176,35.454259,2.15201976e-07
20,30,1.15421176,35.454259,2.70787918e-07
21,30,1.18458576,35.391111,4.37734531e-08
22,30,1.21495976,35.211567,2.52311950e-06
23,30,1.24533376,34.943695,7.87083749e-06
24,30,1.27570776,34.765584,1.31399247e-04
25,30,1.30608176,34.953206,4.32001116e-05
26,30,1.33645576,35.154457,1.93210975e-04
27,30,1.36682976,35.354784,4.21440098e-04
28,30,1.39720381,35.551699,6.81836783e-04
29,30,1.42757781,35.749261,9.31168927e-04
30,30,1.45795159,35.949680,1.32556369e-03
31,30,1.48832560,36.147257,1.74941200e-03
32,30,1.51869960,36.336386,2.80848662e-03
33,30,1.54907361,36.492133,2.29562465e-03
34,30,1.57944761,36.549464,6.20063381e-04
35,30,1.60982162,36.499752,2.37051491e-05
36,30,1.64019563,36.427596,2.04298206e-05
37,30,1.67056963,36.366748,1.04512284e-04
38,30,1.70094364,36.329032,1.53780685e-04
39,30,1.73131764,36.318339,1.47153352e-04
40,30,1.73131764,36.318339,1.59303087e-04
41,30,1.75279515,36.184536,1.06332277e-04
42,30,1.77427297,36.041345,2.11802561e-04
43,30,1.79575048,35.896575,3.37002977e-04
44,30,1.81722830,35.753623,4.70446242e-04
45,30,1.83870581,35.614671,6.07243150e-04
46,30,1.86018364,35.481949,7.43836904e-04
47,30,1.88166114,35.357068,8.77939200e-04
48,30,1.90313897,35.241337,1.00766256e-03
49,30,1.92461647,35.135144,1.13101728e-03
50,30,1.94609430,35.038427,1.24611595e-03
51,30,1.96757180,34.952821,1.35222846e-03
52,30,1.98904963,34.877673,1.44770153e-03
53,30,2.01052713,34.812913,1.53077746e-03
54,30,2.03200496,34.758204,1.60179697e-03
55,30,2.05348246,34.713149,1.65935859e-03
56,30,2.07496029,34.677305,1.70188865e-03
57,30,2.09643779,34.647096,1.72289564e-03
58,30,2.11791562,34.611459,1.68453304e-03
59,30,2.13939312,34.561549,1.59428467e-03
60,30,2.13939312,34.561549,1.59426684e-03
61,30,2.20382612,34.590781,1.36254227e-03
62,30,2.26825912,34.667416,7.28535393e-04
63,30,2.33269211,34.880947,2.84435670e-08
64,30,2.39712495,35.116912,3.83681292e-08
65,30,2.46155794,35.359313,5.37181246e-08
66,30,2.52599094,35.572776,8.14669466e-08
67,30,2.59042394,35.662912,1.32866082e-07
68,30,2.65485693,35.431311,1.85646075e-07
69,30,2.71928993,34.837499,1.84566577e-07
70,30,2.78372276,34.069882,1.57193506e-07
71,30,2.84815576,34.381574,1.89374376e-05
72,30,2.91258876,35.087384,6.01330875e-05
73,30,2.97702175,35.727128,5.27306180e-09
74,30,3.04145475,36.435608,2.66836612e-08
75,30,3.10588775,37.044321,1.25031674e-04
76,30,3.17032058,37.566135,7.56487532e-05
77,30,3.23475363,37.933476,2.92180941e-03
78,30,3.29918661,38.133658,7.28461266e-09
79,30,3.36361957,38.292740,2.88245708e-10
80,30,3.36361957,38.292740,1.67792275e-09
81,30,3.41622887,38.233394,2.86013774e-09
82,30,3.46883817,37.953650,1.12605809e-08
83,30,3.52144747,37.509347,2.02677895e-08
84,30,3.57405686,36.912895,1.57221765e-08
85,30,3.62666598,36.194557,1.63101880e-09
86,30,3.67927530,35.419730,2.35499478e-09
87,30,3.73188462,34.690716,2.20494144e-08
88,30,3.78449394,34.194303,1.02448346e-07
89,30,3.83710326,34.072792,9.82327508e-07
90,30,3.88971258,34.019882,7.96713812e-07
91,30,3.94232191,33.875856,3.55286425e-07
92,30,3.99493123,33.666079,3.68882442e-07
93,30,4.04754055,33.425778,4.15347505e-07
94,30,4.10014987,33.190857,2.13514668e-07
95,30,4.15275899,32.967394,2.77967319e-07
96,30,4.20536831,32.773799,2.36506729e-07
97,30,4.25797763,32.617263,1.06784687e-07
98,30,4.31058696,32.513765,1.66920706e-07
99,30,4.36319628,32.473527,4.09393055e-08
0,31,0.00000000,38.292740,7.49877788e-09
1,31,0.06074799,38.297954,6.11070353e-07
2,31,0.12149598,38.203820,2.36267264e-06
3,31,0.18224397,38.059507,5.10732316e-06
4,31,0.24299205,37.877699,8.62662530e-06
5,31,0.30373983,37.671076,1.27031750e-05
6,31,0.36448784,37.450662,1.71385432e-05
7,31,0.42523585,37.225310,2.17812111e-05
8,31,0.48598386,37.001818,2.63086499e-05
9,31,0.54673188,36.785267,3.09195262e-05
10,31,0.60747989,36.579406,3.51905554e-05
11,31,0.66822790,36.387553,3.91211082e-05
12,31,0.72897591,36.210316,4.24675694e-05
13,31,0.78972392,36.049763,4.52915102e-05
14,31,0.85047193,35.906633,4.74611702e-05
15,31,0.91121971,35.782994,4.89922575e-05
16,31,0.97196773,35.679420,4.98102744e-05
17,31,1.03271574,35.588574,4.98368649e-05
18,31,1.09346375,35.514041,4.91045138e-05
19,31,1.15421176,35.454259,9.52290301e-05
20,31,1.15421176,35.454259,9.51645175e-05
21,31,1.18458576,35.391111,9.65441746e-05
22,31,1.21495976,35.211567,9.81852082e-05
23,31,1.24533376,34.943695,9.86719626e-05
24,31,1.27570776,34.765584,7.42595638e-05
25,31,1.30608176,34.953206,6.03434586e-04
26,31,1.33645576,35.154457,1.03625274e-03
27,31,1.36682976,35.354784,1.49233784e-03
28,31,1.39720381,35.551699,1.94209407e-03
29,31,1.42757781,35.749261,2.35988199e-03
30,31,1.45795159,35.949680,2.52889275e-03
31,31,1.48832560,36.147257,2.41327377e-03
32,31,1.51869960,36.336386,1.19349473e-03
33,31,1.54907361,36.492133,4.79420531e-04
34,31,1.57944761,36.549464,5.85601382e-05
35,31,1.60982162,36.499752,2.91631032e-05
36,31,1.64019563,36.427596,3.91297941e-05
37,31,1.67056963,36.366748,1.51457995e-05
38,31,1.70094364,36.329032,8.05762555e-06
39,31,1.73131764,36.318339,2.31575994e-05
40,31,1.73131764,36.318339,1.09786756e-05
41,31,1.75279515,36.447590,3.12433007e-04
42,31,1.77427297,36.579584,4.13586128e-04
43,31,1.79575048,36.698143,3.49152275e-04
44,31,1.81722830,36.781266,1.34875800e-04
45,31,1.83870581,36.808147,8.41804650e-06
46,31,1.86018364,36.781640,1.55464424e-04
47,31,1.88166114,36.721372,4.91160978e-04
48,31,1.90313897,36.645481,8.81601222e-04
49,31,1.92461647,36.564700,1.25635947e-03
50,31,1.94609430,36.484385,1.58812888e-03
51,31,1.96757180,36.410499,1.86918147e-03
52,31,1.98904963,36.343734,2.10123884e-03
53,31,2.01052713,36.284380,2.28200300e-03
54,31,2.03200496,36.115301,7.58152832e-04
55,31,2.05348246,35.834114,4.77873486e-04
56,31,2.07496029,35.540907,2.93259807e-04
57,31,2.09643779,35.244530,1.97593817e-04
58,31,2.11791562,34.976530,2.36149546e-04
59,31,2.13939312,34.849955,4.35789961e-04
60,31,2.13939312,34.849955,4.35844990e-04
61,31,2.20382612,35.135030,1.35973412e-04
62,31,2.26825912,35.513560,1.07658475e-03
63,31,2.33269211,35.916169,2.50488219e-03
64,31,2.39712495,36.340154,3.90209584e-03
65,31,2.46155794,36.764561,2.04794539e-04
66,31,2.52599094,36.887307,5.10382083e-07
67,31,2.59042394,36.320350,4.44070270e-07
68,31,2.65485693,35.792193,3.60625566e-07
69,31,2.71928993,35.355054,2.62876097e-07
70,31,2.78372276,35.092486,1.54538031e-07
71,31,2.84815576,35.064851,6.68451344e-08
72,31,2.91258876,35.269764,1.88203338e-08
73,31,2.97702175,35.782470,1.08746550e-04
74,31,3.04145475,36.439927,1.41180357e-04
75,31,3.10588775,37.316120,6.38415927e-08
76,31,3.17032058,38.107269,5.92928582e-03
77,31,3.23475363,37.974459,2.52311123e-05
78,31,3.29918661,38.237826,2.35622389e-06
79,31,3.36361957,38.292740,9.14612901e-09
80,31,3.36361957,38.292741,8.06572105e-09
81,31,3.41622887,38.233394,7.69856076e-09
82,31,3.46883817,37.953651,7.34516276e-10
83,31,3.52144747,38.018243,4.88636497e-03
84,31,3.57405686,38.169883,6.70397307e-03
85,31,3.62666598,38.098262,1.41869978e-07
86,31,3.67927530,37.711718,2.35687154e-08
87,31,3.73188462,37.459214,1.28691758e-08
88,31,3.78449394,37.402834,1.82229448e-07
89,31,3.83710326,37.612894,3.46905146e-08
90,31,3.88971258,37.383798,4.45685398e-03
91,31,3.94232191,36.509679,2.22470639e-03
92,31,3.99493123,35.678136,4.67481614e-04
93,31,4.04754055,34.934897,7.05567849e-05
94,31,4.10014987,34.330532,1.82521055e-03
95,31,4.15275899,33.897366,6.17650108e-03
96,31,4.20536831,33.641749,1.24423315e-02
97,31,4.25797763,33.524221,1.88591118e-02
98,31,4.31058696,33.481980,2.35775784e-02
99,31,4.36319628,33.473123,2.53123039e-02
0,32,0.00000000,40.168744,9.35082656e-07
1,32,0.06074799,39.864176,4.58859637e-04
2,32,0.12149598,39.187590,6.44570313e-04
3,32,0.18224397,38.724671,6.88915659e-05
4,32,0.24299205,38.904158,1.80159703e-03
5,32,0.30373983,39.283066,3.61224753e-03
6,32,0.36448784,39.130216,1.18383626e-03
7,32,0.42523585,38.425622,4.57113574e-04
8,32,0.48598386,37.779389,1.19978848e-04
9,32,0.54673188,37.193249,1.85344780e-05
10,32,0.60747989,36.701514,1.64653286e-03
11,32,0.66822790,36.737823,1.37587639e-04
12,32,0.72897591,37.506551,6.22975113e-05
13,32,0.78972392,38.309716,2.66094069e-05
14,32,0.85047193,39.010050,3.67227717e-04
15,32,0.91121971,38.740429,1.32027070e-02
16,32,0.97196773,38.395950,1.17193117e-02
17,32,1.03271574,38.081268,1.00259695e-02
18,32,1.09346375,37.841650,8.14677528e-03
19,32,1.15421176,37.762476,1.71639685e-03
20,32,1.15421176,37.762476,2.11317278e-03
21,32,1.18458576,37.786746,3.73640679e-03
22,32,1.21495976,37.858187,9.99672484e-04
23,32,1.24533376,37.972460,3.65682798e-03
24,32,1.27570776,38.117140,9.35424953e-03
25,32,1.30608176,38.257832,2.82364867e-03
26,32,1.33645576,38.276329,3.25563779e-03
27,32,1.36682976,38.106838,2.99480335e-03
28,32,1.39720381,37.881260,2.31362369e-03
29,32,1.42757781,37.654736,1.95768644e-03
30,32,1.45795159,37.441227,1.79652415e-03
31,32,1.48832560,37.248144,1.78998600e-03
32,32,1.51869960,37.082438,9.99631014e-04
33,32,1.54907361,36.972253,2.02058953e-03
34,32,1.57944761,36.980414,5.85149420e-04
35,32,1.60982162,37.105728,1.02728301e-03
36,32,1.64019563,37.260191,5.28768614e-03
37,32,1.67056963,37.397567,2.45667890e-03
38,32,1.70094364,37.493348,7.89505558e-04
39,32,1.73131764,37.531444,1.16079838e-05
40,32,1.73131764,37.531444,9.84233414e-06
41,32,1.75279515,37.482682,4.18021291e-03
42,32,1.77427297,37.447900,4.28805741e-03
43,32,1.79575048,37.420767,4.35504451e-03
44,32,1.81722830,37.396045,4.37697312e-03
45,32,1.83870581,37.368152,4.34342658e-03
46,32,1.86018364,37.331716,4.23647031e-03
47,32,1.88166114,37.280994,4.03489543e-03
48,32,1.90313897,37.207548,3.71326782e-03
49,32,1.92461647,37.109429,3.28131797e-03
50,32,1.94609430,36.977466,2.74564352e-03
51,32,1.96757180,36.811573,2.17389633e-03
52,32,1.98904963,36.610367,1.62171289e-03
53,32,2.01052713,36.375783,1.14017723e-03
54,32,2.03200496,36.234575,2.43100262e-03
55,32,2.05348246,36.193734,2.54604554e-03
56,32,2.07496029,36.162570,2.63239393e-03
57,32,2.09643779,36.139855,2.69250853e-03
58,32,2.11791562,36.126184,2.72864859e-03
59,32,2.13939312,36.121709,2.74023424e-03
60,32,2.13939312,36.121709,2.74023156e-03
61,32,2.20382612,36.319558,2.09362714e-03
62,32,2.26825912,36.490231,1.32211262e-03
63,32,2.33269211,36.590627,6.41051656e-04
64,32,2.39712495,36.660976,3.19106762e-04
65,32,2.46155794,36.794337,4.90277516e-03
66,32,2.52599094,36.924109,1.82952134e-04
67,32,2.59042394,37.145959,2.27095673e-04
68,32,2.65485693,37.427301,3.66595149e-04
69,32,2.71928993,37.532363,5.21623736e-09
70,32,2.78372276,37.849929,7.42282194e-09
71,32,2.84815576,38.269645,1.54733260e-08
72,32,2.91258876,38.106812,5.78851458e-04
73,32,2.97702175,37.959847,2.97003014e-03
74,32,3.04145475,38.069466,6.31855989e-03
75,32,3.10588775,38.178802,8.17143809e-03
76,32,3.17032058,38.265970,1.11400840e-07
77,32,3.23475363,39.177469,1.64982378e-07
78,32,3.29918661,39.895885,2.19822220e-07
79,32,3.36361957,40.168744,7.65816354e-07
80,32,3.36361957,40.168744,3.41462637e-07
81,32,3.41622887,40.047032,8.68372774e-07
82,32,3.46883817,39.663171,4.01234885e-07
83,32,3.52144747,39.135250,4.82899359e-07
84,32,3.57405686,38.585417,1.40598251e-07
85,32,3.62666598,38.098262,2.24196090e-08
86,32,3.67927530,37.711718,1.22009013e-08
87,32,3.73188462,37.459214,1.40514502e-08
88,32,3.78449394,37.402834,5.91320671e-08
89,32,3.83710326,37.612894,7.46533610e-07
90,32,3.88971258,38.094965,1.16741402e-06
91,32,3.94232191,37.937833,1.35384627e-04
92,32,3.99493123,37.675961,1.21548994e-03
93,32,4.04754055,37.288675,1.18270989e-09
94,32,4.10014987,36.915857,9.16134675e-10
95,32,4.15275899,36.594656,6.59177739e-10
96,32,4.20536831,36.332457,4.09082560e-10
97,32,4.25797763,36.137189,1.96025879e-10
98,32,4.31058696,36.016318,5.14727819e-11
99,32,4.36319628,35.974999,1.22030042e-14
0,33,0.00000000,40.168744,9.05201965e-08
1,33,0.06074799,40.168969,1.09072940e-06
2,33,0.12149598,40.117760,1.29496333e-06
3,33,0.18224397,40.049402,1.62060311e-06
4,33,0.24299205,39.984419,2.07820598e-06
5,33,0.30373983,39.893912,6.09595019e-04
6,33,0.36448784,39.130216,3.37340404e-04
7,33,0.42523585,38.425622,1.24332850e-03
8,33,0.48598386,37.779389,1.74506128e-03
9,33,0.54673188,37.193249,1.92623046e-03
10,33,0.60747989,36.701514,3.29375627e-06
11,33,0.66822790,36.737823,1.06537260e-05
12,33,0.72897591,37.506552,4.08893131e-06
13,33,0.78972392,38.309716,2.72447761e-04
14,33,0.85047193,39.010050,5.65237950e-04
15,33,0.91121971,39.293499,2.68403317e-04
16,33,0.97196773,39.203800,4.92876061e-05
17,33,1.03271574,38.628276,1.84434841e-03
18,33,1.09346375,37.992059,3.67486379e-03
19,33,1.15421176,37.762476,1.03107202e-02
20,33,1.15421176,37.762476,9.91397264e-03
21,33,1.18458576,37.786746,8.16040705e-03
22,33,1.21495976,37.858187,1.05131530e-02
23,33,1.24533376,37.972460,7.23258526e-03
24,33,1.27570776,38.117140,6.68461387e-04
25,33,1.30608176,38.257832,5.80258604e-03
26,33,1.33645576,38.276329,2.23370986e-03
27,33,1.36682976,38.106838,1.45579626e-04
28,33,1.39720381,37.881260,2.14352538e-05
29,33,1.42757781,37.654736,6.43162472e-05
30,33,1.45795159,37.441227,1.31556035e-04
31,33,1.48832560,37.248144,2.56013833e-04
32,33,1.51869960,37.082438,1.53355332e-03
33,33,1.54907361,36.972254,1.90388131e-03
34,33,1.57944761,36.980414,5.41821182e-03
35,33,1.60982162,37.105728,5.38239851e-03
36,33,1.64019563,37.260191,7.04835875e-04
37,33,1.67056963,37.397567,2.95636516e-03
38,33,1.70094364,37.493348,4.12462840e-03
39,33,1.73131764,37.531444,4.71416808e-03
40,33,1.73131764,37.531444,4.71593285e-03
41,33,1.75279515,37.568443,8.74349263e-05
42,33,1.77427297,37.581013,8.79229073e-05
43,33,1.79575048,37.587528,6.65241110e-04
44,33,1.81722830,37.619425,1.61186944e-03
45,33,1.83870581,37.702387,2.52255746e-03
46,33,1.86018364,37.837979,3.09984320e-03
47,33,1.88166114,38.008611,3.36136716e-03
48,33,1.90313897,38.196230,3.40183366e-03
49,33,1.92461647,38.387360,3.26819045e-03
50,33,1.94609430,38.572547,2.96393541e-03
51,33,1.96757180,38.730146,2.44047926e-03
52,33,1.98904963,38.821464,1.55673298e-03
53,33,2.01052713,38.745516,4.70635047e-04
54,33,2.03200496,38.485115,6.47533936e-05
55,33,2.05348246,38.156514,3.05550191e-06
56,33,2.07496029,37.830534,1.63195871e-06
57,33,2.09643779,37.547394,8.27500923e-06
58,33,2.11791562,37.347907,1.36364941e-05
59,33,2.13939312,37.274717,1.55689251e-05
60,33,2.13939312,37.274717,1.55694479e-05
61,33,2.20382612,37.107432,2.27017511e-06
62,33,2.26825912,37.056260,7.49916664e-05
63,33,2.33269211,37.160875,1.28233909e-04
64,33,2.39712495,37.389491,2.84426079e-05
65,33,2.46155794,37.461609,5.78798480e-07
66,33,2.52599094,37.289841,5.56298215e-03
67,33,2.59042394,37.735316,1.18740644e-07
68,33,2.65485693,37.429798,3.22537058e-08
69,33,2.71928993,37.756346,6.82487616e-04
70,33,2.78372276,38.109365,1.34848606e-03
71,33,2.84815576,38.438250,2.19414438e-03
72,33,2.91258876,38.712832,4.35252367e-03
73,33,2.97702175,38.854946,4.92698139e-03
74,33,3.04145475,38.915315,3.02117183e-03
75,33,3.10588775,39.051007,2.70437223e-04
76,33,3.17032058,39.376233,2.38946773e-04
77,33,3.23475363,39.766229,6.08186258e-04
78,33,3.29918661,40.071600,3.02938712e-04
79,33,3.36361957,40.168744,2.62208105e-07
80,33,3.36361957,40.168744,6.88885432e-07
81,33,3.41622887,40.047032,9.81401457e-08
82,33,3.46883817,39.663171,4.12328422e-07
83,33,3.52144747,39.135250,1.11100440e-07
84,33,3.57405686,38.585417,2.20934785e-07
85,33,3.62666598,38.300205,7.45989468e-03
86,33,3.67927530,38.389770,6.71400317e-03
87,33,3.73188462,38.422865,4.52688713e-03
88,33,3.78449394,38.382042,1.55009478e-03
89,33,3.83710326,38.166405,1.48964903e-03
90,33,3.88971258,38.094965,3.66479744e-07
91,33,3.94232191,38.165362,1.62591495e-09
92,33,3.99493123,37.706896,1.42099174e-09
93,33,4.04754055,37.394430,2.62720649e-03
94,33,4.10014987,37.110292,3.67367329e-03
95,33,4.15275899,36.837528,3.92383362e-03
96,33,4.20536831,36.593709,3.26811736e-03
97,33,4.25797763,36.397027,1.93256714e-03
98,33,4.31058696,36.267800,5.77906784e-04
99,33,4.36319628,36.222245,4.08597278e-09
0,34,0.00000000,41.694681,1.25342057e-08
1,34,0.06074799,41.687792,4.48289995e-04
2,34,0.12149598,41.641482,1.62709953e-03
3,34,0.18224397,41.552269,2.07573148e-04
4,34,0.24299205,40.712203,4.89604478e-04
5,34,0.30373983,39.893913,7.61716345e-04
6,34,0.36448784,39.694328,5.27944530e-03
7,34,0.42523585,40.069312,3.41233360e-06
8,34,0.48598386,40.290964,3.47993868e-06
9,34,0.54673188,40.421484,6.36002726e-04
10,34,0.60747989,40.168790,1.01422625e-03
11,34,0.66822790,39.942439,1.97724635e-04
12,34,0.72897591,39.724529,1.55459342e-02
13,34,0.78972392,39.418373,1.52106476e-02
14,34,0.85047193,39.086730,1.43987898e-02
15,34,0.91121971,39.293499,1.46297222e-04
16,34,0.97196773,39.203801,1.22319985e-04
17,34,1.03271574,39.137316,2.85250361e-05
18,34,1.09346375,39.097360,1.70335988e-05
19,34,1.15421176,39.084028,3.97318527e-10
20,34,1.15421176,39.084028,2.09816346e-10
21,34,1.18458576,39.128412,1.36337709e-05
22,34,1.21495976,39.243603,4.60770438e-05
23,34,1.24533376,39.321831,1.00026769e-04
24,34,1.27570776,39.143750,3.51911640e-04
25,34,1.30608176,38.916647,2.94618230e-04
26,34,1.33645576,38.841835,2.77683728e-03
27,34,1.36682976,38.990383,4.29746189e-03
28,34,1.39720381,39.223687,3.88717365e-03
29,34,1.42757781,39.477470,2.82282878e-03
30,34,1.45795159,39.725841,1.60230117e-03
31,34,1.48832560,39.941008,5.46801097e-04
32,34,1.51869960,40.094752,3.75834768e-04
33,34,1.54907361,40.176147,2.46197277e-04
34,34,1.57944761,40.178843,1.83499060e-03
35,34,1.60982162,40.115924,3.81748483e-03
36,34,1.64019563,40.019094,6.44658881e-03
37,34,1.67056963,39.918996,3.02749848e-03
38,34,1.70094364,39.845074,2.09876476e-04
39,34,1.73131764,39.831247,1.12669907e-04
40,34,1.73131764,39.831247,6.95010061e-04
41,34,1.75279515,39.819584,1.23511699e-03
42,34,1.77427297,39.792522,9.14425816e-04
43,34,1.79575048,39.744394,5.92289170e-04
44,34,1.81722830,39.681002,3.04070510e-04
45,34,1.83870581,39.598009,9.20807461e-05
46,34,1.86018364,39.497159,1.81121534e-06
47,34,1.88166114,39.382449,7.29206894e-05
48,34,1.90313897,39.259953,3.31988151e-04
49,34,1.92461647,39.137917,7.73229198e-04
50,34,1.94609430,39.021195,1.37242629e-03
51,34,1.96757180,38.922275,2.04616191e-03
52,34,1.98904963,38.841131,2.72543187e-03
53,34,2.01052713,38.780275,3.34815154e-03
54,34,2.03200496,38.732751,3.87523389e-03
55,34,2.05348246,38.698687,4.29566299e-03
56,34,2.07496029,38.675557,4.61185828e-03
57,34,2.09643779,38.660448,4.83010367e-03
58,34,2.11791562,38.652052,4.95800247e-03
59,34,2.13939312,38.649451,5.00122936e-03
60,34,2.13939312,38.649451,5.00114930e-03
61,34,2.20382612,38.502458,3.99769568e-03
62,34,2.26825912,38.232441,3.43155305e-03
63,34,2.33269211,37.933888,3.55867035e-03
64,34,2.39712495,37.735710,4.47550165e-03
65,34,2.46155794,37.684276,4.17045643e-05
66,34,2.52599094,37.877340,8.04289057e-03
67,34,2.59042394,37.832214,6.81546919e-03
68,34,2.65485693,38.389257,1.38588006e-02
69,34,2.71928993,38.833874,1.79291531e-02
70,34,2.78372276,39.172404,5.17134323e-03
71,34,2.84815576,38.598883,1.00793021e-03
72,34,2.91258876,38.754485,2.47536626e-08
73,34,2.97702175,39.291579,3.56094617e-08
74,34,3.04145475,39.871717,4.74352266e-08
75,34,3.10588775,40.486018,6.42982969e-08
76,34,3.17032058,41.081896,8.80616284e-08
77,34,3.23475363,41.520050,1.07606796e-07
78,34,3.29918661,41.682386,1.27901420e-07
79,34,3.36361957,41.694681,8.76935435e-08
80,34,3.36361957,41.694681,7.90148883e-08
81,34,3.41622887,41.706912,4.21890179e-07
82,34,3.46883817,41.690228,2.04904651e-07
83,34,3.52144747,41.611560,2.26898511e-07
84,34,3.57405686,41.482661,1.53702661e-07
85,34,3.62666598,41.279020,1.56693027e-02
86,34,3.67927530,40.719730,1.74867971e-02
87,34,3.73188462,40.018444,1.66901614e-02
88,34,3.78449394,39.216854,1.39594775e-02
89,34,3.83710326,38.453795,7.88798372e-03
90,34,3.88971258,38.169403,4.32868933e-04
91,34,3.94232191,38.765785,2.06818380e-07
92,34,3.99493123,39.509117,2.83895219e-06
93,34,4.04754055,40.137266,3.84899188e-07
94,34,4.10014987,40.354583,2.84428452e-07
95,34,4.15275899,40.382208,8.27170013e-08
96,34,4.20536831,40.382192,1.71684300e-07
97,34,4.25797763,40.377367,1.60800995e-08
98,34,4.31058696,40.373685,2.19967707e-07
99,34,4.36319628,40.371869,1.45666199e-07
0,35,0.00000000,41.694681,4.41752601e-07
1,35,0.06074799,41.742891,1.68660264e-05
2,35,0.12149598,41.833660,5.05303411e-05
3,35,0.18224397,41.552269,6.60814621e-04
4,35,0.24299205,40.712203,7.77741928e-04
5,35,0.30373983,39.947205,2.56478373e-06
6,35,0.36448784,39.965335,3.03718521e-06
7,35,0.42523585,40.098219,6.65588051e-03
8,35,0.48598386,40.461687,7.51242827e-03
9,35,0.54673188,40.421484,9.30844507e-04
10,35,0.60747989,40.168790,2.44542173e-04
11,35,0.66822790,39.942439,7.77294574e-04
12,35,0.72897591,39.741761,4.62557134e-04
13,35,0.78972392,39.568965,2.69297158e-04
14,35,0.85047193,39.424342,1.75484569e-04
15,35,0.91121971,39.579322,4.87525839e-04
16,35,0.97196773,39.521156,1.04467791e-03
17,35,1.03271574,39.137316,4.26167521e-05
18,35,1.09346375,39.097360,3.41775275e-07
19,35,1.15421176,39.084028,9.29634940e-10
20,35,1.15421176,39.084028,1.18840937e-09
21,35,1.18458576,39.128412,3.48428590e-06
22,35,1.21495976,39.243603,4.96314562e-05
23,35,1.24533376,39.321831,6.09545704e-04
24,35,1.27570776,39.143750,1.05609243e-03
25,35,1.30608176,38.916647,1.50465643e-03
26,35,1.33645576,38.841835,8.91591849e-04
27,35,1.36682976,38.990383,2.35853297e-04
28,35,1.39720381,39.223687,1.49792753e-05
29,35,1.42757781,39.477470,4.33591270e-05
30,35,1.45795159,39.725841,2.05259570e-04
31,35,1.48832560,39.941008,4.52635870e-04
32,35,1.51869960,40.094753,4.18787913e-04
33,35,1.54907361,40.176147,1.27003739e-03
34,35,1.57944761,40.178843,1.27160466e-03
35,35,1.60982162,40.115924,1.31432356e-03
36,35,1.64019563,40.019094,7.03081025e-04
37,35,1.67056963,39.918996,5.84481383e-03
38,35,1.70094364,39.845074,9.84893369e-03
39,35,1.73131764,39.831247,1.03772730e-02
40,35,1.73131764,39.831247,9.79486861e-03
41,35,1.75279515,39.848874,9.38593476e-03
42,35,1.77427297,39.932085,9.23909612e-03
43,35,1.79575048,40.061167,8.61338145e-03
44,35,1.81722830,40.224797,7.68620566e-03
45,35,1.83870581,40.406233,6.58861855e-03
46,35,1.86018364,40.584061,5.38698462e-03
47,35,1.88166114,40.718355,4.04548453e-03
48,35,1.90313897,40.734326,2.56848548e-03
49,35,1.92461647,40.571619,1.48223475e-03
50,35,1.94609430,40.281533,1.04150368e-03
51,35,1.96757180,39.956151,1.02288811e-03
52,35,1.98904963,39.661028,1.38950069e-03
53,35,2.01052713,39.507896,1.92678914e-03
54,35,2.03200496,39.528382,1.77443334e-03
55,35,2.05348246,39.611056,1.28721591e-03
56,35,2.07496029,39.699871,7.87198989e-04
57,35,2.09643779,39.769206,3.71269823e-04
58,35,2.11791562,39.813594,9.67721894e-05
59,35,2.13939312,39.834394,7.03139636e-07
60,35,2.13939312,39.834394,7.00706036e-07
61,35,2.20382612,39.464423,7.07765949e-07
62,35,2.26825912,39.040571,6.96850006e-07
63,35,2.33269211,38.559585,6.70189273e-07
64,35,2.39712495,38.013338,6.29805140e-07
65,35,2.46155794,37.721694,6.12318080e-03
66,35,2.52599094,38.014582,4.17641297e-04
67,35,2.59042394,38.154913,9.01427468e-03
68,35,2.65485693,38.547172,3.44355782e-03
69,35,2.71928993,39.091398,5.31578259e-03
70,35,2.78372276,39.249757,1.80803270e-02
71,35,2.84815576,39.673780,1.76733255e-02
72,35,2.91258876,40.102858,1.65990832e-02
73,35,2.97702175,40.531605,1.49366417e-02
74,35,3.04145475,40.951361,1.29843710e-02
75,35,3.10588775,41.352772,1.09557474e-02
76,35,3.17032058,41.675555,8.50281515e-03
77,35,3.23475363,41.784605,4.18498708e-03
78,35,3.29918661,41.736733,9.93416932e-04
79,35,3.36361957,41.694681,4.28895353e-07
80,35,3.36361957,41.694681,3.31344648e-07
81,35,3.41622887,41.706912,8.01176797e-08
82,35,3.46883817,41.690230,2.01326371e-07
83,35,3.52144747,41.611560,2.72639234e-08
84,35,3.57405686,41.482661,1.17397166e-09
85,35,3.62666598,41.335423,7.55858087e-08
86,35,3.67927530,40.942045,2.22045670e-09
87,35,3.73188462,40.330570,2.18096343e-09
88,35,3.78449394,39.744998,2.04276573e-09
89,35,3.83710326,39.187376,1.93765342e-09
90,35,3.88971258,38.659946,1.76916736e-09
91,35,3.94232191,38.765785,2.07219190e-06
92,35,3.99493123,39.509117,2.21295349e-09
93,35,4.04754055,40.137267,2.15474781e-06
94,35,4.10014987,40.354583,8.92383481e-07
95,35,4.15275899,40.382208,6.70684630e-07
96,35,4.20536831,40.382192,4.56051299e-07
97,35,4.25797763,40.377367,5.63766917e-07
98,35,4.31058696,40.373685,3.41491327e-07
99,35,4.36319628,40.371869,4.10952395e-07
0,36,0.00000000,41.694682,8.35480544e-08
1,36,0.06074799,41.742891,1.01822079e-04
2,36,0.12149598,41.833664,3.10215598e-04
3,36,0.18224397,41.555752,3.28720891e-03
4,36,0.24299205,41.433946,5.21539008e-03
5,36,0.30373983,41.283300,7.24104667e-03
6,36,0.36448784,41.110093,9.20554436e-03
7,36,0.42523585,40.919768,1.10079303e-02
8,36,0.48598386,40.698686,1.87938443e-03
9,36,0.54673188,40.497869,1.38495947e-02
10,36,0.60747989,40.265068,1.48116495e-02
11,36,0.66822790,40.003347,1.54007809e-02
12,36,0.72897591,39.741761,2.62820412e-04
13,36,0.78972392,39.568965,2.27405864e-04
14,36,0.85047193,39.424342,7.13555757e-05
15,36,0.91121971,39.579322,9.80338114e-04
16,36,0.97196773,39.936509,1.88944241e-03
17,36,1.03271574,40.142125,5.13402989e-04
18,36,1.09346375,40.242470,2.30037742e-03
19,36,1.15421176,40.271838,8.39811764e-04
20,36,1.15421176,40.271838,2.27137106e-03
21,36,1.18458576,40.143634,2.18096891e-03
22,36,1.21495976,39.884896,1.26583298e-03
23,36,1.24533376,39.698424,3.50052240e-05
24,36,1.27570776,39.826880,1.73453460e-04
25,36,1.30608176,40.087796,1.68588229e-04
26,36,1.33645576,40.383734,2.42757640e-04
27,36,1.36682976,40.693361,3.26513774e-04
28,36,1.39720381,41.008183,4.99616444e-04
29,36,1.42757781,41.318273,2.54787157e-04
30,36,1.45795159,41.610784,4.51060070e-04
31,36,1.48832560,41.855345,7.90089139e-04
32,36,1.51869960,42.021060,2.42020420e-03
33,36,1.54907361,42.142113,7.21707514e-03
34,36,1.57944761,42.270632,4.44958240e-04
35,36,1.60982162,42.416963,2.20841785e-04
36,36,1.64019563,42.566680,1.34262938e-03
37,36,1.67056963,42.694847,1.54159666e-03
38,36,1.70094364,42.781184,3.61079093e-03
39,36,1.73131764,42.813245,6.91261200e-04
40,36,1.73131764,42.813245,2.21873547e-03
41,36,1.75279515,42.774663,3.60776235e-03
42,36,1.77427297,42.724202,4.26081950e-03
43,36,1.79575048,42.664647,4.91528002e-03
44,36,1.81722830,42.601608,5.54610514e-03
45,36,1.83870581,42.436645,4.57569642e-04
46,36,1.86018364,42.208539,5.67340676e-04
47,36,1.88166114,41.991691,8.72949599e-04
48,36,1.90313897,41.874665,1.42438174e-03
49,36,1.92461647,41.922994,1.73904029e-03
50,36,1.94609430,42.087437,1.61470670e-03
51,36,1.96757180,42.294771,1.39354220e-03
52,36,1.98904963,42.414592,7.75496382e-03
53,36,2.01052713,42.444002,7.80144547e-03
54,36,2.03200496,42.477001,7.85353019e-03
55,36,2.05348246,42.512976,7.93071659e-03
56,36,2.07496029,42.549706,8.04100423e-03
57,36,2.09643779,42.580065,8.16380591e-03
58,36,2.11791562,42.577504,2.80848627e-03
59,36,2.13939312,42.573228,2.86978558e-03
60,36,2.13939312,42.573228,2.86949209e-03
61,36,2.20382612,42.715409,5.11911753e-07
62,36,2.26825912,41.884461,4.45052253e-07
63,36,2.33269211,41.013420,3.84811405e-07
64,36,2.39712495,40.099075,3.30377305e-07
65,36,2.46155794,39.226011,2.73507628e-07
66,36,2.52599094,38.403040,2.07200061e-07
67,36,2.59042394,38.369025,1.32683726e-03
68,36,2.65485693,38.737805,2.90655225e-03
69,36,2.71928993,39.147932,6.29397709e-06
70,36,2.78372276,39.747295,1.33379806e-03
71,36,2.84815576,39.979162,5.77580459e-03
72,36,2.91258876,40.333909,6.04175989e-03
73,36,2.97702175,40.729347,4.51841557e-03
74,36,3.04145475,41.151991,2.80787347e-03
75,36,3.10588775,41.555182,1.60812787e-03
76,36,3.17032058,41.815864,8.62076113e-04
77,36,3.23475363,41.836908,3.92212821e-04
78,36,3.29918661,41.745777,1.18667724e-04
79,36,3.36361957,41.694682,2.95958291e-08
80,36,3.36361957,41.694684,1.49614131e-07
81,36,3.41622887,41.736836,1.03536390e-03
82,36,3.46883817,41.810882,4.00321194e-03
83,36,3.52144747,41.829885,8.20014608e-03
84,36,3.57405686,41.663372,1.22603875e-02
85,36,3.62666598,41.335423,2.98939516e-08
86,36,3.67927530,41.189897,2.34145149e-08
87,36,3.73188462,41.055813,4.21383201e-08
88,36,3.78449394,40.937448,1.95510735e-08
89,36,3.83710326,40.836659,4.42161737e-08
90,36,3.88971258,40.755278,2.21641542e-08
91,36,3.94232191,40.697690,7.32313472e-09
92,36,3.99493123,40.682117,8.36681088e-09
93,36,4.04754055,40.810974,1.70018350e-07
94,36,4.10014987,41.290111,1.73852714e-06
95,36,4.15275899,41.757432,6.62734932e-07
96,36,4.20536831,42.024924,6.49146590e-08
97,36,4.25797763,42.140962,9.95421297e-09
98,36,4.31058696,42.186208,2.13862398e-08
99,36,4.36319628,42.196188,5.40332532e-11
0,37,0.00000000,43.459501,6.96324683e-04
1,37,0.06074799,43.154709,1.81286925e-03
2,37,0.12149598,42.467361,3.26726270e-03
3,37,0.18224397,41.980951,5.85337371e-04
4,37,0.24299205,41.879552,2.81235534e-03
5,37,0.30373983,41.624510,2.48365920e-03
6,37,0.36448784,41.311844,3.44741338e-04
7,37,0.42523585,40.997278,1.94672199e-03
8,37,0.48598386,40.698686,2.41766439e-05
9,37,0.54673188,40.657420,3.28398063e-06
10,37,0.60747989,40.958696,6.99628101e-03
11,37,0.66822790,41.069647,5.77081522e-03
12,37,0.72897591,41.079092,4.32136439e-03
13,37,0.78972392,40.995298,2.94239011e-03
14,37,0.85047193,40.779983,1.82451036e-03
15,37,0.91121971,40.317027,1.11189234e-03
16,37,0.97196773,39.936509,5.66094996e-04
17,37,1.03271574,40.142126,2.57448908e-03
18,37,1.09346375,40.242470,1.11913966e-03
19,37,1.15421176,40.271838,2.68065078e-03
20,37,1.15421176,40.271838,1.24889963e-03
21,37,1.18458576,40.143634,8.80813830e-04
22,37,1.21495976,39.884896,1.17321342e-03
23,37,1.24533376,39.698424,1.45204217e-03
24,37,1.27570776,39.826880,4.36098951e-04
25,37,1.30608176,40.087796,3.45240886e-04
26,37,1.33645576,40.383734,3.24706182e-04
27,37,1.36682976,40.693361,3.66689561e-04
28,37,1.39720381,41.008183,4.08135746e-04
29,37,1.42757781,41.318273,1.05205882e-03
30,37,1.45795159,41.610784,1.68792064e-03
31,37,1.48832560,41.855345,3.15829417e-03
32,37,1.51869960,42.021062,4.00095521e-03
33,37,1.54907361,42.142113,3.42814938e-04
34,37,1.57944761,42.270632,6.74835788e-03
35,37,1.60982162,42.416963,5.93681582e-03
36,37,1.64019563,42.566681,3.72312629e-03
37,37,1.67056963,42.694848,2.66142610e-03
38,37,1.70094364,42.781184,5.54390613e-05
39,37,1.73131764,42.813245,2.79505026e-03
40,37,1.73131764,42.813245,1.26735005e-03
41,37,1.75279515,42.829057,4.49806443e-04
42,37,1.77427297,42.811606,4.20076195e-04
43,37,1.79575048,42.747601,4.11884583e-04
44,37,1.81722830,42.623853,4.23640809e-04
45,37,1.83870581,42.540179,6.11997430e-03
46,37,1.86018364,42.485295,6.61275144e-03
47,37,1.88166114,42.440810,7.00801659e-03
48,37,1.90313897,42.408365,7.30714041e-03
49,37,1.92461647,42.390627,7.50903821e-03
50,37,1.94609430,42.388240,7.63557003e-03
51,37,1.96757180,42.396125,7.70925843e-03
52,37,1.98904963,42.489069,1.33464389e-03
53,37,2.01052713,42.610575,1.51658894e-03
54,37,2.03200496,42.646447,1.79809373e-03
55,37,2.05348246,42.637796,2.09691258e-03
56,37,2.07496029,42.615545,2.38929672e-03
57,37,2.09643779,42.593208,2.63887381e-03
58,37,2.11791562,42.600918,8.26878637e-03
59,37,2.13939312,42.608410,8.31049858e-03
60,37,2.13939312,42.608410,8.31090163e-03
61,37,2.20382612,42.899903,8.51996074e-03
62,37,2.26825912,43.146798,1.34395577e-02
63,37,2.33269211,43.072091,1.66268413e-02
64,37,2.39712495,42.848127,1.78644712e-02
65,37,2.46155794,42.526377,1.72704946e-02
66,37,2.52599094,42.102683,1.50796538e-02
67,37,2.59042394,41.572417,1.15624702e-02
68,37,2.65485693,40.944610,7.16205813e-03
69,37,2.71928993,40.240760,2.42459451e-03
70,37,2.78372276,39.846683,3.49043015e-05
71,37,2.84815576,40.572298,2.14537985e-05
72,37,2.91258876,41.273705,4.02317631e-04
73,37,2.97702175,41.860485,1.37587565e-03
74,37,3.04145475,42.236605,2.14123975e-03
75,37,3.10588775,42.400333,1.42433865e-03
76,37,3.17032058,42.487425,3.82929414e-05
77,37,3.23475363,42.737740,9.38226115e-04
78,37,3.29918661,43.168488,2.20308746e-03
79,37,3.36361957,43.459501,9.64478084e-04
80,37,3.36361957,43.459501,2.17542627e-03
81,37,3.41622887,43.314191,5.77211982e-03
82,37,3.46883817,43.064564,2.97638183e-03
83,37,3.52144747,42.871380,2.46152713e-03
84,37,3.57405686,42.233250,2.13627140e-09
85,37,3.62666598,41.577239,2.29844775e-09
86,37,3.67927530,41.189897,5.47168062e-08
87,37,3.73188462,41.055813,2.28233519e-08
88,37,3.78449394,40.937448,3.67409770e-08
89,37,3.83710326,40.836659,3.72493259e-09
90,37,3.88971258,40.755278,1.21696527e-08
91,37,3.94232191,40.697690,4.92708029e-09
92,37,3.99493123,40.682117,2.70931221e-09
93,37,4.04754055,40.810975,4.16048793e-07
94,37,4.10014987,41.290112,7.55059673e-09
95,37,4.15275899,41.757432,6.92976664e-07
96,37,4.20536831,42.024924,5.90210443e-07
97,37,4.25797763,42.140962,2.29874419e-07
98,37,4.31058696,42.186208,3.27827425e-08
99,37,4.36319628,42.196188,7.31028508e-10
0,38,0.00000000,43.459506,2.24282319e-03
1,38,0.06074799,43.154710,2.93823883e-03
2,38,0.12149598,42.467364,8.99152264e-05
3,38,0.18224397,41.980951,2.44941441e-03
4,38,0.24299205,41.879553,4.50778270e-04
5,38,0.30373983,41.624511,5.79717422e-04
6,38,0.36448784,41.311844,2.31772334e-03
7,38,0.42523585,40.997278,3.23057109e-04
8,38,0.48598386,40.715535,1.25692823e-02
9,38,0.54673188,40.755001,7.64097380e-03
10,38,0.60747989,41.181287,2.92015356e-06
11,38,0.66822790,41.855937,2.46172869e-06
12,38,0.72897591,42.422839,3.66383870e-05
13,38,0.78972392,42.061062,3.32206401e-07
14,38,0.85047193,41.772938,4.96132525e-05
15,38,0.91121971,41.558036,1.44776600e-04
16,38,0.97196773,41.408736,2.12009934e-04
17,38,1.03271574,41.318848,2.10446850e-04
18,38,1.09346375,41.281737,1.44601913e-04
19,38,1.15421176,41.293846,6.74273653e-05
20,38,1.15421176,41.293846,6.55851862e-05
21,38,1.18458576,41.430173,2.18833471e-04
22,38,1.21495976,41.717965,9.79116414e-04
23,38,1.24533376,42.029580,7.95000211e-04
24,38,1.27570776,42.304499,1.21398844e-03
25,38,1.30608176,42.507870,3.04539333e-04
26,38,1.33645576,42.625710,2.28853273e-04
27,38,1.36682976,42.659282,1.29969033e-03
28,38,1.39720381,42.641645,3.43995486e-04
29,38,1.42757781,42.596749,2.35498773e-03
30,38,1.45795159,42.558735,5.21870766e-04
31,38,1.48832560,42.573253,8.46733275e-04
32,38,1.51869960,42.692545,2.30152380e-03
33,38,1.54907361,42.909646,1.23317752e-03
34,38,1.57944761,43.174411,1.28612444e-04
35,38,1.60982162,43.425910,8.93061023e-04
36,38,1.64019563,43.658135,9.80358401e-04
37,38,1.67056963,43.847466,6.60535730e-04
38,38,1.70094364,43.974090,3.67941310e-04
39,38,1.73131764,44.024680,3.84547367e-04
40,38,1.73131764,44.024680,6.11126313e-05
41,38,1.75279515,43.909468,5.20129483e-04
42,38,1.77427297,43.774251,3.15650436e-04
43,38,1.79575048,43.628002,1.55399346e-04
44,38,1.81722830,43.494343,5.07542559e-05
45,38,1.83870581,43.387420,1.10354877e-05
46,38,1.86018364,43.306763,2.00623569e-05
47,38,1.88166114,43.243249,6.01070214e-05
48,38,1.90313897,43.189705,1.23611243e-04
49,38,1.92461647,43.142419,2.08986827e-04
50,38,1.94609430,43.104022,3.11606124e-04
51,38,1.96757180,43.081220,4.02147869e-04
52,38,1.98904963,43.100128,4.25753787e-04
53,38,2.01052713,43.205275,3.68732424e-04
54,38,2.03200496,43.406528,4.13673585e-04
55,38,2.05348246,43.603095,3.92742838e-04
56,38,2.07496029,43.543165,2.81830751e-04
57,38,2.09643779,43.491592,1.54525294e-04
58,38,2.11791562,43.458008,4.42183124e-05
59,38,2.13939312,43.448306,6.09140679e-07
60,38,2.13939312,43.448306,6.01655130e-07
61,38,2.20382612,43.009387,8.32919324e-03
62,38,2.26825912,43.369392,7.08128870e-03
63,38,2.33269211,43.875435,4.54243946e-03
64,38,2.39712495,44.318381,1.95708641e-03
65,38,2.46155794,44.189354,2.31445499e-08
66,38,2.52599094,43.629951,2.61852659e-08
67,38,2.59042394,43.153484,3.25719102e-08
68,38,2.65485693,42.763925,3.78979701e-08
69,38,2.71928993,42.462367,4.37681033e-08
70,38,2.78372276,42.249839,4.79851785e-08
71,38,2.84815576,42.127588,4.95195414e-08
72,38,2.91258876,42.092505,4.77966056e-08
73,38,2.97702175,42.143841,4.85343296e-08
74,38,3.04145475,42.278522,4.42960014e-08
75,38,3.10588775,42.493001,4.44026908e-08
76,38,3.17032058,42.778783,4.01598024e-08
77,38,3.23475363,43.109981,2.86352478e-08
78,38,3.29918661,43.353191,3.09313688e-03
79,38,3.36361957,43.459504,3.67255114e-03
80,38,3.36361957,43.459510,4.34668126e-03
81,38,3.41622887,43.378166,2.95510272e-08
82,38,3.46883817,43.289824,1.05151652e-07
83,38,3.52144747,42.904913,2.85025721e-09
84,38,3.57405686,42.824320,3.77314746e-03
85,38,3.62666598,42.913254,4.75642706e-03
86,38,3.67927530,43.060327,4.08103397e-03
87,38,3.73188462,43.230812,2.97003290e-03
88,38,3.78449394,43.265389,4.25359535e-03
89,38,3.83710326,43.083214,6.74302156e-03
90,38,3.88971258,42.903059,7.67371093e-03
91,38,3.94232191,42.753520,6.66728492e-03
92,38,3.99493123,42.633827,4.71067674e-03
93,38,4.04754055,42.539438,2.69360062e-03
94,38,4.10014987,42.467421,1.13685169e-03
95,38,4.15275899,42.412354,2.74827598e-04
96,38,4.20536831,42.372490,2.77930813e-06
97,38,4.25797763,42.345581,9.82527371e-05
98,38,4.31058696,42.330056,2.96239517e-04
99,38,4.36319628,42.324425,3.87394944e-04
0,39,0.00000000,43.459527,6.24785214e-03
1,39,0.06074799,43.574858,1.14083251e-03
2,39,0.12149598,43.435709,4.00089227e-05
3,39,0.18224397,43.069482,1.50416744e-04
4,39,0.24299205,42.990504,1.05717881e-05
5,39,0.30373983,43.146614,1.49107165e-04
6,39,0.36448784,43.366754,6.47198130e-04
7,39,0.42523585,43.534603,4.45728809e-04
8,39,0.48598386,43.581922,3.18193912e-04
9,39,0.54673188,43.502539,1.77598659e-03
10,39,0.60747989,43.339806,1.91393937e-04
11,39,0.66822790,42.853687,1.25429624e-04
12,39,0.72897591,42.659812,2.12643752e-06
13,39,0.78972392,43.002992,1.64482395e-03
14,39,0.85047193,43.072309,1.02444972e-03
15,39,0.91121971,42.298733,3.83843661e-04
16,39,0.97196773,41.751340,1.94039922e-04
17,39,1.03271574,41.490637,3.99852108e-05
18,39,1.09346375,41.357826,1.34737415e-06
19,39,1.15421176,41.293846,4.33683109e-05
20,39,1.15421176,41.293846,4.51474810e-05
21,39,1.18458576,41.430173,3.59957865e-04
22,39,1.21495976,41.717966,2.39699703e-04
23,39,1.24533376,42.029580,9.47475507e-04
24,39,1.27570776,42.304501,1.03040451e-03
25,39,1.30608176,42.507870,2.49720166e-03
26,39,1.33645576,42.625710,3.23256401e-03
27,39,1.36682976,42.659282,2.93337405e-03
28,39,1.39720381,42.641646,4.72823510e-03
29,39,1.42757781,42.596749,3.49192525e-03
30,39,1.45795159,42.558735,5.69215405e-03
31,39,1.48832560,42.573253,4.59960989e-03
32,39,1.51869960,42.692548,1.20952835e-03
33,39,1.54907361,42.909647,8.39916907e-04
34,39,1.57944761,43.174411,1.28969864e-03
35,39,1.60982162,43.425910,2.47206408e-04
36,39,1.64019563,43.658135,3.40528886e-05
37,39,1.67056963,43.847466,2.81657925e-04
38,39,1.70094364,43.974090,5.29927418e-04
39,39,1.73131764,44.024680,5.00431995e-04
40,39,1.73131764,44.024680,8.24032066e-04
41,39,1.75279515,44.111105,8.73895993e-05
42,39,1.77427297,44.179411,4.79465274e-05
43,39,1.79575048,44.225248,1.87016124e-05
44,39,1.81722830,44.250503,6.93402391e-06
45,39,1.83870581,44.252894,1.70028246e-05
46,39,1.86018364,44.233977,5.13509091e-05
47,39,1.88166114,44.196470,1.08469305e-04
48,39,1.90313897,44.143222,1.81822738e-04
49,39,1.92461647,44.078548,2.64149184e-04
50,39,1.94609430,43.998788,3.44255820e-04
51,39,1.96757180,43.919860,4.14726079e-04
52,39,1.98904963,43.837989,4.65628632e-04
53,39,2.01052713,43.756570,4.75047925e-04
54,39,2.03200496,43.677108,4.55376863e-04
55,39,2.05348246,43.655579,6.49127106e-04
56,39,2.07496029,43.914620,1.09622313e-03
57,39,2.09643779,44.155635,1.76093399e-03
58,39,2.11791562,44.341980,2.54041500e-03
59,39,2.13939312,44.416442,2.95333548e-03
60,39,2.13939312,44.416442,2.95476999e-03
61,39,2.20382612,45.337411,1.79821997e-03
62,39,2.26825912,45.983013,3.38007512e-08
63,39,2.33269211,45.445458,1.67225308e-08
64,39,2.39712495,44.803816,1.78664796e-08
65,39,2.46155794,44.618890,3.41884431e-04
66,39,2.52599094,44.753459,5.06873829e-05
67,39,2.59042394,44.756075,7.13386279e-04
68,39,2.65485693,44.692230,1.81774208e-03
69,39,2.71928993,44.152431,2.12594085e-03
70,39,2.78372276,43.710189,6.10420759e-04
71,39,2.84815576,43.407615,4.77319499e-06
72,39,2.91258876,43.238319,4.18457212e-04
73,39,2.97702175,43.170746,1.40270731e-03
74,39,3.04145475,43.162652,1.81506432e-03
75,39,3.10588775,43.205924,1.22848400e-03
76,39,3.17032058,43.270193,2.96814930e-08
77,39,3.23475363,43.272135,8.28630847e-04
78,39,3.29918661,43.387146,1.45242687e-08
79,39,3.36361957,43.459517,4.55098006e-03
80,39,3.36361957,43.459564,2.67740697e-03
81,39,3.41622887,43.378227,6.12102250e-09
82,39,3.46883817,43.289825,6.48840940e-08
83,39,3.52144747,43.335927,4.26392261e-08
84,39,3.57405686,43.436034,9.73982916e-08
85,39,3.62666598,43.488899,1.52368236e-09
86,39,3.67927530,43.501095,1.58254688e-08
87,39,3.73188462,43.495209,1.87163234e-10
88,39,3.78449394,43.477097,1.97244356e-09
89,39,3.83710326,43.447673,6.05528804e-09
90,39,3.88971258,43.412209,4.43823821e-08
91,39,3.94232191,43.380377,3.73141976e-08
92,39,3.99493123,43.369746,2.80757513e-07
93,39,4.04754055,43.413829,6.35655620e-07
94,39,4.10014987,43.533392,2.02732943e-02
95,39,4.15275899,43.484884,1.41573777e-02
96,39,4.20536831,43.444873,8.53425673e-03
97,39,4.25797763,43.414395,3.97487618e-03
98,39,4.31058696,43.395252,1.02430859e-03
99,39,4.36319628,43.387981,4.39479908e-08
0,40,0.00000000,44.055217,1.84891689e-07
1,40,0.06074799,44.026444,1.57719792e-04
2,40,0.12149598,43.435710,6.17628420e-04
3,40,0.18224397,43.069482,1.81244257e-04
4,40,0.24299205,42.990504,9.05031314e-06
5,40,0.30373983,43.146615,4.57279579e-04
6,40,0.36448784,43.366754,8.26640656e-04
7,40,0.42523585,43.534604,1.82483205e-03
8,40,0.48598386,43.581922,2.42974526e-03
9,40,0.54673188,43.502539,1.06127239e-03
10,40,0.60747989,43.349509,2.32292027e-03
11,40,0.66822790,43.183732,2.44697238e-03
12,40,0.72897591,43.053609,2.11297644e-03
13,40,0.78972392,43.002992,9.03924113e-07
14,40,0.85047193,43.072309,3.06159815e-06
15,40,0.91121971,43.299610,3.73375279e-04
16,40,0.97196773,43.670413,1.28830371e-05
17,40,1.03271574,44.105297,1.57431774e-04
18,40,1.09346375,44.471858,6.43879609e-04
19,40,1.15421176,44.618596,9.31267731e-04
20,40,1.15421176,44.618596,9.30379971e-04
21,40,1.18458576,44.631218,9.38261051e-04
22,40,1.21495976,44.673207,9.18915691e-04
23,40,1.24533376,44.757275,8.01048098e-04
24,40,1.27570776,44.901361,5.21431531e-04
25,40,1.30608176,45.123291,1.47406424e-04
26,40,1.33645576,45.426761,3.77141381e-05
27,40,1.36682976,45.794940,9.40612776e-04
28,40,1.39720381,46.194554,2.43491000e-03
29,40,1.42757781,46.572076,4.96044697e-03
30,40,1.45795159,46.830485,6.35280895e-03
31,40,1.48832560,46.919709,5.46189457e-03
32,40,1.51869960,46.928674,2.91791600e-03
33,40,1.54907361,46.929468,3.74054034e-03
34,40,1.57944761,46.934498,4.35818061e-03
35,40,1.60982162,46.943392,3.42572854e-03
36,40,1.64019563,46.946316,2.57094325e-03
37,40,1.67056963,46.930855,1.39140561e-03
38,40,1.70094364,46.903326,3.24698427e-04
39,40,1.73131764,46.891396,1.58790285e-04
40,40,1.73131764,46.891396,1.64738415e-07
41,40,1.75279515,46.783733,1.82266427e-04
42,40,1.77427297,46.661342,1.62935413e-04
43,40,1.79575048,46.547114,1.62782488e-04
44,40,1.81722830,46.455213,1.71306837e-04
45,40,1.83870581,46.388907,1.80000045e-04
46,40,1.86018364,46.347983,1.83046110e-04
47,40,1.88166114,46.329617,1.77878814e-04
48,40,1.90313897,46.330484,1.64918798e-04
49,40,1.92461647,46.344702,1.45201652e-04
50,40,1.94609430,46.364279,1.24671743e-04
51,40,1.96757180,46.394361,1.01023625e-04
52,40,1.98904963,46.428026,7.79293802e-05
53,40,2.01052713,46.460009,5.54470164e-05
54,40,2.03200496,46.455636,4.34779597e-03
55,40,2.05348246,46.278148,3.79267124e-03
56,40,2.07496029,46.082126,2.85579225e-03
57,40,2.09643779,45.885067,1.69242550e-03
58,40,2.11791562,45.724659,5.49949394e-04
59,40,2.13939312,45.660911,1.31264373e-07
60,40,2.13939312,45.660911,1.31554674e-07
61,40,2.20382612,46.029351,7.88817446e-08
62,40,2.26825912,46.355325,1.13863480e-03
63,40,2.33269211,47.227316,2.49542952e-03
64,40,2.39712495,47.123874,1.37007741e-07
65,40,2.46155794,46.646710,1.18400708e-07
66,40,2.52599094,46.100380,1.01811351e-02
67,40,2.59042394,45.382139,7.47684283e-03
68,40,2.65485693,44.719252,4.50106248e-03
69,40,2.71928993,44.593560,2.98939382e-03
70,40,2.78372276,44.502145,3.97928361e-03
71,40,2.84815576,44.202830,6.97455744e-08
72,40,2.91258876,43.921318,6.59373302e-08
73,40,2.97702175,43.676102,6.09347362e-08
74,40,3.04145475,43.469650,5.58621651e-08
75,40,3.10588775,43.317010,4.73424219e-08
76,40,3.17032058,43.352153,1.90077622e-04
77,40,3.23475363,43.472073,9.29406705e-09
78,40,3.29918661,44.029195,3.41684364e-10
79,40,3.36361957,44.055113,1.07442245e-07
80,40,3.36361957,44.055259,2.64158664e-07
81,40,3.41622887,44.210258,2.89280852e-07
82,40,3.46883817,43.579454,5.62591467e-09
83,40,3.52144747,43.335928,2.29535112e-07
84,40,3.57405686,43.436034,9.59619416e-08
85,40,3.62666598,43.488899,7.30983234e-08
86,40,3.67927530,43.501096,6.29494430e-09
87,40,3.73188462,43.495209,1.85859062e-09
88,40,3.78449394,43.477097,2.99005767e-10
89,40,3.83710326,43.447673,1.34812360e-08
90,40,3.88971258,43.412209,1.89688779e-08
91,40,3.94232191,43.380377,1.16234103e-07
92,40,3.99493123,43.369746,5.91893600e-08
93,40,4.04754055,43.413829,1.06196184e-07
94,40,4.10014987,43.581721,4.04787198e-07
95,40,4.15275899,43.964536,7.19857359e-07
96,40,4.20536831,44.582456,4.17125717e-06
97,40,4.25797763,45.312283,5.04616388e-06
98,40,4.31058696,45.985014,4.56769058e-06
99,40,4.36319628,46.286398,4.58129716e-06
0,41,0.00000000,44.457719,1.10804957e-08
1,41,0.06074799,44.026471,3.97818582e-05
2,41,0.12149598,43.718511,2.39382676e-05
3,41,0.18224397,43.877393,1.76909652e-04
4,41,0.24299205,44.069438,5.95324719e-04
5,41,0.30373983,44.294635,8.73048352e-04
6,41,0.36448784,44.548053,8.25591844e-04
7,41,0.42523585,44.833587,4.83543598e-04
8,41,0.48598386,44.430764,7.22599026e-05
9,41,0.54673188,43.871748,1.69383130e-04
10,41,0.60747989,43.349509,3.72614739e-04
11,41,0.66822790,43.183732,5.65758981e-07
12,41,0.72897591,43.053609,6.34411063e-07
13,41,0.78972392,43.567846,1.82272971e-06
14,41,0.85047193,43.262536,5.47801226e-04
15,41,0.91121971,43.299610,6.08797077e-06
16,41,0.97196773,43.670413,1.03956754e-05
17,41,1.03271574,44.105297,1.49038999e-05
18,41,1.09346375,44.471858,1.84893506e-05
19,41,1.15421176,44.618596,1.95368592e-05
20,41,1.15421176,44.618596,2.04261067e-05
21,41,1.18458576,44.631218,4.99159982e-05
22,41,1.21495976,44.673207,1.82248244e-04
23,41,1.24533376,44.757275,4.91031803e-04
24,41,1.27570776,44.901361,1.04236219e-03
25,41,1.30608176,45.123291,1.77632393e-03
26,41,1.33645576,45.426761,2.35598218e-03
27,41,1.36682976,45.794940,2.08038688e-03
28,41,1.39720381,46.194554,1.50123934e-03
29,41,1.42757781,46.572076,3.25572175e-04
30,41,1.45795159,46.830485,9.64136338e-05
31,41,1.48832560,46.919709,7.77525415e-04
32,41,1.51869960,46.928674,2.72242220e-03
33,41,1.54907361,46.929468,1.35683315e-03
34,41,1.57944761,46.934498,1.45781939e-04
35,41,1.60982162,46.943392,3.06563201e-04
36,41,1.64019563,46.946316,1.08166068e-04
37,41,1.67056963,46.930855,8.95179116e-05
38,41,1.70094364,46.903326,2.61645764e-04
39,41,1.73131764,46.891396,1.19137743e-04
40,41,1.73131764,46.891396,2.77797469e-04
41,41,1.75279515,46.956188,4.76939263e-05
42,41,1.77427297,46.974615,2.52026487e-05
43,41,1.79575048,46.953507,1.05053332e-05
44,41,1.81722830,46.917178,1.42346113e-05
45,41,1.83870581,46.885635,4.98846771e-05
46,41,1.86018364,46.866238,1.59117184e-04
47,41,1.88166114,46.857520,3.96323070e-04
48,41,1.90313897,46.853908,8.16530620e-04
49,41,1.92461647,46.846854,1.44475730e-03
50,41,1.94609430,46.828503,2.27232347e-03
51,41,1.96757180,46.786892,3.18117985e-03
52,41,1.98904963,46.714665,3.97949831e-03
53,41,2.01052713,46.601555,4.40184349e-03
54,41,2.03200496,46.493311,3.81053067e-05
55,41,2.05348246,46.523395,2.40954360e-05
56,41,2.07496029,46.551232,1.34470943e-05
57,41,2.09643779,46.570208,5.98043988e-06
58,41,2.11791562,46.581991,1.58136373e-06
59,41,2.13939312,46.586622,1.19208235e-07
60,41,2.13939312,46.586622,1.18226037e-07
61,41,2.20382612,47.291777,2.21987363e-07
62,41,2.26825912,47.628057,2.27541488e-07
63,41,2.33269211,47.500515,1.93458096e-07
64,41,2.39712495,47.373107,8.85458094e-03
65,41,2.46155794,46.813327,1.12863773e-02
66,41,2.52599094,46.156227,9.97203771e-08
67,41,2.59042394,45.692798,9.22143768e-08
68,41,2.65485693,45.268315,8.48272509e-08
69,41,2.71928993,44.876431,7.90427585e-08
70,41,2.78372276,44.520984,7.44571339e-08
71,41,2.84815576,44.458406,4.53346929e-03
72,41,2.91258876,44.522764,4.28093987e-03
73,41,2.97702175,44.766706,2.93634765e-03
74,41,3.04145475,44.293751,8.81948612e-05
75,41,3.10588775,43.749975,1.13907216e-04
76,41,3.17032058,43.394486,4.32712676e-04
77,41,3.23475363,43.697235,8.01314413e-05
78,41,3.29918661,44.146887,7.52456320e-05
79,41,3.36361957,44.457719,1.39013989e-09
80,41,3.36361957,44.457719,5.85759422e-09
81,41,3.41622887,44.220783,1.49639433e-03
82,41,3.46883817,44.113848,9.73303809e-08
83,41,3.52144747,44.026532,2.18801831e-08
84,41,3.57405686,44.037930,6.47259128e-06
85,41,3.62666598,43.890950,1.09317627e-05
86,41,3.67927530,43.734925,2.29849193e-05
87,41,3.73188462,43.571163,2.68842875e-05
88,41,3.78449394,43.555163,1.89152340e-04
89,41,3.83710326,43.757223,7.72626757e-03
90,41,3.88971258,43.768663,3.08130665e-02
91,41,3.94232191,43.706290,3.33142161e-02
92,41,3.99493123,43.642100,3.07952865e-02
93,41,4.04754055,43.584237,2.61449973e-02
94,41,4.10014987,43.581721,1.20252504e-06
95,41,4.15275899,43.964536,2.33462573e-06
96,41,4.20536831,44.582456,4.43950504e-07
97,41,4.25797763,45.312283,9.63922816e-07
98,41,4.31058696,45.985014,3.00654269e-06
99,41,4.36319628,46.286398,4.25241420e-06
0,42,0.00000000,44.457759,1.53006561e-09
1,42,0.06074799,44.376500,1.36717677e-03
2,42,0.12149598,44.785348,3.63018846e-09
3,42,0.18224397,45.059763,5.17333511e-08
4,42,0.24299205,45.423838,3.18084630e-07
5,42,0.30373983,45.864570,7.57986183e-07
6,42,0.36448784,45.526353,1.70897783e-04
7,42,0.42523585,44.995256,3.11376351e-09
8,42,0.48598386,45.163284,9.88146044e-05
9,42,0.54673188,45.553727,2.80976413e-05
10,42,0.60747989,46.019452,4.05127987e-04
11,42,0.66822790,46.507251,3.14519406e-04
12,42,0.72897591,45.768992,1.01711419e-03
13,42,0.78972392,44.486434,7.93067628e-04
14,42,0.85047193,44.552042,1.64155552e-06
15,42,0.91121971,45.602763,1.53988218e-06
16,42,0.97196773,46.685515,1.47270560e-06
17,42,1.03271574,47.795935,1.41295007e-06
18,42,1.09346375,48.718888,4.33740235e-04
19,42,1.15421176,48.639918,7.72715119e-09
20,42,1.15421176,48.639918,1.15570442e-08
21,42,1.18458576,48.589416,1.18930883e-04
22,42,1.21495976,48.458555,4.45805412e-04
23,42,1.24533376,48.286073,7.67742727e-04
24,42,1.27570776,48.098877,1.20649280e-03
25,42,1.30608176,47.915739,1.04914324e-03
26,42,1.33645576,47.748338,1.92985279e-03
27,42,1.36682976,47.604536,7.04239208e-04
28,42,1.39720381,47.498739,1.52253506e-03
29,42,1.42757781,47.463183,9.18345212e-04
30,42,1.45795159,47.565904,1.10086684e-04
31,42,1.48832560,47.814609,6.33493482e-06
32,42,1.51869960,48.065351,1.11387112e-03
33,42,1.54907361,48.198176,1.98501653e-05
34,42,1.57944761,48.186668,4.25192326e-04
35,42,1.60982162,48.079584,2.65725230e-04
36,42,1.64019563,47.971743,7.39527128e-05
37,42,1.67056963,47.927156,1.96856719e-03
38,42,1.70094364,47.973600,2.66023807e-03
39,42,1.73131764,48.049360,2.92896195e-03
40,42,1.73131764,48.049360,7.73936041e-04
41,42,1.75279515,47.928170,3.80115634e-03
42,42,1.77427297,47.837072,3.97800171e-03
43,42,1.79575048,47.818014,4.44291520e-03
44,42,1.81722830,47.850263,5.08803768e-03
45,42,1.83870581,47.905022,5.89547856e-03
46,42,1.86018364,47.965092,6.82323750e-03
47,42,1.88166114,48.021208,7.77989952e-03
48,42,1.90313897,48.071205,8.62878183e-03
49,42,1.92461647,48.108690,9.17206701e-03
50,42,1.94609430,48.135462,9.24037016e-03
51,42,1.96757180,48.156973,8.68758325e-03
52,42,1.98904963,48.175078,7.53801213e-03
53,42,2.01052713,48.190790,5.97948517e-03
54,42,2.03200496,48.209410,4.28979645e-03
55,42,2.05348246,48.229030,2.73456768e-03
56,42,2.07496029,48.248792,1.49691768e-03
57,42,2.09643779,48.264730,6.37578813e-04
58,42,2.11791562,48.275306,1.49658372e-04
59,42,2.13939312,48.279768,5.97799017e-10
60,42,2.13939312,48.279768,8.46069328e-10
61,42,2.20382612,47.702028,9.03928213e-09
62,42,2.26825912,47.640966,2.03690336e-08
63,42,2.33269211,48.158050,3.07396412e-08
64,42,2.39712495,48.867383,6.15842607e-09
65,42,2.46155794,48.794881,3.86385640e-04
66,42,2.52599094,48.610262,1.62588267e-05
67,42,2.59042394,48.040020,1.28774448e-02
68,42,2.65485693,47.461413,1.80485849e-02
69,42,2.71928993,46.936363,2.10466280e-02
70,42,2.78372276,46.505812,2.08232739e-02
71,42,2.84815576,46.214137,1.68333644e-02
72,42,2.91258876,45.658818,1.28804350e-04
73,42,2.97702175,44.942810,6.99557110e-05
74,42,3.04145475,45.136714,2.93828126e-04
75,42,3.10588775,44.846931,1.50383957e-04
76,42,3.17032058,44.634019,4.97706524e-04
77,42,3.23475363,44.524499,5.23090847e-04
78,42,3.29918661,44.371198,2.30635456e-03
79,42,3.36361957,44.457759,4.29930450e-08
80,42,3.36361957,44.457740,1.85754054e-08
81,42,3.41622887,44.318530,5.85416066e-09
82,42,3.46883817,44.113851,4.19568447e-10
83,42,3.52144747,44.026534,2.20966667e-07
84,42,3.57405686,44.121797,2.54932461e-07
85,42,3.62666598,44.417916,7.07411928e-07
86,42,3.67927530,44.840803,9.78822007e-07
87,42,3.73188462,44.388463,2.51620008e-02
88,42,3.78449394,44.107830,3.47173008e-02
89,42,3.83710326,44.012583,3.31529386e-02
90,42,3.88971258,44.265309,1.54565778e-02
91,42,3.94232191,44.692380,1.44610858e-02
92,42,3.99493123,45.194371,1.57309054e-02
93,42,4.04754055,45.752868,1.67505374e-02
94,42,4.10014987,46.349818,1.72186942e-02
95,42,4.15275899,46.967430,1.70345931e-02
96,42,4.20536831,47.586034,1.63932274e-02
97,42,4.25797763,48.160004,1.57278417e-02
98,42,4.31058696,48.204701,6.20493316e-07
99,42,4.36319628,48.008729,8.27851129e-10
0,43,0.00000000,44.459044,3.05665882e-07
1,43,0.06074799,44.613329,1.84220307e-08
2,43,0.12149598,45.069687,7.91169938e-04
3,43,0.18224397,45.596193,1.59842150e-03
4,43,0.24299205,45.972935,1.85840956e-03
5,43,0.30373983,45.925633,9.16354975e-04
6,43,0.36448784,46.370619,1.78836557e-06
7,43,0.42523585,46.568384,7.73777012e-07
8,43,0.48598386,46.559520,1.84685549e-04
9,43,0.54673188,46.751535,6.56718568e-04
10,43,0.60747989,47.089305,5.72658534e-04
11,43,0.66822790,47.186019,4.55765573e-03
12,43,0.72897591,47.334428,4.12520228e-03
13,43,0.78972392,48.051762,5.06249866e-03
14,43,0.85047193,48.711448,8.21825456e-04
15,43,0.91121971,48.943142,2.85464701e-03
16,43,0.97196773,48.988188,3.00419344e-03
17,43,1.03271574,48.881537,1.23763939e-03
18,43,1.09346375,48.718888,2.24401984e-04
19,43,1.15421176,48.639918,4.38888134e-09
20,43,1.15421176,48.639918,3.01310616e-10
21,43,1.18458576,48.589416,6.73691870e-06
22,43,1.21495976,48.458555,4.47185593e-07
23,43,1.24533376,48.286073,9.82334378e-05
24,43,1.27570776,48.098877,9.99290188e-05
25,43,1.30608176,47.915739,6.56440232e-04
26,43,1.33645576,47.748338,6.95160102e-05
27,43,1.36682976,47.604536,1.39320023e-03
28,43,1.39720381,47.498739,3.60272415e-04
29,43,1.42757781,47.463183,2.64153062e-04
30,43,1.45795159,47.565905,4.88442149e-04
31,43,1.48832560,47.814609,1.20664676e-03
32,43,1.51869960,48.065352,5.70043712e-04
33,43,1.54907361,48.198177,1.31826862e-03
34,43,1.57944761,48.186668,2.69903030e-04
35,43,1.60982162,48.079585,2.60575407e-04
36,43,1.64019563,47.971745,9.66141754e-04
37,43,1.67056963,47.927156,7.27299017e-05
38,43,1.70094364,47.973600,5.30667785e-04
39,43,1.73131764,48.049360,1.55041432e-03
40,43,1.73131764,48.049360,3.70535129e-03
41,43,1.75279515,48.142144,7.23491408e-04
42,43,1.77427297,48.280583,1.03513540e-03
43,43,1.79575048,48.412201,1.54307635e-03
44,43,1.81722830,48.514945,1.40063437e-03
45,43,1.83870581,48.620451,1.25942479e-03
46,43,1.86018364,48.735407,1.14295000e-03
47,43,1.88166114,48.859852,1.03655325e-03
48,43,1.90313897,48.992590,9.28982174e-04
49,43,1.92461647,49.131387,8.21847889e-04
50,43,1.94609430,49.276455,7.25433203e-04
51,43,1.96757180,49.362592,1.12990252e-04
52,43,1.98904963,49.207711,1.21509378e-04
53,43,2.01052713,49.067574,1.00095511e-03
54,43,2.03200496,48.953401,2.53159488e-03
55,43,2.05348246,48.862629,4.31174290e-03
56,43,2.07496029,48.795390,5.98613994e-03
57,43,2.09643779,48.747971,7.30297981e-03
58,43,2.11791562,48.720047,8.12006580e-03
59,43,2.13939312,48.715449,8.40638060e-03
60,43,2.13939312,48.715449,8.40836493e-03
61,43,2.20382612,48.947226,2.80484526e-03
62,43,2.26825912,49.019375,2.47113732e-04
63,43,2.33269211,48.783342,3.98130051e-03
64,43,2.39712495,48.884492,1.05423402e-03
65,43,2.46155794,49.052505,1.54304116e-03
66,43,2.52599094,48.622085,7.10741804e-03
67,43,2.59042394,48.356829,1.40886392e-04
68,43,2.65485693,48.019840,5.78329787e-04
69,43,2.71928993,47.602136,9.59629346e-04
70,43,2.78372276,47.125805,1.06469563e-03
71,43,2.84815576,46.426818,1.22566447e-03
72,43,2.91258876,46.108510,4.77534442e-04
73,43,2.97702175,45.625512,8.65954363e-05
74,43,3.04145475,45.330376,7.06239569e-04
75,43,3.10588775,45.629906,7.50773159e-08
76,43,3.17032058,45.167563,6.09120592e-08
77,43,3.23475363,44.805446,1.44520519e-08
78,43,3.29918661,44.481331,2.31664027e-04
79,43,3.36361957,44.458258,5.39047936e-08
80,43,3.36361957,44.458312,5.02625116e-09
81,43,3.41622887,44.318835,3.51080445e-08
82,43,3.46883817,44.266707,6.56728013e-05
83,43,3.52144747,44.170710,1.16608362e-05
84,43,3.57405686,44.121797,2.79703910e-07
85,43,3.62666598,44.417917,1.01799936e-07
86,43,3.67927530,44.840804,5.62895106e-09
87,43,3.73188462,45.327068,7.33044423e-07
88,43,3.78449394,45.843542,5.37407683e-07
89,43,3.83710326,46.365212,6.93370632e-07
90,43,3.88971258,46.872028,4.35247584e-07
91,43,3.94232191,47.343085,1.21433761e-06
92,43,3.99493123,47.759554,6.78174704e-07
93,43,4.04754055,48.127265,4.24857597e-07
94,43,4.10014987,48.402072,1.12700090e-06
95,43,4.15275899,48.576600,3.25777395e-07
96,43,4.20536831,48.627761,8.26135385e-07
97,43,4.25797763,48.488878,4.90936052e-07
98,43,4.31058696,48.204702,3.44674357e-07
99,43,4.36319628,48.008729,2.62834814e-10
0,44,0.00000000,44.550056,5.88207485e-09
1,44,0.06074799,44.635952,2.07402156e-04
2,44,0.12149598,45.206781,1.92513218e-03
3,44,0.18224397,45.824997,3.03467744e-04
4,44,0.24299205,46.397748,3.92609347e-05
5,44,0.30373983,46.846824,1.29233854e-03
6,44,0.36448784,46.757925,2.05074052e-04
7,44,0.42523585,46.568510,3.54830327e-06
8,44,0.48598386,46.559523,1.39577685e-04
9,44,0.54673188,46.751536,4.12473848e-04
10,44,0.60747989,47.089310,1.44831529e-03
11,44,0.66822790,47.514828,2.46075951e-03
12,44,0.72897591,47.953723,1.61785704e-03
13,44,0.78972392,48.370028,4.12201080e-03
14,44,0.85047193,48.711448,4.04301353e-03
15,44,0.91121971,48.943143,1.77956800e-03
16,44,0.97196773,48.988188,6.82391116e-04
17,44,1.03271574,48.881537,9.27108756e-04
18,44,1.09346375,48.921605,1.31622522e-06
19,44,1.15421176,50.046804,7.84189735e-07
20,44,1.15421176,50.046804,4.38012685e-07
21,44,1.18458576,50.095754,1.04995103e-05
22,44,1.21495976,50.220610,1.35383199e-04
23,44,1.24533376,50.380543,4.80416198e-04
24,44,1.27570776,50.537695,1.09625649e-03
25,44,1.30608176,50.666232,1.65940051e-03
26,44,1.33645576,50.745024,3.35106354e-05
27,44,1.36682976,50.755553,1.28145720e-03
28,44,1.39720381,50.698412,1.65331671e-03
29,44,1.42757781,50.580230,5.34323120e-04
30,44,1.45795159,50.421775,4.84314364e-04
31,44,1.48832560,50.260221,3.89507957e-04
32,44,1.51869960,50.140707,1.14177000e-03
33,44,1.54907361,50.041465,2.67302315e-03
34,44,1.57944761,49.722123,9.14102109e-04
35,44,1.60982162,49.347957,2.83390143e-03
36,44,1.64019563,48.993232,1.80765350e-03
37,44,1.67056963,48.672136,1.38030532e-03
38,44,1.70094364,48.402631,1.99302359e-03
39,44,1.73131764,48.257026,3.29513958e-04
40,44,1.73131764,48.257026,9.84045413e-04
41,44,1.75279515,48.305315,8.48150885e-04
42,44,1.77427297,48.377481,5.42627534e-04
43,44,1.79575048,48.502381,4.26692225e-06
44,44,1.81722830,48.691633,9.10373606e-05
45,44,1.83870581,48.905119,1.57053352e-04
46,44,1.86018364,49.130614,1.87311718e-04
47,44,1.88166114,49.362954,2.06308422e-04
48,44,1.90313897,49.597754,2.15449022e-04
49,44,1.92461647,49.671844,2.52142782e-03
50,44,1.94609430,49.526633,1.02152155e-03
51,44,1.96757180,49.420319,6.26908143e-04
52,44,1.98904963,49.562115,5.35607885e-04
53,44,2.01052713,49.697795,4.40250378e-04
54,44,2.03200496,49.822698,3.52545287e-04
55,44,2.05348246,49.931628,2.68833784e-04
56,44,2.07496029,50.022194,2.07010264e-04
57,44,2.09643779,50.085770,1.61572415e-04
58,44,2.11791562,50.123838,1.30383151e-04
59,44,2.13939312,50.139678,1.26170556e-04
60,44,2.13939312,50.139721,1.21025474e-04
61,44,2.20382612,49.927362,5.79703660e-04
62,44,2.26825912,49.539610,9.40791237e-04
63,44,2.33269211,49.213608,1.11725378e-03
64,44,2.39712495,48.972073,9.11687605e-04
65,44,2.46155794,49.603562,3.23239311e-09
66,44,2.52599094,49.944824,4.31957065e-07
67,44,2.59042394,49.611399,2.33900001e-07
68,44,2.65485693,48.853988,1.01530104e-03
69,44,2.71928993,48.024207,9.11525856e-04
70,44,2.78372276,47.207839,6.26312118e-04
71,44,2.84815576,46.616121,8.64775031e-04
72,44,2.91258876,46.124360,1.19187562e-02
73,44,2.97702175,46.226066,5.88377451e-03
74,44,3.04145475,46.155538,1.98889711e-07
75,44,3.10588775,45.801523,2.31671747e-07
76,44,3.17032058,45.267601,4.40476124e-08
77,44,3.23475363,44.809150,6.51395485e-08
78,44,3.29918661,44.551386,2.15437896e-09
79,44,3.36361957,44.550056,4.45592300e-09
80,44,3.36361957,44.550056,2.92080829e-08
81,44,3.41622887,44.492681,1.60239237e-03
82,44,3.46883817,44.797075,5.30715142e-03
83,44,3.52144747,45.308831,5.03175923e-03
84,44,3.57405686,45.834350,1.52259685e-03
85,44,3.62666598,45.510294,3.71729283e-03
86,44,3.67927530,44.863711,1.33318467e-02
87,44,3.73188462,45.327074,3.55649651e-07
88,44,3.78449394,45.843552,6.90982397e-07
89,44,3.83710326,46.365212,6.03796009e-07
90,44,3.88971258,46.872030,9.10745910e-07
91,44,3.94232191,47.343086,1.57781790e-07
92,44,3.99493123,47.759558,6.64966723e-07
93,44,4.04754055,48.127265,9.77352890e-07
94,44,4.10014987,48.402073,3.62715370e-07
95,44,4.15275899,48.576601,1.34439355e-06
96,44,4.20536831,48.627762,1.02260508e-06
97,44,4.25797763,48.488878,1.27631203e-06
98,44,4.31058696,48.598220,1.53429032e-02
99,44,4.36319628,48.771833,1.52784179e-02
0,45,0.00000000,44.550161,5.30373192e-08
1,45,0.06074799,44.776612,2.98705642e-04
2,45,0.12149598,45.267967,7.16855007e-05
3,45,0.18224397,45.825112,1.98377837e-03
4,45,0.24299205,46.399179,2.32261056e-03
5,45,0.30373983,46.850970,4.65599637e-04
6,45,0.36448784,46.759207,2.34760503e-05
7,45,0.42523585,46.932438,4.45251295e-06
8,45,0.48598386,47.542188,3.36238074e-06
9,45,0.54673188,48.193766,4.28995932e-06
10,45,0.60747989,48.126111,4.92528885e-03
11,45,0.66822790,47.514829,5.19520824e-04
12,45,0.72897591,47.953738,2.23863129e-03
13,45,0.78972392,48.370028,4.10052093e-04
14,45,0.85047193,48.849783,6.15556418e-03
15,45,0.91121971,49.705009,7.11180618e-03
16,45,0.97196773,50.584141,7.89296480e-03
17,45,1.03271574,51.462967,8.47936415e-03
18,45,1.09346375,51.141597,8.45687538e-07
19,45,1.15421176,50.046805,1.42955742e-06
20,45,1.15421176,50.046806,1.77032155e-06
21,45,1.18458576,50.095754,3.78525044e-05
22,45,1.21495976,50.220610,9.91204134e-05
23,45,1.24533376,50.380545,1.38172731e-04
24,45,1.27570776,50.537698,9.29284035e-05
25,45,1.30608176,50.666234,1.71066942e-04
26,45,1.33645576,50.745033,2.29262172e-03
27,45,1.36682976,50.755586,1.13705231e-03
28,45,1.39720381,50.698491,3.96057901e-04
29,45,1.42757781,50.580293,8.47545747e-04
30,45,1.45795159,50.421779,2.96139477e-04
31,45,1.48832560,50.260232,3.43271101e-04
32,45,1.51869960,50.140786,8.47423990e-04
33,45,1.54907361,50.041620,2.01697340e-03
34,45,1.57944761,49.722144,2.54789066e-03
35,45,1.60982162,49.347959,9.25515623e-05
36,45,1.64019563,48.993237,8.79100455e-04
37,45,1.67056963,48.672137,1.09795342e-03
38,45,1.70094364,48.402631,4.12127526e-05
39,45,1.73131764,48.257027,6.72084926e-04
40,45,1.73131764,48.257026,1.80307899e-05
41,45,1.75279515,48.328372,1.33108777e-04
42,45,1.77427297,48.477299,1.31691402e-04
43,45,1.79575048,48.650464,4.88458293e-05
44,45,1.81722830,48.839018,2.17957018e-06
45,45,1.83870581,49.038490,3.24655426e-05
46,45,1.86018364,49.245429,1.70623454e-04
47,45,1.88166114,49.454532,5.00416796e-04
48,45,1.90313897,49.644383,1.47921738e-03
49,45,1.92461647,49.831030,2.28625009e-04
50,45,1.94609430,50.057481,2.35347368e-04
51,45,1.96757180,50.270057,2.39130897e-04
52,45,1.98904963,50.462462,2.61258929e-04
53,45,2.01052713,50.626555,2.52088503e-04
54,45,2.03200496,50.765493,2.69226020e-04
55,45,2.05348246,50.882684,2.63590688e-04
56,45,2.07496029,50.987595,2.44393246e-04
57,45,2.09643779,51.087292,2.35651391e-04
58,45,2.11791562,51.180334,2.21488012e-04
59,45,2.13939312,51.233653,2.50957365e-04
60,45,2.13939312,51.235037,2.79189861e-04
61,45,2.20382612,50.826994,1.21578006e-02
62,45,2.26825912,50.504114,1.36849880e-02
63,45,2.33269211,50.374302,7.84196216e-03
64,45,2.39712495,50.120158,5.78416561e-03
65,45,2.46155794,50.054155,3.74778242e-03
66,45,2.52599094,50.093147,4.84456061e-08
67,45,2.59042394,49.631560,4.29093169e-04
68,45,2.65485693,49.237148,2.00280085e-07
69,45,2.71928993,48.807088,1.83317417e-07
70,45,2.78372276,48.331437,1.95961296e-07
71,45,2.84815576,47.816182,1.91340171e-07
72,45,2.91258876,47.271961,1.19663976e-07
73,45,2.97702175,46.711975,1.52604177e-07
74,45,3.04145475,46.361744,5.72472220e-07
75,45,3.10588775,46.007098,4.12350131e-06
76,45,3.17032058,45.493283,3.17360158e-03
77,45,3.23475363,44.890865,3.62404271e-03
78,45,3.29918661,44.577434,1.48657198e-08
79,45,3.36361957,44.550223,7.95663061e-08
80,45,3.36361957,44.550132,5.53882238e-08
81,45,3.41622887,44.737081,5.82869667e-08
82,45,3.46883817,45.159185,3.29966136e-08
83,45,3.52144747,45.690821,8.54717088e-08
84,45,3.57405686,46.292325,8.72260485e-08
85,45,3.62666598,46.805112,3.73484450e-03
86,45,3.67927530,47.542549,1.34352659e-03
87,45,3.73188462,48.349262,1.48519447e-04
88,45,3.78449394,48.854125,4.57261128e-07
89,45,3.83710326,48.956891,3.05320934e-07
90,45,3.88971258,49.143436,5.02795346e-07
91,45,3.94232191,49.423121,1.97602702e-07
92,45,3.99493123,49.791332,2.74631072e-07
93,45,4.04754055,50.236780,2.03401689e-07
94,45,4.10014987,50.716217,8.08555095e-07
95,45,4.15275899,51.182695,7.54941683e-07
96,45,4.20536831,51.596755,3.80768887e-07
97,45,4.25797763,51.904576,5.55198016e-07
98,45,4.31058696,52.095108,3.67653347e-07
99,45,4.36319628,51.996956,1.02744795e-08
0,46,0.00000000,44.550637,2.53818148e-07
1,46,0.06074799,44.776709,8.19574945e-04
2,46,0.12149598,45.268009,1.87192387e-03
3,46,0.18224397,46.275984,1.42421857e-03
4,46,0.24299205,46.862179,1.39171758e-06
5,46,0.30373983,47.352417,1.22359378e-05
6,46,0.36448784,47.930114,1.60773026e-04
7,46,0.42523585,48.556626,4.36030280e-04
8,46,0.48598386,49.041937,4.41959127e-03
9,46,0.54673188,48.757037,5.50870643e-03
10,46,0.60747989,48.881408,6.37375956e-06
11,46,0.66822790,49.603934,6.63056378e-06
12,46,0.72897591,50.345215,8.13760277e-06
13,46,0.78972392,51.096425,7.15796775e-06
14,46,0.85047193,51.829430,5.86865870e-06
15,46,0.91121971,52.463413,2.80067637e-06
16,46,0.97196773,52.683810,2.42337313e-06
17,46,1.03271574,52.119455,4.95880894e-09
18,46,1.09346375,52.318586,8.69453278e-03
19,46,1.15421176,53.091118,1.05630149e-02
20,46,1.15421176,53.091065,1.47960788e-03
21,46,1.18458576,53.088025,1.49687737e-02
22,46,1.21495976,53.077568,6.94308253e-03
23,46,1.24533376,53.058452,9.59796491e-03
24,46,1.27570776,53.014910,2.48504624e-03
25,46,1.30608176,52.933056,2.48627358e-03
26,46,1.33645576,52.786067,5.78388780e-04
27,46,1.36682976,52.551818,8.39925370e-06
28,46,1.39720381,52.233899,1.82804538e-03
29,46,1.42757781,51.857097,1.33004321e-03
30,46,1.45795159,51.448350,7.96855839e-04
31,46,1.48832560,51.030393,9.11177769e-04
32,46,1.51869960,50.617408,5.45839569e-04
33,46,1.54907361,50.315107,5.96099815e-05
34,46,1.57944761,50.379882,3.95975255e-03
35,46,1.60982162,50.588433,3.32108478e-03
36,46,1.64019563,50.808839,5.22121143e-03
37,46,1.67056963,50.988841,5.10228853e-03
38,46,1.70094364,51.103920,8.31025024e-03
39,46,1.73131764,51.147692,1.19565156e-03
40,46,1.73131764,51.147682,4.67652450e-03
41,46,1.75279515,51.032106,1.33835179e-02
42,46,1.77427297,50.905908,1.32984239e-02
43,46,1.79575048,50.767454,1.27353364e-02
44,46,1.81722830,50.618538,1.16929445e-02
45,46,1.83870581,50.460623,1.01637486e-02
46,46,1.86018364,50.295620,8.19753623e-03
47,46,1.88166114,50.128099,5.83305583e-03
48,46,1.90313897,49.979741,2.87860850e-03
49,46,1.92461647,49.994784,2.83399893e-05
50,46,1.94609430,50.188293,3.00928413e-04
51,46,1.96757180,50.403319,8.16917989e-04
52,46,1.98904963,50.615476,1.33134150e-03
53,46,2.01052713,50.815055,2.04826759e-03
54,46,2.03200496,50.991368,2.96591211e-03
55,46,2.05348246,51.136124,3.84025824e-03
56,46,2.07496029,51.245677,4.95720789e-03
57,46,2.09643779,51.317426,5.63194723e-03
58,46,2.11791562,51.357790,6.07902800e-03
59,46,2.13939312,51.371305,6.42475914e-03
60,46,2.13939312,51.371428,6.30080279e-03
61,46,2.20382612,50.833036,1.40609622e-05
62,46,2.26825912,50.527420,3.93182034e-08
63,46,2.33269211,50.442787,5.95372034e-07
64,46,2.39712495,50.374032,1.68949181e-07
65,46,2.46155794,50.208832,2.07263966e-07
66,46,2.52599094,50.113037,2.21442534e-04
67,46,2.59042394,49.950751,1.18491389e-07
68,46,2.65485693,49.537434,6.51134693e-08
69,46,2.71928993,49.059840,6.41663788e-08
70,46,2.78372276,48.552491,7.89397291e-08
71,46,2.84815576,48.026381,7.21380973e-08
72,46,2.91258876,47.482047,7.73015697e-08
73,46,2.97702175,46.924748,1.09500673e-07
74,46,3.04145475,46.426977,4.38232876e-04
75,46,3.10588775,46.089706,1.57725674e-03
76,46,3.17032058,46.344884,1.54343915e-03
77,46,3.23475363,45.662277,1.52168748e-03
78,46,3.29918661,44.939181,7.71630728e-04
79,46,3.36361957,44.551926,8.99993113e-08
80,46,3.36361957,44.551392,4.61670905e-07
81,46,3.41622887,44.737548,1.29892447e-07
82,46,3.46883817,45.159287,8.58166383e-09
83,46,3.52144747,45.691273,1.41957363e-07
84,46,3.57405686,46.292491,2.27150214e-07
85,46,3.62666598,46.949654,1.36505730e-07
86,46,3.67927530,47.649915,2.25357048e-07
87,46,3.73188462,48.380319,1.23378779e-07
88,46,3.78449394,48.891322,2.60209214e-06
89,46,3.83710326,48.958420,1.45182165e-07
90,46,3.88971258,49.144039,1.64833650e-08
91,46,3.94232191,49.423268,1.58818122e-07
92,46,3.99493123,49.791584,3.96452109e-07
93,46,4.04754055,50.236802,6.71228175e-07
94,46,4.10014987,50.716233,1.24293992e-07
95,46,4.15275899,51.182752,6.84385794e-08
96,46,4.20536831,51.597436,1.81256244e-06
97,46,4.25797763,51.906408,3.26718018e-06
98,46,4.31058696,52.122218,9.47476975e-06
99,46,4.36319628,52.161236,3.89681321e-09
0,47,0.00000000,45.906459,1.41928142e-10
1,47,0.06074799,45.973595,2.06270711e-07
2,47,0.12149598,46.160084,1.80899667e-07
3,47,0.18224397,46.461124,8.82689884e-07
4,47,0.24299205,47.464320,7.59668118e-04
5,47,0.30373983,47.612756,1.18666610e-04
6,47,0.36448784,47.954030,1.31532988e-03
7,47,0.42523585,48.607183,2.62704395e-04
8,47,0.48598386,49.301816,1.63984967e-04
9,47,0.54673188,50.075262,1.04597372e-03
10,47,0.60747989,50.849673,3.09354142e-04
11,47,0.66822790,51.644705,2.21097028e-04
12,47,0.72897591,52.267156,1.20131891e-02
13,47,0.78972392,52.563690,1.24785716e-02
14,47,0.85047193,53.012464,1.24580876e-02
15,47,0.91121971,53.523490,1.09955266e-02
16,47,0.97196773,54.102715,8.70225688e-03
17,47,1.03271574,54.083951,2.83146334e-03
18,47,1.09346375,53.701802,6.54121603e-03
19,47,1.15421176,53.091830,5.97901943e-03
20,47,1.15421176,53.091198,1.50321622e-02
21,47,1.18458576,53.088239,1.28188117e-03
22,47,1.21495976,53.077953,8.16205285e-03
23,47,1.24533376,53.059403,3.91509348e-03
24,47,1.27570776,53.015403,8.66915076e-03
25,47,1.30608176,52.936641,6.06235279e-03
26,47,1.33645576,52.792725,5.40723391e-03
27,47,1.36682976,52.553536,4.22108087e-03
28,47,1.39720381,52.236382,1.32301432e-03
29,47,1.42757781,51.859958,1.16734179e-03
30,47,1.45795159,51.448639,1.33796629e-03
31,47,1.48832560,51.030422,8.59584483e-04
32,47,1.51869960,50.617476,6.11330166e-04
33,47,1.54907361,50.315138,3.25795104e-04
34,47,1.57944761,50.379900,5.22848074e-04
35,47,1.60982162,50.588557,4.62962695e-03
36,47,1.64019563,50.809113,5.71259402e-03
37,47,1.67056963,50.988893,8.08884706e-03
38,47,1.70094364,51.103929,6.37672123e-03
39,47,1.73131764,51.147860,1.39768623e-02
40,47,1.73131764,51.147746,1.05370706e-02
41,47,1.75279515,51.245262,1.83708714e-03
42,47,1.77427297,51.330826,1.47979102e-03
43,47,1.79575048,51.399449,1.17789968e-03
44,47,1.81722830,51.457887,8.87828387e-04
45,47,1.83870581,51.502681,6.44886665e-04
46,47,1.86018364,51.534060,4.62142409e-04
47,47,1.88166114,51.553967,3.08673929e-04
48,47,1.90313897,51.561503,2.19375150e-04
49,47,1.92461647,51.565652,1.42916649e-04
50,47,1.94609430,51.564812,7.80146635e-05
51,47,1.96757180,51.569505,4.59429193e-05
52,47,1.98904963,51.581183,1.18383078e-05
53,47,2.01052713,51.597238,3.48803546e-05
54,47,2.03200496,51.609172,3.05946691e-06
55,47,2.05348246,51.607703,1.47695950e-06
56,47,2.07496029,51.580322,5.72183549e-06
57,47,2.09643779,51.524715,1.05205025e-05
58,47,2.11791562,51.451805,1.41224198e-05
59,47,2.13939312,51.407179,2.35719963e-07
60,47,2.13939312,51.407420,5.84180146e-07
61,47,2.20382612,52.305661,1.84653224e-04
62,47,2.26825912,52.662135,7.08851187e-03
63,47,2.33269211,52.372609,1.22071364e-04
64,47,2.39712495,51.868753,7.30599003e-08
65,47,2.46155794,51.447228,9.19583374e-08
66,47,2.52599094,51.328163,4.44200318e-05
67,47,2.59042394,51.683242,3.89925995e-03
68,47,2.65485693,50.973205,2.36938263e-03
69,47,2.71928993,50.256470,1.05324309e-03
70,47,2.78372276,49.551677,2.32941396e-04
71,47,2.84815576,48.866999,4.92569769e-06
72,47,2.91258876,48.203291,4.49230839e-04
73,47,2.97702175,47.571720,1.70168769e-03
74,47,3.04145475,47.091598,3.92855610e-03
75,47,3.10588775,47.428124,2.02904690e-03
76,47,3.17032058,47.397818,1.46913010e-04
77,47,3.23475363,47.339785,1.62224788e-05
78,47,3.29918661,46.324890,1.32451990e-05
79,47,3.36361957,45.906459,1.93588020e-10
80,47,3.36361957,45.906459,9.34269075e-11
81,47,3.41622887,46.279766,3.40343400e-08
82,47,3.46883817,46.990750,2.15871244e-06
83,47,3.52144747,47.484642,1.93701833e-05
84,47,3.57405686,46.615087,3.09735281e-03
85,47,3.62666598,46.950211,3.67989482e-07
86,47,3.67927530,47.649954,1.04211165e-07
87,47,3.73188462,48.403256,1.77947854e-05
88,47,3.78449394,49.170716,1.00690178e-04
89,47,3.83710326,49.939385,8.92981639e-04
90,47,3.88971258,50.589750,3.68762575e-03
91,47,3.94232191,51.127829,6.45939151e-03
92,47,3.99493123,51.648099,8.30051226e-03
93,47,4.04754055,51.990652,8.98393667e-03
94,47,4.10014987,52.351192,8.33131346e-03
95,47,4.15275899,52.647572,5.66111979e-03
96,47,4.20536831,52.785129,1.21130272e-03
97,47,4.25797763,52.510153,1.25151024e-05
98,47,4.31058696,52.154456,1.96190712e-05
99,47,4.36319628,52.168843,7.51519160e-07
