k_index,band_index,k_distance,energy_eV,weight
0,0,0.00000000,-12.174008,4.04246666e-05
1,0,0.06074799,-12.161831,7.69032499e-04
2,0,0.12149598,-12.125518,2.93395489e-03
3,0,0.18224397,-12.065039,6.46994763e-03
4,0,0.24299205,-11.980516,1.12705770e-02
5,0,0.30373983,-11.871987,1.71893122e-02
6,0,0.36448784,-11.739760,2.40530010e-02
7,0,0.42523585,-11.583992,3.16546627e-02
8,0,0.48598386,-11.404888,3.97671039e-02
9,0,0.54673188,-11.202855,4.81515571e-02
10,0,0.60747989,-10.978205,5.65599812e-02
11,0,0.66822790,-10.731338,6.47441478e-02
12,0,0.72897591,-10.462806,7.24691071e-02
13,0,0.78972392,-10.173086,7.95111142e-02
14,0,0.85047193,-9.862951,8.56676123e-02
15,0,0.91121971,-9.532994,9.07618229e-02
16,0,0.97196773,-9.184204,9.46599584e-02
17,0,1.03271574,-8.817441,9.72563674e-02
18,0,1.09346375,-8.433770,9.84861818e-02
19,0,1.15421176,-8.034362,1.96633115e-01
20,0,1.15421176,-8.034362,1.96633259e-01
21,0,1.18458576,-8.033320,1.95065357e-01
22,0,1.21495976,-8.030216,1.90398668e-01
23,0,1.24533376,-8.025095,1.82522326e-01
24,0,1.27570776,-8.018102,1.71945059e-01
25,0,1.30608176,-8.009363,1.58796290e-01
26,0,1.33645576,-7.999066,1.43348778e-01
27,0,1.36682976,-7.987477,1.26530095e-01
28,0,1.39720381,-7.974810,1.08753758e-01
29,0,1.42757781,-7.961386,8.92795535e-02
30,0,1.45795159,-7.947528,7.40490375e-02
31,0,1.48832560,-7.933662,5.46374497e-02
32,0,1.51869960,-7.920150,3.61197381e-02
33,0,1.54907361,-7.907380,1.81160418e-02
34,0,1.57944761,-7.895736,3.13971133e-03
35,0,1.60982162,-7.885624,5.41051171e-03
36,0,1.64019563,-7.877365,5.68542872e-02
37,0,1.67056963,-7.871244,9.96735583e-02
38,0,1.70094364,-7.867476,1.16066077e-01
39,0,1.73131764,-7.866182,1.18665260e-01
40,0,1.73131764,-7.866182,1.18665308e-01
41,0,1.75279515,-7.924879,1.88787435e-02
42,0,1.77427297,-7.980461,2.02646361e-02
43,0,1.79575048,-8.032927,2.16729035e-02
44,0,1.81722830,-8.082250,2.31022255e-02
45,0,1.83870581,-8.128431,2.45491965e-02
46,0,1.86018364,-8.171462,2.60111084e-02
47,0,1.88166114,-8.211334,2.74851572e-02
48,0,1.90313897,-8.248035,2.89683284e-02
49,0,1.92461647,-8.281571,3.04581644e-02
50,0,1.94609430,-8.311938,3.19526496e-02
51,0,1.96757180,-8.339113,3.34467434e-02
52,0,1.98904963,-8.363101,3.49385784e-02
53,0,2.01052713,-8.383910,3.64233697e-02
54,0,2.03200496,-8.401513,3.79016165e-02
55,0,2.05348246,-8.415920,3.93685648e-02
56,0,2.07496029,-8.427121,4.08209062e-02
57,0,2.09643779,-8.435128,4.22561556e-02
58,0,2.11791562,-8.439933,4.36709415e-02
59,0,2.13939312,-8.441535,4.50623024e-02
60,0,2.13939312,-8.441535,4.50622935e-02
61,0,2.20382612,-8.639944,2.10746970e-02
62,0,2.26825912,-8.879154,6.65144642e-03
63,0,2.33269211,-9.149303,6.89995506e-04
64,0,2.39712495,-9.438544,5.45014285e-04
65,0,2.46155794,-9.736095,3.51188109e-03
66,0,2.52599094,-10.033039,7.53943144e-03
67,0,2.59042394,-10.322529,1.13239232e-02
68,0,2.65485693,-10.599298,1.41559192e-02
69,0,2.71928993,-10.859598,1.57365842e-02
70,0,2.78372276,-11.100614,1.60395488e-02
71,0,2.84815576,-11.320138,1.52045904e-02
72,0,2.91258876,-11.516590,1.34711288e-02
73,0,2.97702175,-11.688792,1.11309464e-02
74,0,3.04145475,-11.835792,8.49239621e-03
75,0,3.10588775,-11.956914,5.85658899e-03
76,0,3.17032058,-12.051610,3.49469339e-03
77,0,3.23475363,-12.119498,1.63468374e-03
78,0,3.29918661,-12.160320,4.47865584e-04
79,0,3.36361957,-12.174008,4.04246638e-05
80,0,3.36361957,-12.174008,4.04246620e-05
81,0,3.41622887,-12.164855,4.02252246e-05
82,0,3.46883817,-12.137635,3.96385066e-05
83,0,3.52144747,-12.092341,3.86707294e-05
84,0,3.57405686,-12.029118,3.73369798e-05
85,0,3.62666598,-11.948130,3.56696998e-05
86,0,3.67927530,-11.849741,3.36717937e-05
87,0,3.73188462,-11.734281,3.13854949e-05
88,0,3.78449394,-11.602234,2.88384636e-05
89,0,3.83710326,-11.454415,2.60850277e-05
90,0,3.88971258,-11.291718,2.31598043e-05
91,0,3.94232191,-11.115499,2.01076794e-05
92,0,3.99493123,-10.927719,1.69760601e-05
93,0,4.04754055,-10.731246,1.38110767e-05
94,0,4.10014987,-10.530251,1.06831968e-05
95,0,4.15275899,-10.331492,7.64992500e-06
96,0,4.20536831,-10.145155,4.82912692e-06
97,0,4.25797763,-9.986820,2.39757040e-06
98,0,4.31058696,-9.877355,6.69455256e-07
99,0,4.36319628,-9.837738,2.91332092e-08
0,1,0.00000000,-0.221237,1.42007369e-04
1,1,0.06074799,-0.304028,1.13962009e-03
2,1,0.12149598,-0.533108,3.77461529e-03
3,1,0.18224397,-0.861308,7.48889556e-03
4,1,0.24299205,-1.249585,1.19563755e-02
5,1,0.30373983,-1.673052,1.70512274e-02
6,1,0.36448784,-2.117453,2.27231393e-02
7,1,0.42523585,-2.574406,2.89335250e-02
8,1,0.48598386,-3.038851,3.56298701e-02
9,1,0.54673188,-3.507869,4.27196563e-02
10,1,0.60747989,-3.979083,5.00857417e-02
11,1,0.66822790,-4.451056,5.75889693e-02
12,1,0.72897591,-4.921378,6.50186557e-02
13,1,0.78972392,-5.388366,7.21839628e-02
14,1,0.85047193,-5.851013,7.88591054e-02
15,1,0.91121971,-6.307241,8.48414855e-02
16,1,0.97196773,-6.755448,8.99365099e-02
17,1,1.03271574,-7.193728,9.39692367e-02
18,1,1.09346375,-7.620536,9.68006808e-02
19,1,1.15421176,-8.034362,2.16463578e-05
20,1,1.15421176,-8.034362,2.15112442e-05
21,1,1.18458576,-8.033320,1.14226327e-03
22,1,1.21495976,-8.030216,4.47419613e-03
23,1,1.24533376,-8.025095,1.01529040e-02
24,1,1.27570776,-8.018102,1.76946894e-02
25,1,1.30608176,-8.009363,2.70247635e-02
26,1,1.33645576,-7.999066,3.79362821e-02
27,1,1.36682976,-7.987477,4.95836979e-02
28,1,1.39720381,-7.974810,6.16594043e-02
29,1,1.42757781,-7.961386,7.50244740e-02
30,1,1.45795159,-7.947528,8.38772795e-02
31,1,1.48832560,-7.933662,9.68144494e-02
32,1,1.51869960,-7.920150,1.08938776e-01
33,1,1.54907361,-7.907380,1.20825531e-01
34,1,1.57944761,-7.895736,1.30165974e-01
35,1,1.60982162,-7.885624,1.22941294e-01
36,1,1.64019563,-7.877365,6.74169952e-02
37,1,1.67056963,-7.871244,2.15564889e-02
38,1,1.70094364,-7.867476,3.29096142e-03
39,1,1.73131764,-7.866182,7.10149637e-05
40,1,1.73131764,-7.866182,7.09607291e-05
41,1,1.75279515,-7.808596,9.85173759e-02
42,1,1.77427297,-7.756296,9.56679447e-02
43,1,1.79575048,-7.709236,9.27160799e-02
44,1,1.81722830,-7.667276,8.97110687e-02
45,1,1.83870581,-7.630209,8.66988971e-02
46,1,1.86018364,-7.597762,8.37197291e-02
47,1,1.88166114,-7.569606,8.08060525e-02
48,1,1.90313897,-7.545351,7.79792919e-02
49,1,1.92461647,-7.524711,7.52626314e-02
50,1,1.94609430,-7.507363,7.26585738e-02
51,1,1.96757180,-7.492793,7.01750457e-02
52,1,1.98904963,-7.480754,6.78052116e-02
53,1,2.01052713,-7.470955,6.55396244e-02
54,1,2.03200496,-7.463114,6.33673841e-02
55,1,2.05348246,-7.457014,6.12725205e-02
56,1,2.07496029,-7.452412,5.92346177e-02
57,1,2.09643779,-7.449271,5.72418251e-02
58,1,2.11791562,-7.447428,5.52712057e-02
59,1,2.13939312,-7.446815,5.33037938e-02
60,1,2.13939312,-7.446815,5.33037852e-02
61,1,2.20382612,-7.247460,6.83065104e-02
62,1,2.26825912,-7.019417,8.37082091e-02
63,1,2.33269211,-6.762998,9.89157362e-02
64,1,2.39712495,-6.478367,1.13344078e-01
65,1,2.46155794,-6.166004,1.26424378e-01
66,1,2.52599094,-5.826264,1.37640113e-01
67,1,2.59042394,-5.459647,1.46530445e-01
68,1,2.65485693,-5.066690,1.52704578e-01
69,1,2.71928993,-4.648299,1.55855033e-01
70,1,2.78372276,-4.205520,1.55735625e-01
71,1,2.84815576,-3.739690,1.52194807e-01
72,1,2.91258876,-3.252868,1.45109723e-01
73,1,2.97702175,-2.748308,1.34346857e-01
74,1,3.04145475,-2.230417,1.19745793e-01
75,1,3.10588775,-1.707984,1.00909667e-01
76,1,3.17032058,-1.196202,7.71917591e-02
77,1,3.23475363,-0.726540,4.80555019e-02
78,1,3.29918661,-0.364477,1.67200658e-02
79,1,3.36361957,-0.221237,1.42009227e-04
80,1,3.36361957,-0.221237,1.42008013e-04
81,1,3.41622887,-0.329993,1.31031544e-04
82,1,3.46883817,-0.619918,1.07789957e-04
83,1,3.52144747,-1.018698,8.45485757e-05
84,1,3.57405686,-1.474774,6.52437702e-05
85,1,3.62666598,-1.958536,4.99156937e-05
86,1,3.67927530,-2.454449,3.77339496e-05
87,1,3.73188462,-2.952316,2.80433884e-05
88,1,3.78449394,-3.445848,2.03239883e-05
89,1,3.83710326,-3.930558,1.42057108e-05
90,1,3.88971258,-4.402823,9.42014537e-06
91,1,3.94232191,-4.859400,5.77163996e-06
92,1,3.99493123,-5.296989,3.11376927e-06
93,1,4.04754055,-5.711758,1.32638887e-06
94,1,4.10014987,-6.098368,3.21166805e-07
95,1,4.15275899,-6.449798,3.41783597e-09
96,1,4.20536831,-6.755259,2.47971638e-07
97,1,4.25797763,-6.998913,8.59583698e-07
98,1,4.31058696,-7.159679,1.51242022e-06
99,1,4.36319628,-7.216452,1.79873480e-06
0,2,0.00000000,-0.221237,4.17584917e-04
1,2,0.06074799,-0.273253,3.07057838e-03
2,2,0.12149598,-0.417348,9.87004792e-03
3,2,0.18224397,-0.620436,1.67784616e-02
4,2,0.24299205,-0.854281,2.19603170e-02
5,2,0.30373983,-1.099562,2.51001816e-02
6,2,0.36448784,-1.345517,2.64079432e-02
7,2,0.42523585,-1.584481,2.62518052e-02
8,2,0.48598386,-1.811733,2.49747401e-02
9,2,0.54673188,-2.024671,2.28549885e-02
10,2,0.60747989,-2.220993,2.01572137e-02
11,2,0.66822790,-2.399222,1.71083518e-02
12,2,0.72897591,-2.558338,1.39099503e-02
13,2,0.78972392,-2.697456,1.07457903e-02
14,2,0.85047193,-2.816014,7.77695521e-03
15,2,0.91121971,-2.913496,5.14608340e-03
16,2,0.97196773,-2.989660,2.97072120e-03
17,2,1.03271574,-3.044267,1.34614114e-03
18,2,1.09346375,-3.077078,3.43101403e-04
19,2,1.15421176,-3.088023,4.00761443e-06
20,2,1.15421176,-3.088023,4.00788846e-06
21,2,1.18458576,-3.097704,5.18588735e-03
22,2,1.21495976,-3.126067,2.01390909e-02
23,2,1.24533376,-3.171205,4.32963117e-02
24,2,1.27570776,-3.230427,7.25651365e-02
25,2,1.30608176,-3.300545,1.05854288e-01
26,2,1.33645576,-3.378349,1.41366705e-01
27,2,1.36682976,-3.460868,1.77767738e-01
28,2,1.39720381,-3.545310,2.13921868e-01
29,2,1.42757781,-3.629326,2.49123525e-01
30,2,1.45795159,-3.710912,2.82844814e-01
31,2,1.48832560,-3.788257,3.14571530e-01
32,2,1.51869960,-3.859926,3.43934353e-01
33,2,1.54907361,-3.924565,3.70485186e-01
34,2,1.57944761,-3.981093,3.93858369e-01
35,2,1.60982162,-4.028638,4.13648203e-01
36,2,1.64019563,-4.066409,4.29497397e-01
37,2,1.67056963,-4.093817,4.41079770e-01
38,2,1.70094364,-4.110419,4.48136932e-01
39,2,1.73131764,-4.115971,4.50522633e-01
40,2,1.73131764,-4.115971,4.50522634e-01
41,2,1.75279515,-4.160922,3.85104864e-01
42,2,1.77427297,-4.203776,3.85559413e-01
43,2,1.79575048,-4.244477,3.85840806e-01
44,2,1.81722830,-4.282950,3.85968753e-01
45,2,1.83870581,-4.319157,3.85939788e-01
46,2,1.86018364,-4.353049,3.85758021e-01
47,2,1.88166114,-4.384584,3.85427669e-01
48,2,1.90313897,-4.413723,3.84953176e-01
49,2,1.92461647,-4.440438,3.84338412e-01
50,2,1.94609430,-4.464692,3.83588757e-01
51,2,1.96757180,-4.486462,3.82707366e-01
52,2,1.98904963,-4.505724,3.81699567e-01
53,2,2.01052713,-4.522484,3.80570415e-01
54,2,2.03200496,-4.536669,3.79324916e-01
55,2,2.05348246,-4.548295,3.77968056e-01
56,2,2.07496029,-4.557325,3.76508222e-01
57,2,2.09643779,-4.563799,3.74944795e-01
58,2,2.11791562,-4.567686,3.73286553e-01
59,2,2.13939312,-4.568962,3.71539295e-01
60,2,2.13939312,-4.568962,3.71539294e-01
61,2,2.20382612,-4.667231,4.09350595e-01
62,2,2.26825912,-4.683691,4.30018043e-01
63,2,2.33269211,-4.625347,4.35429132e-01
64,2,2.39712495,-4.502100,4.29167107e-01
65,2,2.46155794,-4.323677,4.14750461e-01
66,2,2.52599094,-4.098907,3.94878718e-01
67,2,2.59042394,-3.834999,3.71387705e-01
68,2,2.65485693,-3.537912,3.45422347e-01
69,2,2.71928993,-3.213237,3.17651664e-01
70,2,2.78372276,-2.866140,2.88408524e-01
71,2,2.84815576,-2.501942,2.57781853e-01
72,2,2.91258876,-2.126895,2.25663987e-01
73,2,2.97702175,-1.748566,1.91796824e-01
74,2,3.04145475,-1.376798,1.55871059e-01
75,2,3.10588775,-1.024255,1.17802041e-01
76,2,3.17032058,-0.708614,7.83746955e-02
77,2,3.23475363,-0.451775,4.06684116e-02
78,2,3.29918661,-0.280740,1.14677948e-02
79,2,3.36361957,-0.221237,2.45742754e-04
80,2,3.36361957,-0.221237,2.86754631e-04
81,2,3.41622887,-0.236100,2.28260639e-03
82,2,3.46883817,-0.282174,2.31444586e-02
83,2,3.52144747,-0.352540,4.27695445e-02
84,2,3.57405686,-0.440122,1.88582712e-01
85,2,3.62666598,-0.538050,2.23220714e-01
86,2,3.67927530,-0.640874,2.83372066e-01
87,2,3.73188462,-0.744147,3.58008814e-01
88,2,3.78449394,-0.844362,4.78377792e-01
89,2,3.83710326,-0.939896,1.27217212e-01
90,2,3.88971258,-1.028758,4.11578539e-02
91,2,3.94232191,-1.109818,3.75757040e-01
92,2,3.99493123,-1.182323,4.80225126e-01
93,2,4.04754055,-1.245711,7.56360522e-01
94,2,4.10014987,-1.299418,6.57232300e-03
95,2,4.15275899,-1.343739,5.77531207e-01
96,2,4.20536831,-1.378237,9.37163331e-02
97,2,4.25797763,-1.402944,4.82585225e-01
98,2,4.31058696,-1.417777,7.01157002e-01
99,2,4.36319628,-1.422833,1.55712221e-01
0,3,0.00000000,-0.221237,3.74417666e-05
1,3,0.06074799,-0.273253,7.64016272e-03
2,3,0.12149598,-0.417348,2.53113721e-02
3,3,0.18224397,-0.620436,4.67965735e-02
4,3,0.24299205,-0.854280,6.82938579e-02
5,3,0.30373983,-1.099562,8.85619935e-02
6,3,0.36448784,-1.345517,1.07341633e-01
7,3,0.42523585,-1.584481,1.24729051e-01
8,3,0.48598386,-1.811733,1.40831650e-01
9,3,0.54673188,-2.024671,1.55687116e-01
10,3,0.60747989,-2.220993,1.69325729e-01
11,3,0.66822790,-2.399221,1.81730823e-01
12,3,0.72897591,-2.558338,1.92862193e-01
13,3,0.78972392,-2.697456,2.02669787e-01
14,3,0.85047193,-2.816014,2.11094542e-01
15,3,0.91121971,-2.913496,2.18082627e-01
16,3,0.97196773,-2.989660,2.23575550e-01
17,3,1.03271574,-3.044267,2.27531878e-01
18,3,1.09346375,-3.077077,2.29919217e-01
19,3,1.15421176,-3.088023,2.30717303e-01
20,3,1.15421176,-3.088023,2.30717301e-01
21,3,1.18458576,-3.097704,2.27783443e-01
22,3,1.21495976,-3.126067,2.19357227e-01
23,3,1.24533376,-3.171205,2.06426578e-01
24,3,1.27570776,-3.230427,1.90288715e-01
25,3,1.30608176,-3.300545,1.72216953e-01
26,3,1.33645576,-3.378349,1.53267215e-01
27,3,1.36682976,-3.460868,1.34159019e-01
28,3,1.39720381,-3.545310,1.15531149e-01
29,3,1.42757781,-3.629326,9.76984911e-02
30,3,1.45795159,-3.710911,8.08610034e-02
31,3,1.48832560,-3.788257,6.52319073e-02
32,3,1.51869960,-3.859926,5.09142220e-02
33,3,1.54907361,-3.924565,3.80963991e-02
34,3,1.57944761,-3.981093,2.68942035e-02
35,3,1.60982162,-4.028638,1.74631849e-02
36,3,1.64019563,-4.066409,9.94173324e-03
37,3,1.67056963,-4.093817,4.46297222e-03
38,3,1.70094364,-4.110419,1.13616915e-03
39,3,1.73131764,-4.115970,1.77095342e-05
40,3,1.73131764,-4.115970,1.77112425e-05
41,3,1.75279515,-4.065517,7.18603710e-02
42,3,1.77427297,-4.006250,7.78793094e-02
43,3,1.79575048,-3.938490,8.40839572e-02
44,3,1.81722830,-3.862762,9.04443092e-02
45,3,1.83870581,-3.779723,9.69378847e-02
46,3,1.86018364,-3.690187,1.03552288e-01
47,3,1.88166114,-3.595116,1.10287661e-01
48,3,1.90313897,-3.495610,1.17157274e-01
49,3,1.92461647,-3.393066,1.24181856e-01
50,3,1.94609430,-3.289015,1.31396753e-01
51,3,1.96757180,-3.185156,1.38824473e-01
52,3,1.98904963,-3.083567,1.46490762e-01
53,3,2.01052713,-2.986564,1.54400312e-01
54,3,2.03200496,-2.896860,1.62497537e-01
55,3,2.05348246,-2.817356,1.70684332e-01
56,3,2.07496029,-2.750976,1.78786638e-01
57,3,2.09643779,-2.700999,1.86541544e-01
58,3,2.11791562,-2.669834,1.93667380e-01
59,3,2.13939312,-2.659237,1.99904453e-01
60,3,2.13939312,-2.659237,1.99904453e-01
61,3,2.20382612,-2.519168,1.89937650e-01
62,3,2.26825912,-2.362696,1.78861794e-01
63,3,2.33269211,-2.191907,1.66801957e-01
64,3,2.39712495,-2.009155,1.53882801e-01
65,3,2.46155794,-1.817763,1.40253834e-01
66,3,2.52599094,-1.621230,1.26063789e-01
67,3,2.59042394,-1.423757,1.11485434e-01
68,3,2.65485693,-1.229855,9.67236059e-02
69,3,2.71928993,-1.044774,8.20355017e-02
70,3,2.78372276,-0.873833,6.77231446e-02
71,3,2.84815576,-0.720502,5.41420471e-02
72,3,2.91258876,-0.588153,4.16435204e-02
73,3,2.97702175,-0.478361,3.05453503e-02
74,3,3.04145475,-0.390914,2.10799877e-02
75,3,3.10588775,-0.324440,1.33749430e-02
76,3,3.17032058,-0.276357,7.45991869e-03
77,3,3.23475363,-0.244265,3.30018481e-03
78,3,3.29918661,-0.225970,8.36950474e-04
79,3,3.36361957,-0.221237,2.09282030e-04
80,3,3.36361957,-0.221237,1.68271436e-04
81,3,3.41622887,-0.236100,1.36278292e-02
82,3,3.46883817,-0.282174,3.56941900e-02
83,3,3.52144747,-0.352540,7.84036724e-02
84,3,3.57405686,-0.440122,5.68303068e-03
85,3,3.62666598,-0.538050,4.82471223e-02
86,3,3.67927530,-0.640874,6.51320833e-02
87,3,3.73188462,-0.744147,6.49459416e-02
88,3,3.78449394,-0.844362,1.52008177e-02
89,3,3.83710326,-0.939896,4.32216667e-01
90,3,3.88971258,-1.028758,5.79014121e-01
91,3,3.94232191,-1.109818,2.99710447e-01
92,3,3.99493123,-1.182323,2.44824902e-01
93,3,4.04754055,-1.245711,1.23026789e-02
94,3,4.10014987,-1.299418,7.99509213e-01
95,3,4.15275899,-1.343739,2.59511845e-01
96,3,4.20536831,-1.378237,7.67667405e-01
97,3,4.25797763,-1.402944,3.96299573e-01
98,3,4.31058696,-1.417777,1.88283827e-01
99,3,4.36319628,-1.422833,7.37259084e-01
0,4,0.00000000,2.274995,4.69270579e-07
1,4,0.06074799,2.244732,2.93391876e-01
2,4,0.12149598,2.154349,2.86929764e-01
3,4,0.18224397,2.016423,2.77816887e-01
4,4,0.24299205,1.845019,2.67504369e-01
5,4,0.30373983,1.653898,2.56975469e-01
6,4,0.36448784,1.454130,2.46750440e-01
7,4,0.42523585,1.254906,2.36999237e-01
8,4,0.48598386,1.063070,2.27728388e-01
9,4,0.54673188,0.883751,2.18882614e-01
10,4,0.60747989,0.720924,2.10390274e-01
11,4,0.66822790,0.577793,2.02193584e-01
12,4,0.72897591,0.456413,1.94251005e-01
13,4,0.78972392,0.359191,1.86552363e-01
14,4,0.85047193,0.287551,1.79085465e-01
15,4,0.91121971,0.243231,1.71861288e-01
16,4,0.97196773,0.226879,1.64900307e-01
17,4,1.03271574,0.240200,1.58215218e-01
18,4,1.09346375,0.284534,1.51834033e-01
19,4,1.15421176,0.360751,1.73643361e-04
20,4,1.15421176,0.360751,1.73824513e-04
21,4,1.18458576,0.378034,3.92556404e-02
22,4,1.21495976,0.429218,1.00075633e-01
23,4,1.24533376,0.512893,1.45127053e-01
24,4,1.27570776,0.625517,1.73388328e-01
25,4,1.30608176,0.764456,1.89231726e-01
26,4,1.33645576,0.926614,1.95973953e-01
27,4,1.36682976,1.109305,1.96148775e-01
28,4,1.39720381,1.309518,1.91876416e-01
29,4,1.42757781,1.525288,1.84514505e-01
30,4,1.45795159,1.754526,1.75142699e-01
31,4,1.48832560,1.995871,1.64581817e-01
32,4,1.51869960,2.247569,1.53294367e-01
33,4,1.54907361,2.508368,1.41603468e-01
34,4,1.57944761,2.777064,1.29631480e-01
35,4,1.60982162,3.050460,1.17274413e-01
36,4,1.64019563,3.325448,1.04030544e-01
37,4,1.67056963,3.593549,8.83030464e-02
38,4,1.70094364,3.828788,6.50346109e-02
39,4,1.73131764,3.942405,1.73673613e-04
40,4,1.73131764,3.942405,1.74139491e-04
41,4,1.75279515,3.837369,1.16241542e-04
42,4,1.77427297,3.652729,4.45662982e-03
43,4,1.79575048,3.435041,9.93096248e-03
44,4,1.81722830,3.206234,1.40904640e-02
45,4,1.83870581,2.975236,1.69943757e-02
46,4,1.86018364,2.746290,1.89289342e-02
47,4,1.88166114,2.521870,2.00971194e-02
48,4,1.90313897,2.303456,2.06198183e-02
49,4,1.92461647,2.093182,2.05563701e-02
50,4,1.94609430,1.891880,1.99395060e-02
51,4,1.96757180,1.702051,1.87872750e-02
52,4,1.98904963,1.525161,1.71176349e-02
53,4,2.01052713,1.363358,1.49684113e-02
54,4,2.03200496,1.219159,1.24133656e-02
55,4,2.05348246,1.095297,9.58759323e-03
56,4,2.07496029,0.995251,6.69525481e-03
57,4,2.09643779,0.920814,4.01685314e-03
58,4,2.11791562,0.875006,1.86036380e-03
59,4,2.13939312,0.859611,5.07923972e-04
60,4,2.13939312,0.859611,5.07923809e-04
61,4,2.20382612,1.022667,7.92222194e-04
62,4,2.26825912,1.205036,1.28370814e-03
63,4,2.33269211,1.403751,2.11970222e-03
64,4,2.39712495,1.615620,3.52934035e-03
65,4,2.46155794,1.834222,5.87749738e-03
66,4,2.52599094,2.052884,9.75131524e-03
67,4,2.59042394,2.261745,1.60132516e-02
68,4,2.65485693,2.448497,2.57431916e-02
69,4,2.71928993,2.598664,3.98145876e-02
70,4,2.78372276,2.700806,5.81136399e-02
71,4,2.84815576,2.751308,7.90062695e-02
72,4,2.91258876,2.756410,1.00258968e-01
73,4,2.97702175,2.728260,1.20594054e-01
74,4,3.04145475,2.624919,1.33791746e-01
75,4,3.10588775,2.499518,1.38826445e-01
76,4,3.17032058,2.401936,1.42847659e-01
77,4,3.23475363,2.332191,1.45777283e-01
78,4,3.29918661,2.290323,1.47558434e-01
79,4,3.36361957,2.274995,4.76169168e-07
80,4,3.36361957,2.274995,4.69591349e-07
81,4,3.41622887,2.299708,4.80999984e-01
82,4,3.46883817,2.333157,3.83342115e-05
83,4,3.52144747,2.315336,6.03163863e-05
84,4,3.57405686,2.255115,8.02209769e-05
85,4,3.62666598,2.169645,9.95216539e-05
86,4,3.67927530,2.070163,1.18009561e-04
87,4,3.73188462,1.964771,1.35341220e-04
88,4,3.78449394,1.858751,1.51221075e-04
89,4,3.83710326,1.755657,1.65543050e-04
90,4,3.88971258,1.658128,1.78268749e-04
91,4,3.94232191,1.568001,1.89430753e-04
92,4,3.99493123,1.486340,1.99101091e-04
93,4,4.04754055,1.414128,2.07382878e-04
94,4,4.10014987,1.352965,2.14146218e-04
95,4,4.15275899,1.302102,2.19673582e-04
96,4,4.20536831,1.262291,2.23926041e-04
97,4,4.25797763,1.233807,2.26951882e-04
98,4,4.31058696,1.216620,2.28750505e-04
99,4,4.36319628,1.210881,2.29348943e-04
0,5,0.00000000,2.274995,3.12976098e-01
1,5,0.06074799,2.344461,1.44768928e-01
2,5,0.12149598,2.532908,1.35852122e-01
3,5,0.18224397,2.809689,1.25543434e-01
4,5,0.24299205,3.146167,1.15777747e-01
5,5,0.30373983,3.523605,1.06969623e-01
6,5,0.36448784,3.928399,9.90282050e-02
7,5,0.42523585,3.766002,7.26541023e-02
8,5,0.48598386,3.391923,8.45970028e-02
9,5,0.54673188,2.987801,9.27260778e-02
10,5,0.60747989,2.587837,9.91165173e-02
11,5,0.66822790,2.207108,1.04634358e-01
12,5,0.72897591,1.854986,1.09727884e-01
13,5,0.78972392,1.536719,1.14602829e-01
14,5,0.85047193,1.252390,1.19418003e-01
15,5,0.91121971,1.003715,1.24286346e-01
16,5,0.97196773,0.790614,1.29293346e-01
17,5,1.03271574,0.612883,1.34511846e-01
18,5,1.09346375,0.469881,1.39990133e-01
19,5,1.15421176,0.360751,2.91344946e-01
20,5,1.15421176,0.360751,2.91344766e-01
21,5,1.18458576,0.378034,2.50330413e-01
22,5,1.21495976,0.429218,1.83919024e-01
23,5,1.24533376,0.512893,1.30168368e-01
24,5,1.27570776,0.625517,9.08381638e-02
25,5,1.30608176,0.764456,6.23089727e-02
26,5,1.33645576,0.926614,4.19192683e-02
27,5,1.36682976,1.109305,2.76364738e-02
28,5,1.39720381,1.309518,1.77216075e-02
29,5,1.42757781,1.525288,1.10478576e-02
30,5,1.45795159,1.754526,6.67367868e-03
31,5,1.48832560,1.995871,3.86137303e-03
32,5,1.51869960,2.247569,2.14678271e-03
33,5,1.54907361,2.508368,1.16439066e-03
34,5,1.57944761,2.777064,6.58450572e-04
35,5,1.60982162,3.050460,4.69231537e-04
36,5,1.64019563,3.325448,5.60423346e-04
37,5,1.67056963,3.593549,1.36845994e-03
38,5,1.70094364,3.828788,6.05921657e-03
39,5,1.73131764,3.942405,5.67737694e-02
40,5,1.73131764,3.942405,5.67733021e-02
41,5,1.75279515,3.977453,5.47487794e-02
42,5,1.77427297,3.993789,5.91543028e-02
43,5,1.79575048,3.995050,6.18413909e-02
44,5,1.81722830,3.987634,6.32627320e-02
45,5,1.83870581,3.974346,6.39291790e-02
46,5,1.86018364,3.957735,6.41622802e-02
47,5,1.88166114,3.939508,6.41506013e-02
48,5,1.90313897,3.920883,6.40007388e-02
49,5,1.92461647,3.902477,6.37669630e-02
50,5,1.94609430,3.884730,6.34802642e-02
51,5,1.96757180,3.868368,6.31581512e-02
52,5,1.98904963,3.853489,6.28064728e-02
53,5,2.01052713,3.839893,6.24154857e-02
54,5,2.03200496,3.828516,6.20067355e-02
55,5,2.05348246,3.819082,6.15663523e-02
56,5,2.07496029,3.811827,6.10880504e-02
57,5,2.09643779,3.806493,6.05691711e-02
58,5,2.11791562,3.803278,6.00010020e-02
59,5,2.13939312,3.802232,5.93762201e-02
60,5,2.13939312,3.802232,5.93762232e-02
61,5,2.20382612,4.605246,3.63011156e-02
62,5,2.26825912,5.396746,1.46868919e-02
63,5,2.33269211,5.788534,4.60957367e-02
64,5,2.39712495,5.371642,5.40878883e-02
65,5,2.46155794,4.979658,6.24468098e-02
66,5,2.52599094,4.611788,7.10655619e-02
67,5,2.59042394,4.269688,7.98270365e-02
68,5,2.65485693,3.954048,8.86062750e-02
69,5,2.71928993,3.664845,9.72632135e-02
70,5,2.78372276,3.402087,1.05655292e-01
71,5,2.84815576,3.166828,1.13643688e-01
72,5,2.91258876,2.958744,1.21083494e-01
73,5,2.97702175,2.778083,1.27841404e-01
74,5,3.04145475,2.679440,1.40308695e-01
75,5,3.10588775,2.619012,1.61645460e-01
76,5,3.17032058,2.496909,8.10310826e-02
77,5,3.23475363,2.381671,1.11539661e-01
78,5,3.29918661,2.304197,1.37219272e-01
79,5,3.36361957,2.274995,5.74719817e-01
80,5,3.36361957,2.274995,4.09839195e-01
81,5,3.41622887,2.299708,9.62802472e-02
82,5,3.46883817,2.366765,4.41652905e-01
83,5,3.52144747,2.469830,6.24334953e-02
84,5,3.57405686,2.598166,1.86001546e-01
85,5,3.62666598,2.739683,1.89673618e-01
86,5,3.67927530,2.881542,2.22867760e-02
87,5,3.73188462,3.011233,1.12581851e-01
88,5,3.78449394,3.117875,3.20325800e-02
89,5,3.83710326,3.192899,4.35637196e-02
90,5,3.88971258,3.234047,4.87660134e-03
91,5,3.94232191,3.244219,3.65038459e-02
92,5,3.99493123,3.230154,1.48927954e-02
93,5,4.04754055,3.200406,1.20671571e-02
94,5,4.10014987,3.162864,1.83801484e-03
95,5,4.15275899,3.124037,2.57787110e-03
96,5,4.20536831,3.089200,1.47109468e-03
97,5,4.25797763,3.061860,4.12816045e-04
98,5,4.31058696,3.044540,8.35573728e-05
99,5,4.36319628,3.037693,1.65828588e-04
0,6,0.00000000,2.274995,2.79201798e-01
1,6,0.06074799,2.344461,1.41159360e-01
2,6,0.12149598,2.532908,1.24779356e-01
3,6,0.18224397,2.809689,1.05537227e-01
4,6,0.24299205,3.146167,8.72246019e-02
5,6,0.30373983,3.523605,7.10186694e-02
6,6,0.36448784,3.928399,5.70904707e-02
7,6,0.42523585,4.353477,9.17294667e-02
8,6,0.48598386,4.794438,8.48898769e-02
9,6,0.54673188,5.246494,7.84242961e-02
10,6,0.60747989,5.707975,7.22578670e-02
11,6,0.66822790,6.178182,6.63800283e-02
12,6,0.72897591,6.653573,6.07738187e-02
13,6,0.78972392,7.135955,5.54904914e-02
14,6,0.85047193,7.623230,5.06034511e-02
15,6,0.91121971,8.117273,4.62637375e-02
16,6,0.97196773,8.610386,4.26872692e-02
17,6,1.03271574,9.095365,4.05706470e-02
18,6,1.09346375,9.540429,4.17053797e-02
19,6,1.15421176,9.778134,4.61992478e-02
20,6,1.15421176,9.778134,4.61992434e-02
21,6,1.18458576,9.751137,4.60241782e-02
22,6,1.21495976,9.664357,4.50105002e-02
23,6,1.24533376,9.507946,4.25221941e-02
24,6,1.27570776,9.284278,3.93452419e-02
25,6,1.30608176,9.010263,3.69297585e-02
26,6,1.33645576,8.704441,3.58663110e-02
27,6,1.36682976,8.378108,3.60365548e-02
28,6,1.39720381,8.042206,3.73108194e-02
29,6,1.42757781,7.701520,3.94841999e-02
30,6,1.45795159,7.358434,4.24065566e-02
31,6,1.48832560,7.015337,4.60753506e-02
32,6,1.51869960,6.672463,5.03955107e-02
33,6,1.54907361,6.334162,5.54875777e-02
34,6,1.57944761,6.000866,6.13377338e-02
35,6,1.60982162,5.673880,6.81085582e-02
36,6,1.64019563,5.357423,7.59662812e-02
37,6,1.67056963,5.059744,8.53131367e-02
38,6,1.70094364,4.807018,9.73842991e-02
39,6,1.73131764,4.688886,1.28068703e-01
40,6,1.73131764,4.688886,1.28068703e-01
41,6,1.75279515,4.699999,1.14685987e-01
42,6,1.77427297,4.799212,1.07992253e-01
43,6,1.79575048,4.939569,9.99577034e-02
44,6,1.81722830,5.065296,2.65453474e-03
45,6,1.83870581,5.195651,1.55425189e-03
46,6,1.86018364,5.333572,9.01640086e-04
47,6,1.88166114,5.477195,5.10597017e-04
48,6,1.90313897,5.625267,2.74420301e-04
49,6,1.92461647,5.776664,1.30957305e-04
50,6,1.94609430,5.930598,4.79185866e-05
51,6,1.96757180,6.086532,6.93942014e-06
52,6,1.98904963,6.243739,5.14851733e-06
53,6,2.01052713,6.401394,5.47843139e-05
54,6,2.03200496,6.558659,1.91263541e-04
55,6,2.05348246,6.713933,5.14063057e-04
56,6,2.07496029,6.864863,1.30111787e-03
57,6,2.09643779,7.004239,3.41151397e-03
58,6,2.11791562,7.116496,9.63157985e-03
59,6,2.13939312,7.164785,2.51134522e-02
60,6,2.13939312,7.164785,2.51134512e-02
61,6,2.20382612,6.686147,3.15462229e-02
62,6,2.26825912,6.227142,3.85592646e-02
63,6,2.33269211,5.881088,1.23568139e-03
64,6,2.39712495,5.666431,1.21557696e-02
65,6,2.46155794,5.304217,1.28920034e-02
66,6,2.52599094,4.938639,1.03579534e-02
67,6,2.59042394,4.591579,6.90801054e-03
68,6,2.65485693,4.267603,3.52815883e-03
69,6,2.71928993,3.966560,9.85193750e-04
70,6,2.78372276,3.688152,5.22435399e-05
71,6,2.84815576,3.434025,1.60120755e-03
72,6,2.91258876,3.203003,6.62756263e-03
73,6,2.97702175,2.994195,1.62402055e-02
74,6,3.04145475,2.806825,3.15440821e-02
75,6,3.10588775,2.640663,5.32845437e-02
76,6,3.17032058,2.548351,1.89321059e-01
77,6,3.23475363,2.458214,2.30187114e-01
78,6,3.29918661,2.342919,2.76779945e-01
79,6,3.36361957,2.274995,1.74580754e-02
80,6,3.36361957,2.274995,1.82338711e-01
81,6,3.41622887,2.303229,1.35986106e-05
82,6,3.46883817,2.366765,9.41304453e-02
83,6,3.52144747,2.469830,4.13464404e-01
84,6,3.57405686,2.598166,2.20367265e-01
85,6,3.62666598,2.739683,1.44397331e-01
86,6,3.67927530,2.881542,2.41551536e-01
87,6,3.73188462,3.011233,8.65658212e-02
88,6,3.78449394,3.117875,1.10707258e-01
89,6,3.83710326,3.192899,5.33711015e-02
90,6,3.88971258,3.234047,5.75446449e-02
91,6,3.94232191,3.244219,1.83633822e-03
92,6,3.99493123,3.230154,7.73500506e-03
93,6,4.04754055,3.200406,8.30143736e-04
94,6,4.10014987,3.162864,5.27502474e-03
95,6,4.15275899,3.124037,1.19956650e-03
96,6,4.20536831,3.089200,4.35672739e-04
97,6,4.25797763,3.061860,4.90616470e-04
98,6,4.31058696,3.044540,3.34626976e-04
99,6,4.36319628,3.037693,1.09355998e-04
0,7,0.00000000,3.020503,6.44827609e-07
1,7,0.06074799,3.103032,5.89683898e-05
2,7,0.12149598,3.322531,7.28555082e-04
3,7,0.18224397,3.618009,3.41759749e-03
4,7,0.24299205,3.911187,1.10261821e-02
5,7,0.30373983,4.090297,2.83998653e-02
6,7,0.36448784,4.036068,5.32646781e-02
7,7,0.42523585,4.353477,4.52347175e-02
8,7,0.48598386,4.794438,3.52178405e-02
9,7,0.54673188,5.246494,2.68626966e-02
10,7,0.60747989,5.707975,1.99774120e-02
11,7,0.66822790,6.178182,1.44011669e-02
12,7,0.72897591,6.653573,9.98628267e-03
13,7,0.78972392,7.135955,6.58607244e-03
14,7,0.85047193,7.623230,4.06258208e-03
15,7,0.91121971,8.117273,2.27721523e-03
16,7,0.97196773,8.610387,1.10537813e-03
17,7,1.03271574,9.095365,4.22647063e-04
18,7,1.09346375,9.540429,1.14454053e-04
19,7,1.15421176,9.778135,5.13308690e-05
20,7,1.15421176,9.778135,5.13319517e-05
21,7,1.18458576,9.751137,9.61234589e-05
22,7,1.21495976,9.664358,3.24362361e-04
23,7,1.24533376,9.507946,9.45397410e-04
24,7,1.27570776,9.284278,1.96333642e-03
25,7,1.30608176,9.010263,3.10276404e-03
26,7,1.33645576,8.704441,4.14319297e-03
27,7,1.36682976,8.378108,5.05074469e-03
28,7,1.39720381,8.042206,5.77554868e-03
29,7,1.42757781,7.701520,6.37904588e-03
30,7,1.45795159,7.358434,6.92261157e-03
31,7,1.48832560,7.015337,7.38107094e-03
32,7,1.51869960,6.672463,7.86414032e-03
33,7,1.54907361,6.334162,8.32878751e-03
34,7,1.57944761,6.000866,8.92915284e-03
35,7,1.60982162,5.673880,9.72552451e-03
36,7,1.64019563,5.357423,1.10870668e-02
37,7,1.67056963,5.059744,1.36847460e-02
38,7,1.70094364,4.807018,1.79408933e-02
39,7,1.73131764,4.688886,5.16999519e-05
40,7,1.73131764,4.688886,5.17004339e-05
41,7,1.75279515,4.752448,1.23232860e-02
42,7,1.77427297,4.839416,7.59157990e-03
43,7,1.79575048,4.945198,4.51062914e-03
44,7,1.81722830,5.099288,9.29922763e-02
45,7,1.83870581,5.269835,8.70944601e-02
46,7,1.86018364,5.447473,8.19992286e-02
47,7,1.88166114,5.630333,7.74989967e-02
48,7,1.90313897,5.817656,7.34594930e-02
49,7,1.92461647,6.008183,6.97907031e-02
50,7,1.94609430,6.201417,6.64251693e-02
51,7,1.96757180,6.397613,6.33707520e-02
52,7,1.98904963,6.596115,6.06077278e-02
53,7,2.01052713,6.797382,5.81602046e-02
54,7,2.03200496,6.999308,5.60920776e-02
55,7,2.05348246,7.202049,5.45449450e-02
56,7,2.07496029,7.405057,5.38654239e-02
57,7,2.09643779,7.603816,5.48506356e-02
58,7,2.11791562,7.748707,4.98960727e-02
59,7,2.13939312,7.702336,3.64694755e-02
60,7,2.13939312,7.702336,3.64694748e-02
61,7,2.20382612,7.215723,3.81649214e-02
62,7,2.26825912,6.799880,4.16696276e-02
63,7,2.33269211,6.732269,4.00745229e-02
64,7,2.39712495,6.440299,9.23460826e-02
65,7,2.46155794,6.139456,9.77615672e-02
66,7,2.52599094,5.875243,1.01623174e-01
67,7,2.59042394,5.655426,1.02847387e-01
68,7,2.65485693,5.488431,1.00000791e-01
69,7,2.71928993,5.380580,9.16095427e-02
70,7,2.78372276,5.329732,7.69391826e-02
71,7,2.84815576,5.315887,5.66028113e-02
72,7,2.91258876,5.287425,3.26441076e-02
73,7,2.97702175,5.157682,1.05507325e-02
74,7,3.04145475,4.851312,2.97456428e-04
75,7,3.10588775,4.393370,2.75412478e-03
76,7,3.17032058,3.882557,7.90103745e-03
77,7,3.23475363,3.423254,6.77617272e-03
78,7,3.29918661,3.119101,1.02688819e-03
79,7,3.36361957,3.020503,6.44834681e-07
80,7,3.36361957,3.020503,6.44836970e-07
81,7,3.41622887,3.086656,2.82890944e-06
82,7,3.46883817,3.296273,1.30877522e-05
83,7,3.52144747,3.633642,3.19562189e-05
84,7,3.57405686,4.047656,5.34751555e-05
85,7,3.62666598,4.499263,7.38992420e-05
86,7,3.67927530,4.965141,9.13233864e-05
87,7,3.73188462,5.433911,1.05054914e-04
88,7,3.78449394,5.897802,1.14442552e-04
89,7,3.83710326,6.348814,1.18546268e-04
90,7,3.88971258,6.772653,1.15097112e-04
91,7,3.94232191,7.135813,9.83829914e-05
92,7,3.99493123,7.373992,6.41630544e-05
93,7,4.04754055,7.454108,3.17748264e-05
94,7,4.10014987,7.437108,1.53988283e-05
95,7,4.15275899,7.387328,8.19322437e-06
96,7,4.20536831,7.335059,4.74936032e-06
97,7,4.25797763,7.292487,2.99306383e-06
98,7,4.31058696,7.265248,2.13177447e-06
99,7,4.36319628,7.255859,1.87027606e-06
0,8,0.00000000,7.439846,2.90784401e-04
1,8,0.06074799,7.358478,7.47593679e-02
2,8,0.12149598,7.083810,7.19860890e-02
3,8,0.18224397,6.723670,6.77336578e-02
4,8,0.24299205,6.374932,5.92083546e-02
5,8,0.30373983,6.161960,4.14357930e-02
6,8,0.36448784,6.211337,1.93409800e-02
7,8,0.42523585,6.510669,6.17771316e-03
8,8,0.48598386,6.951435,1.17287162e-03
9,8,0.54673188,7.459296,2.90838128e-05
10,8,0.60747989,8.000236,7.34259130e-04
11,8,0.66822790,8.557251,2.48010979e-03
12,8,0.72897591,9.118172,4.88829053e-03
13,8,0.78972392,9.678603,7.73037570e-03
14,8,0.85047193,10.073465,7.83541289e-03
15,8,0.91121971,10.459379,6.33626911e-03
16,8,0.97196773,10.873249,4.96942946e-03
17,8,1.03271574,11.308836,3.75330195e-03
18,8,1.09346375,10.962063,5.28947823e-03
19,8,1.15421176,10.719854,8.10346235e-05
20,8,1.15421176,10.719854,8.10328512e-05
21,8,1.18458576,10.676350,7.03476226e-04
22,8,1.21495976,10.576012,3.70041145e-04
23,8,1.24533376,10.472638,1.98258014e-03
24,8,1.27570776,10.395856,4.73517179e-03
25,8,1.30608176,10.346946,7.01986745e-03
26,8,1.33645576,10.317337,8.34933716e-03
27,8,1.36682976,10.298527,8.82618381e-03
28,8,1.39720381,10.287642,8.64956796e-03
29,8,1.42757781,10.281729,8.03556221e-03
30,8,1.45795159,10.278302,7.10634038e-03
31,8,1.48832560,10.277010,6.05180809e-03
32,8,1.51869960,10.276169,4.93658976e-03
33,8,1.54907361,10.276772,3.81584895e-03
34,8,1.57944761,10.277770,2.76113860e-03
35,8,1.60982162,10.278861,1.82792397e-03
36,8,1.64019563,10.279888,1.05665378e-03
37,8,1.67056963,10.280718,4.80715953e-04
38,8,1.70094364,10.281969,1.22959206e-04
39,8,1.73131764,10.282995,2.07650242e-06
40,8,1.73131764,10.282995,2.07638122e-06
41,8,1.75279515,10.167889,3.06986474e-02
42,8,1.77427297,10.045536,3.24807140e-02
43,8,1.79575048,9.918268,3.42210191e-02
44,8,1.81722830,9.786249,3.59277958e-02
45,8,1.83870581,9.649955,3.76148460e-02
46,8,1.86018364,9.509888,3.92895605e-02
47,8,1.88166114,9.366472,4.09570421e-02
48,8,1.90313897,9.220458,4.26190337e-02
49,8,1.92461647,9.071449,4.42806720e-02
50,8,1.94609430,8.920199,4.59366311e-02
51,8,1.96757180,8.767125,4.75923024e-02
52,8,1.98904963,8.612697,4.92366249e-02
53,8,2.01052713,8.455845,5.08572948e-02
54,8,2.03200496,8.300848,5.24036315e-02
55,8,2.05348246,8.147483,5.37783225e-02
56,8,2.07496029,7.998617,5.47008969e-02
57,8,2.09643779,7.860322,5.43180925e-02
58,8,2.11791562,7.787577,5.99159330e-02
59,8,2.13939312,7.889672,6.67414042e-02
60,8,2.13939312,7.889672,6.67414058e-02
61,8,2.20382612,7.501657,7.30176444e-02
62,8,2.26825912,7.127311,7.95658958e-02
63,8,2.33269211,6.771575,8.61224897e-02
64,8,2.39712495,6.737550,2.43094417e-03
65,8,2.46155794,6.455206,3.62556294e-03
66,8,2.52599094,6.214921,5.16317745e-03
67,8,2.59042394,6.022615,7.06035725e-03
68,8,2.65485693,5.885740,9.30250195e-03
69,8,2.71928993,5.804898,1.18068939e-02
70,8,2.78372276,5.783720,1.44454560e-02
71,8,2.84815576,5.826822,1.70183912e-02
72,8,2.91258876,5.934049,1.93281917e-02
73,8,2.97702175,6.102644,2.12046616e-02
74,8,3.04145475,6.326262,2.25703633e-02
75,8,3.10588775,6.593194,2.34686874e-02
76,8,3.17032058,6.883560,2.40599789e-02
77,8,3.23475363,7.163689,2.45573261e-02
78,8,3.29918661,7.379632,2.50532253e-02
79,8,3.36361957,7.439846,2.90784486e-04
80,8,3.36361957,7.439846,2.90784465e-04
81,8,3.41622887,7.428910,8.14565250e-02
82,8,3.46883817,7.334219,2.53561461e-02
83,8,3.52144747,7.202059,1.16777485e-02
84,8,3.57405686,7.057679,4.89568091e-02
85,8,3.62666598,6.923868,8.13740497e-03
86,8,3.67927530,6.819811,1.16378492e-02
87,8,3.73188462,6.762105,1.27580887e-02
88,8,3.78449394,6.765239,4.11796228e-02
89,8,3.83710326,6.836767,7.62326401e-02
90,8,3.88971258,6.980951,1.08683302e-01
91,8,3.94232191,7.195369,6.39593563e-02
92,8,3.99493123,7.473271,9.75859412e-02
93,8,4.04754055,7.808703,1.14316558e-02
94,8,4.10014987,8.190079,2.20180824e-02
95,8,4.15275899,8.608903,1.21547940e-02
96,8,4.20536831,9.063518,2.89531673e-02
97,8,4.25797763,9.535658,2.48293123e-02
98,8,4.31058696,10.003533,1.25981929e-02
99,8,4.36319628,10.290997,2.44008151e-03
0,9,0.00000000,7.456025,4.09839221e-02
1,9,0.06074799,7.477038,2.51870975e-02
2,9,0.12149598,7.517033,2.47993182e-02
3,9,0.18224397,7.583765,2.41632929e-02
4,9,0.24299205,7.677220,2.32937135e-02
5,9,0.30373983,7.797374,2.22105716e-02
6,9,0.36448784,7.944199,2.09384950e-02
7,9,0.42523585,8.117658,1.95061760e-02
8,9,0.48598386,8.317712,1.79455503e-02
9,9,0.54673188,8.544302,1.62905781e-02
10,9,0.60747989,8.797372,1.45768336e-02
11,9,0.66822790,9.077530,1.28389206e-02
12,9,0.72897591,9.383311,1.11147228e-02
13,9,0.78972392,9.715326,9.43648834e-03
14,9,0.85047193,10.228431,1.08629058e-02
15,9,0.91121971,10.765232,1.41538435e-02
16,9,0.97196773,11.282688,1.75126517e-02
17,9,1.03271574,11.418463,7.56627072e-03
18,9,1.09346375,10.962063,2.62352880e-04
19,9,1.15421176,10.719854,1.44689022e-04
20,9,1.15421176,10.719854,1.44690725e-04
21,9,1.18458576,10.676350,2.65029169e-04
22,9,1.21495976,10.576012,2.96456838e-03
23,9,1.24533376,10.472638,5.40610824e-03
24,9,1.27570776,10.395856,7.39729519e-03
25,9,1.30608176,10.346946,9.30512259e-03
26,9,1.33645576,10.317337,1.12650090e-02
27,9,1.36682976,10.298527,1.33637517e-02
28,9,1.39720381,10.287642,1.55990415e-02
29,9,1.42757781,10.281729,1.79273618e-02
30,9,1.45795159,10.278302,2.03489220e-02
31,9,1.48832560,10.277010,2.27007119e-02
32,9,1.51869960,10.276169,2.49657929e-02
33,9,1.54907361,10.276772,2.70874838e-02
34,9,1.57944761,10.277771,2.90021285e-02
35,9,1.60982162,10.278861,3.06521523e-02
36,9,1.64019563,10.279888,3.19903424e-02
37,9,1.67056963,10.280718,3.29770053e-02
38,9,1.70094364,10.281969,3.35899110e-02
39,9,1.73131764,10.282995,3.38011995e-02
40,9,1.73131764,10.282995,3.38011978e-02
41,9,1.75279515,10.385342,6.36905004e-03
42,9,1.77427297,10.466852,8.21360604e-03
43,9,1.79575048,10.520452,1.04875822e-02
44,9,1.81722830,10.538206,1.30697695e-02
45,9,1.83870581,10.514916,1.56737896e-02
46,9,1.86018364,10.450343,1.79776366e-02
47,9,1.88166114,10.349022,1.97953749e-02
48,9,1.90313897,10.218542,2.11159799e-02
49,9,1.92461647,10.064740,2.20263598e-02
50,9,1.94609430,9.893144,2.26429177e-02
51,9,1.96757180,9.710458,2.30023728e-02
52,9,1.98904963,9.519077,2.31563811e-02
53,9,2.01052713,9.319986,2.30966674e-02
54,9,2.03200496,9.118471,2.27716228e-02
55,9,2.05348246,8.914771,2.20339345e-02
56,9,2.07496029,8.711371,2.05166736e-02
57,9,2.09643779,8.511147,1.73645730e-02
58,9,2.11791562,8.326354,9.89033034e-03
59,9,2.13939312,8.224283,2.18977080e-04
60,9,2.13939312,8.224283,2.18977243e-04
61,9,2.20382612,7.807405,4.82260592e-04
62,9,2.26825912,7.418616,9.05733414e-04
63,9,2.33269211,7.061166,1.53635542e-03
64,9,2.39712495,7.397290,1.78664098e-02
65,9,2.46155794,8.228929,7.40547087e-03
66,9,2.52599094,9.040115,2.30905353e-03
67,9,2.59042394,9.734722,2.56928764e-04
68,9,2.65485693,10.178476,2.22479477e-04
69,9,2.71928993,10.294186,1.20784738e-03
70,9,2.78372276,9.525204,1.52345721e-02
71,9,2.84815576,8.749934,2.86569308e-02
72,9,2.91258876,8.084559,4.77177368e-02
73,9,2.97702175,7.595495,6.94867245e-02
74,9,3.04145475,7.341954,8.35772516e-02
75,9,3.10588775,7.284385,8.56762558e-02
76,9,3.17032058,7.326265,8.25215985e-02
77,9,3.23475363,7.392862,7.90321385e-02
78,9,3.29918661,7.444525,7.67334525e-02
79,9,3.36361957,7.456025,2.78663459e-02
80,9,3.36361957,7.456025,7.68192648e-04
81,9,3.41622887,7.428910,2.05660926e-02
82,9,3.46883817,7.334219,7.91683294e-02
83,9,3.52144747,7.202059,9.72921175e-02
84,9,3.57405686,7.057679,6.63467401e-02
85,9,3.62666598,6.923868,1.14921901e-01
86,9,3.67927530,6.819811,1.19602700e-01
87,9,3.73188462,6.762105,1.25500786e-01
88,9,3.78449394,6.765239,1.00842450e-01
89,9,3.83710326,6.836767,6.43306570e-02
90,9,3.88971258,6.980951,2.43013869e-02
91,9,3.94232191,7.195369,5.60108005e-02
92,9,3.99493123,7.473271,5.79582597e-03
93,9,4.04754055,7.808703,7.39288866e-02
94,9,4.10014987,8.190079,4.56555848e-02
95,9,4.15275899,8.608903,3.94595245e-02
96,9,4.20536831,9.063518,8.93814150e-03
97,9,4.25797763,9.535658,2.18321650e-03
98,9,4.31058696,10.003533,7.12797295e-03
99,9,4.36319628,10.290997,1.55857000e-02
0,10,0.00000000,7.456025,6.02181554e-02
1,10,0.06074799,7.495489,1.83408170e-03
2,10,0.12149598,7.657169,5.93357300e-03
3,10,0.18224397,7.913552,1.13912758e-02
4,10,0.24299205,8.249913,1.70089549e-02
5,10,0.30373983,8.651824,2.19954443e-02
6,10,0.36448784,9.105844,2.59880783e-02
7,10,0.42523585,9.600887,2.89442188e-02
8,10,0.48598386,10.126813,3.09918370e-02
9,10,0.54673188,10.673041,3.23384610e-02
10,10,0.60747989,11.227907,3.32286113e-02
11,10,0.66822790,11.776296,3.39129317e-02
12,10,0.72897591,12.296502,3.45947437e-02
13,10,0.78972392,12.757777,3.53768508e-02
14,10,0.85047193,12.824583,3.94985604e-03
15,10,0.91121971,12.400700,5.64680321e-03
16,10,0.97196773,11.915740,7.06651390e-03
17,10,1.03271574,11.418463,4.97771089e-04
18,10,1.09346375,11.769927,2.70078420e-03
19,10,1.15421176,12.256298,1.02126454e-05
20,10,1.15421176,12.256298,1.02081677e-05
21,10,1.18458576,12.289874,1.36818429e-03
22,10,1.21495976,12.351798,1.88293040e-03
23,10,1.24533376,12.398739,1.36904023e-03
24,10,1.27570776,12.429150,1.88145264e-03
25,10,1.30608176,12.453178,3.22895100e-03
26,10,1.33645576,12.475427,5.14598542e-03
27,10,1.36682976,12.497270,7.28069003e-03
28,10,1.39720381,12.519539,9.46472228e-03
29,10,1.42757781,12.543216,1.16856079e-02
30,10,1.45795159,12.567286,1.36803817e-02
31,10,1.48832560,12.591549,1.55319905e-02
32,10,1.51869960,12.615304,1.72040633e-02
33,10,1.54907361,12.637992,1.85752153e-02
34,10,1.57944761,12.661070,1.96852737e-02
35,10,1.60982162,12.678304,2.04981746e-02
36,10,1.64019563,12.693327,2.12091244e-02
37,10,1.67056963,12.704531,2.17053343e-02
38,10,1.70094364,12.712000,2.19579861e-02
39,10,1.73131764,12.715142,2.20581152e-02
40,10,1.73131764,12.715142,2.20581059e-02
41,10,1.75279515,12.604635,1.73666071e-02
42,10,1.77427297,12.509566,1.54977410e-02
43,10,1.79575048,12.439568,1.32022727e-02
44,10,1.81722830,12.402184,1.06190882e-02
45,10,1.83870581,12.403074,8.02036446e-03
46,10,1.86018364,12.443153,5.71997235e-03
47,10,1.88166114,12.518517,3.90156802e-03
48,10,1.90313897,12.623087,2.57089749e-03
49,10,1.92461647,12.749617,1.64915234e-03
50,10,1.94609430,12.892086,1.02361098e-03
51,10,1.96757180,13.047807,6.06231146e-04
52,10,1.98904963,13.212775,3.33478875e-04
53,10,2.01052713,13.384773,1.63791917e-04
54,10,2.03200496,13.560909,7.03070488e-05
55,10,2.05348246,13.739177,3.90473362e-05
56,10,2.07496029,13.917630,6.53684357e-05
57,10,2.09643779,14.088133,1.51395875e-04
58,10,2.11791562,14.236996,2.88531978e-04
59,10,2.13939312,14.310373,3.05890631e-04
60,10,2.13939312,14.310373,3.05890629e-04
61,10,2.20382612,14.326600,1.21438366e-03
62,10,2.26825912,13.987909,2.17942876e-03
63,10,2.33269211,13.562116,2.70975002e-03
64,10,2.39712495,13.135326,3.08146364e-03
65,10,2.46155794,12.727055,3.28470289e-03
66,10,2.52599094,12.335868,3.12489077e-03
67,10,2.59042394,11.918516,1.38269316e-03
68,10,2.65485693,11.219374,1.20010221e-03
69,10,2.71928993,10.362869,6.48194029e-03
70,10,2.78372276,10.162406,2.56534877e-03
71,10,2.84815576,9.891680,4.17979320e-03
72,10,2.91258876,9.540361,5.89837428e-03
73,10,2.97702175,9.141487,7.31734268e-03
74,10,3.04145475,8.724592,7.91695169e-03
75,10,3.10588775,8.321355,7.34033823e-03
76,10,3.17032058,7.964033,5.60775274e-03
77,10,3.23475363,7.682671,3.22811158e-03
78,10,3.29918661,7.502275,1.13192073e-03
79,10,3.36361957,7.456025,7.33357327e-02
80,10,3.36361957,7.456025,1.00433884e-01
81,10,3.41622887,7.481654,2.85203269e-04
82,10,3.46883817,7.603432,2.68979874e-04
83,10,3.52144747,7.796201,2.43544639e-04
84,10,3.57405686,8.042624,2.10125347e-04
85,10,3.62666598,8.310864,1.68550471e-04
86,10,3.67927530,8.542050,1.18862849e-04
87,10,3.73188462,8.659973,7.09348929e-05
88,10,3.78449394,8.647300,4.22467975e-05
89,10,3.83710326,8.563165,3.23862370e-05
90,10,3.88971258,8.472282,3.53767763e-05
91,10,3.94232191,8.435490,5.25783269e-05
92,10,3.99493123,8.530259,8.48991985e-05
93,10,4.04754055,8.797496,1.12614239e-04
94,10,4.10014987,9.178371,1.25004770e-04
95,10,4.15275899,9.605455,1.30070104e-04
96,10,4.20536831,10.043164,1.33918317e-04
97,10,4.25797763,10.459301,1.40636869e-04
98,10,4.31058696,10.797734,1.52731610e-04
99,10,4.36319628,10.941567,1.61862612e-04
0,11,0.00000000,10.822728,3.06047333e-05
1,11,0.06074799,10.846622,4.65179649e-05
2,11,0.12149598,10.910313,4.51993410e-05
3,11,0.18224397,11.016333,4.30387812e-05
4,11,0.24299205,11.164296,4.00404213e-05
5,11,0.30373983,11.355910,3.62230606e-05
6,11,0.36448784,11.584741,3.13508130e-05
7,11,0.42523585,11.850341,2.57831185e-05
8,11,0.48598386,12.150350,2.16612031e-05
9,11,0.54673188,12.468299,2.84881960e-05
10,11,0.60747989,12.785547,8.01041527e-05
11,11,0.66822790,13.057650,2.86356076e-04
12,11,0.72897591,13.198087,9.25672012e-04
13,11,0.78972392,13.122071,2.23658292e-03
14,11,0.85047193,12.824583,6.83523676e-04
15,11,0.91121971,12.400700,8.30558096e-04
16,11,0.97196773,11.915740,7.26449236e-04
17,11,1.03271574,11.775185,2.08704147e-02
18,11,1.09346375,12.234754,2.41872410e-02
19,11,1.15421176,12.256298,3.63292528e-03
20,11,1.15421176,12.256298,3.63293018e-03
21,11,1.18458576,12.289874,5.54859701e-03
22,11,1.21495976,12.351798,1.48507254e-02
23,11,1.24533376,12.398739,2.47059283e-02
24,11,1.27570776,12.429150,2.91805466e-02
25,11,1.30608176,12.453178,2.99706061e-02
26,11,1.33645576,12.475427,2.86924244e-02
27,11,1.36682976,12.497270,2.63791969e-02
28,11,1.39720381,12.519539,2.34910393e-02
29,11,1.42757781,12.543216,2.02610087e-02
30,11,1.45795159,12.567286,1.70494912e-02
31,11,1.48832560,12.591549,1.38766729e-02
32,11,1.51869960,12.615304,1.08432306e-02
33,11,1.54907361,12.637992,8.13027348e-03
34,11,1.57944761,12.661070,5.75273332e-03
35,11,1.60982162,12.678304,3.81239673e-03
36,11,1.64019563,12.693327,2.16309721e-03
37,11,1.67056963,12.704531,9.60537982e-04
38,11,1.70094364,12.712000,2.56473045e-04
39,11,1.73131764,12.715142,5.83494199e-06
40,11,1.73131764,12.715142,5.84363040e-06
41,11,1.75279515,12.833813,2.83520955e-03
42,11,1.77427297,12.958591,2.52340519e-03
43,11,1.79575048,13.087967,2.26953535e-03
44,11,1.81722830,13.221856,2.06116227e-03
45,11,1.83870581,13.358965,1.88488433e-03
46,11,1.86018364,13.498644,1.73190135e-03
47,11,1.88166114,13.640320,1.59528046e-03
48,11,1.90313897,13.783566,1.47046332e-03
49,11,1.92461647,13.927639,1.35052708e-03
50,11,1.94609430,14.073285,1.23422481e-03
51,11,1.96757180,14.217594,1.11435592e-03
52,11,1.98904963,14.361086,9.88932834e-04
53,11,2.01052713,14.500257,8.49891746e-04
54,11,2.03200496,14.639514,7.01774325e-04
55,11,2.05348246,14.774935,5.35990113e-04
56,11,2.07496029,14.860824,7.15419875e-04
57,11,2.09643779,14.781619,2.94223291e-04
58,11,2.11791562,14.689321,2.35651938e-05
59,11,2.13939312,14.634897,1.42704944e-04
60,11,2.13939312,14.634897,1.42704925e-04
61,11,2.20382612,14.991442,7.32792280e-04
62,11,2.26825912,14.529700,3.07162540e-04
63,11,2.33269211,14.089122,1.34650025e-04
64,11,2.39712495,13.684470,6.48880577e-05
65,11,2.46155794,13.334839,5.81906644e-05
66,11,2.52599094,13.071446,8.82356640e-05
67,11,2.59042394,12.318770,2.69504516e-03
68,11,2.65485693,11.781289,5.62042990e-03
69,11,2.71928993,11.467761,5.38615213e-03
70,11,2.78372276,11.215014,5.10333788e-03
71,11,2.84815576,11.007548,4.72295040e-03
72,11,2.91258876,10.845867,4.20919094e-03
73,11,2.97702175,10.731252,3.54358860e-03
74,11,3.04145475,10.667642,2.74254552e-03
75,11,3.10588775,10.653806,1.90291210e-03
76,11,3.17032058,10.684899,1.13048190e-03
77,11,3.23475363,10.743953,5.38771828e-04
78,11,3.29918661,10.801488,1.82271737e-04
79,11,3.36361957,10.822728,3.06042625e-05
80,11,3.36361957,10.822728,3.06050983e-05
81,11,3.41622887,10.784795,3.09248263e-05
82,11,3.46883817,10.673344,3.23341169e-05
83,11,3.52144747,10.516833,3.56057866e-05
84,11,3.57405686,10.349258,4.23662881e-05
85,11,3.62666598,10.216837,5.53716953e-05
86,11,3.67927530,10.179490,7.72521165e-05
87,11,3.73188462,10.318658,9.89304072e-05
88,11,3.78449394,10.652245,1.04585358e-04
89,11,3.83710326,11.121407,9.71743638e-05
90,11,3.88971258,11.666553,8.57363492e-05
91,11,3.94232191,12.245464,7.46276146e-05
92,11,3.99493123,12.815947,6.52256003e-05
93,11,4.04754055,13.311784,5.71874778e-05
94,11,4.10014987,13.602422,2.85627427e-04
95,11,4.15275899,13.015949,3.96472426e-04
96,11,4.20536831,12.426351,3.67332034e-04
97,11,4.25797763,11.851412,1.37162541e-04
98,11,4.31058696,11.321113,3.28702419e-04
99,11,4.36319628,11.010095,2.83039224e-04
0,12,0.00000000,10.822728,9.80437656e-05
1,12,0.06074799,10.846622,5.47765026e-04
2,12,0.12149598,10.910313,6.43936606e-04
3,12,0.18224397,11.016333,7.88508402e-04
4,12,0.24299205,11.164296,9.58421446e-04
5,12,0.30373983,11.355910,1.12488954e-03
6,12,0.36448784,11.584741,1.25037871e-03
7,12,0.42523585,11.850341,1.29866746e-03
8,12,0.48598386,12.150350,1.23512760e-03
9,12,0.54673188,12.468299,1.02770364e-03
10,12,0.60747989,12.785547,6.71545821e-04
11,12,0.66822790,13.057650,2.42361503e-04
12,12,0.72897591,13.198087,1.80288581e-05
13,12,0.78972392,13.122071,2.81452266e-04
14,12,0.85047193,13.118528,3.61027556e-02
15,12,0.91121971,13.334138,3.62705058e-02
16,12,0.97196773,13.376436,3.53428152e-02
17,12,1.03271574,13.253234,3.32966504e-02
18,12,1.09346375,12.767689,1.12011114e-03
19,12,1.15421176,12.648925,7.54172730e-05
20,12,1.15421176,12.648925,7.52748735e-05
21,12,1.18458576,12.688796,1.15488388e-02
22,12,1.21495976,12.822789,1.30165841e-02
23,12,1.24533376,13.051138,9.84586426e-03
24,12,1.27570776,13.341012,7.58853292e-03
25,12,1.30608176,13.664647,6.40405531e-03
26,12,1.33645576,14.006766,5.82090004e-03
27,12,1.36682976,14.358662,5.55221690e-03
28,12,1.39720381,14.713812,5.40321394e-03
29,12,1.42757781,15.068216,5.22089078e-03
30,12,1.45795159,15.415296,4.79394252e-03
31,12,1.48832560,15.735894,3.76758290e-03
32,12,1.51869960,15.992078,1.71666873e-03
33,12,1.54907361,16.124975,7.66387453e-05
34,12,1.57944761,16.142470,4.17506470e-03
35,12,1.60982162,16.112061,1.09738748e-02
36,12,1.64019563,16.073330,1.11668759e-02
37,12,1.67056963,16.040432,1.11017780e-02
38,12,1.70094364,16.019954,1.11024397e-02
39,12,1.73131764,16.013269,1.10960666e-02
40,12,1.73131764,16.013269,1.10960540e-02
41,12,1.75279515,15.904599,1.76324321e-03
42,12,1.77427297,15.798912,1.84791728e-03
43,12,1.79575048,15.698660,1.93785865e-03
44,12,1.81722830,15.604185,2.02404291e-03
45,12,1.83870581,15.515978,2.09984665e-03
46,12,1.86018364,15.434221,2.16007351e-03
47,12,1.88166114,15.358880,2.20012442e-03
48,12,1.90313897,15.289687,2.21734217e-03
49,12,1.92461647,15.226486,2.20457581e-03
50,12,1.94609430,15.168468,2.15616563e-03
51,12,1.96757180,15.115463,2.07088753e-03
52,12,1.98904963,15.066300,1.93887557e-03
53,12,2.01052713,15.019534,1.75087890e-03
54,12,2.03200496,14.972687,1.48836574e-03
55,12,2.05348246,14.921601,1.13970529e-03
56,12,2.07496029,14.905886,3.49410479e-04
57,12,2.09643779,15.025974,1.43056336e-04
58,12,2.11791562,15.126305,4.35701463e-06
59,12,2.13939312,15.172913,5.66496281e-04
60,12,2.13939312,15.172913,5.66496359e-04
61,12,2.20382612,15.029316,1.59505064e-04
62,12,2.26825912,15.333100,8.21704510e-04
63,12,2.33269211,15.484666,1.10458819e-04
64,12,2.39712495,15.022681,9.43854726e-04
65,12,2.46155794,14.131803,4.62050276e-04
66,12,2.52599094,13.195347,1.98376966e-04
67,12,2.59042394,12.963624,1.04607071e-04
68,12,2.65485693,13.117862,6.93967624e-05
69,12,2.71928993,13.470587,2.76608235e-04
70,12,2.78372276,13.274738,3.86145324e-03
71,12,2.84815576,12.742649,5.16070506e-03
72,12,2.91258876,12.241778,4.95815805e-03
73,12,2.97702175,11.822122,4.10004458e-03
74,12,3.04145475,11.488964,3.04369010e-03
75,12,3.10588775,11.235044,2.08094508e-03
76,12,3.17032058,11.048081,1.33368309e-03
77,12,3.23475363,10.922229,8.23755512e-04
78,12,3.29918661,10.849111,5.30909141e-04
79,12,3.36361957,10.822728,3.13055370e-04
80,12,3.36361957,10.822728,3.80816441e-04
81,12,3.41622887,10.889489,2.02536542e-04
82,12,3.46883817,11.072575,8.18462925e-04
83,12,3.52144747,11.353993,9.51559598e-04
84,12,3.57405686,11.711286,7.41543453e-04
85,12,3.62666598,12.125878,5.82402269e-04
86,12,3.67927530,12.582440,3.23813083e-04
87,12,3.73188462,13.068289,2.19781571e-04
88,12,3.78449394,13.570550,3.40695543e-04
89,12,3.83710326,14.061474,4.53330373e-04
90,12,3.88971258,14.487827,1.33776607e-03
91,12,3.94232191,14.715523,3.12575931e-03
92,12,3.99493123,14.577287,3.90307987e-03
93,12,4.04754055,14.148369,4.03914208e-03
94,12,4.10014987,13.602422,2.74221398e-03
95,12,4.15275899,13.015949,9.73695844e-04
96,12,4.20536831,12.426351,3.89780738e-05
97,12,4.25797763,11.851412,2.74860470e-04
98,12,4.31058696,11.321113,7.24117843e-04
99,12,4.36319628,11.010095,2.94423134e-04
0,13,0.00000000,10.822728,4.32311601e-04
1,13,0.06074799,10.898141,1.04675749e-03
2,13,0.12149598,11.083295,3.13237583e-03
3,13,0.18224397,11.325101,4.88599731e-03
4,13,0.24299205,11.587036,5.91190800e-03
5,13,0.30373983,11.857184,6.33877346e-03
6,13,0.36448784,12.136838,6.36297297e-03
7,13,0.42523585,12.432266,6.11756689e-03
8,13,0.48598386,12.750070,5.67775036e-03
9,13,0.54673188,13.095972,5.08526772e-03
10,13,0.60747989,13.474745,4.37140642e-03
11,13,0.66822790,13.893457,3.57111028e-03
12,13,0.72897591,14.347145,2.72453917e-03
13,13,0.78972392,14.842557,1.89548887e-03
14,13,0.85047193,15.055748,2.80234148e-06
15,13,0.91121971,14.448588,4.97589555e-05
16,13,0.97196773,13.864237,2.42393704e-04
17,13,1.03271574,13.303791,5.95654404e-04
18,13,1.09346375,12.998182,3.05306388e-02
19,13,1.15421176,12.648925,5.47857382e-02
20,13,1.15421176,12.648925,5.47858812e-02
21,13,1.18458576,12.688796,4.00016792e-02
22,13,1.21495976,12.822789,2.88109625e-02
23,13,1.24533376,13.051138,2.22321453e-02
24,13,1.27570776,13.341012,1.85765769e-02
25,13,1.30608176,13.664647,1.65193897e-02
26,13,1.33645576,14.006766,1.53135370e-02
27,13,1.36682976,14.358662,1.46107970e-02
28,13,1.39720381,14.713812,1.43285794e-02
29,13,1.42757781,15.068216,1.44149182e-02
30,13,1.45795159,15.415296,1.49711716e-02
31,13,1.48832560,15.735894,1.61013495e-02
32,13,1.51869960,15.992078,1.72604724e-02
33,13,1.54907361,16.124975,1.58251976e-02
34,13,1.57944761,16.142470,8.90384701e-03
35,13,1.60982162,16.112061,8.19935121e-04
36,13,1.64019563,16.073330,1.52280524e-04
37,13,1.67056963,16.040432,7.72540209e-05
38,13,1.70094364,16.019954,6.63042597e-05
39,13,1.73131764,16.013269,6.32613837e-05
40,13,1.73131764,16.013269,6.32747319e-05
41,13,1.75279515,16.116076,8.72804456e-03
42,13,1.77427297,16.203064,7.85641270e-03
43,13,1.79575048,16.270627,6.82713720e-03
44,13,1.81722830,16.313717,5.63451713e-03
45,13,1.83870581,16.329602,4.35766105e-03
46,13,1.86018364,16.319182,3.13045274e-03
47,13,1.88166114,16.286583,2.07433587e-03
48,13,1.90313897,16.237449,1.24748115e-03
49,13,1.92461647,16.177153,6.52046204e-04
50,13,1.94609430,16.109825,2.64292701e-04
51,13,1.96757180,16.038345,5.71541058e-05
52,13,1.98904963,15.964180,1.41883772e-05
53,13,2.01052713,15.887602,1.28256240e-04
54,13,2.03200496,15.808921,3.93576826e-04
55,13,2.05348246,15.699235,1.87176431e-03
56,13,2.07496029,15.544713,2.09814115e-03
57,13,2.09643779,15.424969,2.26982307e-03
58,13,2.11791562,15.351456,2.24603032e-03
59,13,2.13939312,15.328357,1.96744741e-03
60,13,2.13939312,15.328357,1.96744755e-03
61,13,2.20382612,15.153339,1.46363068e-03
62,13,2.26825912,15.409789,1.82253475e-04
63,13,2.33269211,15.772961,2.11499627e-04
64,13,2.39712495,16.110075,2.44282349e-04
65,13,2.46155794,16.429155,2.78055094e-04
66,13,2.52599094,16.496413,3.00729504e-03
67,13,2.59042394,15.724878,4.57428750e-03
68,13,2.65485693,14.989507,6.31047186e-03
69,13,2.71928993,14.447326,8.20586002e-03
70,13,2.78372276,14.766306,7.12274615e-03
71,13,2.84815576,15.362452,2.18183953e-04
72,13,2.91258876,14.613544,3.19656524e-04
73,13,2.97702175,13.858646,4.68382088e-04
74,13,3.04145475,13.126806,6.40621809e-04
75,13,3.10588775,12.440528,7.84464203e-04
76,13,3.17032058,11.823754,8.13595747e-04
77,13,3.23475363,11.310862,6.34738159e-04
78,13,3.29918661,10.955625,2.75723025e-04
79,13,3.36361957,10.822728,2.17300334e-04
80,13,3.36361957,10.822728,1.49538767e-04
81,13,3.41622887,10.889489,5.20661597e-04
82,13,3.46883817,11.072575,3.07371287e-04
83,13,3.52144747,11.353993,5.02018296e-04
84,13,3.57405686,11.711286,8.27346448e-04
85,13,3.62666598,12.125878,9.10856300e-04
86,13,3.67927530,12.582440,9.94525661e-04
87,13,3.73188462,13.068289,9.15484130e-04
88,13,3.78449394,13.570550,6.84680412e-04
89,13,3.83710326,14.061474,6.64167877e-04
90,13,3.88971258,14.487827,3.94858660e-04
91,13,3.94232191,14.715523,3.89354852e-04
92,13,3.99493123,14.577287,1.36828304e-03
93,13,4.04754055,14.148369,7.16327137e-04
94,13,4.10014987,13.613470,4.86432434e-05
95,13,4.15275899,13.616008,3.88651811e-05
96,13,4.20536831,13.381619,3.00077013e-05
97,13,4.25797763,13.050858,2.07500309e-05
98,13,4.31058696,12.745836,8.43221294e-06
99,13,4.36319628,12.610695,1.76673771e-08
0,14,0.00000000,14.790353,1.60928095e-06
1,14,0.06074799,14.881885,4.15250373e-06
2,14,0.12149598,15.151778,1.42348266e-05
3,14,0.18224397,15.586005,2.88883772e-05
4,14,0.24299205,16.160873,3.41066923e-05
5,14,0.30373983,16.847476,2.25317073e-05
6,14,0.36448784,17.614560,6.47034062e-06
7,14,0.42523585,18.433157,1.08324917e-05
8,14,0.48598386,17.966993,4.80336315e-04
9,14,0.54673188,17.325598,8.48154200e-04
10,14,0.60747989,16.745566,1.34375455e-03
11,14,0.66822790,16.272650,1.88218366e-03
12,14,0.72897591,15.989634,2.20951911e-03
13,14,0.78972392,15.686110,8.27184996e-05
14,14,0.85047193,15.379398,1.14975575e-03
15,14,0.91121971,15.957133,5.54066428e-04
16,14,0.97196773,16.569050,1.62403345e-04
17,14,1.03271574,17.207193,6.65116246e-06
18,14,1.09346375,17.849333,9.27703157e-05
19,14,1.15421176,18.436794,7.86266774e-04
20,14,1.15421176,18.436794,7.86265566e-04
21,14,1.18458576,18.386747,7.30416152e-04
22,14,1.21495976,18.258969,5.94670627e-04
23,14,1.24533376,18.091153,4.37445341e-04
24,14,1.27570776,17.906013,2.94540275e-04
25,14,1.30608176,17.717266,1.81067748e-04
26,14,1.33645576,17.531983,1.01985367e-04
27,14,1.36682976,17.355232,5.68200359e-05
28,14,1.39720381,17.189594,4.06064925e-05
29,14,1.42757781,17.040050,6.31733909e-05
30,14,1.45795159,16.912552,2.36365891e-04
31,14,1.48832560,16.823962,1.19434595e-03
32,14,1.51869960,16.809962,4.63439048e-03
33,14,1.54907361,16.933630,8.73261273e-03
34,14,1.57944761,17.184375,1.00378608e-02
35,14,1.60982162,17.486592,1.00029938e-02
36,14,1.64019563,17.789953,9.28439985e-03
37,14,1.67056963,18.023803,7.15706288e-03
38,14,1.70094364,18.102944,9.00952526e-04
39,14,1.73131764,18.114348,3.42781260e-05
40,14,1.73131764,18.114348,3.42808229e-05
41,14,1.75279515,17.992803,1.07567186e-03
42,14,1.77427297,17.884294,2.23034449e-03
43,14,1.79575048,17.795154,3.82940117e-03
44,14,1.81722830,17.727069,5.96682207e-03
45,14,1.83870581,17.676019,8.60476322e-03
46,14,1.86018364,17.562552,6.22420459e-04
47,14,1.88166114,17.349514,8.10441385e-04
48,14,1.90313897,17.132930,9.66674335e-04
49,14,1.92461647,16.916780,1.09384946e-03
50,14,1.94609430,16.699418,1.20706230e-03
51,14,1.96757180,16.485997,1.30576903e-03
52,14,1.98904963,16.276297,1.40720124e-03
53,14,2.01052713,16.073230,1.52457764e-03
54,14,2.03200496,15.878761,1.67555155e-03
55,14,2.05348246,15.727432,8.03582431e-04
56,14,2.07496029,15.643006,1.33962466e-03
57,14,2.09643779,15.557078,1.96364712e-03
58,14,2.11791562,15.478065,2.54151734e-03
59,14,2.13939312,15.438804,2.39911501e-03
60,14,2.13939312,15.438804,2.39911575e-03
61,14,2.20382612,15.725243,1.24964940e-03
62,14,2.26825912,16.266058,2.08083138e-03
63,14,2.33269211,16.550898,9.90887445e-03
64,14,2.39712495,16.358283,6.87889191e-03
65,14,2.46155794,16.624232,5.94148108e-03
66,14,2.52599094,16.700570,3.00073039e-04
67,14,2.59042394,16.879563,2.92812771e-04
68,14,2.65485693,16.879334,2.44721154e-04
69,14,2.71928993,16.600906,1.85039558e-04
70,14,2.78372276,16.055238,1.72146511e-04
71,14,2.84815576,15.642135,8.34506729e-03
72,14,2.91258876,16.651118,1.05399166e-02
73,14,2.97702175,17.415825,3.33067662e-04
74,14,3.04145475,16.781749,1.01395914e-04
75,14,3.10588775,16.166137,3.58390672e-05
76,14,3.17032058,15.619451,1.43054502e-05
77,14,3.23475363,15.181082,6.09851080e-06
78,14,3.29918661,14.892178,2.62560937e-06
79,14,3.36361957,14.790353,1.60928437e-06
80,14,3.36361957,14.790353,1.60928260e-06
81,14,3.41622887,14.858479,1.76390966e-06
82,14,3.46883817,15.053277,2.14336847e-06
83,14,3.52144747,15.352848,2.58456717e-06
84,14,3.57405686,15.732201,2.96650355e-06
85,14,3.62666598,16.170095,3.21090796e-06
86,14,3.67927530,16.640360,3.36400273e-06
87,14,3.73188462,17.111318,3.39021969e-06
88,14,3.78449394,17.507857,3.13275576e-06
89,14,3.83710326,17.655505,2.10288729e-06
90,14,3.88971258,17.239492,4.70852492e-03
91,14,3.94232191,16.923703,6.36838455e-03
92,14,3.99493123,16.675766,3.35370442e-07
93,14,4.04754055,16.364977,9.27308995e-07
94,14,4.10014987,16.279373,3.41332032e-06
95,14,4.15275899,16.517682,7.78438568e-06
96,14,4.20536831,17.032274,1.08487233e-05
97,14,4.25797763,17.701132,1.19707755e-05
98,14,4.31058696,18.434742,1.27614685e-05
99,14,4.36319628,19.007652,1.75164020e-05
0,15,0.00000000,22.719198,4.07383169e-05
1,15,0.06074799,22.546671,1.85201591e-05
2,15,0.12149598,22.065225,1.90879210e-05
3,15,0.18224397,21.442135,1.52439409e-05
4,15,0.24299205,20.757139,1.95882384e-05
5,15,0.30373983,20.054746,4.29152979e-05
6,15,0.36448784,19.342403,1.06783240e-04
7,15,0.42523585,18.641315,2.41122555e-04
8,15,0.48598386,17.966993,7.42394641e-03
9,15,0.54673188,17.325598,7.49123792e-03
10,15,0.60747989,16.745566,7.47371601e-03
11,15,0.66822790,16.272650,7.31586533e-03
12,15,0.72897591,15.989635,6.77666291e-03
13,15,0.78972392,15.992210,2.06973598e-03
14,15,0.85047193,16.273939,1.68174981e-03
15,15,0.91121971,16.747693,1.34421082e-03
16,15,0.97196773,17.337832,1.10820849e-03
17,15,1.03271574,18.003016,9.28562779e-04
18,15,1.09346375,18.711444,7.05859557e-04
19,15,1.15421176,18.436794,1.46736353e-05
20,15,1.15421176,18.436794,1.46745163e-05
21,15,1.18458576,18.386747,1.44654280e-04
22,15,1.21495976,18.258969,4.37368127e-04
23,15,1.24533376,18.091153,7.69456785e-04
24,15,1.27570776,17.906013,1.09715771e-03
25,15,1.30608176,17.717266,1.41601183e-03
26,15,1.33645576,17.531983,1.72759195e-03
27,15,1.36682976,17.355232,2.03419601e-03
28,15,1.39720381,17.189594,2.32973286e-03
29,15,1.42757781,17.040050,2.60073240e-03
30,15,1.45795159,16.912552,2.75585280e-03
31,15,1.48832560,16.823962,2.34210010e-03
32,15,1.51869960,16.809962,5.96382979e-04
33,15,1.54907361,16.933630,3.95566299e-04
34,15,1.57944761,17.184375,2.56081750e-03
35,15,1.60982162,17.486592,4.23544335e-03
36,15,1.64019563,17.789953,4.70186081e-03
37,15,1.67056963,18.023803,1.48984763e-03
38,15,1.70094364,18.102944,1.69477064e-03
39,15,1.73131764,18.114348,1.50926080e-03
40,15,1.73131764,18.114348,1.50925827e-03
41,15,1.75279515,18.243378,1.57510955e-03
42,15,1.77427297,18.333372,1.20801961e-05
43,15,1.79575048,18.162267,2.64824101e-05
44,15,1.81722830,17.972497,1.83947238e-04
45,15,1.83870581,17.771179,4.05442214e-04
46,15,1.86018364,17.632356,1.14506480e-02
47,15,1.88166114,17.583590,1.39499579e-02
48,15,1.90313897,17.521006,1.56092020e-02
49,15,1.92461647,17.442721,1.63646166e-02
50,15,1.94609430,17.352514,1.64627207e-02
51,15,1.96757180,17.255580,1.61634291e-02
52,15,1.98904963,17.156821,1.56352264e-02
53,15,2.01052713,17.059382,1.49687738e-02
54,15,2.03200496,16.969591,1.41904563e-02
55,15,2.05348246,16.889843,1.33309343e-02
56,15,2.07496029,16.823822,1.24175688e-02
57,15,2.09643779,16.774022,1.14798046e-02
58,15,2.11791562,16.743130,1.05618591e-02
59,15,2.13939312,16.734622,9.69724401e-03
60,15,2.13939312,16.734622,9.69724408e-03
61,15,2.20382612,17.413512,7.62641666e-03
62,15,2.26825912,17.390007,1.17345835e-02
63,15,2.33269211,16.780357,2.99093170e-03
64,15,2.39712495,17.270579,3.91205640e-03
65,15,2.46155794,17.248218,1.53919048e-03
66,15,2.52599094,16.967113,6.09337514e-03
67,15,2.59042394,17.326962,6.43622249e-03
68,15,2.65485693,17.685157,6.66562835e-03
69,15,2.71928993,18.018601,6.52465633e-03
70,15,2.78372276,18.266586,5.57600971e-03
71,15,2.84815576,18.301537,3.34467980e-03
72,15,2.91258876,17.983229,1.17054018e-03
73,15,2.97702175,17.714571,1.26257745e-02
74,15,3.04145475,18.799180,1.40314841e-02
75,15,3.10588775,19.879223,1.42523971e-02
76,15,3.17032058,20.911364,1.26682860e-02
77,15,3.23475363,21.837410,8.70766817e-03
78,15,3.29918661,22.503265,2.97628839e-03
79,15,3.36361957,22.719198,4.07513272e-05
80,15,3.36361957,22.719198,4.07877803e-05
81,15,3.41622887,22.621420,3.71313131e-05
82,15,3.46883817,22.306203,2.93042983e-05
83,15,3.52144747,21.858488,1.57158320e-02
84,15,3.57405686,21.235373,2.22112044e-02
85,15,3.62666598,20.552574,1.50442291e-02
86,15,3.67927530,19.842388,1.70700455e-02
87,15,3.73188462,19.130628,6.63421542e-03
88,15,3.78449394,18.440632,1.29280582e-02
89,15,3.83710326,17.789934,1.25807674e-02
90,15,3.88971258,17.239492,1.47684551e-02
91,15,3.94232191,16.923703,7.72471625e-03
92,15,3.99493123,17.008209,1.15941297e-03
93,15,4.04754055,17.421751,3.05745386e-03
94,15,4.10014987,17.989504,4.30875492e-03
95,15,4.15275899,18.626343,2.79158734e-03
96,15,4.20536831,19.301538,6.35893152e-04
97,15,4.25797763,19.989633,1.74171812e-03
98,15,4.31058696,20.157782,5.70361943e-06
99,15,4.36319628,19.554761,9.28420215e-07
0,16,0.00000000,22.719198,1.07899396e-05
1,16,0.06074799,22.546671,1.43638243e-03
2,16,0.12149598,22.065225,3.25246511e-03
3,16,0.18224397,21.442135,4.72226258e-03
4,16,0.24299205,20.757139,5.75762525e-03
5,16,0.30373983,20.054746,6.47988073e-03
6,16,0.36448784,19.342403,6.95150059e-03
7,16,0.42523585,18.641315,7.25029356e-03
8,16,0.48598386,19.137204,1.50810794e-03
9,16,0.54673188,18.412211,1.18214754e-03
10,16,0.60747989,17.702257,8.45604126e-04
11,16,0.66822790,17.009889,5.30571817e-04
12,16,0.72897591,16.336952,2.67007056e-04
13,16,0.78972392,15.992210,5.61238021e-03
14,16,0.85047193,16.273939,4.20497056e-03
15,16,0.91121971,16.747693,3.00420769e-03
16,16,0.97196773,17.337832,2.08037590e-03
17,16,1.03271574,18.003016,1.38447352e-03
18,16,1.09346375,18.711444,8.99934197e-04
19,16,1.15421176,19.255671,5.92442495e-06
20,16,1.15421176,19.255671,5.92445435e-06
21,16,1.18458576,19.256795,2.76142896e-05
22,16,1.21495976,19.241778,4.15752849e-05
23,16,1.24533376,19.194951,3.45884673e-05
24,16,1.27570776,19.122315,2.66061114e-05
25,16,1.30608176,19.034741,2.25195716e-05
26,16,1.33645576,18.940225,2.12225851e-05
27,16,1.36682976,18.843777,2.13481311e-05
28,16,1.39720381,18.749089,2.25290860e-05
29,16,1.42757781,18.658716,2.52169589e-05
30,16,1.45795159,18.574507,3.15641164e-05
31,16,1.48832560,18.496961,4.54425685e-05
32,16,1.51869960,18.426123,7.44831167e-05
33,16,1.54907361,18.365897,1.38360622e-04
34,16,1.57944761,18.316741,2.81904667e-04
35,16,1.60982162,18.280500,6.50137363e-04
36,16,1.64019563,18.267413,1.87031650e-03
37,16,1.67056963,18.322540,1.79741664e-03
38,16,1.70094364,18.497276,1.90135496e-03
39,16,1.73131764,18.601261,1.24430766e-05
40,16,1.73131764,18.601261,1.24416792e-05
41,16,1.75279515,18.487621,7.49645382e-04
42,16,1.77427297,18.385029,2.06513185e-03
43,16,1.79575048,18.532224,2.39556528e-03
44,16,1.81722830,18.519350,1.01139704e-02
45,16,1.83870581,18.463471,7.88317856e-03
46,16,1.86018364,18.428678,5.45042968e-03
47,16,1.88166114,18.426012,3.23198867e-03
48,16,1.90313897,18.460181,1.63220962e-03
49,16,1.92461647,18.527892,7.17994556e-04
50,16,1.94609430,18.621337,2.83865716e-04
51,16,1.96757180,18.732932,1.11357477e-04
52,16,1.98904963,18.855398,5.64541722e-05
53,16,2.01052713,18.984317,4.75486099e-05
54,16,2.03200496,19.111169,5.26581278e-05
55,16,2.05348246,19.231832,5.94804894e-05
56,16,2.07496029,19.332430,1.65172063e-02
57,16,2.09643779,19.333768,1.62226006e-02
58,16,2.11791562,19.334540,1.59438348e-02
59,16,2.13939312,19.335132,1.56750904e-02
60,16,2.13939312,19.335132,1.56750900e-02
61,16,2.20382612,18.358093,1.39335982e-02
62,16,2.26825912,18.031916,4.28786611e-03
63,16,2.33269211,18.266697,6.23151656e-04
64,16,2.39712495,17.901353,3.14709338e-04
65,16,2.46155794,17.753136,4.79031325e-03
66,16,2.52599094,18.226331,5.59279991e-03
67,16,2.59042394,18.691476,6.29448824e-03
68,16,2.65485693,19.159061,6.87330609e-03
69,16,2.71928993,19.631417,7.31954369e-03
70,16,2.78372276,19.964691,1.11330865e-03
71,16,2.84815576,20.203211,1.17334179e-03
72,16,2.91258876,20.423671,8.55549956e-03
73,16,2.97702175,20.650020,9.08302528e-03
74,16,3.04145475,21.018323,8.72199725e-03
75,16,3.10588775,21.437804,7.78146204e-03
76,16,3.17032058,21.873957,6.28530567e-03
77,16,3.23475363,22.287136,4.16366012e-03
78,16,3.29918661,22.611051,1.64356340e-03
79,16,3.36361957,22.719198,1.38250357e-04
80,16,3.36361957,22.719198,1.90670492e-04
81,16,3.41622887,22.651069,2.94287954e-03
82,16,3.46883817,22.354804,7.12733032e-03
83,16,3.52144747,21.858488,3.60008540e-03
84,16,3.57405686,21.235373,3.04889081e-03
85,16,3.62666598,20.552574,1.32833137e-02
86,16,3.67927530,19.842388,1.21109683e-02
87,16,3.73188462,19.130628,2.17802197e-02
88,16,3.78449394,18.440632,1.35292427e-02
89,16,3.83710326,17.789934,1.08890987e-02
90,16,3.88971258,17.453136,8.71291740e-07
91,16,3.94232191,17.075878,3.49560441e-07
92,16,3.99493123,17.008209,7.57245476e-03
93,16,4.04754055,17.421751,2.83593421e-03
94,16,4.10014987,17.989504,4.54841664e-04
95,16,4.15275899,18.626343,1.50847636e-03
96,16,4.20536831,19.301538,3.41765924e-03
97,16,4.25797763,19.989633,2.09227151e-03
98,16,4.31058696,20.676291,3.30258240e-03
99,16,4.36319628,21.237225,9.55906684e-05
0,17,0.00000000,22.719198,3.80921418e-04
1,17,0.06074799,22.757619,5.24509209e-05
2,17,0.12149598,22.802377,6.93578044e-05
3,17,0.18224397,22.749868,1.62889570e-03
4,17,0.24299205,22.070749,1.95069510e-03
5,17,0.30373983,21.350066,2.05390138e-03
6,17,0.36448784,20.611371,1.98288892e-03
7,17,0.42523585,19.869806,1.78627214e-03
8,17,0.48598386,19.275570,5.74405102e-05
9,17,0.54673188,20.106565,1.53551640e-04
10,17,0.60747989,19.768662,1.50545382e-02
11,17,0.66822790,19.338188,1.37916044e-02
12,17,0.72897591,18.956024,1.19503001e-02
13,17,0.78972392,18.660009,9.53716886e-03
14,17,0.85047193,18.481510,6.78764776e-03
15,17,0.91121971,18.458478,4.19271585e-03
16,17,0.97196773,18.588426,2.31772317e-03
17,17,1.03271574,18.782752,1.32182437e-03
18,17,1.09346375,18.805466,8.34019580e-04
19,17,1.15421176,19.255671,7.92090819e-04
20,17,1.15421176,19.255671,7.92090544e-04
21,17,1.18458576,19.256795,6.15843120e-04
22,17,1.21495976,19.241778,3.36645686e-04
23,17,1.24533376,19.194951,1.71249482e-04
24,17,1.27570776,19.122315,9.67318033e-05
25,17,1.30608176,19.034741,6.35796355e-05
26,17,1.33645576,18.940225,4.85869992e-05
27,17,1.36682976,18.843777,4.15891124e-05
28,17,1.39720381,18.749089,4.00107414e-05
29,17,1.42757781,18.658716,4.14163575e-05
30,17,1.45795159,18.574507,4.42387956e-05
31,17,1.48832560,18.496961,4.75544538e-05
32,17,1.51869960,18.426123,4.99328029e-05
33,17,1.54907361,18.365897,4.81533609e-05
34,17,1.57944761,18.316741,3.87639751e-05
35,17,1.60982162,18.280500,2.02252390e-05
36,17,1.64019563,18.267413,6.10616530e-05
37,17,1.67056963,18.322540,5.74614415e-03
38,17,1.70094364,18.497276,1.14845617e-02
39,17,1.73131764,18.601261,1.41061477e-02
40,17,1.73131764,18.601261,1.41061487e-02
41,17,1.75279515,18.653473,1.34551966e-02
42,17,1.77427297,18.635102,1.31996423e-02
43,17,1.79575048,18.582307,1.19359673e-02
44,17,1.81722830,18.686335,2.99944478e-03
45,17,1.83870581,18.843321,4.02011654e-03
46,17,1.86018364,18.997641,6.02030017e-03
47,17,1.88166114,19.135727,1.01989328e-02
48,17,1.90313897,19.231484,1.58097856e-02
49,17,1.92461647,19.278167,1.83291918e-02
50,17,1.94609430,19.299490,1.86063022e-02
51,17,1.96757180,19.311451,1.83169891e-02
52,17,1.98904963,19.319058,1.79246882e-02
53,17,2.01052713,19.323532,1.75355534e-02
54,17,2.03200496,19.327342,1.71698564e-02
55,17,2.05348246,19.330124,1.68310963e-02
56,17,2.07496029,19.339949,6.42033587e-05
57,17,2.09643779,19.426919,6.70195285e-05
58,17,2.11791562,19.484272,6.86254231e-05
59,17,2.13939312,19.504431,6.92846934e-05
60,17,2.13939312,19.504431,6.92846905e-05
61,17,2.20382612,19.527816,3.12205190e-04
62,17,2.26825912,19.502083,1.72207176e-03
63,17,2.33269211,19.592485,4.45011988e-03
64,17,2.39712495,19.990740,4.48264031e-03
65,17,2.46155794,20.434301,3.50840369e-03
66,17,2.52599094,20.814819,2.67679602e-03
67,17,2.59042394,20.757774,7.93205278e-04
68,17,2.65485693,20.182791,8.97513243e-04
69,17,2.71928993,19.922526,1.02034099e-03
70,17,2.78372276,20.103186,7.61518644e-03
71,17,2.84815576,20.501799,6.43262579e-03
72,17,2.91258876,20.545085,1.19796240e-03
73,17,2.97702175,20.937993,1.17622769e-03
74,17,3.04145475,21.348109,1.09017695e-03
75,17,3.10588775,21.756071,9.27354418e-04
76,17,3.17032058,22.134300,6.87045771e-04
77,17,3.23475363,22.449371,3.99439935e-04
78,17,3.29918661,22.663129,1.46124546e-04
79,17,3.36361957,22.719198,2.53448038e-04
80,17,3.36361957,22.719198,2.00990936e-04
81,17,3.41622887,22.651069,7.40301114e-05
82,17,3.46883817,22.354804,3.51790672e-03
83,17,3.52144747,21.876955,2.14582540e-05
84,17,3.57405686,21.388782,1.48655609e-05
85,17,3.62666598,20.883735,9.51161511e-06
86,17,3.67927530,20.366915,5.54086573e-06
87,17,3.73188462,19.883572,2.67531878e-06
88,17,3.78449394,19.509986,9.49884782e-07
89,17,3.83710326,19.422835,7.03804093e-07
90,17,3.88971258,19.728694,1.27432960e-06
91,17,3.94232191,20.263325,1.57362112e-06
92,17,3.99493123,20.894339,1.63972921e-06
93,17,4.04754055,21.569207,1.65394192e-06
94,17,4.10014987,22.251457,1.94616740e-06
95,17,4.15275899,22.582660,5.05972424e-06
96,17,4.20536831,21.834481,5.54273856e-06
97,17,4.25797763,20.986569,5.95488065e-06
98,17,4.31058696,20.676291,7.91662470e-05
99,17,4.36319628,21.237225,5.09988879e-05
0,18,0.00000000,23.904286,1.01854177e-04
1,18,0.06074799,23.770166,4.35524387e-04
2,18,0.12149598,23.341940,1.07740713e-03
3,18,0.18224397,22.878537,9.42725035e-05
4,18,0.24299205,22.680461,1.20320843e-02
5,18,0.30373983,22.214128,1.38147207e-02
6,18,0.36448784,21.720467,1.50001614e-02
7,18,0.42523585,21.222174,1.57166490e-02
8,18,0.48598386,20.724569,1.59750866e-02
9,18,0.54673188,20.236504,1.57651427e-02
10,18,0.60747989,20.892446,2.80923265e-04
11,18,0.66822790,21.603377,3.94470990e-04
12,18,0.72897591,22.215292,4.50025324e-04
13,18,0.78972392,22.759297,4.28819833e-04
14,18,0.85047193,23.197409,3.24025291e-04
15,18,0.91121971,22.418063,1.39419588e-03
16,18,0.97196773,21.671107,1.05605142e-03
17,18,1.03271574,21.046985,5.73136759e-04
18,18,1.09346375,20.406554,1.48255113e-03
19,18,1.15421176,19.823427,2.11951477e-03
20,18,1.15421176,19.823427,2.11951526e-03
21,18,1.18458576,19.861330,2.14847961e-03
22,18,1.21495976,19.973614,2.18714039e-03
23,18,1.24533376,20.145405,2.23115682e-03
24,18,1.27570776,20.350702,2.35216358e-03
25,18,1.30608176,20.569305,2.59725846e-03
26,18,1.33645576,20.786233,3.01044858e-03
27,18,1.36682976,20.987480,3.65515694e-03
28,18,1.39720381,21.162713,4.66308649e-03
29,18,1.42757781,21.296627,6.14970758e-03
30,18,1.45795159,21.366234,8.38173669e-03
31,18,1.48832560,21.348880,1.10880869e-02
32,18,1.51869960,21.233750,1.37130622e-02
33,18,1.54907361,21.036860,1.57902160e-02
34,18,1.57944761,20.784679,1.72942905e-02
35,18,1.60982162,20.497436,1.84670952e-02
36,18,1.64019563,20.196849,1.95722294e-02
37,18,1.67056963,19.901103,2.07847402e-02
38,18,1.70094364,19.647607,2.13518096e-02
39,18,1.73131764,19.539497,2.21548915e-02
40,18,1.73131764,19.539497,2.21548533e-02
41,18,1.75279515,19.465319,1.98760569e-02
42,18,1.77427297,19.417472,1.99595244e-02
43,18,1.79575048,19.388742,1.93890061e-02
44,18,1.81722830,19.377808,1.83575813e-02
45,18,1.83870581,19.378523,1.68205676e-02
46,18,1.86018364,19.392186,1.43096572e-02
47,18,1.88166114,19.429540,9.71827350e-03
48,18,1.90313897,19.515005,3.79591196e-03
49,18,1.92461647,19.653313,8.55524070e-04
50,18,1.94609430,19.818218,1.23388986e-04
51,18,1.96757180,19.995636,1.67419176e-06
52,18,1.98904963,20.177747,2.09583079e-05
53,18,2.01052713,20.361252,6.82634796e-05
54,18,2.03200496,20.542006,1.20243291e-04
55,18,2.05348246,20.716263,1.71096531e-04
56,18,2.07496029,20.877906,2.23698127e-04
57,18,2.09643779,21.015398,2.83540074e-04
58,18,2.11791562,21.112143,3.53896531e-04
59,18,2.13939312,21.130204,1.52416793e-04
60,18,2.13939312,21.130204,1.52416789e-04
61,18,2.20382612,21.593024,1.39828972e-04
62,18,2.26825912,21.912212,1.52064951e-03
63,18,2.33269211,21.834523,1.24385456e-03
64,18,2.39712495,22.057560,7.86674337e-04
65,18,2.46155794,22.392271,5.76297351e-04
66,18,2.52599094,21.540739,7.10358239e-04
67,18,2.59042394,21.149312,2.07234693e-03
68,18,2.65485693,21.462892,1.64676937e-03
69,18,2.71928993,21.748735,2.58373529e-03
70,18,2.78372276,20.991935,3.98222513e-03
71,18,2.84815576,20.588906,7.75335253e-03
72,18,2.91258876,21.076065,7.71714087e-03
73,18,2.97702175,21.567693,7.48525432e-03
74,18,3.04145475,22.061206,7.02827723e-03
75,18,3.10588775,22.545950,6.27719338e-03
76,18,3.17032058,23.016082,5.15720327e-03
77,18,3.23475363,23.448373,3.53108732e-03
78,18,3.29918661,23.789966,1.38355452e-03
79,18,3.36361957,23.904286,1.00927628e-04
80,18,3.36361957,23.904286,2.93162299e-05
81,18,3.41622887,23.839318,2.25927534e-03
82,18,3.46883817,23.679982,6.50859494e-04
83,18,3.52144747,23.584189,2.08677391e-04
84,18,3.57405686,23.552556,2.86395387e-03
85,18,3.62666598,23.558663,1.37759090e-03
86,18,3.67927530,23.584252,1.39167681e-03
87,18,3.73188462,23.621558,1.43647532e-04
88,18,3.78449394,23.667048,6.16758542e-04
89,18,3.83710326,23.710107,1.21348976e-03
90,18,3.88971258,23.747057,1.24831087e-03
91,18,3.94232191,23.769544,1.56808171e-04
92,18,3.99493123,23.764498,1.36698382e-03
93,18,4.04754055,23.708332,7.27436304e-04
94,18,4.10014987,23.599735,2.02437344e-03
95,18,4.15275899,23.200300,2.45648282e-07
96,18,4.20536831,23.042441,2.54156625e-03
97,18,4.25797763,22.576414,2.81619806e-03
98,18,4.31058696,22.011466,3.41302714e-03
99,18,4.36319628,21.482021,5.15740859e-03
0,19,0.00000000,23.904286,1.64710929e-05
1,19,0.06074799,23.812018,2.35989588e-03
2,19,0.12149598,23.514475,6.33536726e-03
3,19,0.18224397,23.122950,9.61188464e-03
4,19,0.24299205,22.988149,1.22129368e-04
5,19,0.30373983,23.136752,1.46235855e-04
6,19,0.36448784,23.325332,1.59064687e-04
7,19,0.42523585,23.564749,1.53097969e-04
8,19,0.48598386,23.873360,1.23164196e-04
9,19,0.54673188,24.258848,7.47929257e-05
10,19,0.60747989,24.749818,2.97040369e-05
11,19,0.66822790,25.320811,2.23775039e-04
12,19,0.72897591,24.696175,7.96738239e-04
13,19,0.78972392,23.976616,1.29746899e-03
14,19,0.85047193,23.201610,1.49753064e-03
15,19,0.91121971,22.997339,2.16035678e-03
16,19,0.97196773,22.102161,1.69611567e-03
17,19,1.03271574,21.233279,1.47012945e-03
18,19,1.09346375,20.406554,5.37454447e-05
19,19,1.15421176,19.823427,1.82295329e-05
20,19,1.15421176,19.823427,1.82287629e-05
21,19,1.18458576,19.861330,1.24554549e-04
22,19,1.21495976,19.973614,3.60351511e-04
23,19,1.24533376,20.145405,5.94957361e-04
24,19,1.27570776,20.350702,7.73365900e-04
25,19,1.30608176,20.569305,8.99524038e-04
26,19,1.33645576,20.786233,9.80686916e-04
27,19,1.36682976,20.987480,1.04527312e-03
28,19,1.39720381,21.162713,1.09062956e-03
29,19,1.42757781,21.296627,1.20828658e-03
30,19,1.45795159,21.366234,1.37351256e-03
31,19,1.48832560,21.348880,1.62733523e-03
32,19,1.51869960,21.233750,1.83208029e-03
33,19,1.54907361,21.036860,1.85686616e-03
34,19,1.57944761,20.784679,1.72677176e-03
35,19,1.60982162,20.497436,1.42857091e-03
36,19,1.64019563,20.196849,9.31451426e-04
37,19,1.67056963,19.901103,2.49401865e-04
38,19,1.70094364,19.647607,3.26434530e-04
39,19,1.73131764,19.539497,1.34491397e-05
40,19,1.73131764,19.539497,1.34871856e-05
41,19,1.75279515,19.669297,9.50937811e-04
42,19,1.77427297,19.880595,1.14158909e-04
43,19,1.79575048,20.130891,1.82026104e-05
44,19,1.81722830,20.396279,1.45942421e-04
45,19,1.83870581,20.664106,3.24230471e-04
46,19,1.86018364,20.926954,5.06292700e-04
47,19,1.88166114,21.179433,6.84002999e-04
48,19,1.90313897,21.421144,8.63385598e-04
49,19,1.92461647,21.636295,1.06210645e-03
50,19,1.94609430,21.812326,1.30446303e-03
51,19,1.96757180,21.855615,1.02604360e-03
52,19,1.98904963,21.759773,6.25953760e-04
53,19,2.01052713,21.636248,4.79300443e-04
54,19,2.03200496,21.512599,3.96435330e-04
55,19,2.05348246,21.394792,3.35923654e-04
56,19,2.07496029,21.290383,2.82321695e-04
57,19,2.09643779,21.205374,2.36060235e-04
58,19,2.11791562,21.149296,1.92667759e-04
59,19,2.13939312,21.147891,4.26053465e-04
60,19,2.13939312,21.147891,4.26053615e-04
61,19,2.20382612,21.753653,3.02139380e-04
62,19,2.26825912,22.130549,1.18227637e-04
63,19,2.33269211,22.727573,9.73911061e-05
64,19,2.39712495,23.054225,2.21341149e-04
65,19,2.46155794,22.565209,5.31692937e-04
66,19,2.52599094,23.269552,4.97678917e-04
67,19,2.59042394,23.586761,1.26033560e-03
68,19,2.65485693,22.634420,1.81397512e-03
69,19,2.71928993,21.759253,1.34219836e-03
70,19,2.78372276,22.044705,1.12655884e-03
71,19,2.84815576,22.322167,9.81700141e-04
72,19,2.91258876,22.584411,8.99497325e-04
73,19,2.97702175,22.825610,8.79621903e-04
74,19,3.04145475,23.043890,9.42428750e-04
75,19,3.10588775,23.241787,1.11604964e-03
76,19,3.17032058,23.419010,1.47396641e-03
77,19,3.23475363,23.592197,2.04234032e-03
78,19,3.29918661,23.794538,1.83892257e-03
79,19,3.36361957,23.904286,1.73972162e-05
80,19,3.36361957,23.904286,8.90083671e-05
81,19,3.41622887,23.839318,1.74639386e-03
82,19,3.46883817,23.679982,6.21216774e-03
83,19,3.52144747,23.584189,5.64353574e-03
84,19,3.57405686,23.552556,1.54222643e-03
85,19,3.62666598,23.558663,2.05868247e-03
86,19,3.67927530,23.584252,1.41384498e-03
87,19,3.73188462,23.621558,2.25147302e-03
88,19,3.78449394,23.667048,1.49144823e-03
89,19,3.83710326,23.710107,7.06708354e-04
90,19,3.88971258,23.747057,5.48644586e-04
91,19,3.94232191,23.769544,1.57624145e-03
92,19,3.99493123,23.764498,3.66883650e-04
93,19,4.04754055,23.708332,1.10485388e-03
94,19,4.10014987,23.599735,2.43499320e-05
95,19,4.15275899,23.382357,6.07981547e-04
96,19,4.20536831,23.042441,3.62873192e-04
97,19,4.25797763,22.576414,6.62877863e-04
98,19,4.31058696,22.011466,7.91877608e-04
99,19,4.36319628,21.482021,2.35248822e-03
0,20,0.00000000,25.363618,2.01246223e-07
1,20,0.06074799,25.459118,2.09517823e-02
2,20,0.12149598,25.652306,1.69486246e-02
3,20,0.18224397,25.870517,1.33036570e-02
4,20,0.24299205,26.070125,1.02284769e-02
5,20,0.30373983,26.237942,7.55420044e-03
6,20,0.36448784,26.333801,5.27302486e-03
7,20,0.42523585,26.360505,3.29192715e-03
8,20,0.48598386,26.295064,1.66124859e-03
9,20,0.54673188,26.114002,5.09665434e-04
10,20,0.60747989,25.791732,1.84573616e-05
11,20,0.66822790,25.362800,3.98271854e-05
12,20,0.72897591,25.657553,8.49280924e-03
13,20,0.78972392,24.797155,4.78257861e-03
14,20,0.85047193,23.898869,3.05398539e-03
15,20,0.91121971,22.997339,1.89211112e-04
16,20,0.97196773,22.102161,4.00334981e-05
17,20,1.03271574,21.233279,1.02479935e-06
18,20,1.09346375,20.781035,1.56743449e-04
19,20,1.15421176,21.046957,4.17484219e-05
20,20,1.15421176,21.046957,4.17486280e-05
21,20,1.18458576,21.073704,4.18952628e-05
22,20,1.21495976,21.151135,4.56225155e-05
23,20,1.24533376,21.272787,5.67272383e-05
24,20,1.27570776,21.431236,8.05610777e-05
25,20,1.30608176,21.620872,1.25401078e-04
26,20,1.33645576,21.836738,2.03133249e-04
27,20,1.36682976,22.071762,3.28981247e-04
28,20,1.39720381,22.313546,5.19678982e-04
29,20,1.42757781,22.536639,7.89990743e-04
30,20,1.45795159,22.691833,9.71719601e-04
31,20,1.48832560,22.769124,5.55877287e-04
32,20,1.51869960,22.821543,7.89465462e-05
33,20,1.54907361,22.889667,2.37799488e-05
34,20,1.57944761,22.973538,1.73316995e-04
35,20,1.60982162,23.060279,3.70696666e-04
36,20,1.64019563,23.138866,5.57501682e-04
37,20,1.67056963,23.200885,7.06814451e-04
38,20,1.70094364,23.240748,8.02360431e-04
39,20,1.73131764,23.257778,8.31938681e-04
40,20,1.73131764,23.257778,8.31937352e-04
41,20,1.75279515,23.144313,6.50444970e-04
42,20,1.77427297,23.031485,5.85032733e-04
43,20,1.79575048,22.916389,5.27152531e-04
44,20,1.81722830,22.801538,4.74494136e-04
45,20,1.83870581,22.685230,4.25620190e-04
46,20,1.86018364,22.567244,3.77792883e-04
47,20,1.88166114,22.447584,3.26641721e-04
48,20,1.90313897,22.326893,2.63943520e-04
49,20,1.92461647,22.207979,1.70323366e-04
50,20,1.94609430,22.102741,2.13728369e-05
51,20,1.96757180,22.107284,3.76425271e-04
52,20,1.98904963,22.225119,8.32297708e-04
53,20,2.01052713,22.344077,1.01274845e-03
54,20,2.03200496,22.443599,1.10108641e-03
55,20,2.05348246,22.521548,1.13985714e-03
56,20,2.07496029,22.588488,1.14619419e-03
57,20,2.09643779,22.556157,2.88393382e-04
58,20,2.11791562,22.459848,2.10635079e-04
59,20,2.13939312,22.424274,1.34824016e-04
60,20,2.13939312,22.424274,1.34824047e-04
61,20,2.20382612,22.239753,1.35938766e-03
62,20,2.26825912,22.397044,1.58656581e-04
63,20,2.33269211,22.972455,2.00415170e-05
64,20,2.39712495,23.371008,8.74597296e-05
65,20,2.46155794,24.045996,9.62129395e-05
66,20,2.52599094,24.562750,6.32723453e-04
67,20,2.59042394,24.088913,5.99719963e-04
68,20,2.65485693,24.960679,7.32290427e-04
69,20,2.71928993,25.749004,6.41573526e-04
70,20,2.78372276,26.201840,2.13306443e-04
71,20,2.84815576,26.283940,6.65172197e-05
72,20,2.91258876,26.234138,4.94328111e-05
73,20,2.97702175,26.148182,7.55968069e-05
74,20,3.04145475,26.052810,1.90001105e-04
75,20,3.10588775,25.954687,5.11906741e-04
76,20,3.17032058,25.838914,1.35919121e-03
77,20,3.23475363,25.680137,7.90481363e-03
78,20,3.29918661,25.469669,1.01959760e-02
79,20,3.36361957,25.363618,1.72148297e-07
80,20,3.36361957,25.363618,1.78646924e-07
81,20,3.41622887,25.447532,1.38317416e-02
82,20,3.46883817,25.594530,1.45626633e-02
83,20,3.52144747,25.733949,7.22972884e-04
84,20,3.57405686,25.848360,2.75274811e-03
85,20,3.62666598,25.944110,7.51778773e-03
86,20,3.67927530,26.028329,7.21416098e-03
87,20,3.73188462,26.106734,6.41974755e-03
88,20,3.78449394,26.183305,5.72172954e-03
89,20,3.83710326,26.255734,4.32099340e-03
90,20,3.88971258,26.324500,1.44600958e-03
91,20,3.94232191,26.350719,5.61226689e-07
92,20,3.99493123,25.468043,1.49111130e-06
93,20,4.04754055,24.567893,2.28600298e-06
94,20,4.10014987,23.701789,2.71522136e-06
95,20,4.15275899,23.382357,1.80285629e-03
96,20,4.20536831,23.782665,3.37461573e-07
97,20,4.25797763,24.434896,3.63620244e-07
98,20,4.31058696,24.968068,3.50493274e-07
99,20,4.36319628,25.194597,3.53213379e-07
0,21,0.00000000,25.363619,1.76006684e-02
1,21,0.06074799,25.503351,1.29190445e-02
2,21,0.12149598,25.787483,1.69075499e-02
3,21,0.18224397,26.087826,2.24029837e-02
4,21,0.24299205,26.347003,2.78785861e-02
5,21,0.30373983,26.562253,3.25964249e-02
6,21,0.36448784,26.737882,3.61021873e-02
7,21,0.42523585,26.883133,3.84782734e-02
8,21,0.48598386,26.993302,3.95089074e-02
9,21,0.54673188,27.025880,3.79119920e-02
10,21,0.60747989,26.876965,2.99415015e-02
11,21,0.66822790,26.405737,1.68148814e-02
12,21,0.72897591,25.657553,1.28225157e-03
13,21,0.78972392,24.797155,8.15020986e-04
14,21,0.85047193,23.898869,4.47869168e-04
15,21,0.91121971,23.498860,1.18351272e-04
16,21,0.97196773,23.152693,1.23366554e-05
17,21,1.03271574,22.383900,8.01425064e-06
18,21,1.09346375,21.644234,4.12406448e-06
19,21,1.15421176,21.046957,4.85163574e-06
20,21,1.15421176,21.046957,4.85145019e-06
21,21,1.18458576,21.073704,5.52701113e-06
22,21,1.21495976,21.151135,5.53581886e-06
23,21,1.24533376,21.272787,4.67977869e-06
24,21,1.27570776,21.431236,4.83528951e-06
25,21,1.30608176,21.620872,9.74878268e-06
26,21,1.33645576,21.836738,2.92404140e-05
27,21,1.36682976,22.071762,9.26185372e-05
28,21,1.39720381,22.313546,2.88747769e-04
29,21,1.42757781,22.536639,8.38554365e-04
30,21,1.45795159,22.691833,1.96572955e-03
31,21,1.48832560,22.769124,2.97321298e-03
32,21,1.51869960,22.821543,2.87150077e-03
33,21,1.54907361,22.889667,2.12715838e-03
34,21,1.57944761,22.973538,1.40888543e-03
35,21,1.60982162,23.060279,8.75351378e-04
36,21,1.64019563,23.138866,4.95356245e-04
37,21,1.67056963,23.200885,2.36579158e-04
38,21,1.70094364,23.240748,8.45059235e-05
39,21,1.73131764,23.257778,3.52121006e-05
40,21,1.73131764,23.257778,3.52132185e-05
41,21,1.75279515,23.363574,3.98346016e-05
42,21,1.77427297,23.460692,3.39466528e-05
43,21,1.79575048,23.545156,9.98648378e-05
44,21,1.81722830,23.615361,2.15805633e-04
45,21,1.83870581,23.668453,3.59096465e-04
46,21,1.86018364,23.701726,5.07435343e-04
47,21,1.88166114,23.711972,6.38776032e-04
48,21,1.90313897,23.696751,7.34677894e-04
49,21,1.92461647,23.650097,7.77466314e-04
50,21,1.94609430,23.571672,7.67192784e-04
51,21,1.96757180,23.462903,7.16589532e-04
52,21,1.98904963,23.328636,6.45239343e-04
53,21,2.01052713,23.175980,5.67617592e-04
54,21,2.03200496,23.012961,4.94985520e-04
55,21,2.05348246,22.848150,4.26638592e-04
56,21,2.07496029,22.692025,3.59692933e-04
57,21,2.09643779,22.626957,1.12148840e-03
58,21,2.11791562,22.649126,1.07422733e-03
59,21,2.13939312,22.656596,1.00848845e-03
60,21,2.13939312,22.656596,1.00848830e-03
61,21,2.20382612,22.911679,2.59693372e-04
62,21,2.26825912,23.455868,4.49765675e-04
63,21,2.33269211,24.043157,7.08089022e-04
64,21,2.39712495,24.660444,9.71614515e-04
65,21,2.46155794,25.173926,3.98958700e-04
66,21,2.52599094,24.717697,1.40796105e-04
67,21,2.59042394,25.343338,2.52665547e-04
68,21,2.65485693,25.863116,4.75288470e-04
69,21,2.71928993,26.228472,8.13902121e-04
70,21,2.78372276,26.418898,1.22305115e-03
71,21,2.84815576,26.486913,1.65563118e-03
72,21,2.91258876,26.464948,2.14134139e-03
73,21,2.97702175,26.385902,2.73287534e-03
74,21,3.04145475,26.259967,3.50806261e-03
75,21,3.10588775,26.099173,4.56294304e-03
76,21,3.17032058,25.902922,5.99568600e-03
77,21,3.23475363,25.689537,3.43099822e-03
78,21,3.29918661,25.495657,7.80624789e-03
79,21,3.36361957,25.363619,2.24501964e-02
80,21,3.36361957,25.363619,5.28362865e-03
81,21,3.41622887,25.447532,2.58875035e-02
82,21,3.46883817,25.594530,1.43968957e-02
83,21,3.52144747,25.733949,2.00313138e-02
84,21,3.57405686,25.848360,1.25946442e-02
85,21,3.62666598,25.944110,4.21952272e-03
86,21,3.67927530,26.028329,2.00451316e-03
87,21,3.73188462,26.106734,8.98102484e-04
88,21,3.78449394,26.183305,5.27993856e-05
89,21,3.83710326,26.255734,1.87193996e-04
90,21,3.88971258,26.324500,1.97489592e-03
91,21,3.94232191,26.387080,2.05801465e-03
92,21,3.99493123,26.437494,2.64606316e-04
93,21,4.04754055,26.474462,8.23386192e-04
94,21,4.10014987,26.480839,7.73121846e-05
95,21,4.15275899,26.430445,6.19968841e-05
96,21,4.20536831,26.320427,2.11418138e-06
97,21,4.25797763,26.192302,4.53455395e-05
98,21,4.31058696,26.101870,1.52256333e-04
99,21,4.36319628,26.067566,1.74473718e-04
0,22,0.00000000,25.363619,2.87997115e-02
1,22,0.06074799,25.503351,1.03484403e-02
2,22,0.12149598,25.787483,8.06175321e-03
3,22,0.18224397,26.087826,5.96255471e-03
4,22,0.24299205,26.347003,4.45959348e-03
5,22,0.30373983,26.562253,3.37462171e-03
6,22,0.36448784,26.737882,2.65650862e-03
7,22,0.42523585,26.883133,2.21409920e-03
8,22,0.48598386,26.993302,2.00891129e-03
9,22,0.54673188,27.025880,1.92324414e-03
10,22,0.60747989,26.876965,1.95815395e-03
11,22,0.66822790,26.405737,1.78307400e-03
12,22,0.72897591,26.034017,2.53262125e-04
13,22,0.78972392,26.014247,7.01281573e-04
14,22,0.85047193,25.178366,4.98667200e-04
15,22,0.91121971,24.374642,4.08881823e-04
16,22,0.97196773,24.215365,2.84982542e-04
17,22,1.03271574,24.514305,1.15384355e-04
18,22,1.09346375,24.859204,2.55029068e-05
19,22,1.15421176,25.211164,1.57290952e-05
20,22,1.15421176,25.211164,1.57472854e-05
21,22,1.18458576,25.178431,5.31525962e-04
22,22,1.21495976,25.083573,1.87927379e-03
23,22,1.24533376,24.936273,3.64487965e-03
24,22,1.27570776,24.746664,5.46738746e-03
25,22,1.30608176,24.528516,7.09771912e-03
26,22,1.33645576,24.295400,8.35037279e-03
27,22,1.36682976,24.055358,8.95165168e-03
28,22,1.39720381,23.841194,8.30800229e-03
29,22,1.42757781,23.700900,5.46460458e-03
30,22,1.45795159,23.692700,1.63430831e-03
31,22,1.48832560,23.855653,7.07519728e-04
32,22,1.51869960,24.140703,6.39141897e-04
33,22,1.54907361,24.491723,6.96792699e-04
34,22,1.57944761,24.882486,7.78401637e-04
35,22,1.60982162,25.295801,8.54307661e-04
36,22,1.64019563,25.727328,9.21356106e-04
37,22,1.67056963,26.172742,9.72328660e-04
38,22,1.70094364,26.629800,9.67015618e-04
39,22,1.73131764,27.024139,1.10965569e-05
40,22,1.73131764,27.024139,1.11173035e-05
41,22,1.75279515,26.838394,1.24873745e-03
42,22,1.77427297,26.603535,7.43920513e-04
43,22,1.79575048,26.366862,5.47317995e-04
44,22,1.81722830,26.134892,4.58199023e-04
45,22,1.83870581,25.910882,4.28605109e-04
46,22,1.86018364,25.698555,4.43742191e-04
47,22,1.88166114,25.502116,5.01911084e-04
48,22,1.90313897,25.326365,6.07693759e-04
49,22,1.92461647,25.175715,7.61425102e-04
50,22,1.94609430,25.050418,9.58064109e-04
51,22,1.96757180,24.956432,1.17514200e-03
52,22,1.98904963,24.887718,1.38848874e-03
53,22,2.01052713,24.839081,1.57876386e-03
54,22,2.03200496,24.805864,1.73358265e-03
55,22,2.05348246,24.783482,1.85089696e-03
56,22,2.07496029,24.772327,1.94125283e-03
57,22,2.09643779,24.763110,1.98778442e-03
58,22,2.11791562,24.758058,2.00337849e-03
59,22,2.13939312,24.756516,1.99073818e-03
60,22,2.13939312,24.756516,1.99073847e-03
61,22,2.20382612,25.522379,1.58572016e-03
62,22,2.26825912,26.259932,1.11752992e-03
63,22,2.33269211,25.318197,1.17140575e-03
64,22,2.39712495,24.977049,8.74920288e-04
65,22,2.46155794,25.495073,4.26408480e-04
66,22,2.52599094,26.172390,3.38709559e-03
67,22,2.59042394,26.862656,4.21639852e-03
68,22,2.65485693,27.208603,1.08274168e-03
69,22,2.71928993,27.242286,1.53640604e-03
70,22,2.78372276,27.641812,2.41081074e-03
71,22,2.84815576,28.441738,3.03188555e-03
72,22,2.91258876,28.828195,1.30117172e-02
73,22,2.97702175,28.257150,1.30310489e-02
74,22,3.04145475,27.636578,1.38346184e-02
75,22,3.10588775,27.012338,1.51604501e-02
76,22,3.17032058,26.425725,1.69666663e-02
77,22,3.23475363,25.909233,1.92458721e-02
78,22,3.29918661,25.523749,2.17369747e-02
79,22,3.36361957,25.363619,2.39502041e-02
80,22,3.36361957,25.363619,4.11167496e-02
81,22,3.41622887,25.479985,3.73009868e-06
82,22,3.46883817,25.753881,1.13396791e-05
83,22,3.52144747,26.116222,1.91939303e-05
84,22,3.57405686,26.513705,2.58583517e-05
85,22,3.62666598,26.931057,3.08449715e-05
86,22,3.67927530,27.319888,3.38313496e-05
87,22,3.73188462,27.670269,3.38311291e-05
88,22,3.78449394,27.920407,2.71487212e-05
89,22,3.83710326,27.820326,7.78952543e-06
90,22,3.88971258,27.183725,2.76951326e-07
91,22,3.94232191,26.387080,4.19312633e-04
92,22,3.99493123,26.437494,1.39741434e-03
93,22,4.04754055,26.474462,1.37100963e-04
94,22,4.10014987,26.480839,3.37128947e-04
95,22,4.15275899,26.430445,2.36175294e-05
96,22,4.20536831,26.320427,4.59728011e-05
97,22,4.25797763,26.192302,9.39884955e-05
98,22,4.31058696,26.101870,4.13085406e-05
99,22,4.36319628,26.067566,3.15045174e-05
0,23,0.00000000,28.862843,4.61325300e-02
1,23,0.06074799,28.960004,4.69049843e-02
2,23,0.12149598,29.239397,4.24521020e-02
3,23,0.18224397,29.697813,3.62121531e-02
4,23,0.24299205,30.310506,2.97947451e-02
5,23,0.30373983,31.053175,2.32111903e-02
6,23,0.36448784,31.691542,2.80616092e-04
7,23,0.42523585,30.992835,1.93862151e-04
8,23,0.48598386,30.176855,1.04365893e-03
9,23,0.54673188,29.394471,4.36578110e-03
10,23,0.60747989,28.772326,1.40355631e-02
11,23,0.66822790,28.339023,1.16577199e-03
12,23,0.72897591,27.415327,6.50730070e-04
13,23,0.78972392,27.359483,1.22473747e-05
14,23,0.85047193,27.020546,2.48994327e-03
15,23,0.91121971,26.651309,1.47292459e-03
16,23,0.97196773,26.280733,7.83994626e-04
17,23,1.03271574,25.920249,3.51372290e-04
18,23,1.09346375,25.565110,1.11316798e-04
19,23,1.15421176,25.211164,1.50118548e-05
20,23,1.15421176,25.211164,1.49934370e-05
21,23,1.18458576,25.178431,2.36047139e-06
22,23,1.21495976,25.083573,2.21141263e-05
23,23,1.24533376,24.936273,1.51737610e-04
24,23,1.27570776,24.746664,3.86346682e-04
25,23,1.30608176,24.528517,6.87619395e-04
26,23,1.33645576,24.295400,1.03414440e-03
27,23,1.36682976,24.055358,1.50388896e-03
28,23,1.39720381,23.841194,2.40987050e-03
29,23,1.42757781,23.700900,4.29974540e-03
30,23,1.45795159,23.692700,5.64265811e-03
31,23,1.48832560,23.855653,4.01203380e-03
32,23,1.51869960,24.140703,2.67655361e-03
33,23,1.54907361,24.491723,1.99939818e-03
34,23,1.57944761,24.882486,1.65734323e-03
35,23,1.60982162,25.295801,1.50081721e-03
36,23,1.64019563,25.727328,1.45751942e-03
37,23,1.67056963,26.172742,1.52021942e-03
38,23,1.70094364,26.629800,1.76608731e-03
39,23,1.73131764,27.024139,3.64587063e-03
40,23,1.73131764,27.024139,3.64584951e-03
41,23,1.75279515,26.872088,1.89469712e-03
42,23,1.77427297,26.661498,1.87742744e-03
43,23,1.79575048,26.459189,1.78112013e-03
44,23,1.81722830,26.269853,1.66115507e-03
45,23,1.83870581,26.094810,1.52723558e-03
46,23,1.86018364,25.936081,1.38388748e-03
47,23,1.88166114,25.795638,1.23416832e-03
48,23,1.90313897,25.675696,1.08056255e-03
49,23,1.92461647,25.577271,9.27411335e-04
50,23,1.94609430,25.501174,7.79229538e-04
51,23,1.96757180,25.448710,6.39841115e-04
52,23,1.98904963,25.418224,5.15208258e-04
53,23,2.01052713,25.406383,4.09804693e-04
54,23,2.03200496,25.410721,3.26836875e-04
55,23,2.05348246,25.425140,2.66855427e-04
56,23,2.07496029,25.447643,2.26647648e-04
57,23,2.09643779,25.465617,2.08850712e-04
58,23,2.11791562,25.478248,2.09744769e-04
59,23,2.13939312,25.483119,2.29663210e-04
60,23,2.13939312,25.483119,2.29663095e-04
61,23,2.20382612,26.185011,3.61742397e-04
62,23,2.26825912,26.332487,1.41519360e-03
63,23,2.33269211,27.162505,1.39652411e-03
64,23,2.39712495,26.798946,9.52098145e-04
65,23,2.46155794,25.898424,2.49267454e-03
66,23,2.52599094,26.331204,2.14918493e-04
67,23,2.59042394,27.276904,1.02119261e-04
68,23,2.65485693,27.596942,5.53842441e-03
69,23,2.71928993,28.311669,7.49111950e-03
70,23,2.78372276,28.918208,1.05404029e-02
71,23,2.84815576,29.147188,1.33390021e-02
72,23,2.91258876,29.387188,3.48414370e-03
73,23,2.97702175,30.320205,2.96536149e-03
74,23,3.04145475,30.036131,4.09878065e-03
75,23,3.10588775,29.687085,4.84568523e-03
76,23,3.17032058,29.357556,5.25364503e-03
77,23,3.23475363,29.093574,5.40167887e-03
78,23,3.29918661,28.924367,5.40827216e-03
79,23,3.36361957,28.862843,1.41592557e-02
80,23,3.36361957,28.862843,2.46043758e-02
81,23,3.41622887,28.874768,1.50900101e-11
82,23,3.46883817,28.899725,5.88987615e-11
83,23,3.52144747,28.941168,1.34778301e-10
84,23,3.57405686,28.998800,2.38955601e-10
85,23,3.62666598,29.072198,3.71991679e-10
86,23,3.67927530,29.160729,5.31968672e-10
87,23,3.73188462,29.263596,7.18568150e-10
88,23,3.78449394,29.380314,9.29883743e-10
89,23,3.83710326,29.036216,3.74763470e-05
90,23,3.88971258,29.070822,4.28751717e-05
91,23,3.94232191,29.251610,3.92952545e-05
92,23,3.99493123,29.410280,3.34446415e-05
93,23,4.04754055,28.710297,1.26009175e-05
94,23,4.10014987,28.078537,1.38472083e-04
95,23,4.15275899,27.601533,9.92742222e-04
96,23,4.20536831,27.315426,7.86366435e-04
97,23,4.25797763,27.181962,2.57960822e-06
98,23,4.31058696,27.129888,6.30161621e-05
99,23,4.36319628,27.115447,4.42553622e-06
0,24,0.00000000,28.862843,1.85272111e-02
1,24,0.06074799,28.960004,5.59223337e-03
2,24,0.12149598,29.239397,6.06590145e-03
3,24,0.18224397,29.697813,6.61097324e-03
4,24,0.24299205,30.310506,6.93742132e-03
5,24,0.30373983,31.053175,7.90850948e-03
6,24,0.36448784,31.691542,1.41582199e-02
7,24,0.42523585,30.992835,3.38682558e-03
8,24,0.48598386,30.176855,2.29204331e-03
9,24,0.54673188,29.394471,1.38399037e-03
10,24,0.60747989,28.772326,5.29902252e-04
11,24,0.66822790,28.350921,7.71865954e-03
12,24,0.72897591,27.842838,5.71866591e-03
13,24,0.78972392,27.411034,3.90472500e-03
14,24,0.85047193,28.261352,1.69093298e-04
15,24,0.91121971,28.796354,4.94811476e-02
16,24,0.97196773,28.931455,5.17285625e-02
17,24,1.03271574,29.038756,5.35395774e-02
18,24,1.09346375,29.111063,5.47730118e-02
19,24,1.15421176,29.136372,5.52043281e-02
20,24,1.15421176,29.136372,5.52087511e-02
21,24,1.18458576,29.162416,5.41745968e-02
22,24,1.21495976,29.236950,5.14123229e-02
23,24,1.24533376,29.350410,4.80691124e-02
24,24,1.27570776,29.489349,4.45091894e-02
25,24,1.30608176,29.638639,4.10172917e-02
26,24,1.33645576,29.781450,3.96609272e-02
27,24,1.36682976,29.895117,1.49526968e-02
28,24,1.39720381,29.962737,9.29115601e-03
29,24,1.42757781,29.964432,8.74491194e-03
30,24,1.45795159,29.894462,8.85141472e-03
31,24,1.48832560,29.766048,9.05814731e-03
32,24,1.51869960,29.599505,9.44183290e-03
33,24,1.54907361,29.410687,9.69704552e-03
34,24,1.57944761,29.193485,8.61979254e-03
35,24,1.60982162,28.902836,5.54213072e-04
36,24,1.64019563,28.506547,1.50231844e-03
37,24,1.67056963,28.052925,1.54430873e-03
38,24,1.70094364,27.585367,1.50396689e-03
39,24,1.73131764,27.187755,2.15097656e-03
40,24,1.73131764,27.187755,2.15097597e-03
41,24,1.75279515,27.194277,2.02919371e-03
42,24,1.77427297,27.251582,2.46376308e-03
43,24,1.79575048,27.321718,2.61411656e-03
44,24,1.81722830,27.398215,2.66065759e-03
45,24,1.83870581,27.480000,2.64855905e-03
46,24,1.86018364,27.566510,2.59702787e-03
47,24,1.88166114,27.657198,2.51800588e-03
48,24,1.90313897,27.751504,2.41772715e-03
49,24,1.92461647,27.848299,2.30842638e-03
50,24,1.94609430,27.948349,2.18953875e-03
51,24,1.96757180,28.046753,2.06973184e-03
52,24,1.98904963,28.143582,1.94765002e-03
53,24,2.01052713,28.236651,1.82413338e-03
54,24,2.03200496,28.323752,1.69595670e-03
55,24,2.05348246,28.401877,1.56174933e-03
56,24,2.07496029,28.468742,1.41594295e-03
57,24,2.09643779,28.519072,1.26445148e-03
58,24,2.11791562,28.550746,1.10498716e-03
59,24,2.13939312,28.561970,9.42258600e-04
60,24,2.13939312,28.561970,9.42258391e-04
61,24,2.20382612,27.375306,1.03359166e-03
62,24,2.26825912,26.931171,5.30822654e-04
63,24,2.33269211,27.566799,8.64064671e-04
64,24,2.39712495,27.716405,9.76120772e-04
65,24,2.46155794,27.599945,9.21588264e-04
66,24,2.52599094,27.446804,9.14081330e-04
67,24,2.59042394,27.306253,9.48486663e-04
68,24,2.65485693,28.290491,3.95197830e-05
69,24,2.71928993,29.343464,1.00313288e-05
70,24,2.78372276,29.933308,1.36416030e-05
71,24,2.84815576,30.294030,4.38208004e-04
72,24,2.91258876,30.437136,1.57110768e-03
73,24,2.97702175,30.366711,3.83949211e-03
74,24,3.04145475,30.944938,8.25956479e-03
75,24,3.10588775,30.285539,8.96877370e-03
76,24,3.17032058,29.716686,9.61865915e-03
77,24,3.23475363,29.266051,1.01951471e-02
78,24,3.29918661,28.971073,1.06216576e-02
79,24,3.36361957,28.862843,5.05004944e-02
80,24,3.36361957,28.862843,4.00553683e-02
81,24,3.41622887,28.996058,5.92829744e-02
82,24,3.46883817,29.358471,5.07731287e-02
83,24,3.52144747,29.896097,1.00414590e-02
84,24,3.57405686,30.542130,3.95876925e-02
85,24,3.62666598,31.242488,2.24902182e-02
86,24,3.67927530,31.093611,6.29851519e-06
87,24,3.73188462,30.265120,9.69302082e-06
88,24,3.78449394,29.495746,1.83736259e-05
89,24,3.83710326,29.508301,1.16467171e-09
90,24,3.88971258,29.646337,1.42300661e-09
91,24,3.94232191,29.792050,1.69668244e-09
92,24,3.99493123,29.446258,1.80517490e-04
93,24,4.04754055,28.710297,6.89463011e-04
94,24,4.10014987,28.078537,8.96855741e-04
95,24,4.15275899,27.601533,1.01303071e-04
96,24,4.20536831,27.315426,1.55224458e-05
97,24,4.25797763,27.181962,3.99709307e-04
98,24,4.31058696,27.129888,7.20203390e-05
99,24,4.36319628,27.115447,4.24067909e-05
0,25,0.00000000,28.862843,2.77472327e-12
1,25,0.06074799,29.038018,1.03284306e-02
2,25,0.12149598,29.488888,9.31202966e-03
3,25,0.18224397,30.114103,8.14304159e-03
4,25,0.24299205,30.829552,6.97290697e-03
5,25,0.30373983,31.583733,5.81191875e-03
6,25,0.36448784,31.983872,1.10670655e-02
7,25,0.42523585,31.219780,1.12301966e-02
8,25,0.48598386,30.430381,1.11175331e-02
9,25,0.54673188,29.660967,1.05854848e-02
10,25,0.60747989,28.956807,9.45842306e-03
11,25,0.66822790,28.466331,2.85590075e-02
12,25,0.72897591,28.428536,3.82302504e-02
13,25,0.78972392,28.520940,4.34601029e-02
14,25,0.85047193,28.652034,4.68405702e-02
15,25,0.91121971,28.796354,1.08601566e-05
16,25,0.97196773,28.931455,6.52402802e-06
17,25,1.03271574,29.038756,5.30663078e-06
18,25,1.09346375,29.111063,6.86840593e-07
19,25,1.15421176,29.136372,9.77036565e-06
20,25,1.15421176,29.136372,5.32597332e-06
21,25,1.18458576,29.162416,4.86708145e-04
22,25,1.21495976,29.236950,1.72171134e-03
23,25,1.24533376,29.350410,2.87217082e-03
24,25,1.27570776,29.489349,3.89994783e-03
25,25,1.30608176,29.638639,4.74162317e-03
26,25,1.33645576,29.781450,3.39401306e-03
27,25,1.36682976,29.895117,2.51823866e-02
28,25,1.39720381,29.962737,2.74888526e-02
29,25,1.42757781,29.964432,2.40061211e-02
30,25,1.45795159,29.894462,1.95877414e-02
31,25,1.48832560,29.766048,1.56213023e-02
32,25,1.51869960,29.599505,1.23017216e-02
33,25,1.54907361,29.410687,9.71526557e-03
34,25,1.57944761,29.193485,8.13398866e-03
35,25,1.60982162,28.902836,1.12594071e-02
36,25,1.64019563,28.506547,5.34547657e-03
37,25,1.67056963,28.052925,2.89985008e-03
38,25,1.70094364,27.585367,1.80709312e-03
39,25,1.73131764,27.187755,6.65132666e-06
40,25,1.73131764,27.187755,6.65225325e-06
41,25,1.75279515,27.524002,4.14983465e-04
42,25,1.77427297,27.928547,2.99836497e-04
43,25,1.79575048,28.321513,1.18519741e-04
44,25,1.81722830,28.530189,3.94288747e-04
45,25,1.83870581,28.495874,6.86301228e-04
46,25,1.86018364,28.442060,6.71907107e-04
47,25,1.88166114,28.394493,6.05645396e-04
48,25,1.90313897,28.358390,5.28409864e-04
49,25,1.92461647,28.334094,4.48804291e-04
50,25,1.94609430,28.324166,3.71103289e-04
51,25,1.96757180,28.330203,2.98063195e-04
52,25,1.98904963,28.353989,2.30209320e-04
53,25,2.01052713,28.397191,1.68447528e-04
54,25,2.03200496,28.461600,1.14061074e-04
55,25,2.05348246,28.548423,6.82422541e-05
56,25,2.07496029,28.663635,3.19002010e-05
57,25,2.09643779,28.797085,7.81748790e-06
58,25,2.11791562,28.950793,1.66424343e-06
59,25,2.13939312,29.086369,2.89948155e-04
60,25,2.13939312,29.086369,2.89948120e-04
61,25,2.20382612,28.815053,3.14269568e-04
62,25,2.26825912,28.547008,3.03254656e-04
63,25,2.33269211,27.855770,2.28509911e-04
64,25,2.39712495,28.017786,1.16850554e-03
65,25,2.46155794,28.854504,1.16577878e-03
66,25,2.52599094,28.915760,5.99185183e-04
67,25,2.59042394,28.998441,5.23026863e-04
68,25,2.65485693,29.193820,3.42396386e-04
69,25,2.71928993,29.523370,1.02532616e-04
70,25,2.78372276,30.420690,3.87076764e-06
71,25,2.84815576,30.790386,1.90811748e-04
72,25,2.91258876,31.223279,2.69414739e-03
73,25,2.97702175,31.656134,7.37715100e-03
74,25,3.04145475,31.337131,3.98523312e-03
75,25,3.10588775,31.582464,2.93632596e-02
76,25,3.17032058,30.603558,3.66408486e-02
77,25,3.23475363,29.735297,4.27355813e-02
78,25,3.29918661,29.104092,4.70136053e-02
79,25,3.36361957,28.862843,3.10733294e-13
80,25,3.36361957,28.862843,8.12826280e-11
81,25,3.41622887,28.996058,4.87573994e-03
82,25,3.46883817,29.358471,1.13714620e-02
83,25,3.52144747,29.896097,4.81435889e-02
84,25,3.57405686,30.542130,1.28637911e-02
85,25,3.62666598,31.242488,2.28376805e-02
86,25,3.67927530,31.900709,3.64854220e-02
87,25,3.73188462,32.376224,1.95622085e-02
88,25,3.78449394,32.354343,8.62170511e-03
89,25,3.83710326,31.804075,3.44690983e-03
90,25,3.88971258,31.048898,4.21137640e-04
91,25,3.94232191,30.241970,5.06902773e-06
92,25,3.99493123,29.446258,9.10376598e-05
93,25,4.04754055,29.489367,2.62406714e-05
94,25,4.10014987,29.445315,1.84866460e-05
95,25,4.15275899,29.234076,1.12681435e-05
96,25,4.20536831,28.867004,6.00806733e-06
97,25,4.25797763,28.402247,2.97086390e-06
98,25,4.31058696,27.963766,1.54015096e-06
99,25,4.36319628,27.765535,1.12164863e-06
0,26,0.00000000,34.511773,2.15822634e-03
1,26,0.06074799,34.458467,1.00570457e-02
2,26,0.12149598,34.194862,4.65929076e-03
3,26,0.18224397,33.774737,2.28489626e-03
4,26,0.24299205,33.223151,2.62952267e-03
5,26,0.30373983,32.568430,2.03670812e-03
6,26,0.36448784,32.004451,1.46725877e-02
7,26,0.42523585,32.592182,3.10316403e-03
8,26,0.48598386,31.510244,2.56405042e-03
9,26,0.54673188,30.434592,2.06452126e-03
10,26,0.60747989,29.375039,1.60132168e-03
11,26,0.66822790,28.466331,8.31735724e-05
12,26,0.72897591,28.428536,1.25895996e-05
13,26,0.78972392,28.520940,1.41538427e-05
14,26,0.85047193,28.652034,1.53125780e-05
15,26,0.91121971,29.336263,3.59358750e-04
16,26,0.97196773,30.476652,5.26191033e-04
17,26,1.03271574,31.639578,6.44358991e-04
18,26,1.09346375,32.774841,6.78940088e-04
19,26,1.15421176,33.718480,3.53213443e-06
20,26,1.15421176,33.718480,6.87268452e-06
21,26,1.18458576,33.482166,3.07621920e-04
22,26,1.21495976,33.206008,5.95718015e-05
23,26,1.24533376,32.927413,1.14963438e-03
24,26,1.27570776,32.652498,1.01949080e-03
25,26,1.30608176,32.389063,6.75200450e-04
26,26,1.33645576,32.147210,2.77673436e-04
27,26,1.36682976,31.939772,3.67269392e-05
28,26,1.39720381,31.785389,2.66250614e-04
29,26,1.42757781,31.693960,1.12447460e-03
30,26,1.45795159,31.610463,1.60409135e-03
31,26,1.48832560,31.229248,9.36392153e-04
32,26,1.51869960,30.742621,7.93824573e-04
33,26,1.54907361,30.257652,6.45287169e-04
34,26,1.57944761,29.806466,4.76653253e-04
35,26,1.60982162,29.441301,7.19011367e-04
36,26,1.64019563,29.213696,4.78034569e-03
37,26,1.67056963,29.080602,9.94824930e-03
38,26,1.70094364,29.007643,1.20088844e-02
39,26,1.73131764,28.983956,1.25624007e-02
40,26,1.73131764,28.983956,1.25622440e-02
41,26,1.75279515,28.878086,1.68672516e-03
42,26,1.77427297,28.784048,1.58401995e-03
43,26,1.79575048,28.717795,1.62914613e-03
44,26,1.81722830,28.849012,1.31524738e-03
45,26,1.83870581,29.235294,9.31968423e-04
46,26,1.86018364,29.652323,8.80290060e-04
47,26,1.88166114,30.072605,9.03083892e-04
48,26,1.90313897,30.455125,8.31983431e-03
49,26,1.92461647,30.640356,7.50522952e-03
50,26,1.94609430,30.781739,6.34501951e-03
51,26,1.96757180,30.863676,4.99158292e-03
52,26,1.98904963,30.692553,3.45380615e-04
53,26,2.01052713,30.463305,3.37148676e-04
54,26,2.03200496,30.229615,3.51784015e-04
55,26,2.05348246,29.995671,3.79408888e-04
56,26,2.07496029,29.766921,4.14575527e-04
57,26,2.09643779,29.545612,4.55111175e-04
58,26,2.11791562,29.338089,4.91780518e-04
59,26,2.13939312,29.185799,2.51286183e-04
60,26,2.13939312,29.185799,2.51285180e-04
61,26,2.20382612,29.054437,3.64887630e-04
62,26,2.26825912,28.899742,1.15763809e-05
63,26,2.33269211,28.471490,9.66433979e-05
64,26,2.39712495,28.920721,3.47950220e-05
65,26,2.46155794,28.905683,5.99885186e-04
66,26,2.52599094,29.667882,1.15871991e-03
67,26,2.59042394,30.413969,1.22404141e-03
68,26,2.65485693,30.972555,1.48773231e-03
69,26,2.71928993,31.089831,1.64909921e-03
70,26,2.78372276,30.845718,7.70169278e-04
71,26,2.84815576,31.506866,6.36922333e-06
72,26,2.91258876,32.290367,3.80890893e-03
73,26,2.97702175,31.860454,5.00622751e-03
74,26,3.04145475,32.512197,2.25096386e-02
75,26,3.10588775,32.267749,4.96371678e-03
76,26,3.17032058,33.120756,4.78044964e-03
77,26,3.23475363,33.845097,4.85038020e-03
78,26,3.29918661,34.358796,4.96345754e-03
79,26,3.36361957,34.511773,1.67302728e-02
80,26,3.36361957,34.511773,1.38264189e-02
81,26,3.41622887,34.401500,4.45293557e-07
82,26,3.46883817,33.992336,1.24503578e-06
83,26,3.52144747,33.401549,2.17673310e-06
84,26,3.57405686,32.693703,3.20264602e-06
85,26,3.62666598,31.913848,4.46371988e-06
86,26,3.67927530,31.900709,4.51871353e-04
87,26,3.73188462,32.376224,7.39408917e-03
88,26,3.78449394,32.354343,4.41813369e-03
89,26,3.83710326,31.804075,6.49251423e-05
90,26,3.88971258,31.048898,8.67598534e-05
91,26,3.94232191,30.241970,4.78619905e-06
92,26,3.99493123,29.942367,1.98899009e-09
93,26,4.04754055,30.093334,2.28826203e-09
94,26,4.10014987,30.244057,2.59260422e-09
95,26,4.15275899,30.379970,2.88351398e-09
96,26,4.20536831,30.498004,3.15203637e-09
97,26,4.25797763,30.590270,3.37104605e-09
98,26,4.31058696,30.649333,3.51367493e-09
99,26,4.36319628,30.669515,3.56372024e-09
0,27,0.00000000,34.511773,1.78837292e-02
1,27,0.06074799,34.460322,8.22562608e-03
2,27,0.12149598,34.194862,4.35097015e-03
3,27,0.18224397,33.774737,5.49500059e-03
4,27,0.24299205,33.223151,3.71764341e-03
5,27,0.30373983,32.568430,2.86187227e-03
6,27,0.36448784,32.004451,7.66521280e-04
7,27,0.42523585,32.777105,1.62264653e-02
8,27,0.48598386,33.668907,2.38618667e-03
9,27,0.54673188,34.182476,1.43535990e-03
10,27,0.60747989,34.576303,7.22607209e-04
11,27,0.66822790,34.579116,2.39822499e-04
12,27,0.72897591,34.579021,1.99835924e-04
13,27,0.78972392,34.643305,1.55180693e-04
14,27,0.85047193,34.723939,3.39154749e-03
15,27,0.91121971,34.390600,1.83924004e-03
16,27,0.97196773,34.109945,3.67927129e-03
17,27,1.03271574,33.897408,1.23540244e-03
18,27,1.09346375,33.764042,3.34755247e-04
19,27,1.15421176,33.718480,2.24042634e-03
20,27,1.15421176,33.718480,2.23709202e-03
21,27,1.18458576,33.482166,1.45458516e-03
22,27,1.21495976,33.206008,1.56287097e-03
23,27,1.24533376,32.927413,2.59098145e-04
24,27,1.27570776,32.652498,7.58521064e-05
25,27,1.30608176,32.389063,2.23656447e-05
26,27,1.33645576,32.147210,1.06139023e-05
27,27,1.36682976,31.939772,2.04640561e-05
28,27,1.39720381,31.785389,6.99653200e-05
29,27,1.42757781,31.693960,1.90499594e-04
30,27,1.45795159,31.610463,4.08459713e-04
31,27,1.48832560,31.229248,3.83998174e-05
32,27,1.51869960,30.742621,5.46482744e-05
33,27,1.54907361,30.257652,4.32371309e-04
34,27,1.57944761,29.806466,1.88514346e-03
35,27,1.60982162,29.441301,5.59314943e-03
36,27,1.64019563,29.213696,5.47990561e-03
37,27,1.67056963,29.080602,1.94750321e-03
38,27,1.70094364,29.007643,4.36036098e-04
39,27,1.73131764,28.983956,1.72348532e-05
40,27,1.73131764,28.983956,1.73932790e-05
41,27,1.75279515,29.107996,1.06381409e-02
42,27,1.77427297,29.256555,1.04436804e-02
43,27,1.79575048,29.426621,1.02001779e-02
44,27,1.81722830,29.614860,9.92612531e-03
45,27,1.83870581,29.817575,9.62517173e-03
46,27,1.86018364,30.030051,9.28688792e-03
47,27,1.88166114,30.245574,8.87773121e-03
48,27,1.90313897,30.488355,9.61601826e-04
49,27,1.92461647,30.865333,1.03082984e-03
50,27,1.94609430,31.031888,7.25477936e-04
51,27,1.96757180,30.900793,4.17026941e-04
52,27,1.98904963,30.888122,3.80486200e-03
53,27,2.01052713,30.872018,2.96957812e-03
54,27,2.03200496,30.832960,2.45800123e-03
55,27,2.05348246,30.785112,2.17450839e-03
56,27,2.07496029,30.739356,2.04114546e-03
57,27,2.09643779,30.700471,2.02821303e-03
58,27,2.11791562,30.674952,2.09951068e-03
59,27,2.13939312,30.666272,2.23537923e-03
60,27,2.13939312,30.666272,2.23538058e-03
61,27,2.20382612,29.872566,2.76969053e-04
62,27,2.26825912,29.017302,4.38723906e-04
63,27,2.33269211,28.974984,5.06626730e-04
64,27,2.39712495,28.931165,5.62850268e-04
65,27,2.46155794,29.678888,1.08668593e-04
66,27,2.52599094,30.482209,1.10396382e-04
67,27,2.59042394,31.274662,6.57237283e-05
68,27,2.65485693,32.031174,1.40001447e-05
69,27,2.71928993,32.713333,5.72962902e-05
70,27,2.78372276,33.274220,5.05611576e-04
71,27,2.84815576,33.286959,6.34242461e-03
72,27,2.91258876,32.821679,3.51835258e-03
73,27,2.97702175,33.263482,1.41392351e-02
74,27,3.04145475,32.521286,6.62251491e-03
75,27,3.10588775,33.152416,7.87709834e-03
76,27,3.17032058,33.709250,8.84063047e-03
77,27,3.23475363,34.152758,9.54783566e-03
78,27,3.29918661,34.443120,9.99004468e-03
79,27,3.36361957,34.511773,3.38522974e-03
80,27,3.36361957,34.511773,6.30220915e-03
81,27,3.41622887,34.524829,1.76538041e-03
82,27,3.46883817,34.444721,3.69896842e-03
83,27,3.52144747,34.317124,7.20921056e-03
84,27,3.57405686,34.147650,1.21529198e-02
85,27,3.62666598,33.943632,7.91813090e-03
86,27,3.67927530,33.715177,4.02222878e-03
87,27,3.73188462,33.503080,1.36785092e-03
88,27,3.78449394,33.412873,1.89104884e-04
89,27,3.83710326,33.235522,5.15341067e-03
90,27,3.88971258,32.979007,3.98755325e-04
91,27,3.94232191,32.738187,4.29708922e-04
92,27,3.99493123,32.525081,1.20772424e-02
93,27,4.04754055,32.344407,7.62541109e-03
94,27,4.10014987,32.195695,9.06396103e-03
95,27,4.15275899,32.079845,6.98987071e-03
96,27,4.20536831,32.004916,3.80207565e-03
97,27,4.25797763,31.957067,9.24682047e-03
98,27,4.31058696,31.935305,9.91343285e-03
99,27,4.36319628,31.928747,5.94981432e-03
0,28,0.00000000,34.511773,1.55816595e-04
1,28,0.06074799,34.460322,1.63236091e-03
2,28,0.12149598,34.198104,1.00038374e-02
3,28,0.18224397,33.803314,1.00962422e-02
4,28,0.24299205,33.295155,1.03659885e-02
5,28,0.30373983,32.684738,1.07318352e-02
6,28,0.36448784,32.325538,4.64614088e-03
7,28,0.42523585,32.777105,5.17668599e-03
8,28,0.48598386,33.695163,1.03444037e-02
9,28,0.54673188,34.612575,9.20017495e-03
10,28,0.60747989,34.650706,2.76609416e-04
11,28,0.66822790,34.856237,2.76596316e-04
12,28,0.72897591,35.042882,5.86159199e-05
13,28,0.78972392,35.105654,7.51225721e-05
14,28,0.85047193,34.723939,4.25898603e-03
15,28,0.91121971,34.390600,4.54403815e-03
16,28,0.97196773,34.109945,1.27084328e-03
17,28,1.03271574,33.897408,2.35976705e-03
18,28,1.09346375,33.764042,2.27361888e-03
19,28,1.15421176,33.792977,4.76293080e-05
20,28,1.15421176,33.792977,4.82584391e-05
21,28,1.18458576,34.018990,1.56728352e-03
22,28,1.21495976,34.264924,1.43981530e-03
23,28,1.24533376,34.495166,1.03027855e-03
24,28,1.27570776,34.547114,2.41390308e-04
25,28,1.30608176,34.170726,7.72519150e-04
26,28,1.33645576,33.735839,8.66668846e-04
27,28,1.36682976,33.272462,8.73622515e-04
28,28,1.39720381,32.786991,8.48023653e-04
29,28,1.42757781,32.303053,7.55060816e-04
30,28,1.45795159,31.878186,1.21963179e-05
31,28,1.48832560,31.806267,2.58789523e-03
32,28,1.51869960,31.875952,3.24063513e-03
33,28,1.54907361,31.972568,3.16019947e-03
34,28,1.57944761,32.073371,2.78202908e-03
35,28,1.60982162,32.166291,2.13790456e-03
36,28,1.64019563,32.245126,1.58734612e-03
37,28,1.67056963,32.305028,1.02417508e-03
38,28,1.70094364,32.351586,5.71724641e-04
39,28,1.73131764,32.373828,4.14463423e-04
40,28,1.73131764,32.373828,2.03442650e-04
41,28,1.75279515,32.329042,5.09953260e-05
42,28,1.77427297,32.269182,2.99651785e-05
43,28,1.79575048,32.214922,1.44151808e-05
44,28,1.81722830,32.159778,1.08106078e-05
45,28,1.83870581,32.104051,3.24967273e-05
46,28,1.86018364,31.986948,7.02877813e-05
47,28,1.88166114,31.831377,4.98071593e-05
48,28,1.90313897,31.665530,2.31069861e-05
49,28,1.92461647,31.519815,2.88072349e-06
50,28,1.94609430,31.568741,3.68233460e-04
51,28,1.96757180,31.903940,7.53039917e-04
52,28,1.98904963,32.304351,9.11149093e-04
53,28,2.01052713,32.605453,5.00079493e-03
54,28,2.03200496,32.883209,5.31087729e-03
55,28,2.05348246,33.181535,5.38481652e-03
56,28,2.07496029,33.495461,5.23799657e-03
57,28,2.09643779,33.807049,4.82703066e-03
58,28,2.11791562,34.101581,3.89763389e-03
59,28,2.13939312,34.276019,1.79119310e-03
60,28,2.13939312,34.276019,1.79120035e-03
61,28,2.20382612,34.238794,1.47075111e-03
62,28,2.26825912,34.101032,1.55488019e-03
63,28,2.33269211,33.991910,1.65003686e-03
64,28,2.39712495,33.913977,1.73066220e-03
65,28,2.46155794,33.883303,1.80198200e-03
66,28,2.52599094,33.882325,1.82274289e-03
67,28,2.59042394,33.452410,5.00653058e-04
68,28,2.65485693,33.113562,5.19873658e-04
69,28,2.71928993,33.196963,2.34815825e-04
70,28,2.78372276,33.709205,1.39926616e-04
71,28,2.84815576,33.638981,2.20181492e-03
72,28,2.91258876,33.667590,6.66304702e-03
73,28,2.97702175,33.794802,9.05472967e-04
74,28,3.04145475,34.257888,2.24895200e-03
75,28,3.10588775,34.377060,3.42473174e-03
76,28,3.17032058,34.457441,4.22118400e-03
77,28,3.23475363,34.509254,4.71735525e-03
78,28,3.29918661,34.538801,4.98988334e-03
79,28,3.36361957,34.511773,8.22384127e-05
80,28,3.36361957,34.511773,6.91088035e-05
81,28,3.41622887,34.524829,1.83389981e-02
82,28,3.46883817,34.444721,1.58800907e-02
83,28,3.52144747,34.317124,1.14399828e-02
84,28,3.57405686,34.147650,5.03409991e-03
85,28,3.62666598,33.943633,6.93404663e-03
86,28,3.67927530,33.715177,7.00919680e-03
87,28,3.73188462,33.503080,3.83580963e-03
88,28,3.78449394,33.412873,3.35321147e-03
89,28,3.83710326,33.235522,5.18388678e-03
90,28,3.88971258,32.979007,1.33927634e-02
91,28,3.94232191,32.738187,1.39530742e-02
92,28,3.99493123,32.525081,2.02607178e-03
93,28,4.04754055,32.344408,6.00037204e-03
94,28,4.10014987,32.195695,4.15882141e-03
95,28,4.15275899,32.079845,6.00010805e-03
96,28,4.20536831,32.004916,9.18178045e-03
97,28,4.25797763,31.957067,4.02124228e-03
98,28,4.31058696,31.935305,3.78587775e-03
99,28,4.36319628,31.928747,7.98030123e-03
0,29,0.00000000,37.687382,1.86960953e-05
1,29,0.06074799,37.755726,4.76138532e-05
2,29,0.12149598,37.521813,6.75798584e-03
3,29,0.18224397,36.703250,5.85829173e-03
4,29,0.24299205,35.753144,5.04562138e-03
5,29,0.30373983,34.730768,4.32899372e-03
6,29,0.36448784,33.670225,3.68761878e-03
7,29,0.42523585,33.023397,3.48698343e-03
8,29,0.48598386,33.695163,7.67268606e-03
9,29,0.54673188,34.612575,5.30953303e-03
10,29,0.60747989,35.486501,4.17619207e-03
11,29,0.66822790,35.868751,2.76215722e-03
12,29,0.72897591,35.516184,4.27278870e-03
13,29,0.78972392,35.105654,8.48122833e-03
14,29,0.85047193,34.744721,1.07681690e-04
15,29,0.91121971,34.861266,6.75766384e-05
16,29,0.97196773,34.942586,5.60820195e-05
17,29,1.03271574,34.887789,1.26159295e-04
18,29,1.09346375,34.537368,3.38515317e-04
19,29,1.15421176,33.792977,1.11131899e-03
20,29,1.15421176,33.792977,1.11068470e-03
21,29,1.18458576,34.018990,1.02186639e-05
22,29,1.21495976,34.264924,6.24144475e-05
23,29,1.24533376,34.495166,2.36380699e-04
24,29,1.27570776,34.547114,2.27970639e-04
25,29,1.30608176,34.170726,9.73806130e-05
26,29,1.33645576,33.735839,4.13687938e-05
27,29,1.36682976,33.272462,1.37090991e-05
28,29,1.39720381,32.786991,2.77834078e-06
29,29,1.42757781,32.303053,7.04911958e-05
30,29,1.45795159,31.878186,1.48858417e-03
31,29,1.48832560,31.806267,9.79881959e-04
32,29,1.51869960,31.875952,8.48444427e-04
33,29,1.54907361,31.972568,7.44388998e-04
34,29,1.57944761,32.073371,5.26113660e-04
35,29,1.60982162,32.166291,3.82281360e-04
36,29,1.64019563,32.245126,1.36628872e-04
37,29,1.67056963,32.305028,2.92356428e-05
38,29,1.70094364,32.351586,3.62234692e-05
39,29,1.73131764,32.373828,2.82640375e-05
40,29,1.73131764,32.373828,2.39279536e-04
41,29,1.75279515,32.387599,2.79195504e-04
42,29,1.77427297,32.366121,2.10102038e-04
43,29,1.79575048,32.315694,1.57665034e-04
44,29,1.81722830,32.233616,1.19585541e-04
45,29,1.83870581,32.122723,9.18678328e-05
46,29,1.86018364,32.050987,1.02643242e-04
47,29,1.88166114,32.006061,2.65183600e-04
48,29,1.90313897,31.979058,6.03445372e-04
49,29,1.92461647,31.984284,1.23493341e-03
50,29,1.94609430,32.041533,2.22700445e-03
51,29,1.96757180,32.168170,3.39505864e-03
52,29,1.98904963,32.361644,4.37364195e-03
53,29,2.01052713,32.708941,1.01457830e-03
54,29,2.03200496,33.108819,1.10812009e-03
55,29,2.05348246,33.490717,1.20066477e-03
56,29,2.07496029,33.844575,1.29353247e-03
57,29,2.09643779,34.139148,1.37932643e-03
58,29,2.11791562,34.343976,1.43030270e-03
59,29,2.13939312,34.419050,1.40419276e-03
60,29,2.13939312,34.419050,1.40421381e-03
61,29,2.20382612,34.454535,1.69712115e-03
62,29,2.26825912,34.657328,1.56663508e-03
63,29,2.33269211,34.702877,9.85356848e-04
64,29,2.39712495,34.606711,2.26988885e-04
65,29,2.46155794,34.337596,1.83022988e-06
66,29,2.52599094,33.920748,2.05608059e-04
67,29,2.59042394,33.899380,1.70379426e-03
68,29,2.65485693,33.929344,1.36506330e-03
69,29,2.71928993,33.939668,7.31056801e-04
70,29,2.78372276,33.898920,1.35072975e-04
71,29,2.84815576,33.860923,1.74307097e-05
72,29,2.91258876,33.928581,1.06240283e-04
73,29,2.97702175,34.098997,8.82438836e-04
74,29,3.04145475,34.866468,9.81051211e-04
75,29,3.10588775,35.892243,1.27061255e-03
76,29,3.17032058,36.823312,1.66683101e-03
77,29,3.23475363,37.598256,2.10865880e-03
78,29,3.29918661,37.762244,2.90244712e-05
79,29,3.36361957,37.687382,1.86975823e-05
80,29,3.36361957,37.687382,1.87025265e-05
81,29,3.41622887,37.738415,1.86439583e-05
82,29,3.46883817,37.863728,1.86627209e-05
83,29,3.52144747,37.509347,3.34408411e-03
84,29,3.57405686,36.912894,9.43137647e-04
85,29,3.62666598,36.194556,3.08629967e-06
86,29,3.67927530,35.419730,1.33657293e-03
87,29,3.73188462,34.690716,1.55304813e-03
88,29,3.78449394,34.194303,3.00943654e-03
89,29,3.83710326,34.072792,1.52599659e-03
90,29,3.88971258,34.019882,7.36133688e-04
91,29,3.94232191,33.875856,1.33174936e-04
92,29,3.99493123,33.666079,6.12377021e-04
93,29,4.04754055,33.425778,1.42432226e-03
94,29,4.10014987,33.190857,1.03554959e-03
95,29,4.15275899,32.967394,1.89675079e-03
96,29,4.20536831,32.773799,1.47293684e-03
97,29,4.25797763,32.617263,1.30181443e-03
98,29,4.31058696,32.513765,2.27238312e-04
99,29,4.36319628,32.473527,5.70333454e-04
0,30,0.00000000,38.292740,1.43084179e-03
1,30,0.06074799,38.108767,7.60347153e-03
2,30,0.12149598,37.908492,3.43449565e-05
3,30,0.18224397,37.837468,2.49217966e-04
4,30,0.24299205,37.212410,8.16476724e-04
5,30,0.30373983,36.516808,8.13944422e-04
6,30,0.36448784,35.910319,6.48444746e-04
7,30,0.42523585,35.428184,4.90475393e-04
8,30,0.48598386,35.065020,3.83795341e-04
9,30,0.54673188,34.809610,3.19282944e-04
10,30,0.60747989,35.486501,5.63746523e-03
11,30,0.66822790,35.868751,3.57329142e-03
12,30,0.72897591,35.516184,4.40425230e-03
13,30,0.78972392,35.169561,8.31879766e-08
14,30,0.85047193,35.244066,3.90666045e-05
15,30,0.91121971,35.298717,1.31924154e-04
16,30,0.97196773,35.334876,2.52043373e-04
17,30,1.03271574,35.368700,3.84447725e-04
18,30,1.09346375,35.406918,5.20907598e-04
19,30,1.15421176,35.454259,1.31198215e-03
20,30,1.15421176,35.454259,1.30957440e-03
21,30,1.18458576,35.391111,1.31081656e-03
22,30,1.21495976,35.211567,1.33128417e-03
23,30,1.24533376,34.943695,1.48474109e-03
24,30,1.27570776,34.765584,2.06200165e-03
25,30,1.30608176,34.953206,6.58471774e-04
26,30,1.33645576,35.154457,2.52052094e-04
27,30,1.36682976,35.354784,1.06738985e-04
28,30,1.39720381,35.551699,1.85540299e-05
29,30,1.42757781,35.749261,1.85177839e-05
30,30,1.45795159,35.949680,2.09112758e-05
31,30,1.48832560,36.147257,2.60432074e-04
32,30,1.51869960,36.336386,5.30918270e-05
33,30,1.54907361,36.492133,8.94139751e-05
34,30,1.57944761,36.549464,1.06499065e-03
35,30,1.60982162,36.499752,2.21671868e-03
36,30,1.64019563,36.427596,2.07493571e-03
37,30,1.67056963,36.366748,2.80104989e-04
38,30,1.70094364,36.329032,2.25168844e-05
39,30,1.73131764,36.318339,1.08721779e-03
40,30,1.73131764,36.318339,2.16428608e-04
41,30,1.75279515,36.184536,9.29097238e-03
42,30,1.77427297,36.041345,9.14513951e-03
43,30,1.79575048,35.896575,8.99589045e-03
44,30,1.81722830,35.753623,8.83564077e-03
45,30,1.83870581,35.614671,8.68342619e-03
46,30,1.86018364,35.481949,8.54235482e-03
47,30,1.88166114,35.357068,8.41204618e-03
48,30,1.90313897,35.241337,8.29343281e-03
49,30,1.92461647,35.135144,8.17880412e-03
50,30,1.94609430,35.038427,8.07287636e-03
51,30,1.96757180,34.952821,7.96631558e-03
52,30,1.98904963,34.877673,7.86069979e-03
53,30,2.01052713,34.812913,7.75896551e-03
54,30,2.03200496,34.758204,7.64493090e-03
55,30,2.05348246,34.713149,7.50736762e-03
56,30,2.07496029,34.677305,7.30375722e-03
57,30,2.09643779,34.647096,6.79385370e-03
58,30,2.11791562,34.611459,4.89913185e-03
59,30,2.13939312,34.561549,9.91289469e-04
60,30,2.13939312,34.561549,9.91288192e-04
61,30,2.20382612,34.590781,3.03540917e-03
62,30,2.26825912,34.667416,2.07802751e-03
63,30,2.33269211,34.880947,1.38677660e-03
64,30,2.39712495,35.116912,1.12593323e-03
65,30,2.46155794,35.359313,7.67009495e-04
66,30,2.52599094,35.572776,2.89809250e-04
67,30,2.59042394,35.662912,1.90983577e-05
68,30,2.65485693,35.431311,1.29421256e-03
69,30,2.71928993,34.837499,3.50204848e-03
70,30,2.78372276,34.069882,5.14196852e-03
71,30,2.84815576,34.381574,2.15539309e-04
72,30,2.91258876,35.087384,4.52874760e-04
73,30,2.97702175,35.727128,7.97613983e-03
74,30,3.04145475,36.435608,5.75017190e-03
75,30,3.10588775,37.044321,2.87494628e-03
76,30,3.17032058,37.566135,4.39024945e-03
77,30,3.23475363,37.933476,1.35484537e-05
78,30,3.29918661,38.133658,2.49399920e-03
79,30,3.36361957,38.292740,5.79632561e-03
80,30,3.36361957,38.292740,1.19946922e-03
81,30,3.41622887,38.233394,8.64443419e-03
82,30,3.46883817,37.953650,3.15470314e-03
83,30,3.52144747,37.509347,1.07343680e-03
84,30,3.57405686,36.912895,2.84605207e-04
85,30,3.62666598,36.194557,2.96881973e-06
86,30,3.67927530,35.419730,2.62534901e-04
87,30,3.73188462,34.690716,4.73090271e-03
88,30,3.78449394,34.194303,7.57917873e-03
89,30,3.83710326,34.072792,3.32910362e-03
90,30,3.88971258,34.019882,2.29919338e-05
91,30,3.94232191,33.875856,7.59052600e-05
92,30,3.99493123,33.666079,1.97088324e-04
93,30,4.04754055,33.425778,4.37532255e-05
94,30,4.10014987,33.190857,8.82362940e-04
95,30,4.15275899,32.967394,1.43640894e-04
96,30,4.20536831,32.773799,4.18267043e-04
97,30,4.25797763,32.617263,1.25439721e-04
98,30,4.31058696,32.513765,6.35577406e-04
99,30,4.36319628,32.473527,9.34523741e-06
0,31,0.00000000,38.292740,9.28688874e-03
1,31,0.06074799,38.297954,2.65093014e-03
2,31,0.12149598,38.203820,2.59430485e-03
3,31,0.18224397,38.059507,2.51028264e-03
4,31,0.24299205,37.877699,2.41024422e-03
5,31,0.30373983,37.671076,2.30186619e-03
6,31,0.36448784,37.450662,2.19028860e-03
7,31,0.42523585,37.225310,2.07854672e-03
8,31,0.48598386,37.001818,1.96723215e-03
9,31,0.54673188,36.785267,1.85581788e-03
10,31,0.60747989,36.579406,1.74452621e-03
11,31,0.66822790,36.387553,1.63364504e-03
12,31,0.72897591,36.210316,1.52055619e-03
13,31,0.78972392,36.049763,1.40614011e-03
14,31,0.85047193,35.906633,1.28930286e-03
15,31,0.91121971,35.782994,1.17089229e-03
16,31,0.97196773,35.679420,1.04785372e-03
17,31,1.03271574,35.588574,9.21195894e-04
18,31,1.09346375,35.514041,7.90840684e-04
19,31,1.15421176,35.454259,2.23080856e-06
20,31,1.15421176,35.454259,4.61991705e-06
21,31,1.18458576,35.391111,7.52222225e-06
22,31,1.21495976,35.211567,1.47844139e-05
23,31,1.24533376,34.943695,1.74622640e-05
24,31,1.27570776,34.765584,1.64080910e-04
25,31,1.30608176,34.953206,1.15325511e-03
26,31,1.33645576,35.154457,1.55731620e-03
27,31,1.36682976,35.354784,1.81038388e-03
28,31,1.39720381,35.551699,2.06817184e-03
29,31,1.42757781,35.749261,2.26914512e-03
30,31,1.45795159,35.949680,2.46530189e-03
31,31,1.48832560,36.147257,2.37717148e-03
32,31,1.51869960,36.336386,2.68314644e-03
33,31,1.54907361,36.492133,3.06427511e-03
34,31,1.57944761,36.549464,4.39849300e-03
35,31,1.60982162,36.499752,5.83944242e-03
36,31,1.64019563,36.427596,7.42999006e-03
37,31,1.67056963,36.366748,1.00762421e-02
38,31,1.70094364,36.329032,1.08235282e-02
39,31,1.73131764,36.318339,9.89647970e-03
40,31,1.73131764,36.318339,1.07673074e-02
41,31,1.75279515,36.447590,2.10904572e-03
42,31,1.77427297,36.579584,2.67385498e-03
43,31,1.79575048,36.698143,3.29821104e-03
44,31,1.81722830,36.781266,3.84231279e-03
45,31,1.83870581,36.808147,4.05586321e-03
46,31,1.86018364,36.781640,3.93121095e-03
47,31,1.88166114,36.721372,3.68211241e-03
48,31,1.90313897,36.645481,3.44220502e-03
49,31,1.92461647,36.564700,3.24503815e-03
50,31,1.94609430,36.484385,3.09176168e-03
51,31,1.96757180,36.410499,2.97029380e-03
52,31,1.98904963,36.343734,2.87332493e-03
53,31,2.01052713,36.284380,2.79615346e-03
54,31,2.03200496,36.115301,1.56780047e-03
55,31,2.05348246,35.834114,1.76822324e-03
56,31,2.07496029,35.540907,2.14065243e-03
57,31,2.09643779,35.244530,3.00302682e-03
58,31,2.11791562,34.976530,5.67861657e-03
59,31,2.13939312,34.849955,1.13542574e-02
60,31,2.13939312,34.849955,1.13543109e-02
61,31,2.20382612,35.135030,7.30061876e-03
62,31,2.26825912,35.513560,5.44243459e-03
63,31,2.33269211,35.916169,4.04356283e-03
64,31,2.39712495,36.340154,3.03367485e-03
65,31,2.46155794,36.764561,3.22513050e-04
66,31,2.52599094,36.887307,5.07994304e-03
67,31,2.59042394,36.320350,6.13123214e-03
68,31,2.65485693,35.792193,7.40777370e-03
69,31,2.71928993,35.355054,8.92274484e-03
70,31,2.78372276,35.092486,1.01875772e-02
71,31,2.84815576,35.064851,1.04384485e-02
72,31,2.91258876,35.269764,9.72829642e-03
73,31,2.97702175,35.782470,9.21244272e-04
74,31,3.04145475,36.439927,1.71523205e-03
75,31,3.10588775,37.316120,3.88313509e-03
76,31,3.17032058,38.107269,5.11449641e-05
77,31,3.23475363,37.974459,6.06418065e-03
78,31,3.29918661,38.237826,7.45788222e-03
79,31,3.36361957,38.292740,4.92117908e-03
80,31,3.36361957,38.292741,9.51908389e-03
81,31,3.41622887,38.233394,1.26989012e-03
82,31,3.46883817,37.953651,4.57700691e-03
83,31,3.52144747,38.018243,1.90832267e-05
84,31,3.57405686,38.169883,2.00758004e-05
85,31,3.62666598,38.098262,5.73848282e-04
86,31,3.67927530,37.711718,3.99701819e-03
87,31,3.73188462,37.459214,2.57435383e-02
88,31,3.78449394,37.402834,2.22665579e-03
89,31,3.83710326,37.612894,3.41092974e-02
90,31,3.88971258,37.383798,3.33311357e-05
91,31,3.94232191,36.509679,2.61004634e-05
92,31,3.99493123,35.678136,2.35140116e-05
93,31,4.04754055,34.934897,2.24455021e-05
94,31,4.10014987,34.330532,2.14876001e-05
95,31,4.15275899,33.897366,1.89250019e-05
96,31,4.20536831,33.641749,1.40433140e-05
97,31,4.25797763,33.524221,7.70175457e-06
98,31,4.31058696,33.481980,2.25209863e-06
99,31,4.36319628,33.473123,8.38366757e-08
0,32,0.00000000,40.168744,9.75499336e-05
1,32,0.06074799,39.864176,5.95575974e-04
2,32,0.12149598,39.187590,1.42935398e-03
3,32,0.18224397,38.724671,1.50670685e-03
4,32,0.24299205,38.904158,9.45511237e-04
5,32,0.30373983,39.283066,7.19187977e-04
6,32,0.36448784,39.130216,9.27464601e-03
7,32,0.42523585,38.425622,6.99512407e-03
8,32,0.48598386,37.779389,5.09311742e-05
9,32,0.54673188,37.193249,6.43868307e-04
10,32,0.60747989,36.701514,1.55033849e-02
11,32,0.66822790,36.737823,1.63294869e-02
12,32,0.72897591,37.506551,9.94233133e-03
13,32,0.78972392,38.309716,2.71104828e-04
14,32,0.85047193,39.010050,4.04603577e-03
15,32,0.91121971,38.740429,1.06272055e-04
16,32,0.97196773,38.395950,1.48116164e-04
17,32,1.03271574,38.081268,2.16458268e-04
18,32,1.09346375,37.841650,3.35355209e-04
19,32,1.15421176,37.762476,1.70778774e-05
20,32,1.15421176,37.762476,2.94513429e-05
21,32,1.18458576,37.786746,6.67950190e-04
22,32,1.21495976,37.858187,3.90754969e-04
23,32,1.24533376,37.972460,7.18480036e-04
24,32,1.27570776,38.117140,1.14837625e-03
25,32,1.30608176,38.257832,2.16993490e-03
26,32,1.33645576,38.276329,4.11135804e-03
27,32,1.36682976,38.106838,4.49890907e-03
28,32,1.39720381,37.881260,4.08089101e-03
29,32,1.42757781,37.654736,4.03130270e-03
30,32,1.45795159,37.441227,3.81090774e-03
31,32,1.48832560,37.248144,3.35161293e-03
32,32,1.51869960,37.082438,5.63283888e-03
33,32,1.54907361,36.972253,1.46189653e-03
34,32,1.57944761,36.980414,2.41949977e-04
35,32,1.60982162,37.105728,3.93015019e-04
36,32,1.64019563,37.260191,5.56937901e-03
37,32,1.67056963,37.397567,5.12615386e-03
38,32,1.70094364,37.493348,4.87405911e-03
39,32,1.73131764,37.531444,4.78092940e-03
40,32,1.73131764,37.531444,4.78216009e-03
41,32,1.75279515,37.482682,4.80898990e-04
42,32,1.77427297,37.447900,3.63133516e-04
43,32,1.79575048,37.420767,3.12848927e-04
44,32,1.81722830,37.396045,3.10400459e-04
45,32,1.83870581,37.368152,3.45998911e-04
46,32,1.86018364,37.331716,4.16641385e-04
47,32,1.88166114,37.280994,5.21556835e-04
48,32,1.90313897,37.207548,6.59677648e-04
49,32,1.92461647,37.109429,8.19583349e-04
50,32,1.94609430,36.977466,9.92622524e-04
51,32,1.96757180,36.811573,1.15392218e-03
52,32,1.98904963,36.610367,1.29831577e-03
53,32,2.01052713,36.375783,1.42548503e-03
54,32,2.03200496,36.234575,2.72902680e-03
55,32,2.05348246,36.193734,2.67073117e-03
56,32,2.07496029,36.162570,2.62278037e-03
57,32,2.09643779,36.139855,2.57941727e-03
58,32,2.11791562,36.126184,2.54610104e-03
59,32,2.13939312,36.121709,2.52175161e-03
60,32,2.13939312,36.121709,2.52175265e-03
61,32,2.20382612,36.319558,2.43320540e-03
62,32,2.26825912,36.490231,2.04350116e-03
63,32,2.33269211,36.590627,1.25869939e-03
64,32,2.39712495,36.660976,6.54336030e-04
65,32,2.46155794,36.794337,2.43656071e-03
66,32,2.52599094,36.924109,1.33833816e-04
67,32,2.59042394,37.145959,3.80757158e-05
68,32,2.65485693,37.427301,2.87450805e-05
69,32,2.71928993,37.532363,5.25713346e-03
70,32,2.78372276,37.849929,4.07667773e-03
71,32,2.84815576,38.269645,3.33575327e-03
72,32,2.91258876,38.106812,1.15868705e-02
73,32,2.97702175,37.959847,8.74735220e-03
74,32,3.04145475,38.069466,4.55759970e-03
75,32,3.10588775,38.178802,1.04186820e-03
76,32,3.17032058,38.265970,2.46032830e-03
77,32,3.23475363,39.177469,1.32603350e-03
78,32,3.29918661,39.895885,4.24227656e-04
79,32,3.36361957,40.168744,7.27083493e-05
80,32,3.36361957,40.168744,4.50563125e-05
81,32,3.41622887,40.047032,7.98789082e-04
82,32,3.46883817,39.663171,1.63203823e-03
83,32,3.52144747,39.135250,1.34197838e-03
84,32,3.57405686,38.585417,7.17196855e-03
85,32,3.62666598,38.098262,2.47958523e-02
86,32,3.67927530,37.711718,2.69730870e-02
87,32,3.73188462,37.459214,1.09069520e-02
88,32,3.78449394,37.402834,3.99061342e-02
89,32,3.83710326,37.612894,1.06259890e-02
90,32,3.88971258,38.094965,2.90661677e-04
91,32,3.94232191,37.937833,4.74722470e-05
92,32,3.99493123,37.675961,5.90517855e-05
93,32,4.04754055,37.288675,9.32786193e-10
94,32,4.10014987,36.915857,7.23979924e-10
95,32,4.15275899,36.594656,5.13015319e-10
96,32,4.20536831,36.332457,3.17864564e-10
97,32,4.25797763,36.137189,1.52471245e-10
98,32,4.31058696,36.016318,4.01172232e-11
99,32,4.36319628,35.974999,3.65651224e-14
0,33,0.00000000,40.168744,2.19951108e-05
1,33,0.06074799,40.168969,1.80049644e-04
2,33,0.12149598,40.117760,3.67840017e-04
3,33,0.18224397,40.049402,6.61463946e-04
4,33,0.24299205,39.984419,1.04069399e-03
5,33,0.30373983,39.893912,3.50075920e-03
6,33,0.36448784,39.130216,2.37181547e-03
7,33,0.42523585,38.425622,5.64480084e-03
8,33,0.48598386,37.779389,1.34317491e-02
9,33,0.54673188,37.193249,1.37279435e-02
10,33,0.60747989,36.701514,8.76322922e-04
11,33,0.66822790,36.737823,8.43288982e-04
12,33,0.72897591,37.506552,2.15690286e-03
13,33,0.78972392,38.309716,9.02175911e-03
14,33,0.85047193,39.010050,3.06448885e-03
15,33,0.91121971,39.293499,1.24386549e-04
16,33,0.97196773,39.203800,7.70206334e-05
17,33,1.03271574,38.628276,1.08873010e-03
18,33,1.09346375,37.992059,8.58440185e-04
19,33,1.15421176,37.762476,1.07649653e-03
20,33,1.15421176,37.762476,1.06412844e-03
21,33,1.18458576,37.786746,4.60295500e-04
22,33,1.21495976,37.858187,8.40905230e-04
23,33,1.24533376,37.972460,6.93743480e-04
24,33,1.27570776,38.117140,5.81390841e-04
25,33,1.30608176,38.257832,3.15485909e-04
26,33,1.33645576,38.276329,5.56907187e-06
27,33,1.36682976,38.106838,6.68090557e-04
28,33,1.39720381,37.881260,1.77617816e-03
29,33,1.42757781,37.654736,2.54377265e-03
30,33,1.45795159,37.441227,3.55190547e-03
31,33,1.48832560,37.248144,4.88796559e-03
32,33,1.51869960,37.082438,3.53947159e-03
33,33,1.54907361,36.972254,8.27773831e-03
34,33,1.57944761,36.980414,8.08479393e-03
35,33,1.60982162,37.105728,6.10236723e-03
36,33,1.64019563,37.260191,5.37916557e-05
37,33,1.67056963,37.397567,2.83375383e-05
38,33,1.70094364,37.493348,5.76328831e-06
39,33,1.73131764,37.531444,5.36921408e-06
40,33,1.73131764,37.531444,4.13473917e-06
41,33,1.75279515,37.568443,3.17726449e-03
42,33,1.77427297,37.581013,2.21548607e-03
43,33,1.79575048,37.587528,1.24765513e-03
44,33,1.81722830,37.619425,4.44442257e-04
45,33,1.83870581,37.702387,4.16823266e-05
46,33,1.86018364,37.837979,2.67275117e-05
47,33,1.88166114,38.008611,1.67133781e-04
48,33,1.90313897,38.196230,3.13514179e-04
49,33,1.92461647,38.387360,4.13858356e-04
50,33,1.94609430,38.572547,4.46187557e-04
51,33,1.96757180,38.730146,3.81626848e-04
52,33,1.98904963,38.821464,1.75390491e-04
53,33,2.01052713,38.745516,8.57620196e-06
54,33,2.03200496,38.485115,8.61005518e-05
55,33,2.05348246,38.156514,1.36419493e-04
56,33,2.07496029,37.830534,1.24457288e-04
57,33,2.09643779,37.547394,8.00152608e-05
58,33,2.11791562,37.347907,3.98081335e-05
59,33,2.13939312,37.274717,5.15189961e-05
60,33,2.13939312,37.274717,5.15189363e-05
61,33,2.20382612,37.107432,5.87229665e-05
62,33,2.26825912,37.056260,3.37351052e-04
63,33,2.33269211,37.160875,9.90178754e-04
64,33,2.39712495,37.389491,1.44773330e-03
65,33,2.46155794,37.461609,4.19998775e-03
66,33,2.52599094,37.289841,2.24099211e-03
67,33,2.59042394,37.735316,7.86761112e-03
68,33,2.65485693,37.429798,7.01957631e-03
69,33,2.71928993,37.756346,1.12200988e-04
70,33,2.78372276,38.109365,2.69879234e-04
71,33,2.84815576,38.438250,2.06797106e-05
72,33,2.91258876,38.712832,1.93398315e-03
73,33,2.97702175,38.854946,2.48034677e-03
74,33,3.04145475,38.915315,3.61519120e-03
75,33,3.10588775,39.051007,4.75332836e-03
76,33,3.17032058,39.376233,3.95322144e-03
77,33,3.23475363,39.766229,2.26589270e-03
78,33,3.29918661,40.071600,7.46604212e-04
79,33,3.36361957,40.168744,4.68330730e-05
80,33,3.36361957,40.168744,7.44785761e-05
81,33,3.41622887,40.047032,6.93888562e-04
82,33,3.46883817,39.663171,3.94110832e-03
83,33,3.52144747,39.135250,1.05506651e-02
84,33,3.57405686,38.585417,1.18415732e-02
85,33,3.62666598,38.300205,2.19229360e-05
86,33,3.67927530,38.389770,2.51160888e-05
87,33,3.73188462,38.422865,3.04774727e-05
88,33,3.78449394,38.382042,4.03666878e-05
89,33,3.83710326,38.166405,6.08828922e-05
90,33,3.88971258,38.094965,4.21639683e-02
91,33,3.94232191,38.165362,1.25745306e-09
92,33,3.99493123,37.706896,1.09897776e-09
93,33,4.04754055,37.394430,7.03283435e-05
94,33,4.10014987,37.110292,8.18969391e-05
95,33,4.15275899,36.837528,9.37397558e-05
96,33,4.20536831,36.593709,1.05513285e-04
97,33,4.25797763,36.397027,1.16249572e-04
98,33,4.31058696,36.267800,1.24141279e-04
99,33,4.36319628,36.222245,1.27075762e-04
0,34,0.00000000,41.694681,4.58015527e-05
1,34,0.06074799,41.687792,5.79937459e-05
2,34,0.12149598,41.641482,9.87309284e-05
3,34,0.18224397,41.552269,2.97410157e-03
4,34,0.24299205,40.712203,4.60394730e-03
5,34,0.30373983,39.893913,6.97563107e-03
6,34,0.36448784,39.694328,5.59286228e-04
7,34,0.42523585,40.069312,2.49642438e-03
8,34,0.48598386,40.290964,2.96027046e-03
9,34,0.54673188,40.421484,3.21447930e-04
10,34,0.60747989,40.168790,5.30235576e-05
11,34,0.66822790,39.942439,2.66169524e-04
12,34,0.72897591,39.724529,5.21396662e-05
13,34,0.78972392,39.418373,6.18710399e-05
14,34,0.85047193,39.086730,7.91703199e-05
15,34,0.91121971,39.293499,3.67776642e-05
16,34,0.97196773,39.203801,4.34772268e-05
17,34,1.03271574,39.137316,1.15024038e-04
18,34,1.09346375,39.097360,4.30334276e-05
19,34,1.15421176,39.084028,5.97534098e-05
20,34,1.15421176,39.084028,7.81215597e-05
21,34,1.18458576,39.128412,2.76082372e-05
22,34,1.21495976,39.243603,3.46433928e-05
23,34,1.24533376,39.321831,4.36251211e-04
24,34,1.27570776,39.143750,2.36671100e-04
25,34,1.30608176,38.916647,1.05999950e-04
26,34,1.33645576,38.841835,1.25423263e-04
27,34,1.36682976,38.990383,5.22835996e-04
28,34,1.39720381,39.223687,6.73419923e-04
29,34,1.42757781,39.477470,6.86165950e-04
30,34,1.45795159,39.725841,6.45808851e-04
31,34,1.48832560,39.941008,5.60777071e-04
32,34,1.51869960,40.094752,5.17509465e-06
33,34,1.54907361,40.176147,1.32695251e-04
34,34,1.57944761,40.178843,2.93842431e-04
35,34,1.60982162,40.115924,1.21941698e-04
36,34,1.64019563,40.019094,4.56402731e-04
37,34,1.67056963,39.918996,2.88025415e-03
38,34,1.70094364,39.845074,5.47035053e-03
39,34,1.73131764,39.831247,5.59913743e-03
40,34,1.73131764,39.831247,5.28257379e-03
41,34,1.75279515,39.819584,4.87365835e-03
42,34,1.77427297,39.792522,4.81101456e-03
43,34,1.79575048,39.744394,4.62211116e-03
44,34,1.81722830,39.681002,4.32077705e-03
45,34,1.83870581,39.598009,3.91520081e-03
46,34,1.86018364,39.497159,3.42820117e-03
47,34,1.88166114,39.382449,2.89102883e-03
48,34,1.90313897,39.259953,2.33852786e-03
49,34,1.92461647,39.137917,1.80556688e-03
50,34,1.94609430,39.021195,1.32142616e-03
51,34,1.96757180,38.922275,9.17360874e-04
52,34,1.98904963,38.841131,6.03022567e-04
53,34,2.01052713,38.780275,3.73957414e-04
54,34,2.03200496,38.732751,2.25258159e-04
55,34,2.05348246,38.698687,1.35085173e-04
56,34,2.07496029,38.675557,8.63052231e-05
57,34,2.09643779,38.660448,6.47407256e-05
58,34,2.11791562,38.652052,5.85596920e-05
59,34,2.13939312,38.649451,5.91576962e-05
60,34,2.13939312,38.649451,5.91564619e-05
61,34,2.20382612,38.502458,2.14382073e-04
62,34,2.26825912,38.232441,7.55491645e-04
63,34,2.33269211,37.933888,1.52560738e-03
64,34,2.39712495,37.735710,2.19519929e-03
65,34,2.46155794,37.684276,1.64679108e-03
66,34,2.52599094,37.877340,2.20263375e-03
67,34,2.59042394,37.832214,2.56114470e-03
68,34,2.65485693,38.389257,3.85332091e-03
69,34,2.71928993,38.833874,3.12257115e-03
70,34,2.78372276,39.172404,9.28379925e-03
71,34,2.84815576,38.598883,1.30648516e-02
72,34,2.91258876,38.754485,2.78159522e-03
73,34,2.97702175,39.291579,2.29035999e-03
74,34,3.04145475,39.871717,1.79103317e-03
75,34,3.10588775,40.486018,1.23689823e-03
76,34,3.17032058,41.081896,6.26120337e-04
77,34,3.23475363,41.520050,1.41297587e-04
78,34,3.29918661,41.682386,1.13996488e-05
79,34,3.36361957,41.694681,3.14045005e-05
80,34,3.36361957,41.694681,3.90440178e-05
81,34,3.41622887,41.706912,6.57329837e-05
82,34,3.46883817,41.690228,1.35784857e-05
83,34,3.52144747,41.611560,8.64892557e-05
84,34,3.57405686,41.482661,1.01659876e-04
85,34,3.62666598,41.279020,4.96370491e-05
86,34,3.67927530,40.719730,4.08516506e-05
87,34,3.73188462,40.018444,3.10505600e-05
88,34,3.78449394,39.216854,1.92185136e-05
89,34,3.83710326,38.453795,6.31881640e-07
90,34,3.88971258,38.169403,3.31669731e-05
91,34,3.94232191,38.765785,2.94935617e-02
92,34,3.99493123,39.509117,7.00481628e-03
93,34,4.04754055,40.137266,8.23144494e-03
94,34,4.10014987,40.354583,1.32296492e-03
95,34,4.15275899,40.382208,5.91220951e-04
96,34,4.20536831,40.382192,5.00527413e-05
97,34,4.25797763,40.377367,1.12451071e-04
98,34,4.31058696,40.373685,6.77364698e-05
99,34,4.36319628,40.371869,1.59353237e-05
0,35,0.00000000,41.694681,6.90442337e-05
1,35,0.06074799,41.742891,1.49113142e-04
2,35,0.12149598,41.833660,2.66756026e-04
3,35,0.18224397,41.552269,4.85333886e-03
4,35,0.24299205,40.712203,4.59090139e-03
5,35,0.30373983,39.947205,1.48818248e-03
6,35,0.36448784,39.965335,1.98485560e-03
7,35,0.42523585,40.098219,4.20170056e-04
8,35,0.48598386,40.461687,2.96965655e-04
9,35,0.54673188,40.421484,4.87143417e-05
10,35,0.60747989,40.168790,2.72920724e-04
11,35,0.66822790,39.942439,2.11126968e-05
12,35,0.72897591,39.741761,1.84905666e-04
13,35,0.78972392,39.568965,6.05402258e-05
14,35,0.85047193,39.424342,3.88550295e-05
15,35,0.91121971,39.579322,3.96031046e-03
16,35,0.97196773,39.521156,1.02013475e-03
17,35,1.03271574,39.137316,2.87781289e-06
18,35,1.09346375,39.097360,7.24813295e-05
19,35,1.15421176,39.084028,5.48178032e-05
20,35,1.15421176,39.084028,3.64456317e-05
21,35,1.18458576,39.128412,6.50489247e-05
22,35,1.21495976,39.243603,1.25412317e-05
23,35,1.24533376,39.321831,2.66695080e-04
24,35,1.27570776,39.143750,1.89219843e-03
25,35,1.30608176,38.916647,2.08284737e-03
26,35,1.33645576,38.841835,1.14068498e-03
27,35,1.36682976,38.990383,3.97160325e-04
28,35,1.39720381,39.223687,2.29699418e-04
29,35,1.42757781,39.477470,2.19821996e-04
30,35,1.45795159,39.725841,2.88439201e-04
31,35,1.48832560,39.941008,5.02314517e-04
32,35,1.51869960,40.094753,1.39270814e-03
33,35,1.54907361,40.176147,1.85999661e-03
34,35,1.57944761,40.178843,2.49554651e-03
35,35,1.60982162,40.115924,3.51965607e-03
36,35,1.64019563,40.019094,3.96725128e-03
37,35,1.67056963,39.918996,2.18382149e-03
38,35,1.70094364,39.845074,1.94705405e-05
39,35,1.73131764,39.831247,6.00200077e-05
40,35,1.73131764,39.831247,3.76670531e-04
41,35,1.75279515,39.848874,1.18018439e-03
42,35,1.77427297,39.932085,1.49915433e-03
43,35,1.79575048,40.061167,1.75237733e-03
44,35,1.81722830,40.224797,1.92042620e-03
45,35,1.83870581,40.406233,2.02278674e-03
46,35,1.86018364,40.584061,2.08422291e-03
47,35,1.88166114,40.718355,2.10105183e-03
48,35,1.90313897,40.734326,1.96177868e-03
49,35,1.92461647,40.571619,1.66057528e-03
50,35,1.94609430,40.281533,1.44952632e-03
51,35,1.96757180,39.956151,1.41124029e-03
52,35,1.98904963,39.661028,1.54430570e-03
53,35,2.01052713,39.507896,1.63821430e-03
54,35,2.03200496,39.528382,1.48318780e-03
55,35,2.05348246,39.611056,1.33839586e-03
56,35,2.07496029,39.699871,1.23344910e-03
57,35,2.09643779,39.769206,1.15049818e-03
58,35,2.11791562,39.813594,1.07429863e-03
59,35,2.13939312,39.834394,9.99575917e-04
60,35,2.13939312,39.834394,9.99570602e-04
61,35,2.20382612,39.464423,1.49155453e-03
62,35,2.26825912,39.040571,2.06214604e-03
63,35,2.33269211,38.559585,2.70022092e-03
64,35,2.39712495,38.013338,3.41580606e-03
65,35,2.46155794,37.721694,2.42939109e-03
66,35,2.52599094,38.014582,1.74482771e-03
67,35,2.59042394,38.154913,1.55792911e-03
68,35,2.65485693,38.547172,7.23299903e-05
69,35,2.71928993,39.091398,2.95264457e-03
70,35,2.78372276,39.249757,2.62056901e-03
71,35,2.84815576,39.673780,2.42357984e-03
72,35,2.91258876,40.102858,2.33062448e-03
73,35,2.97702175,40.531605,2.22752857e-03
74,35,3.04145475,40.951361,1.96714143e-03
75,35,3.10588775,41.352772,1.33090702e-03
76,35,3.17032058,41.675555,2.95231922e-04
77,35,3.23475363,41.784605,9.16571975e-05
78,35,3.29918661,41.736733,1.63252633e-04
79,35,3.36361957,41.694681,5.26416285e-05
80,35,3.36361957,41.694681,4.82691848e-05
81,35,3.41622887,41.706912,6.91955270e-06
82,35,3.46883817,41.690230,8.39611109e-05
83,35,3.52144747,41.611560,9.68171906e-05
84,35,3.57405686,41.482661,1.44011972e-04
85,35,3.62666598,41.335423,1.32288909e-05
86,35,3.67927530,40.942045,1.72166295e-09
87,35,3.73188462,40.330570,1.67123798e-09
88,35,3.78449394,39.744998,1.59897367e-09
89,35,3.83710326,39.187376,1.51255567e-09
90,35,3.88971258,38.659946,1.39975339e-09
91,35,3.94232191,38.765785,7.22176771e-03
92,35,3.99493123,39.509117,2.18517501e-02
93,35,4.04754055,40.137267,6.91956373e-03
94,35,4.10014987,40.354583,1.88202846e-03
95,35,4.15275899,40.382208,3.95441962e-04
96,35,4.20536831,40.382192,3.67427846e-04
97,35,4.25797763,40.377367,8.43615425e-05
98,35,4.31058696,40.373685,3.27129694e-05
99,35,4.36319628,40.371869,5.64378482e-05
0,36,0.00000000,41.694682,9.16294882e-07
1,36,0.06074799,41.742891,1.02442119e-04
2,36,0.12149598,41.833664,7.48076283e-04
3,36,0.18224397,41.555752,1.15674469e-04
4,36,0.24299205,41.433946,1.15842659e-04
5,36,0.30373983,41.283300,1.08185265e-04
6,36,0.36448784,41.110093,9.69290619e-05
7,36,0.42523585,40.919768,8.40349533e-05
8,36,0.48598386,40.698686,4.26312129e-05
9,36,0.54673188,40.497869,5.96072065e-05
10,36,0.60747989,40.265068,5.17700903e-05
11,36,0.66822790,40.003347,4.89707961e-05
12,36,0.72897591,39.741761,7.46147798e-05
13,36,0.78972392,39.568965,1.88677359e-04
14,36,0.85047193,39.424342,3.06693121e-04
15,36,0.91121971,39.579322,1.62697406e-03
16,36,0.97196773,39.936509,3.01550118e-03
17,36,1.03271574,40.142125,5.39968928e-04
18,36,1.09346375,40.242470,1.74714523e-03
19,36,1.15421176,40.271838,5.06267477e-04
20,36,1.15421176,40.271838,1.80608739e-03
21,36,1.18458576,40.143634,2.34844337e-03
22,36,1.21495976,39.884896,1.85038253e-03
23,36,1.24533376,39.698424,9.84609295e-05
24,36,1.27570776,39.826880,2.98159668e-04
25,36,1.30608176,40.087796,1.49315633e-04
26,36,1.33645576,40.383734,1.85170208e-04
27,36,1.36682976,40.693361,2.43476412e-04
28,36,1.39720381,41.008183,2.56271726e-04
29,36,1.42757781,41.318273,5.01939872e-04
30,36,1.45795159,41.610784,6.04005247e-04
31,36,1.48832560,41.855345,7.19196751e-04
32,36,1.51869960,42.021060,1.00055531e-03
33,36,1.54907361,42.142113,1.73587595e-04
34,36,1.57944761,42.270632,1.24399036e-03
35,36,1.60982162,42.416963,1.09285601e-03
36,36,1.64019563,42.566680,7.40163066e-04
37,36,1.67056963,42.694847,4.02910006e-04
38,36,1.70094364,42.781184,5.89375378e-05
39,36,1.73131764,42.813245,1.67141021e-04
40,36,1.73131764,42.813245,6.66165651e-05
41,36,1.75279515,42.774663,7.11983897e-05
42,36,1.77427297,42.724202,2.08558724e-04
43,36,1.79575048,42.664647,4.78609869e-04
44,36,1.81722830,42.601608,8.70047283e-04
45,36,1.83870581,42.436645,1.36720039e-04
46,36,1.86018364,42.208539,7.30528170e-05
47,36,1.88166114,41.991691,9.69505821e-06
48,36,1.90313897,41.874665,7.18212225e-05
49,36,1.92461647,41.922994,2.77709195e-04
50,36,1.94609430,42.087437,3.85119525e-04
51,36,1.96757180,42.294771,3.41793163e-04
52,36,1.98904963,42.414592,4.45551612e-03
53,36,2.01052713,42.444002,4.56662830e-03
54,36,2.03200496,42.477001,4.58160401e-03
55,36,2.05348246,42.512976,4.48798501e-03
56,36,2.07496029,42.549706,4.26502009e-03
57,36,2.09643779,42.580065,3.93531839e-03
58,36,2.11791562,42.577504,1.90954899e-05
59,36,2.13939312,42.573228,1.66481537e-05
60,36,2.13939312,42.573228,1.66525871e-05
61,36,2.20382612,42.715409,3.06500261e-03
62,36,2.26825912,41.884461,3.70886211e-03
63,36,2.33269211,41.013420,4.40899445e-03
64,36,2.39712495,40.099075,5.19504791e-03
65,36,2.46155794,39.226011,6.08969663e-03
66,36,2.52599094,38.403040,7.09935136e-03
67,36,2.59042394,38.369025,1.83823822e-03
68,36,2.65485693,38.737805,2.05323571e-03
69,36,2.71928993,39.147932,9.08129492e-04
70,36,2.78372276,39.747295,8.48815567e-04
71,36,2.84815576,39.979162,4.28515204e-05
72,36,2.91258876,40.333909,6.39055690e-05
73,36,2.97702175,40.729347,2.09639364e-05
74,36,3.04145475,41.151991,2.92787863e-05
75,36,3.10588775,41.555182,5.66721084e-05
76,36,3.17032058,41.815864,4.32374175e-05
77,36,3.23475363,41.836908,2.41714595e-05
78,36,3.29918661,41.745777,1.57403178e-05
79,36,3.36361957,41.694682,3.18089628e-05
80,36,3.36361957,41.694684,2.84746364e-05
81,36,3.41622887,41.736836,4.61245174e-05
82,36,3.46883817,41.810882,5.08740062e-05
83,36,3.52144747,41.829885,5.71385822e-05
84,36,3.57405686,41.663372,5.65787789e-05
85,36,3.62666598,41.335423,2.38620275e-04
86,36,3.67927530,41.189897,2.06148953e-05
87,36,3.73188462,41.055813,1.00972766e-05
88,36,3.78449394,40.937448,1.73377727e-04
89,36,3.83710326,40.836659,1.48472010e-04
90,36,3.88971258,40.755278,9.38373996e-06
91,36,3.94232191,40.697690,1.52038969e-04
92,36,3.99493123,40.682117,1.05113996e-03
93,36,4.04754055,40.810974,3.34003272e-03
94,36,4.10014987,41.290111,2.86670964e-03
95,36,4.15275899,41.757432,8.63219445e-03
96,36,4.20536831,42.024924,2.24977401e-03
97,36,4.25797763,42.140962,1.73641843e-03
98,36,4.31058696,42.186208,7.07253794e-04
99,36,4.36319628,42.196188,1.47755284e-03
0,37,0.00000000,43.459501,3.14328233e-03
1,37,0.06074799,43.154709,3.96116902e-03
2,37,0.12149598,42.467361,4.48773282e-03
3,37,0.18224397,41.980951,2.05776867e-04
4,37,0.24299205,41.879552,3.20722926e-04
5,37,0.30373983,41.624510,8.29492288e-05
6,37,0.36448784,41.311844,3.10539849e-04
7,37,0.42523585,40.997278,1.75741154e-04
8,37,0.48598386,40.698686,3.76358358e-04
9,37,0.54673188,40.657420,3.28186393e-03
10,37,0.60747989,40.958696,1.26291731e-04
11,37,0.66822790,41.069647,8.74946205e-05
12,37,0.72897591,41.079092,7.99068093e-05
13,37,0.78972392,40.995298,1.12741417e-04
14,37,0.85047193,40.779983,2.47367422e-04
15,37,0.91121971,40.317027,6.17929923e-04
16,37,0.97196773,39.936509,1.33972549e-03
17,37,1.03271574,40.142126,3.00882113e-03
18,37,1.09346375,40.242470,1.37434722e-03
19,37,1.15421176,40.271838,2.48444530e-03
20,37,1.15421176,40.271838,1.18466042e-03
21,37,1.18458576,40.143634,5.33861467e-04
22,37,1.21495976,39.884896,1.02619729e-03
23,37,1.24533376,39.698424,2.22020113e-03
24,37,1.27570776,39.826880,6.72422967e-04
25,37,1.30608176,40.087796,4.74263977e-04
26,37,1.33645576,40.383734,3.25831626e-04
27,37,1.36682976,40.693361,2.32346300e-04
28,37,1.39720381,41.008183,2.30485596e-04
29,37,1.42757781,41.318273,4.51352045e-05
30,37,1.45795159,41.610784,8.99079213e-05
31,37,1.48832560,41.855345,3.16718947e-04
32,37,1.51869960,42.021062,5.44532539e-04
33,37,1.54907361,42.142113,1.56276309e-03
34,37,1.57944761,42.270632,2.83311967e-04
35,37,1.60982162,42.416963,4.78256312e-05
36,37,1.64019563,42.566681,9.75520594e-06
37,37,1.67056963,42.694848,3.63192918e-05
38,37,1.70094364,42.781184,1.84162523e-04
39,37,1.73131764,42.813245,9.66489658e-06
40,37,1.73131764,42.813245,1.10150559e-04
41,37,1.75279515,42.829057,1.41706081e-04
42,37,1.77427297,42.811606,1.69034063e-04
43,37,1.79575048,42.747601,1.83498034e-04
44,37,1.81722830,42.623853,1.74266210e-04
45,37,1.83870581,42.540179,1.35789267e-03
46,37,1.86018364,42.485295,1.90562276e-03
47,37,1.88166114,42.440810,2.47143614e-03
48,37,1.90313897,42.408365,3.01454087e-03
49,37,1.92461647,42.390627,3.50290584e-03
50,37,1.94609430,42.388240,3.91237480e-03
51,37,1.96757180,42.396125,4.23271900e-03
52,37,1.98904963,42.489069,1.84107079e-04
53,37,2.01052713,42.610575,3.18776137e-05
54,37,2.03200496,42.646447,3.79359024e-07
55,37,2.05348246,42.637796,1.12090635e-05
56,37,2.07496029,42.615545,1.92673649e-05
57,37,2.09643779,42.593208,2.08708820e-05
58,37,2.11791562,42.600918,3.49802020e-03
59,37,2.13939312,42.608410,2.99676914e-03
60,37,2.13939312,42.608410,2.99676959e-03
61,37,2.20382612,42.899903,2.73418616e-03
62,37,2.26825912,43.146798,7.49651481e-05
63,37,2.33269211,43.072091,4.48332755e-05
64,37,2.39712495,42.848127,3.03447079e-06
65,37,2.46155794,42.526377,4.13298642e-05
66,37,2.52599094,42.102683,3.27158076e-04
67,37,2.59042394,41.572417,1.10200812e-03
68,37,2.65485693,40.944610,2.54938588e-03
69,37,2.71928993,40.240760,4.18714879e-03
70,37,2.78372276,39.846683,1.80113968e-03
71,37,2.84815576,40.572298,2.68077218e-03
72,37,2.91258876,41.273705,3.81835832e-03
73,37,2.97702175,41.860485,5.21391868e-03
74,37,3.04145475,42.236605,6.38572417e-03
75,37,3.10588775,42.400333,6.94329295e-03
76,37,3.17032058,42.487425,7.03574810e-03
77,37,3.23475363,42.737740,5.80028420e-03
78,37,3.29918661,43.168488,4.40155238e-03
79,37,3.36361957,43.459501,5.75628390e-03
80,37,3.36361957,43.459501,3.20467037e-03
81,37,3.41622887,43.314191,2.96081288e-06
82,37,3.46883817,43.064564,3.09785768e-06
83,37,3.52144747,42.871380,6.51252998e-07
84,37,3.57405686,42.233250,1.95806627e-09
85,37,3.62666598,41.577239,1.76623531e-09
86,37,3.67927530,41.189897,2.13448026e-04
87,37,3.73188462,41.055813,2.07736775e-04
88,37,3.78449394,40.937448,4.40809560e-05
89,37,3.83710326,40.836659,1.00590550e-04
90,37,3.88971258,40.755278,3.44096610e-04
91,37,3.94232191,40.697690,5.27604336e-04
92,37,3.99493123,40.682117,9.51896436e-04
93,37,4.04754055,40.810975,5.52864747e-03
94,37,4.10014987,41.290112,1.08089922e-02
95,37,4.15275899,41.757432,5.06813951e-04
96,37,4.20536831,42.024924,2.87720883e-03
97,37,4.25797763,42.140962,1.39453271e-03
98,37,4.31058696,42.186208,1.58784779e-03
99,37,4.36319628,42.196188,5.89691368e-04
0,38,0.00000000,43.459506,4.19537517e-03
1,38,0.06074799,43.154710,3.84662197e-04
2,38,0.12149598,42.467364,7.06164028e-04
3,38,0.18224397,41.980951,2.93211960e-05
4,38,0.24299205,41.879553,1.57352292e-04
5,38,0.30373983,41.624511,4.59744554e-04
6,38,0.36448784,41.311844,2.06753123e-04
7,38,0.42523585,40.997278,2.94290778e-04
8,38,0.48598386,40.715535,7.08491046e-05
9,38,0.54673188,40.755001,1.96594892e-04
10,38,0.60747989,41.181287,3.37852315e-03
11,38,0.66822790,41.855937,3.22949142e-03
12,38,0.72897591,42.422839,1.88910051e-05
13,38,0.78972392,42.061062,7.49705008e-06
14,38,0.85047193,41.772938,9.88760889e-07
15,38,0.91121971,41.558036,9.52453787e-07
16,38,0.97196773,41.408736,8.61127916e-06
17,38,1.03271574,41.318848,2.48563135e-05
18,38,1.09346375,41.281737,5.13011218e-05
19,38,1.15421176,41.293846,1.31834260e-04
20,38,1.15421176,41.293846,7.06395444e-05
21,38,1.18458576,41.430173,8.49661922e-05
22,38,1.21495976,41.717965,4.56913023e-04
23,38,1.24533376,42.029580,2.90270004e-04
24,38,1.27570776,42.304499,4.56276987e-04
25,38,1.30608176,42.507870,5.93647104e-04
26,38,1.33645576,42.625710,6.64357945e-04
27,38,1.36682976,42.659282,1.36567201e-03
28,38,1.39720381,42.641645,1.80865467e-03
29,38,1.42757781,42.596749,1.76287579e-03
30,38,1.45795159,42.558735,2.06793609e-03
31,38,1.48832560,42.573253,1.58192330e-03
32,38,1.51869960,42.692545,1.23042440e-03
33,38,1.54907361,42.909646,1.31711107e-03
34,38,1.57944761,43.174411,1.74206699e-03
35,38,1.60982162,43.425910,5.71151248e-04
36,38,1.64019563,43.658135,1.94419907e-04
37,38,1.67056963,43.847466,7.20305729e-04
38,38,1.70094364,43.974090,1.32127969e-03
39,38,1.73131764,44.024680,1.20954837e-03
40,38,1.73131764,44.024680,1.92195248e-03
41,38,1.75279515,43.909468,2.32783618e-04
42,38,1.77427297,43.774251,1.85661250e-04
43,38,1.79575048,43.628002,1.70414921e-04
44,38,1.81722830,43.494343,1.87877922e-04
45,38,1.83870581,43.387420,2.25804506e-04
46,38,1.86018364,43.306763,2.68768991e-04
47,38,1.88166114,43.243249,3.09163546e-04
48,38,1.90313897,43.189705,3.47787960e-04
49,38,1.92461647,43.142419,3.88421503e-04
50,38,1.94609430,43.104022,4.38303121e-04
51,38,1.96757180,43.081220,5.19744052e-04
52,38,1.98904963,43.100128,6.44077738e-04
53,38,2.01052713,43.205275,7.26568773e-04
54,38,2.03200496,43.406528,6.67208587e-04
55,38,2.05348246,43.603095,1.43322308e-03
56,38,2.07496029,43.543165,1.58141904e-03
57,38,2.09643779,43.491592,1.79905849e-03
58,38,2.11791562,43.458008,2.08934175e-03
59,38,2.13939312,43.448306,2.41323740e-03
60,38,2.13939312,43.448306,2.41349098e-03
61,38,2.20382612,43.009387,5.93741747e-05
62,38,2.26825912,43.369392,1.94332037e-03
63,38,2.33269211,43.875435,9.94361439e-04
64,38,2.39712495,44.318381,3.28455859e-04
65,38,2.46155794,44.189354,2.12328819e-04
66,38,2.52599094,43.629951,2.56433789e-04
67,38,2.59042394,43.153484,3.18465157e-04
68,38,2.65485693,42.763925,3.87343675e-04
69,38,2.71928993,42.462367,4.55832262e-04
70,38,2.78372276,42.249839,5.17224710e-04
71,38,2.84815576,42.127588,5.68039871e-04
72,38,2.91258876,42.092505,6.08928509e-04
73,38,2.97702175,42.143841,6.46050736e-04
74,38,3.04145475,42.278522,6.91170486e-04
75,38,3.10588775,42.493001,7.66601684e-04
76,38,3.17032058,42.778783,9.10730321e-04
77,38,3.23475363,43.109981,1.19960898e-03
78,38,3.29918661,43.353191,1.08719053e-03
79,38,3.36361957,43.459504,9.27247193e-04
80,38,3.36361957,43.459510,9.02258492e-04
81,38,3.41622887,43.378166,6.09955740e-03
82,38,3.46883817,43.289824,5.47391480e-03
83,38,3.52144747,42.904913,2.98644383e-09
84,38,3.57405686,42.824320,2.75265873e-06
85,38,3.62666598,42.913254,8.15121504e-06
86,38,3.67927530,43.060327,1.19088988e-05
87,38,3.73188462,43.230812,1.71252680e-05
88,38,3.78449394,43.265389,2.90472689e-05
89,38,3.83710326,43.083214,3.05636450e-05
90,38,3.88971258,42.903059,3.06814123e-05
91,38,3.94232191,42.753520,2.84457042e-05
92,38,3.99493123,42.633827,2.47301320e-05
93,38,4.04754055,42.539438,2.03144296e-05
94,38,4.10014987,42.467421,1.55978056e-05
95,38,4.15275899,42.412354,1.11622843e-05
96,38,4.20536831,42.372490,7.27288447e-06
97,38,4.25797763,42.345581,4.21576791e-06
98,38,4.31058696,42.330056,2.25875605e-06
99,38,4.36319628,42.324425,1.57662834e-06
0,39,0.00000000,43.459527,7.59893847e-04
1,39,0.06074799,43.574858,1.77186965e-03
2,39,0.12149598,43.435709,8.57964965e-04
3,39,0.18224397,43.069482,4.79125124e-04
4,39,0.24299205,42.990504,3.00708020e-04
5,39,0.30373983,43.146614,3.71697932e-05
6,39,0.36448784,43.366754,1.93598820e-04
7,39,0.42523585,43.534603,4.87403638e-04
8,39,0.48598386,43.581922,3.24277608e-06
9,39,0.54673188,43.502539,2.34226739e-04
10,39,0.60747989,43.339806,5.66407475e-05
11,39,0.66822790,42.853687,3.45870398e-05
12,39,0.72897591,42.659812,2.88639432e-03
13,39,0.78972392,43.002992,1.04595834e-04
14,39,0.85047193,43.072309,1.48620090e-04
15,39,0.91121971,42.298733,1.01586726e-03
16,39,0.97196773,41.751340,5.32419519e-04
17,39,1.03271574,41.490637,2.76488873e-04
18,39,1.09346375,41.357826,1.56955106e-04
19,39,1.15421176,41.293846,5.18944655e-05
20,39,1.15421176,41.293846,1.13146272e-04
21,39,1.18458576,41.430173,2.65302723e-04
22,39,1.21495976,41.717966,5.89342146e-05
23,39,1.24533376,42.029580,3.18661805e-04
24,39,1.27570776,42.304501,2.57652792e-04
25,39,1.30608176,42.507870,2.91440100e-04
26,39,1.33645576,42.625710,4.77394131e-04
27,39,1.36682976,42.659282,1.16255251e-04
28,39,1.39720381,42.641646,5.05712497e-05
29,39,1.42757781,42.596749,4.70212342e-04
30,39,1.45795159,42.558735,4.48864366e-04
31,39,1.48832560,42.573253,9.41691537e-04
32,39,1.51869960,42.692548,9.46681523e-04
33,39,1.54907361,42.909647,5.76087440e-04
34,39,1.57944761,43.174411,7.58798178e-05
35,39,1.60982162,43.425910,1.28411661e-03
36,39,1.64019563,43.658135,1.74367359e-03
37,39,1.67056963,43.847466,1.29491577e-03
38,39,1.70094364,43.974090,7.44293189e-04
39,39,1.73131764,44.024680,8.91265789e-04
40,39,1.73131764,44.024680,1.78864421e-04
41,39,1.75279515,44.111105,1.98445769e-03
42,39,1.77427297,44.179411,2.12573453e-03
43,39,1.79575048,44.225248,2.20085169e-03
44,39,1.81722830,44.250503,2.22378543e-03
45,39,1.83870581,44.252894,2.18537731e-03
46,39,1.86018364,44.233977,2.09626824e-03
47,39,1.88166114,44.196470,1.97229245e-03
48,39,1.90313897,44.143222,1.83200463e-03
49,39,1.92461647,44.078548,1.69050219e-03
50,39,1.94609430,43.998788,1.56232750e-03
51,39,1.96757180,43.919860,1.45568512e-03
52,39,1.98904963,43.837989,1.38006389e-03
53,39,2.01052713,43.756570,1.35413248e-03
54,39,2.03200496,43.677108,1.36537867e-03
55,39,2.05348246,43.655579,5.47626279e-04
56,39,2.07496029,43.914620,4.15116952e-04
57,39,2.09643779,44.155635,2.70001686e-04
58,39,2.11791562,44.341980,1.14210156e-04
59,39,2.13939312,44.416442,1.00450368e-05
60,39,2.13939312,44.416442,1.00477836e-05
61,39,2.20382612,45.337411,3.73671118e-06
62,39,2.26825912,45.983013,3.88186660e-04
63,39,2.33269211,45.445458,2.12959025e-04
64,39,2.39712495,44.803816,1.89112643e-04
65,39,2.46155794,44.618890,2.16892321e-04
66,39,2.52599094,44.753459,6.11606980e-04
67,39,2.59042394,44.756075,1.26408157e-03
68,39,2.65485693,44.692230,1.95654999e-03
69,39,2.71928993,44.152431,2.59891829e-03
70,39,2.78372276,43.710189,2.05343597e-03
71,39,2.84815576,43.407615,1.43985945e-03
72,39,2.91258876,43.238319,8.81089806e-04
73,39,2.97702175,43.170746,4.39117427e-04
74,39,3.04145475,43.162652,1.60656759e-04
75,39,3.10588775,43.205924,1.24020723e-04
76,39,3.17032058,43.270193,9.68589524e-04
77,39,3.23475363,43.272135,3.10338033e-04
78,39,3.29918661,43.387146,1.71660051e-03
79,39,3.36361957,43.459517,1.41448619e-03
80,39,3.36361957,43.459564,3.99092575e-03
81,39,3.41622887,43.378227,1.99478856e-03
82,39,3.46883817,43.289825,2.24916595e-03
83,39,3.52144747,43.335927,2.28919428e-03
84,39,3.57405686,43.436034,1.81638622e-03
85,39,3.62666598,43.488899,8.72320336e-04
86,39,3.67927530,43.501095,5.14702957e-05
87,39,3.73188462,43.495209,7.28878198e-05
88,39,3.78449394,43.477097,8.33715475e-06
89,39,3.83710326,43.447673,1.40488975e-05
90,39,3.88971258,43.412209,5.71284944e-05
91,39,3.94232191,43.380377,8.89274500e-05
92,39,3.99493123,43.369746,1.55143662e-05
93,39,4.04754055,43.413829,4.87058787e-05
94,39,4.10014987,43.533392,8.45779147e-05
95,39,4.15275899,43.484884,9.03416431e-05
96,39,4.20536831,43.444873,9.51495626e-05
97,39,4.25797763,43.414395,9.87681490e-05
98,39,4.31058696,43.395252,1.01026321e-04
99,39,4.36319628,43.387981,1.01844615e-04
0,40,0.00000000,44.055217,5.32542611e-06
1,40,0.06074799,44.026444,2.36092225e-04
2,40,0.12149598,43.435710,9.42099474e-05
3,40,0.18224397,43.069482,3.21720599e-04
4,40,0.24299205,42.990504,5.32576745e-04
5,40,0.30373983,43.146615,9.32146008e-04
6,40,0.36448784,43.366754,8.22906930e-04
7,40,0.42523585,43.534604,4.07993961e-04
8,40,0.48598386,43.581922,6.34778469e-04
9,40,0.54673188,43.502539,1.47143211e-04
10,40,0.60747989,43.349509,1.82787983e-04
11,40,0.66822790,43.183732,1.31538956e-04
12,40,0.72897591,43.053609,1.03066961e-04
13,40,0.78972392,43.002992,1.53399462e-04
14,40,0.85047193,43.072309,2.61085555e-04
15,40,0.91121971,43.299610,2.13089923e-04
16,40,0.97196773,43.670413,2.57752358e-04
17,40,1.03271574,44.105297,2.49864828e-04
18,40,1.09346375,44.471858,2.11978821e-04
19,40,1.15421176,44.618596,1.92181012e-04
20,40,1.15421176,44.618596,1.92061593e-04
21,40,1.18458576,44.631218,1.81582796e-04
22,40,1.21495976,44.673207,1.65043613e-04
23,40,1.24533376,44.757275,1.57454390e-04
24,40,1.27570776,44.901361,1.73108986e-04
25,40,1.30608176,45.123291,2.24752244e-04
26,40,1.33645576,45.426761,3.24379236e-04
27,40,1.36682976,45.794940,4.04175361e-04
28,40,1.39720381,46.194554,3.69523217e-04
29,40,1.42757781,46.572076,2.23464500e-04
30,40,1.45795159,46.830485,9.21461640e-05
31,40,1.48832560,46.919709,1.38573808e-04
32,40,1.51869960,46.928674,2.64357044e-04
33,40,1.54907361,46.929468,2.17963291e-04
34,40,1.57944761,46.934498,1.16516599e-05
35,40,1.60982162,46.943392,1.19164427e-04
36,40,1.64019563,46.946316,1.10659502e-04
37,40,1.67056963,46.930855,4.63327520e-04
38,40,1.70094364,46.903326,8.79099938e-04
39,40,1.73131764,46.891396,5.16065261e-04
40,40,1.73131764,46.891396,9.95693482e-04
41,40,1.75279515,46.783733,1.63568998e-04
42,40,1.77427297,46.661342,1.34528859e-04
43,40,1.79575048,46.547114,9.00276525e-05
44,40,1.81722830,46.455213,4.52650951e-05
45,40,1.83870581,46.388907,1.41517469e-05
46,40,1.86018364,46.347983,1.08133677e-06
47,40,1.88166114,46.329617,3.02582335e-06
48,40,1.90313897,46.330484,1.32549510e-05
49,40,1.92461647,46.344702,2.45423259e-05
50,40,1.94609430,46.364279,3.18442935e-05
51,40,1.96757180,46.394361,3.37725768e-05
52,40,1.98904963,46.428026,3.01730613e-05
53,40,2.01052713,46.460009,2.24901649e-05
54,40,2.03200496,46.455636,3.50111740e-05
55,40,2.05348246,46.278148,1.22194677e-04
56,40,2.07496029,46.082126,2.62730627e-04
57,40,2.09643779,45.885067,4.49962302e-04
58,40,2.11791562,45.724659,6.70381916e-04
59,40,2.13939312,45.660911,8.53280480e-04
60,40,2.13939312,45.660911,8.53266178e-04
61,40,2.20382612,46.029351,7.51162880e-04
62,40,2.26825912,46.355325,2.86067052e-05
63,40,2.33269211,47.227316,3.44685257e-04
64,40,2.39712495,47.123874,3.39490632e-05
65,40,2.46155794,46.646710,4.30817897e-05
66,40,2.52599094,46.100380,2.72680864e-03
67,40,2.59042394,45.382139,2.93127468e-03
68,40,2.65485693,44.719252,2.91510751e-03
69,40,2.71928993,44.593560,2.54286618e-03
70,40,2.78372276,44.502145,2.91595199e-03
71,40,2.84815576,44.202830,2.58967326e-04
72,40,2.91258876,43.921318,3.35556026e-04
73,40,2.97702175,43.676102,4.35923898e-04
74,40,3.04145475,43.469650,5.72275310e-04
75,40,3.10588775,43.317010,7.55208501e-04
76,40,3.17032058,43.352153,3.78925286e-04
77,40,3.23475363,43.472073,1.00871030e-03
78,40,3.29918661,44.029195,5.87308100e-04
79,40,3.36361957,44.055113,5.42202405e-06
80,40,3.36361957,44.055259,5.18917204e-06
81,40,3.41622887,44.210258,4.70376051e-08
82,40,3.46883817,43.579454,3.67615700e-09
83,40,3.52144747,43.335928,3.78832807e-03
84,40,3.57405686,43.436034,1.38058636e-03
85,40,3.62666598,43.488899,2.99862738e-04
86,40,3.67927530,43.501096,3.54266584e-04
87,40,3.73188462,43.495209,5.23482737e-05
88,40,3.78449394,43.477097,1.56058032e-05
89,40,3.83710326,43.447673,1.58182596e-06
90,40,3.88971258,43.412209,2.96581788e-05
91,40,3.94232191,43.380377,1.77633573e-04
92,40,3.99493123,43.369746,6.28723086e-04
93,40,4.04754055,43.413829,1.37905307e-03
94,40,4.10014987,43.581721,1.93574886e-03
95,40,4.15275899,43.964536,1.91289053e-03
96,40,4.20536831,44.582456,2.82628049e-03
97,40,4.25797763,45.312283,1.76451262e-03
98,40,4.31058696,45.985014,1.25970640e-03
99,40,4.36319628,46.286398,3.78457003e-05
0,41,0.00000000,44.457719,9.01448914e-06
1,41,0.06074799,44.026471,7.91353341e-04
2,41,0.12149598,43.718511,2.19606453e-04
3,41,0.18224397,43.877393,1.42120977e-05
4,41,0.24299205,44.069438,2.34533393e-04
5,41,0.30373983,44.294635,6.13120479e-04
6,41,0.36448784,44.548053,1.03792022e-03
7,41,0.42523585,44.833587,1.45091879e-03
8,41,0.48598386,44.430764,1.36809320e-04
9,41,0.54673188,43.871748,8.73217600e-05
10,41,0.60747989,43.349509,3.43999839e-05
11,41,0.66822790,43.183732,2.05664411e-05
12,41,0.72897591,43.053609,6.58005170e-05
13,41,0.78972392,43.567846,2.42432203e-03
14,41,0.85047193,43.262536,1.44064621e-03
15,41,0.91121971,43.299610,3.62689642e-04
16,41,0.97196773,43.670413,3.68391488e-04
17,41,1.03271574,44.105297,2.52564044e-04
18,41,1.09346375,44.471858,8.55308756e-05
19,41,1.15421176,44.618596,1.64826240e-06
20,41,1.15421176,44.618596,1.76727362e-06
21,41,1.18458576,44.631218,2.77999721e-05
22,41,1.21495976,44.673207,8.76616452e-05
23,41,1.24533376,44.757275,1.55617194e-04
24,41,1.27570776,44.901361,1.97474369e-04
25,41,1.30608176,45.123291,1.80874110e-04
26,41,1.33645576,45.426761,8.91626912e-05
27,41,1.36682976,45.794940,7.38049191e-06
28,41,1.39720381,46.194554,6.17282905e-05
29,41,1.42757781,46.572076,3.11564344e-04
30,41,1.45795159,46.830485,6.43628944e-04
31,41,1.48832560,46.919709,6.60500445e-04
32,41,1.51869960,46.928674,4.65385467e-04
33,41,1.54907361,46.929468,4.21211719e-04
34,41,1.57944761,46.934498,5.44678609e-04
35,41,1.60982162,46.943392,3.93981525e-04
36,41,1.64019563,46.946316,4.47183780e-04
37,41,1.67056963,46.930855,2.59494939e-04
38,41,1.70094364,46.903326,4.28626751e-05
39,41,1.73131764,46.891396,4.93604915e-04
40,41,1.73131764,46.891396,1.40193076e-05
41,41,1.75279515,46.956188,1.09967838e-03
42,41,1.77427297,46.974615,1.31875574e-03
43,41,1.79575048,46.953507,1.39221956e-03
44,41,1.81722830,46.917178,1.31760503e-03
45,41,1.83870581,46.885635,1.16550775e-03
46,41,1.86018364,46.866238,9.85213635e-04
47,41,1.88166114,46.857520,7.98795727e-04
48,41,1.90313897,46.853908,6.14964720e-04
49,41,1.92461647,46.846854,4.39280042e-04
50,41,1.94609430,46.828503,2.77570975e-04
51,41,1.96757180,46.786892,1.41723187e-04
52,41,1.98904963,46.714665,4.70524383e-05
53,41,2.01052713,46.601555,9.14338627e-06
54,41,2.03200496,46.493311,1.33543317e-05
55,41,2.05348246,46.523395,5.36680821e-06
56,41,2.07496029,46.551232,1.39753128e-06
57,41,2.09643779,46.570208,4.15755304e-06
58,41,2.11791562,46.581991,1.64547413e-05
59,41,2.13939312,46.586622,4.05283210e-05
60,41,2.13939312,46.586622,4.05257231e-05
61,41,2.20382612,47.291777,5.75546841e-06
62,41,2.26825912,47.628057,2.59726662e-05
63,41,2.33269211,47.500515,3.06952361e-05
64,41,2.39712495,47.373107,1.73539331e-03
65,41,2.46155794,46.813327,2.40916588e-03
66,41,2.52599094,46.156227,5.90359029e-05
67,41,2.59042394,45.692798,8.25190145e-05
68,41,2.65485693,45.268315,1.12291316e-04
69,41,2.71928993,44.876431,1.50752766e-04
70,41,2.78372276,44.520984,1.98715497e-04
71,41,2.84815576,44.458406,2.95950773e-03
72,41,2.91258876,44.522764,2.54181544e-03
73,41,2.97702175,44.766706,1.65618681e-03
74,41,3.04145475,44.293751,2.86099913e-04
75,41,3.10588775,43.749975,1.21633386e-04
76,41,3.17032058,43.394486,3.53534897e-05
77,41,3.23475363,43.697235,6.47344870e-04
78,41,3.29918661,44.146887,7.18974419e-04
79,41,3.36361957,44.457719,5.00663638e-05
80,41,3.36361957,44.457719,1.36279762e-05
81,41,3.41622887,44.220783,8.79219936e-09
82,41,3.46883817,44.113848,4.98116536e-04
83,41,3.52144747,44.026532,1.48191440e-03
84,41,3.57405686,44.037930,9.19082751e-06
85,41,3.62666598,43.890950,6.82470840e-06
86,41,3.67927530,43.734925,5.74866673e-06
87,41,3.73188462,43.571163,4.82029190e-06
88,41,3.78449394,43.555163,1.84447926e-06
89,41,3.83710326,43.757223,2.50947540e-05
90,41,3.88971258,43.768663,5.59792534e-05
91,41,3.94232191,43.706290,6.42240066e-05
92,41,3.99493123,43.642100,7.13014254e-05
93,41,4.04754055,43.584237,7.80546240e-05
94,41,4.10014987,43.581721,1.01256160e-03
95,41,4.15275899,43.964536,2.80348468e-03
96,41,4.20536831,44.582456,2.14920628e-03
97,41,4.25797763,45.312283,1.75735102e-03
98,41,4.31058696,45.985014,1.82455018e-04
99,41,4.36319628,46.286398,1.03814258e-04
0,42,0.00000000,44.457759,4.59679389e-05
1,42,0.06074799,44.376500,1.53759961e-03
2,42,0.12149598,44.785348,1.53628108e-04
3,42,0.18224397,45.059763,1.93581117e-04
4,42,0.24299205,45.423838,2.34371509e-04
5,42,0.30373983,45.864570,2.66732795e-04
6,42,0.36448784,45.526353,4.17505592e-04
7,42,0.42523585,44.995256,2.27504216e-04
8,42,0.48598386,45.163284,1.81257797e-03
9,42,0.54673188,45.553727,2.12122516e-03
10,42,0.60747989,46.019452,2.44471587e-03
11,42,0.66822790,46.507251,3.36672876e-03
12,42,0.72897591,45.768992,2.03117234e-03
13,42,0.78972392,44.486434,1.66697128e-03
14,42,0.85047193,44.552042,1.92208027e-03
15,42,0.91121971,45.602763,1.43457333e-03
16,42,0.97196773,46.685515,9.92290180e-04
17,42,1.03271574,47.795935,6.20331940e-04
18,42,1.09346375,48.718888,6.85705899e-05
19,42,1.15421176,48.639918,2.77177257e-04
20,42,1.15421176,48.639918,2.19519750e-05
21,42,1.18458576,48.589416,7.86556095e-06
22,42,1.21495976,48.458555,1.05538607e-04
23,42,1.24533376,48.286073,4.37046746e-04
24,42,1.27570776,48.098877,1.14258927e-04
25,42,1.30608176,47.915739,1.87885751e-04
26,42,1.33645576,47.748338,1.90322247e-04
27,42,1.36682976,47.604536,1.56383262e-04
28,42,1.39720381,47.498739,4.99560589e-04
29,42,1.42757781,47.463183,2.53961360e-04
30,42,1.45795159,47.565904,1.26529286e-04
31,42,1.48832560,47.814609,8.53110065e-05
32,42,1.51869960,48.065351,1.65277098e-04
33,42,1.54907361,48.198176,3.65990610e-04
34,42,1.57944761,48.186668,3.90887216e-04
35,42,1.60982162,48.079584,1.06788530e-03
36,42,1.64019563,47.971743,1.07709926e-05
37,42,1.67056963,47.927156,1.22681437e-03
38,42,1.70094364,47.973600,9.27596667e-04
39,42,1.73131764,48.049360,1.77200117e-04
40,42,1.73131764,48.049360,4.36877977e-04
41,42,1.75279515,47.928170,3.54652053e-04
42,42,1.77427297,47.837072,2.01028393e-04
43,42,1.79575048,47.818014,5.88024865e-05
44,42,1.81722830,47.850263,7.98535699e-06
45,42,1.83870581,47.905022,2.91001867e-06
46,42,1.86018364,47.965092,7.23176609e-06
47,42,1.88166114,48.021208,8.12976415e-06
48,42,1.90313897,48.071205,4.93213149e-06
49,42,1.92461647,48.108690,2.18173146e-06
50,42,1.94609430,48.135462,5.87363413e-06
51,42,1.96757180,48.156973,1.94570080e-05
52,42,1.98904963,48.175078,4.20850291e-05
53,42,2.01052713,48.190790,6.79837925e-05
54,42,2.03200496,48.209410,8.90692078e-05
55,42,2.05348246,48.229030,1.00129270e-04
56,42,2.07496029,48.248792,9.98398185e-05
57,42,2.09643779,48.264730,9.14142267e-05
58,42,2.11791562,48.275306,7.91947090e-05
59,42,2.13939312,48.279768,6.51946898e-05
60,42,2.13939312,48.279768,6.52123271e-05
61,42,2.20382612,47.702028,1.83630147e-04
62,42,2.26825912,47.640966,5.38478590e-04
63,42,2.33269211,48.158050,7.01750418e-04
64,42,2.39712495,48.867383,7.06788691e-04
65,42,2.46155794,48.794881,4.55369402e-04
66,42,2.52599094,48.610262,1.82560442e-04
67,42,2.59042394,48.040020,1.56910740e-04
68,42,2.65485693,47.461413,2.79145370e-04
69,42,2.71928993,46.936363,3.79288059e-04
70,42,2.78372276,46.505812,3.85632263e-04
71,42,2.84815576,46.214137,1.95483717e-04
72,42,2.91258876,45.658818,6.21791170e-04
73,42,2.97702175,44.942810,4.70107335e-04
74,42,3.04145475,45.136714,4.88474956e-04
75,42,3.10588775,44.846931,5.40300521e-05
76,42,3.17032058,44.634019,2.83159786e-05
77,42,3.23475363,44.524499,2.98470233e-05
78,42,3.29918661,44.371198,1.91286068e-04
79,42,3.36361957,44.457759,1.61584385e-05
80,42,3.36361957,44.457740,4.68591807e-05
81,42,3.41622887,44.318530,2.93404825e-04
82,42,3.46883817,44.113851,1.02220432e-03
83,42,3.52144747,44.026534,1.28954694e-03
84,42,3.57405686,44.121797,3.57221835e-04
85,42,3.62666598,44.417916,2.95788925e-03
86,42,3.67927530,44.840803,1.25285345e-03
87,42,3.73188462,44.388463,4.04038077e-05
88,42,3.78449394,44.107830,4.23930631e-05
89,42,3.83710326,44.012583,2.63939135e-05
90,42,3.88971258,44.265309,3.15058982e-06
91,42,3.94232191,44.692380,1.46703180e-06
92,42,3.99493123,45.194371,1.47151315e-06
93,42,4.04754055,45.752868,1.75560432e-06
94,42,4.10014987,46.349818,2.16712209e-06
95,42,4.15275899,46.967430,2.43411465e-06
96,42,4.20536831,47.586034,2.37305994e-06
97,42,4.25797763,48.160004,1.83177162e-06
98,42,4.31058696,48.204701,2.66792538e-04
99,42,4.36319628,48.008729,4.45736429e-04
0,43,0.00000000,44.459044,5.56574595e-05
1,43,0.06074799,44.613329,1.20437088e-04
2,43,0.12149598,45.069687,9.54970048e-04
3,43,0.18224397,45.596193,1.50289830e-03
4,43,0.24299205,45.972935,1.48110008e-03
5,43,0.30373983,45.925633,8.48613382e-04
6,43,0.36448784,46.370619,2.87572138e-04
7,43,0.42523585,46.568384,3.23768118e-05
8,43,0.48598386,46.559520,4.42522771e-04
9,43,0.54673188,46.751535,7.47726006e-04
10,43,0.60747989,47.089305,4.59954518e-04
11,43,0.66822790,47.186019,1.94055705e-04
12,43,0.72897591,47.334428,1.60971347e-03
13,43,0.78972392,48.051762,2.02221688e-03
14,43,0.85047193,48.711448,2.95937445e-04
15,43,0.91121971,48.943142,4.66058770e-04
16,43,0.97196773,48.988188,1.67722613e-04
17,43,1.03271574,48.881537,2.16864539e-04
18,43,1.09346375,48.718888,6.48880308e-04
19,43,1.15421176,48.639918,4.89197018e-04
20,43,1.15421176,48.639918,7.44371930e-04
21,43,1.18458576,48.589416,7.66404124e-04
22,43,1.21495976,48.458555,6.92029100e-04
23,43,1.24533376,48.286073,3.93102271e-04
24,43,1.27570776,48.098877,7.47145480e-04
25,43,1.30608176,47.915739,6.91888055e-04
26,43,1.33645576,47.748338,6.83860081e-04
27,43,1.36682976,47.604536,6.77025562e-04
28,43,1.39720381,47.498739,2.34256008e-04
29,43,1.42757781,47.463183,2.73578332e-04
30,43,1.45795159,47.565905,9.27410683e-05
31,43,1.48832560,47.814609,2.41415122e-06
32,43,1.51869960,48.065352,3.15444347e-05
33,43,1.54907361,48.198177,1.52689909e-04
34,43,1.57944761,48.186668,5.37608682e-04
35,43,1.60982162,48.079585,1.66848523e-04
36,43,1.64019563,47.971745,1.33697142e-03
37,43,1.67056963,47.927156,1.24738562e-05
38,43,1.70094364,47.973600,1.15391996e-05
39,43,1.73131764,48.049360,3.24499175e-04
40,43,1.73131764,48.049360,6.47613244e-05
41,43,1.75279515,48.142144,3.47007415e-04
42,43,1.77427297,48.280583,3.97095327e-04
43,43,1.79575048,48.412201,5.49906984e-04
44,43,1.81722830,48.514945,5.08650197e-04
45,43,1.83870581,48.620451,4.70023362e-04
46,43,1.86018364,48.735407,4.41439638e-04
47,43,1.88166114,48.859852,4.17267351e-04
48,43,1.90313897,48.992590,3.99136206e-04
49,43,1.92461647,49.131387,3.83650038e-04
50,43,1.94609430,49.276455,3.77564138e-04
51,43,1.96757180,49.362592,1.82524067e-03
52,43,1.98904963,49.207711,1.81019437e-03
53,43,2.01052713,49.067574,1.76324146e-03
54,43,2.03200496,48.953401,1.68555023e-03
55,43,2.05348246,48.862629,1.58440799e-03
56,43,2.07496029,48.795390,1.47271037e-03
57,43,2.09643779,48.747971,1.36090070e-03
58,43,2.11791562,48.720047,1.25884055e-03
59,43,2.13939312,48.715449,1.17084102e-03
60,43,2.13939312,48.715449,1.17087968e-03
61,43,2.20382612,48.947226,1.55857359e-03
62,43,2.26825912,49.019375,2.30426468e-03
63,43,2.33269211,48.783342,2.39969253e-03
64,43,2.39712495,48.884492,1.03694844e-03
65,43,2.46155794,49.052505,1.93085409e-04
66,43,2.52599094,48.622085,8.59918807e-05
67,43,2.59042394,48.356829,5.73347914e-05
68,43,2.65485693,48.019840,6.91375290e-05
69,43,2.71928993,47.602136,1.43411077e-04
70,43,2.78372276,47.125805,2.14795626e-04
71,43,2.84815576,46.426818,1.16106010e-03
72,43,2.91258876,46.108510,2.22238412e-04
73,43,2.97702175,45.625512,1.31963551e-04
74,43,3.04145475,45.330376,2.75171406e-04
75,43,3.10588775,45.629906,5.60682671e-04
76,43,3.17032058,45.167563,3.93494762e-04
77,43,3.23475363,44.805446,2.04196933e-04
78,43,3.29918661,44.481331,1.37695630e-05
79,43,3.36361957,44.458258,3.13221736e-05
80,43,3.36361957,44.458312,4.04028509e-05
81,43,3.41622887,44.318835,4.47807001e-04
82,43,3.46883817,44.266707,1.01480903e-05
83,43,3.52144747,44.170710,1.14471276e-05
84,43,3.57405686,44.121797,4.57133861e-03
85,43,3.62666598,44.417917,3.25588788e-03
86,43,3.67927530,44.840804,5.01870200e-03
87,43,3.73188462,45.327068,8.10931819e-04
88,43,3.78449394,45.843542,1.65936337e-03
89,43,3.83710326,46.365212,3.75555797e-04
90,43,3.88971258,46.872028,3.79163654e-03
91,43,3.94232191,47.343085,7.81446277e-04
92,43,3.99493123,47.759554,2.08733744e-03
93,43,4.04754055,48.127265,1.76278699e-03
94,43,4.10014987,48.402072,4.37818401e-04
95,43,4.15275899,48.576600,1.94171888e-04
96,43,4.20536831,48.627761,1.30415728e-04
97,43,4.25797763,48.488878,3.95645021e-05
98,43,4.31058696,48.204702,3.68598374e-04
99,43,4.36319628,48.008729,9.14220002e-04
0,44,0.00000000,44.550056,2.08628306e-05
1,44,0.06074799,44.635952,3.07417108e-04
2,44,0.12149598,45.206781,2.39199829e-03
3,44,0.18224397,45.824997,6.06123913e-04
4,44,0.24299205,46.397748,7.71793298e-04
5,44,0.30373983,46.846824,1.15112401e-04
6,44,0.36448784,46.757925,1.35263636e-04
7,44,0.42523585,46.568510,3.61481401e-04
8,44,0.48598386,46.559523,2.36223017e-04
9,44,0.54673188,46.751536,1.76912723e-04
10,44,0.60747989,47.089310,5.92945474e-04
11,44,0.66822790,47.514828,9.49579879e-04
12,44,0.72897591,47.953723,4.02614698e-04
13,44,0.78972392,48.370028,8.74922495e-04
14,44,0.85047193,48.711448,5.03260685e-04
15,44,0.91121971,48.943143,2.26172177e-04
16,44,0.97196773,48.988188,4.62984527e-04
17,44,1.03271574,48.881537,4.24374290e-04
18,44,1.09346375,48.921605,3.31712132e-04
19,44,1.15421176,50.046804,1.06147611e-04
20,44,1.15421176,50.046804,2.52629700e-04
21,44,1.18458576,50.095754,2.68255597e-04
22,44,1.21495976,50.220610,7.45337377e-05
23,44,1.24533376,50.380543,1.38719857e-04
24,44,1.27570776,50.537695,1.48745358e-04
25,44,1.30608176,50.666232,2.85827170e-04
26,44,1.33645576,50.745024,3.75087270e-04
27,44,1.36682976,50.755553,9.54815365e-04
28,44,1.39720381,50.698412,1.56904743e-04
29,44,1.42757781,50.580230,1.24940290e-03
30,44,1.45795159,50.421775,4.47237393e-04
31,44,1.48832560,50.260221,1.41129920e-03
32,44,1.51869960,50.140707,6.62783108e-04
33,44,1.54907361,50.041465,8.90021675e-05
34,44,1.57944761,49.722123,3.74683147e-04
35,44,1.60982162,49.347957,9.50188500e-04
36,44,1.64019563,48.993232,6.73131918e-04
37,44,1.67056963,48.672136,4.56574770e-04
38,44,1.70094364,48.402631,9.98097707e-04
39,44,1.73131764,48.257026,9.62173386e-04
40,44,1.73131764,48.257026,8.08596433e-05
41,44,1.75279515,48.305315,2.84471853e-04
42,44,1.77427297,48.377481,1.97541476e-04
43,44,1.79575048,48.502381,1.08997958e-05
44,44,1.81722830,48.691633,2.12721188e-05
45,44,1.83870581,48.905119,2.75465056e-05
46,44,1.86018364,49.130614,2.39949649e-05
47,44,1.88166114,49.362954,1.66686073e-05
48,44,1.90313897,49.597754,9.29459437e-06
49,44,1.92461647,49.671844,2.17737790e-03
50,44,1.94609430,49.526633,1.87958464e-03
51,44,1.96757180,49.420319,3.75353194e-04
52,44,1.98904963,49.562115,3.80644757e-04
53,44,2.01052713,49.697795,3.99501453e-04
54,44,2.03200496,49.822698,4.28373394e-04
55,44,2.05348246,49.931628,4.70807346e-04
56,44,2.07496029,50.022194,5.25348296e-04
57,44,2.09643779,50.085770,5.85387976e-04
58,44,2.11791562,50.123838,6.46619013e-04
59,44,2.13939312,50.139678,7.15777866e-04
60,44,2.13939312,50.139721,7.15653283e-04
61,44,2.20382612,49.927362,7.57221559e-04
62,44,2.26825912,49.539610,8.44722686e-04
63,44,2.33269211,49.213608,8.72277516e-04
64,44,2.39712495,48.972073,7.37819442e-04
65,44,2.46155794,49.603562,6.26980786e-04
66,44,2.52599094,49.944824,6.60771749e-04
67,44,2.59042394,49.611399,6.97508315e-04
68,44,2.65485693,48.853988,1.56315462e-03
69,44,2.71928993,48.024207,1.46984770e-03
70,44,2.78372276,47.207839,1.28266294e-03
71,44,2.84815576,46.616121,2.44341830e-04
72,44,2.91258876,46.124360,3.65147758e-04
73,44,2.97702175,46.226066,1.67010400e-04
74,44,3.04145475,46.155538,6.80516942e-04
75,44,3.10588775,45.801523,1.04578581e-04
76,44,3.17032058,45.267601,1.43754551e-04
77,44,3.23475363,44.809150,1.61045602e-04
78,44,3.29918661,44.551386,6.98781743e-05
79,44,3.36361957,44.550056,8.20686915e-06
80,44,3.36361957,44.550056,8.42273739e-05
81,44,3.41622887,44.492681,3.42246403e-05
82,44,3.46883817,44.797075,1.77324416e-05
83,44,3.52144747,45.308831,8.03642356e-06
84,44,3.57405686,45.834350,2.91716499e-07
85,44,3.62666598,45.510294,1.99997501e-05
86,44,3.67927530,44.863711,3.26472227e-05
87,44,3.73188462,45.327074,5.03339245e-03
88,44,3.78449394,45.843552,3.58162331e-03
89,44,3.83710326,46.365212,4.17806601e-03
90,44,3.88971258,46.872030,4.57132635e-05
91,44,3.94232191,47.343086,2.34082903e-03
92,44,3.99493123,47.759558,3.47370764e-04
93,44,4.04754055,48.127265,5.45160332e-05
94,44,4.10014987,48.402073,7.78756628e-04
95,44,4.15275899,48.576601,4.38670503e-04
96,44,4.20536831,48.627762,2.57629848e-05
97,44,4.25797763,48.488878,1.06604021e-05
98,44,4.31058696,48.598220,7.70201043e-07
99,44,4.36319628,48.771833,8.51047743e-08
0,45,0.00000000,44.550161,1.26353971e-04
1,45,0.06074799,44.776612,2.10595556e-04
2,45,0.12149598,45.267967,5.97606613e-04
3,45,0.18224397,45.825112,2.03168016e-04
4,45,0.24299205,46.399179,3.05016171e-05
5,45,0.30373983,46.850970,3.71974699e-04
6,45,0.36448784,46.759207,8.23035980e-05
7,45,0.42523585,46.932438,3.04823521e-04
8,45,0.48598386,47.542188,2.91188007e-04
9,45,0.54673188,48.193766,2.79206552e-04
10,45,0.60747989,48.126111,8.15347883e-04
11,45,0.66822790,47.514829,1.28093502e-04
12,45,0.72897591,47.953738,6.20194934e-04
13,45,0.78972392,48.370028,4.68166868e-05
14,45,0.85047193,48.849783,2.19348080e-03
15,45,0.91121971,49.705009,2.32871761e-03
16,45,0.97196773,50.584141,2.45500311e-03
17,45,1.03271574,51.462967,2.58201340e-03
18,45,1.09346375,51.141597,2.62385924e-05
19,45,1.15421176,50.046805,1.59747875e-04
20,45,1.15421176,50.046806,1.32128171e-05
21,45,1.18458576,50.095754,3.93203237e-06
22,45,1.21495976,50.220610,2.17636279e-04
23,45,1.24533376,50.380545,1.92556103e-04
24,45,1.27570776,50.537698,2.59687638e-04
25,45,1.30608176,50.666234,2.50635266e-04
26,45,1.33645576,50.745033,3.47901729e-04
27,45,1.36682976,50.755586,7.28740447e-06
28,45,1.39720381,50.698491,1.04349678e-03
29,45,1.42757781,50.580293,1.68562093e-04
30,45,1.45795159,50.421779,1.10099401e-03
31,45,1.48832560,50.260232,1.27698893e-04
32,45,1.51869960,50.140786,5.25505085e-04
33,45,1.54907361,50.041620,2.12442567e-04
34,45,1.57944761,49.722144,4.63295788e-04
35,45,1.60982162,49.347959,4.56315317e-05
36,45,1.64019563,48.993237,3.66833578e-04
37,45,1.67056963,48.672137,6.40516962e-04
38,45,1.70094364,48.402631,2.65628341e-04
39,45,1.73131764,48.257027,6.82135038e-04
40,45,1.73131764,48.257026,1.56348776e-03
41,45,1.75279515,48.328372,8.54223342e-04
42,45,1.77427297,48.477299,7.57013670e-04
43,45,1.79575048,48.650464,7.71679573e-04
44,45,1.81722830,48.839018,8.34794072e-04
45,45,1.83870581,49.038490,9.38999218e-04
46,45,1.86018364,49.245429,1.09669826e-03
47,45,1.88166114,49.454532,1.36201971e-03
48,45,1.90313897,49.644383,1.94664322e-03
49,45,1.92461647,49.831030,3.50349497e-06
50,45,1.94609430,50.057481,2.26784000e-06
51,45,1.96757180,50.270057,8.30442230e-06
52,45,1.98904963,50.462462,2.46341892e-05
53,45,2.01052713,50.626555,4.76591999e-05
54,45,2.03200496,50.765493,7.46460754e-05
55,45,2.05348246,50.882684,8.72347025e-05
56,45,2.07496029,50.987595,9.24820697e-05
57,45,2.09643779,51.087292,8.03670926e-05
58,45,2.11791562,51.180334,5.47499879e-05
59,45,2.13939312,51.233653,4.92700655e-06
60,45,2.13939312,51.235037,6.95139428e-06
61,45,2.20382612,50.826994,2.27807184e-03
62,45,2.26825912,50.504114,1.16405665e-03
63,45,2.33269211,50.374302,5.61101387e-04
64,45,2.39712495,50.120158,5.09519166e-04
65,45,2.46155794,50.054155,8.70262982e-04
66,45,2.52599094,50.093147,3.22438106e-04
67,45,2.59042394,49.631560,1.50131583e-03
68,45,2.65485693,49.237148,7.27985203e-04
69,45,2.71928993,48.807088,7.56470196e-04
70,45,2.78372276,48.331437,7.79466522e-04
71,45,2.84815576,47.816182,7.91869250e-04
72,45,2.91258876,47.271961,7.84484365e-04
73,45,2.97702175,46.711975,7.51591297e-04
74,45,3.04145475,46.361744,7.10520903e-05
75,45,3.10588775,46.007098,1.42282728e-04
76,45,3.17032058,45.493283,2.11468930e-04
77,45,3.23475363,44.890865,3.62431741e-04
78,45,3.29918661,44.577434,4.77324671e-05
79,45,3.36361957,44.550223,9.01355380e-06
80,45,3.36361957,44.550132,3.70827087e-05
81,45,3.41622887,44.737081,2.33645396e-04
82,45,3.46883817,45.159185,1.57837032e-04
83,45,3.52144747,45.690821,2.07166816e-05
84,45,3.57405686,46.292325,7.47831656e-05
85,45,3.62666598,46.805112,1.19667016e-05
86,45,3.67927530,47.542549,6.59352086e-06
87,45,3.73188462,48.349262,6.21040705e-06
88,45,3.78449394,48.854125,2.00249527e-05
89,45,3.83710326,48.956891,2.48482438e-05
90,45,3.88971258,49.143436,3.14705527e-05
91,45,3.94232191,49.423121,2.47509695e-05
92,45,3.99493123,49.791332,8.67600333e-06
93,45,4.04754055,50.236780,2.57066691e-05
94,45,4.10014987,50.716217,7.07773314e-05
95,45,4.15275899,51.182695,1.07904899e-04
96,45,4.20536831,51.596755,1.70269068e-04
97,45,4.25797763,51.904576,1.26198660e-03
98,45,4.31058696,52.095108,1.37688789e-03
99,45,4.36319628,51.996956,2.01086319e-05
0,46,0.00000000,44.550637,3.04080457e-05
1,46,0.06074799,44.776709,2.22135430e-04
2,46,0.12149598,45.268009,1.13446540e-04
3,46,0.18224397,46.275984,2.10990336e-03
4,46,0.24299205,46.862179,5.99546688e-04
5,46,0.30373983,47.352417,5.33987867e-04
6,46,0.36448784,47.930114,9.81354806e-04
7,46,0.42523585,48.556626,4.18901985e-05
8,46,0.48598386,49.041937,3.77560727e-04
9,46,0.54673188,48.757037,6.60489361e-04
10,46,0.60747989,48.881408,2.59264451e-04
11,46,0.66822790,49.603934,2.30669551e-04
12,46,0.72897591,50.345215,2.09540287e-04
13,46,0.78972392,51.096425,1.67957168e-04
14,46,0.85047193,51.829430,1.36024672e-04
15,46,0.91121971,52.463413,1.21424838e-04
16,46,0.97196773,52.683810,8.14893473e-05
17,46,1.03271574,52.119455,1.26736807e-05
18,46,1.09346375,52.318586,2.70355273e-03
19,46,1.15421176,53.091118,3.61792032e-03
20,46,1.15421176,53.091065,5.49329987e-04
21,46,1.18458576,53.088025,5.20051701e-03
22,46,1.21495976,53.077568,2.77069149e-03
23,46,1.24533376,53.058452,4.19519814e-03
24,46,1.27570776,53.014910,1.30364818e-03
25,46,1.30608176,52.933056,1.48025896e-03
26,46,1.33645576,52.786067,8.81112595e-04
27,46,1.36682976,52.551818,1.07820943e-04
28,46,1.39720381,52.233899,2.22460422e-03
29,46,1.42757781,51.857097,1.85678967e-03
30,46,1.45795159,51.448350,9.09696249e-04
31,46,1.48832560,51.030393,1.02553667e-03
32,46,1.51869960,50.617408,9.36866205e-04
33,46,1.54907361,50.315107,2.07333409e-04
34,46,1.57944761,50.379882,1.34402162e-03
35,46,1.60982162,50.588433,4.93791452e-04
36,46,1.64019563,50.808839,3.32244194e-05
37,46,1.67056963,50.988841,3.16002219e-04
38,46,1.70094364,51.103920,3.33829518e-04
39,46,1.73131764,51.147692,6.85287889e-04
40,46,1.73131764,51.147682,5.37694431e-04
41,46,1.75279515,51.032106,1.63257436e-04
42,46,1.77427297,50.905908,2.24748034e-04
43,46,1.79575048,50.767454,2.95428833e-04
44,46,1.81722830,50.618538,3.76595528e-04
45,46,1.83870581,50.460623,4.61412638e-04
46,46,1.86018364,50.295620,5.30280039e-04
47,46,1.88166114,50.128099,5.24530795e-04
48,46,1.90313897,49.979741,2.34356828e-04
49,46,1.92461647,49.994784,2.91111997e-04
50,46,1.94609430,50.188293,9.36112016e-04
51,46,1.96757180,50.403319,1.31230288e-03
52,46,1.98904963,50.615476,1.62707842e-03
53,46,2.01052713,50.815055,1.95953622e-03
54,46,2.03200496,50.991368,2.29643036e-03
55,46,2.05348246,51.136124,2.58150541e-03
56,46,2.07496029,51.245677,2.84270060e-03
57,46,2.09643779,51.317426,3.01761837e-03
58,46,2.11791562,51.357790,3.14326667e-03
59,46,2.13939312,51.371305,3.16676251e-03
60,46,2.13939312,51.371428,3.16212626e-03
61,46,2.20382612,50.833036,2.02065374e-04
62,46,2.26825912,50.527420,3.16035287e-04
63,46,2.33269211,50.442787,4.48810040e-04
64,46,2.39712495,50.374032,5.59323130e-04
65,46,2.46155794,50.208832,6.19426156e-04
66,46,2.52599094,50.113037,1.22559636e-03
67,46,2.59042394,49.950751,5.50436582e-05
68,46,2.65485693,49.537434,6.76958880e-06
69,46,2.71928993,49.059840,5.48396338e-08
70,46,2.78372276,48.552491,4.83559460e-06
71,46,2.84815576,48.026381,1.48953118e-05
72,46,2.91258876,47.482047,2.91417659e-05
73,46,2.97702175,46.924748,4.74576099e-05
74,46,3.04145475,46.426977,2.06825708e-05
75,46,3.10588775,46.089706,6.17622142e-05
76,46,3.17032058,46.344884,9.41057535e-05
77,46,3.23475363,45.662277,2.36888240e-04
78,46,3.29918661,44.939181,3.07614972e-04
79,46,3.36361957,44.551926,1.41115058e-04
80,46,3.36361957,44.551392,4.58449280e-05
81,46,3.41622887,44.737548,4.50154227e-05
82,46,3.46883817,45.159287,1.05013047e-04
83,46,3.52144747,45.691273,1.77723795e-04
84,46,3.57405686,46.292491,7.24583100e-05
85,46,3.62666598,46.949654,1.19467229e-04
86,46,3.67927530,47.649915,1.11025288e-04
87,46,3.73188462,48.380319,5.54746880e-05
88,46,3.78449394,48.891322,7.77830557e-05
89,46,3.83710326,48.958420,1.92588821e-05
90,46,3.88971258,49.144039,5.08821506e-06
91,46,3.94232191,49.423268,1.21758174e-05
92,46,3.99493123,49.791584,3.38948906e-05
93,46,4.04754055,50.236802,3.66752959e-05
94,46,4.10014987,50.716233,8.36429204e-05
95,46,4.15275899,51.182752,3.21488693e-04
96,46,4.20536831,51.597436,8.40040239e-04
97,46,4.25797763,51.906408,6.38406865e-04
98,46,4.31058696,52.122218,1.35075668e-03
99,46,4.36319628,52.161236,2.64648863e-03
0,47,0.00000000,45.906459,9.89047360e-04
1,47,0.06074799,45.973595,9.64417487e-04
2,47,0.12149598,46.160084,8.76253876e-04
3,47,0.18224397,46.461124,7.68595469e-04
4,47,0.24299205,47.464320,1.40778264e-03
5,47,0.30373983,47.612756,2.86438471e-04
6,47,0.36448784,47.954030,1.27635646e-04
7,47,0.42523585,48.607183,6.25721710e-04
8,47,0.48598386,49.301816,4.96195732e-04
9,47,0.54673188,50.075262,3.61189979e-05
10,47,0.60747989,50.849673,3.67515448e-04
11,47,0.66822790,51.644705,1.82154125e-05
12,47,0.72897591,52.267156,2.83600869e-04
13,47,0.78972392,52.563690,2.41903319e-04
14,47,0.85047193,53.012464,1.96245415e-04
15,47,0.91121971,53.523490,5.05742251e-04
16,47,0.97196773,54.102715,8.30322893e-04
17,47,1.03271574,54.083951,2.89343232e-03
18,47,1.09346375,53.701802,2.78454454e-03
19,47,1.15421176,53.091830,1.94091978e-03
20,47,1.15421176,53.091198,5.02074275e-03
21,47,1.18458576,53.088239,3.69078995e-04
22,47,1.21495976,53.077953,2.88886200e-03
23,47,1.24533376,53.059403,1.52903414e-03
24,47,1.27570776,53.015403,4.49626444e-03
25,47,1.30608176,52.936641,4.17290720e-03
26,47,1.33645576,52.792725,4.26320123e-03
27,47,1.36682976,52.553536,4.33905902e-03
28,47,1.39720381,52.236382,1.37577315e-03
29,47,1.42757781,51.859958,1.16278453e-03
30,47,1.45795159,51.448639,1.65479039e-03
31,47,1.48832560,51.030422,1.34103120e-03
32,47,1.51869960,50.617476,1.49653002e-03
33,47,1.54907361,50.315138,2.68823347e-03
34,47,1.57944761,50.379900,4.94791848e-04
35,47,1.60982162,50.588557,7.97593143e-04
36,47,1.64019563,50.809113,9.77098039e-04
37,47,1.67056963,50.988893,5.27488163e-04
38,47,1.70094364,51.103929,4.24914384e-04
39,47,1.73131764,51.147860,4.05252727e-05
40,47,1.73131764,51.147746,1.89803493e-04
41,47,1.75279515,51.245262,5.65201348e-04
42,47,1.77427297,51.330826,5.23488378e-04
43,47,1.79575048,51.399449,4.86297248e-04
44,47,1.81722830,51.457887,4.42748035e-04
45,47,1.83870581,51.502681,4.10002461e-04
46,47,1.86018364,51.534060,3.88072938e-04
47,47,1.88166114,51.553967,3.51196347e-04
48,47,1.90313897,51.561503,3.15381330e-04
49,47,1.92461647,51.565652,2.84626659e-04
50,47,1.94609430,51.564812,2.47626056e-04
51,47,1.96757180,51.569505,2.04507507e-04
52,47,1.98904963,51.581183,1.64177917e-04
53,47,2.01052713,51.597238,7.22483009e-05
54,47,2.03200496,51.609172,3.24383461e-05
55,47,2.05348246,51.607703,4.85878213e-06
56,47,2.07496029,51.580322,2.92787053e-06
57,47,2.09643779,51.524715,2.75677430e-05
58,47,2.11791562,51.451805,6.44935551e-05
59,47,2.13939312,51.407179,1.29895336e-04
60,47,2.13939312,51.407420,1.39953707e-04
61,47,2.20382612,52.305661,3.13094693e-04
62,47,2.26825912,52.662135,2.55376538e-04
63,47,2.33269211,52.372609,1.21622185e-05
64,47,2.39712495,51.868753,1.36490300e-05
65,47,2.46155794,51.447228,6.91917764e-05
66,47,2.52599094,51.328163,3.70099533e-04
67,47,2.59042394,51.683242,3.17564505e-05
68,47,2.65485693,50.973205,2.39563166e-05
69,47,2.71928993,50.256470,3.13180498e-05
70,47,2.78372276,49.551677,2.63862135e-05
71,47,2.84815576,48.866999,1.45834382e-05
72,47,2.91258876,48.203291,1.92357361e-06
73,47,2.97702175,47.571720,7.27275299e-06
74,47,3.04145475,47.091598,6.46630839e-05
75,47,3.10588775,47.428124,1.15481029e-05
76,47,3.17032058,47.397818,3.83672620e-05
77,47,3.23475363,47.339785,7.79399367e-05
78,47,3.29918661,46.324890,4.21346961e-03
79,47,3.36361957,45.906459,2.14410012e-03
80,47,3.36361957,45.906459,3.50335702e-03
81,47,3.41622887,46.279766,1.88450851e-04
82,47,3.46883817,46.990750,6.22663685e-05
83,47,3.52144747,47.484642,8.21565419e-06
84,47,3.57405686,46.615087,2.60178425e-05
85,47,3.62666598,46.950211,3.06277647e-06
86,47,3.67927530,47.649954,1.39302988e-05
87,47,3.73188462,48.403256,1.17698327e-04
88,47,3.78449394,49.170716,1.01662087e-05
89,47,3.83710326,49.939385,2.72638437e-05
90,47,3.88971258,50.589750,1.12552503e-05
91,47,3.94232191,51.127829,8.50587267e-06
92,47,3.99493123,51.648099,1.07916171e-05
93,47,4.04754055,51.990652,2.71401892e-06
94,47,4.10014987,52.351192,6.83491642e-07
95,47,4.15275899,52.647572,5.77951519e-07
96,47,4.20536831,52.785129,1.06321247e-05
97,47,4.25797763,52.510153,1.69708781e-05
98,47,4.31058696,52.154456,6.69091064e-05
99,47,4.36319628,52.168843,4.98024316e-04
