k_index,band_index,k_distance,energy_eV,weight
0,0,0.00000000,-12.174008,1.14895951e-04
1,0,0.06074799,-12.161831,3.56860368e-04
2,0,0.12149598,-12.125518,1.07579453e-03
3,0,0.18224397,-12.065039,2.25006061e-03
4,0,0.24299205,-11.980516,3.84435297e-03
5,0,0.30373983,-11.871987,5.81011287e-03
6,0,0.36448784,-11.739760,8.08981054e-03
7,0,0.42523585,-11.583992,1.06148142e-02
8,0,0.48598386,-11.404888,1.33096187e-02
9,0,0.54673188,-11.202855,1.60952547e-02
10,0,0.60747989,-10.978205,1.88892895e-02
11,0,0.66822790,-10.731338,2.16092756e-02
12,0,0.72897591,-10.462806,2.41773632e-02
13,0,0.78972392,-10.173086,2.65192286e-02
14,0,0.85047193,-9.862951,2.85675606e-02
15,0,0.91121971,-9.532994,3.02635768e-02
16,0,0.97196773,-9.184204,3.15629723e-02
17,0,1.03271574,-8.817441,3.24306203e-02
18,0,1.09346375,-8.433770,3.28449236e-02
19,0,1.15421176,-8.034362,6.55326149e-02
20,0,1.15421176,-8.034362,6.55324827e-02
21,0,1.18458576,-8.033320,6.53927669e-02
22,0,1.21495976,-8.030216,6.49752908e-02
23,0,1.24533376,-8.025095,6.42606193e-02
24,0,1.27570776,-8.018102,6.33132155e-02
25,0,1.30608176,-8.009363,6.21400227e-02
26,0,1.33645576,-7.999066,6.07587989e-02
27,0,1.36682976,-7.987477,5.92970028e-02
28,0,1.39720381,-7.974810,5.77844654e-02
29,0,1.42757781,-7.961386,5.60048267e-02
30,0,1.45795159,-7.947528,5.51187242e-02
31,0,1.48832560,-7.933662,5.32535814e-02
32,0,1.51869960,-7.920150,5.12047232e-02
33,0,1.54907361,-7.907380,4.82557002e-02
34,0,1.57944761,-7.895736,4.27357225e-02
35,0,1.60982162,-7.885624,2.97164138e-02
36,0,1.64019563,-7.877365,8.87981811e-03
37,0,1.67056963,-7.871244,1.36547949e-03
38,0,1.70094364,-7.867476,1.09012178e-04
39,0,1.73131764,-7.866182,7.08013234e-05
40,0,1.73131764,-7.866182,7.08561776e-05
41,0,1.75279515,-7.924879,4.38361351e-02
42,0,1.77427297,-7.980461,4.22147122e-02
43,0,1.79575048,-8.032927,4.05707529e-02
44,0,1.81722830,-8.082250,3.89090723e-02
45,0,1.83870581,-8.128431,3.72345090e-02
46,0,1.86018364,-8.171462,3.55517362e-02
47,0,1.88166114,-8.211334,3.38654846e-02
48,0,1.90313897,-8.248035,3.21804162e-02
49,0,1.92461647,-8.281571,3.05007510e-02
50,0,1.94609430,-8.311938,2.88314758e-02
51,0,1.96757180,-8.339113,2.71759823e-02
52,0,1.98904963,-8.363101,2.55388929e-02
53,0,2.01052713,-8.383910,2.39248940e-02
54,0,2.03200496,-8.401513,2.23368455e-02
55,0,2.05348246,-8.415920,2.07791654e-02
56,0,2.07496029,-8.427121,1.92549877e-02
57,0,2.09643779,-8.435128,1.77690973e-02
58,0,2.11791562,-8.439933,1.63243050e-02
59,0,2.13939312,-8.441535,1.49241413e-02
60,0,2.13939312,-8.441535,1.49241386e-02
61,0,2.20382612,-8.639944,6.94045081e-03
62,0,2.26825912,-8.879154,2.15505930e-03
63,0,2.33269211,-9.149303,1.96283666e-04
64,0,2.39712495,-9.438544,1.77901265e-04
65,0,2.46155794,-9.736095,1.19505477e-03
66,0,2.52599094,-10.033039,2.56212785e-03
67,0,2.59042394,-10.322529,3.84372612e-03
68,0,2.65485693,-10.599298,4.80320626e-03
69,0,2.71928993,-10.859598,5.34138017e-03
70,0,2.78372276,-11.100614,5.44996362e-03
71,0,2.84815576,-11.320138,5.17600732e-03
72,0,2.91258876,-11.516590,4.60005116e-03
73,0,2.97702175,-11.688792,3.81993457e-03
74,0,3.04145475,-11.835792,2.93924266e-03
75,0,3.10588775,-11.956914,2.05882186e-03
76,0,3.17032058,-12.051610,1.26953977e-03
77,0,3.23475363,-12.119498,6.47847646e-04
78,0,3.29918661,-12.160320,2.51108543e-04
79,0,3.36361957,-12.174008,1.14895940e-04
80,0,3.36361957,-12.174008,1.14895965e-04
81,0,3.41622887,-12.164855,1.14343041e-04
82,0,3.46883817,-12.137635,1.12682422e-04
83,0,3.52144747,-12.092341,1.09942792e-04
84,0,3.57405686,-12.029118,1.06166361e-04
85,0,3.62666598,-11.948130,1.01422942e-04
86,0,3.67927530,-11.849741,9.57629151e-05
87,0,3.73188462,-11.734281,8.92836496e-05
88,0,3.78449394,-11.602234,8.20676779e-05
89,0,3.83710326,-11.454415,7.42567630e-05
90,0,3.88971258,-11.291718,6.59536417e-05
91,0,3.94232191,-11.115499,5.72843686e-05
92,0,3.99493123,-10.927719,4.83821805e-05
93,0,4.04754055,-10.731246,3.93834106e-05
94,0,4.10014987,-10.530251,3.04787475e-05
95,0,4.15275899,-10.331492,2.18279759e-05
96,0,4.20536831,-10.145155,1.37749597e-05
97,0,4.25797763,-9.986820,6.81841527e-06
98,0,4.31058696,-9.877355,1.87097917e-06
99,0,4.36319628,-9.837738,3.60825383e-08
0,1,0.00000000,-0.221237,4.07949781e-04
1,1,0.06074799,-0.304028,7.43559454e-04
2,1,0.12149598,-0.533108,1.59260911e-03
3,1,0.18224397,-0.861308,2.79857584e-03
4,1,0.24299205,-1.249585,4.25882988e-03
5,1,0.30373983,-1.673052,5.93214762e-03
6,1,0.36448784,-2.117453,7.80079588e-03
7,1,0.42523585,-2.574406,9.85087680e-03
8,1,0.48598386,-3.038851,1.20641664e-02
9,1,0.54673188,-3.507869,1.44091383e-02
10,1,0.60747989,-3.979083,1.68465487e-02
11,1,0.66822790,-4.451056,1.93298689e-02
12,1,0.72897591,-4.921378,2.17890233e-02
13,1,0.78972392,-5.388366,2.41606161e-02
14,1,0.85047193,-5.851013,2.63695457e-02
15,1,0.91121971,-6.307241,2.83485608e-02
16,1,0.97196773,-6.755448,3.00329825e-02
17,1,1.03271574,-7.193728,3.13649127e-02
18,1,1.09346375,-7.620536,3.22981962e-02
19,1,1.15421176,-8.034362,6.43975839e-05
20,1,1.15421176,-8.034362,6.45325919e-05
21,1,1.18458576,-8.033320,1.50009191e-04
22,1,1.21495976,-8.030216,4.04371037e-04
23,1,1.24533376,-8.025095,8.47596363e-04
24,1,1.27570776,-8.018102,1.41048903e-03
25,1,1.30608176,-8.009363,2.08698194e-03
26,1,1.33645576,-7.999066,2.85955846e-03
27,1,1.36682976,-7.987477,3.60269039e-03
28,1,1.39720381,-7.974810,4.29409590e-03
29,1,1.42757781,-7.961386,5.15870885e-03
30,1,1.45795159,-7.947528,5.05121180e-03
31,1,1.48832560,-7.933662,5.87050327e-03
32,1,1.51869960,-7.920150,6.84842843e-03
33,1,1.54907361,-7.907380,8.73920340e-03
34,1,1.57944761,-7.895736,1.32556551e-02
35,1,1.60982162,-7.885624,2.53693139e-02
36,1,1.64019563,-7.877365,4.54439586e-02
37,1,1.67056963,-7.871244,5.23809237e-02
38,1,1.70094364,-7.867476,5.32775941e-02
39,1,1.73131764,-7.866182,5.31953665e-02
40,1,1.73131764,-7.866182,5.31953150e-02
41,1,1.75279515,-7.808596,5.31328869e-03
42,1,1.77427297,-7.756296,3.27462023e-03
43,1,1.79575048,-7.709236,1.74092624e-03
44,1,1.81722830,-7.667276,7.10208032e-04
45,1,1.83870581,-7.630209,1.59793551e-04
46,1,1.86018364,-7.597762,5.06091150e-05
47,1,1.88166114,-7.569606,3.32402496e-04
48,1,1.90313897,-7.545351,9.49732022e-04
49,1,1.92461647,-7.524711,1.84484537e-03
50,1,1.94609430,-7.507363,2.96533709e-03
51,1,1.96757180,-7.492793,4.26103578e-03
52,1,1.98904963,-7.480754,5.69237733e-03
53,1,2.01052713,-7.470955,7.22733988e-03
54,1,2.03200496,-7.463114,8.84245721e-03
55,1,2.05348246,-7.457014,1.05226844e-02
56,1,2.07496029,-7.452412,1.22632495e-02
57,1,2.09643779,-7.449271,1.40586275e-02
58,1,2.11791562,-7.447428,1.59175077e-02
59,1,2.13939312,-7.446815,1.78518206e-02
60,1,2.13939312,-7.446815,1.78518177e-02
61,1,2.20382612,-7.247460,2.28715416e-02
62,1,2.26825912,-7.019417,2.80247241e-02
63,1,2.33269211,-6.762998,3.31129162e-02
64,1,2.39712495,-6.478367,3.79402830e-02
65,1,2.46155794,-6.166004,4.23167416e-02
66,1,2.52599094,-5.826264,4.60692810e-02
67,1,2.59042394,-5.459647,4.90436696e-02
68,1,2.65485693,-5.066690,5.11092714e-02
69,1,2.71928993,-4.648299,5.21629971e-02
70,1,2.78372276,-4.205520,5.21225373e-02
71,1,2.84815576,-3.739690,5.09372182e-02
72,1,2.91258876,-3.252868,4.85659646e-02
73,1,2.97702175,-2.748308,4.49642618e-02
74,1,3.04145475,-2.230417,4.00785568e-02
75,1,3.10588775,-1.707984,3.37759772e-02
76,1,3.17032058,-1.196202,2.58422588e-02
77,1,3.23475363,-0.726540,1.60987442e-02
78,1,3.29918661,-0.364477,5.62338459e-03
79,1,3.36361957,-0.221237,4.07949245e-04
80,1,3.36361957,-0.221237,4.07950513e-04
81,1,3.41622887,-0.329993,3.76334549e-04
82,1,3.46883817,-0.619918,3.09277609e-04
83,1,3.52144747,-1.018698,2.42262200e-04
84,1,3.57405686,-1.474774,1.86648348e-04
85,1,3.62666598,-1.958536,1.42474687e-04
86,1,3.67927530,-2.454449,1.07490280e-04
87,1,3.73188462,-2.952316,7.97065683e-05
88,1,3.78449394,-3.445848,5.76164088e-05
89,1,3.83710326,-3.930558,4.01445080e-05
90,1,3.88971258,-4.402823,2.65121743e-05
91,1,3.94232191,-4.859400,1.61503727e-05
92,1,3.99493123,-5.296989,8.63296877e-06
93,1,4.04754055,-5.711758,3.61390738e-06
94,1,4.10014987,-6.098368,8.28453358e-07
95,1,4.15275899,-6.449798,4.20931200e-09
96,1,4.20536831,-6.755259,7.81738189e-07
97,1,4.25797763,-6.998913,2.59752076e-06
98,1,4.31058696,-7.159679,4.51149138e-06
99,1,4.36319628,-7.216452,5.34854069e-06
0,2,0.00000000,-0.221237,1.78785278e-05
1,2,0.06074799,-0.273253,1.11385277e-03
2,2,0.12149598,-0.417348,3.37797940e-03
3,2,0.18224397,-0.620436,5.67656352e-03
4,2,0.24299205,-0.854281,7.39811180e-03
5,2,0.30373983,-1.099562,8.43756690e-03
6,2,0.36448784,-1.345517,8.86601165e-03
7,2,0.42523585,-1.584481,8.80672002e-03
8,2,0.48598386,-1.811733,8.37416115e-03
9,2,0.54673188,-2.024671,7.66083382e-03
10,2,0.60747989,-2.220993,6.75562530e-03
11,2,0.66822790,-2.399222,5.73371084e-03
12,2,0.72897591,-2.558338,4.66268880e-03
13,2,0.78972392,-2.697456,3.60376900e-03
14,2,0.85047193,-2.816014,2.61064945e-03
15,2,0.91121971,-2.913496,1.73098498e-03
16,2,0.97196773,-2.989660,1.00372694e-03
17,2,1.03271574,-3.044267,4.60690073e-04
18,2,1.09346375,-3.077078,1.25437339e-04
19,2,1.15421176,-3.088023,1.20901660e-05
20,2,1.15421176,-3.088023,1.20909793e-05
21,2,1.18458576,-3.097704,1.75745378e-05
22,2,1.21495976,-3.126067,3.28883650e-05
23,2,1.24533376,-3.171205,5.51299403e-05
24,2,1.27570776,-3.230427,8.00720721e-05
25,2,1.30608176,-3.300545,1.04041710e-04
26,2,1.33645576,-3.378349,1.23904265e-04
27,2,1.36682976,-3.460868,1.35114682e-04
28,2,1.39720381,-3.545310,1.41350590e-04
29,2,1.42757781,-3.629326,1.41510258e-04
30,2,1.45795159,-3.710912,1.34783598e-04
31,2,1.48832560,-3.788257,1.24214466e-04
32,2,1.51869960,-3.859926,1.09314839e-04
33,2,1.54907361,-3.924565,9.37691423e-05
34,2,1.57944761,-3.981093,7.77421017e-05
35,2,1.60982162,-4.028638,6.25246587e-05
36,2,1.64019563,-4.066409,4.88966182e-05
37,2,1.67056963,-4.093817,3.77961796e-05
38,2,1.70094364,-4.110419,2.99916601e-05
39,2,1.73131764,-4.115971,2.53093327e-05
40,2,1.73131764,-4.115971,2.53117657e-05
41,2,1.75279515,-4.160922,9.48578515e-02
42,2,1.77427297,-4.203776,9.60514957e-02
43,2,1.79575048,-4.244477,9.73260499e-02
44,2,1.81722830,-4.282950,9.86788710e-02
45,2,1.83870581,-4.319157,1.00102623e-01
46,2,1.86018364,-4.353049,1.01591596e-01
47,2,1.88166114,-4.384584,1.03139974e-01
48,2,1.90313897,-4.413723,1.04742751e-01
49,2,1.92461647,-4.440438,1.06392972e-01
50,2,1.94609430,-4.464692,1.08084028e-01
51,2,1.96757180,-4.486462,1.09813369e-01
52,2,1.98904963,-4.505724,1.11573700e-01
53,2,2.01052713,-4.522484,1.13356434e-01
54,2,2.03200496,-4.536669,1.15161262e-01
55,2,2.05348246,-4.548295,1.16979573e-01
56,2,2.07496029,-4.557325,1.18803647e-01
57,2,2.09643779,-4.563799,1.20631148e-01
58,2,2.11791562,-4.567686,1.22454236e-01
59,2,2.13939312,-4.568962,1.24262410e-01
60,2,2.13939312,-4.568962,1.24262410e-01
61,2,2.20382612,-4.667231,1.36893143e-01
62,2,2.26825912,-4.683691,1.43788255e-01
63,2,2.33269211,-4.625347,1.45582848e-01
64,2,2.39712495,-4.502100,1.43476930e-01
65,2,2.46155794,-4.323677,1.38648181e-01
66,2,2.52599094,-4.098907,1.31998941e-01
67,2,2.59042394,-3.834999,1.24142683e-01
68,2,2.65485693,-3.537912,1.15462731e-01
69,2,2.71928993,-3.213237,1.06181094e-01
70,2,2.78372276,-2.866140,9.64095660e-02
71,2,2.84815576,-2.501942,8.61783154e-02
72,2,2.91258876,-2.126895,7.54520601e-02
73,2,2.97702175,-1.748566,6.41457505e-02
74,2,3.04145475,-1.376798,5.21568975e-02
75,2,3.10588775,-1.024255,3.94585968e-02
76,2,3.17032058,-0.708614,2.63140523e-02
77,2,3.23475363,-0.451775,1.37481123e-02
78,2,3.29918661,-0.280740,4.01983373e-03
79,2,3.36361957,-0.221237,7.36791007e-05
80,2,3.36361957,-0.221237,7.76942900e-06
81,2,3.41622887,-0.236100,1.25429189e-02
82,2,3.46883817,-0.282174,3.35555526e-02
83,2,3.52144747,-0.352540,8.14221314e-02
84,2,3.57405686,-0.440122,6.70862330e-03
85,2,3.62666598,-0.538050,5.15806092e-02
86,2,3.67927530,-0.640874,6.80364106e-02
87,2,3.73188462,-0.744147,6.81424409e-02
88,2,3.78449394,-0.844362,1.33122054e-02
89,2,3.83710326,-0.939896,4.28282776e-01
90,2,3.88971258,-1.028758,5.81281361e-01
91,2,3.94232191,-1.109818,3.02452395e-01
92,2,3.99493123,-1.182323,2.48682251e-01
93,2,4.04754055,-1.245711,1.27547522e-02
94,2,4.10014987,-1.299418,7.99052764e-01
95,2,4.15275899,-1.343739,2.62012799e-01
96,2,4.20536831,-1.378237,7.67787862e-01
97,2,4.25797763,-1.402944,3.97597690e-01
98,2,4.31058696,-1.417777,1.88754785e-01
99,2,4.36319628,-1.422833,7.37053401e-01
0,3,0.00000000,-0.221237,2.34583547e-04
1,3,0.06074799,-0.273253,2.18285822e-02
2,3,0.12149598,-0.417348,7.48833230e-02
3,3,0.18224397,-0.620436,1.39387277e-01
4,3,0.24299205,-0.854280,2.03927195e-01
5,3,0.30373983,-1.099562,2.64779936e-01
6,3,0.36448784,-1.345517,3.21168409e-01
7,3,0.42523585,-1.584481,3.73381870e-01
8,3,0.48598386,-1.811733,4.21741342e-01
9,3,0.54673188,-2.024671,4.66365737e-01
10,3,0.60747989,-2.220993,5.07341020e-01
11,3,0.66822790,-2.399221,5.44617472e-01
12,3,0.72897591,-2.558338,5.78071768e-01
13,3,0.78972392,-2.697456,6.07552000e-01
14,3,0.85047193,-2.816014,6.32878929e-01
15,3,0.91121971,-2.913496,6.53890071e-01
16,3,0.97196773,-2.989660,6.70406211e-01
17,3,1.03271574,-3.044267,6.82303087e-01
18,3,1.09346375,-3.077077,6.89482387e-01
19,3,1.15421176,-3.088023,6.91882500e-01
20,3,1.15421176,-3.088023,6.91882501e-01
21,3,1.18458576,-3.097704,6.90628542e-01
22,3,1.21495976,-3.126067,6.87083253e-01
23,3,1.24533376,-3.171205,6.81811503e-01
24,3,1.27570776,-3.230427,6.75552772e-01
25,3,1.30608176,-3.300545,6.69004328e-01
26,3,1.33645576,-3.378349,6.62717034e-01
27,3,1.36682976,-3.460868,6.57056450e-01
28,3,1.39720381,-3.545310,6.52219937e-01
29,3,1.42757781,-3.629326,6.48270706e-01
30,3,1.45795159,-3.710911,6.45189393e-01
31,3,1.48832560,-3.788257,6.42904113e-01
32,3,1.51869960,-3.859926,6.41306472e-01
33,3,1.54907361,-3.924565,6.40273463e-01
34,3,1.57944761,-3.981093,6.39672935e-01
35,3,1.60982162,-4.028638,6.39391200e-01
36,3,1.64019563,-4.066409,6.39309128e-01
37,3,1.67056963,-4.093817,6.39329999e-01
38,3,1.70094364,-4.110419,6.39379994e-01
39,3,1.73131764,-4.115970,6.39407106e-01
40,3,1.73131764,-4.115970,6.39407104e-01
41,3,1.75279515,-4.065517,5.49367362e-01
42,3,1.77427297,-4.006250,5.52659024e-01
43,3,1.79575048,-3.938490,5.55600328e-01
44,3,1.81722830,-3.862762,5.58264623e-01
45,3,1.83870581,-3.779723,5.60755219e-01
46,3,1.86018364,-3.690187,5.63197750e-01
47,3,1.88166114,-3.595116,5.65731782e-01
48,3,1.90313897,-3.495610,5.68503819e-01
49,3,1.92461647,-3.393066,5.71637261e-01
50,3,1.94609430,-3.289015,5.75251721e-01
51,3,1.96757180,-3.185156,5.79382108e-01
52,3,1.98904963,-3.083567,5.84016841e-01
53,3,2.01052713,-2.986564,5.89023144e-01
54,3,2.03200496,-2.896860,5.94106296e-01
55,3,2.05348246,-2.817356,5.98793744e-01
56,3,2.07496029,-2.750976,6.02432270e-01
57,3,2.09643779,-2.700999,6.04203026e-01
58,3,2.11791562,-2.669834,6.03342927e-01
59,3,2.13939312,-2.659237,5.99294644e-01
60,3,2.13939312,-2.659237,5.99294644e-01
61,3,2.20382612,-2.519168,5.69418108e-01
62,3,2.26825912,-2.362696,5.36217422e-01
63,3,2.33269211,-2.191907,5.00067596e-01
64,3,2.39712495,-2.009155,4.61342620e-01
65,3,2.46155794,-1.817763,4.20490693e-01
66,3,2.52599094,-1.621230,3.77957957e-01
67,3,2.59042394,-1.423757,3.34262506e-01
68,3,2.65485693,-1.229855,2.90018523e-01
69,3,2.71928993,-1.044774,2.45997079e-01
70,3,2.78372276,-0.873833,2.03103481e-01
71,3,2.84815576,-0.720502,1.62403149e-01
72,3,2.91258876,-0.588153,1.24948721e-01
73,3,2.97702175,-0.478361,9.16922130e-02
74,3,3.04145475,-0.390914,6.33297147e-02
75,3,3.10588775,-0.324440,4.02428396e-02
76,3,3.17032058,-0.276357,2.25200604e-02
77,3,3.23475363,-0.244265,1.00568760e-02
78,3,3.29918661,-0.225970,2.67680440e-03
79,3,3.36361957,-0.221237,1.78783541e-04
80,3,3.36361957,-0.221237,2.44692079e-04
81,3,3.41622887,-0.236100,3.15998712e-03
82,3,3.46883817,-0.282174,2.50608471e-02
83,3,3.52144747,-0.352540,3.95074912e-02
84,3,3.57405686,-0.440122,1.87288891e-01
85,3,3.62666598,-0.538050,2.19593906e-01
86,3,3.67927530,-0.640874,2.80149999e-01
87,3,3.73188462,-0.744147,3.54471925e-01
88,3,3.78449394,-0.844362,4.79902629e-01
89,3,3.83710326,-0.939896,1.30769241e-01
90,3,3.88971258,-1.028758,3.84930494e-02
91,3,3.94232191,-1.109818,3.72604011e-01
92,3,3.99493123,-1.182323,4.75945394e-01
93,3,4.04754055,-1.245711,7.55476691e-01
94,3,4.10014987,-1.299418,6.59166310e-03
95,3,4.15275899,-1.343739,5.74587081e-01
96,3,4.20536831,-1.378237,9.31483115e-02
97,3,4.25797763,-1.402944,4.80836317e-01
98,3,4.31058696,-1.417777,7.00233359e-01
99,3,4.36319628,-1.422833,1.55464808e-01
0,4,0.00000000,2.274995,9.18825148e-07
1,4,0.06074799,2.244732,9.75949079e-02
2,4,0.12149598,2.154349,9.54785735e-02
3,4,0.18224397,2.016423,9.24940920e-02
4,4,0.24299205,1.845019,8.91164611e-02
5,4,0.30373983,1.653898,8.56673634e-02
6,4,0.36448784,1.454130,8.23159317e-02
7,4,0.42523585,1.254906,7.91172268e-02
8,4,0.48598386,1.063070,7.60725824e-02
9,4,0.54673188,0.883751,7.31639065e-02
10,4,0.60747989,0.720924,7.03672165e-02
11,4,0.66822790,0.577793,6.76633119e-02
12,4,0.72897591,0.456413,6.50387479e-02
13,4,0.78972392,0.359191,6.24906100e-02
14,4,0.85047193,0.287551,6.00150310e-02
15,4,0.91121971,0.243231,5.76157123e-02
16,4,0.97196773,0.226879,5.53001484e-02
17,4,1.03271574,0.240200,5.30720602e-02
18,4,1.09346375,0.284534,5.09418220e-02
19,4,1.15421176,0.360751,5.16248507e-04
20,4,1.15421176,0.360751,5.16068013e-04
21,4,1.18458576,0.378034,4.06315630e-03
22,4,1.21495976,0.429218,7.89896970e-03
23,4,1.24533376,0.512893,9.06383076e-03
24,4,1.27570776,0.625517,8.70863942e-03
25,4,1.30608176,0.764456,7.82512857e-03
26,4,1.33645576,0.926614,6.80731456e-03
27,4,1.36682976,1.109305,5.78564067e-03
28,4,1.39720381,1.309518,4.85689508e-03
29,4,1.42757781,1.525288,3.98631787e-03
30,4,1.45795159,1.754526,3.16744484e-03
31,4,1.48832560,1.995871,2.42258976e-03
32,4,1.51869960,2.247569,1.72797892e-03
33,4,1.54907361,2.508368,1.09088901e-03
34,4,1.57944761,2.777064,5.30681746e-04
35,4,1.60982162,3.050460,1.12772978e-04
36,4,1.64019563,3.325448,7.15049255e-05
37,4,1.67056963,3.593549,1.31055458e-03
38,4,1.70094364,3.828788,8.33401234e-03
39,4,1.73131764,3.942405,7.36801786e-02
40,4,1.73131764,3.942405,7.36807696e-02
41,4,1.75279515,3.837369,7.87667250e-02
42,4,1.77427297,3.652729,8.30350782e-02
43,4,1.79575048,3.435041,8.27973944e-02
44,4,1.81722830,3.206234,8.11539840e-02
45,4,1.83870581,2.975236,7.88156222e-02
46,4,1.86018364,2.746290,7.58829398e-02
47,4,1.88166114,2.521870,7.23106332e-02
48,4,1.90313897,2.303456,6.80187815e-02
49,4,1.92461647,2.093182,6.29432360e-02
50,4,1.94609430,1.891880,5.70242319e-02
51,4,1.96757180,1.702051,5.02697910e-02
52,4,1.98904963,1.525161,4.27358056e-02
53,4,2.01052713,1.363358,3.45866788e-02
54,4,2.03200496,1.219159,2.61315624e-02
55,4,2.05348246,1.095297,1.78493448e-02
56,4,2.07496029,0.995251,1.03868399e-02
57,4,2.09643779,0.920814,4.53529841e-03
58,4,2.11791562,0.875006,1.03126329e-03
59,4,2.13939312,0.859611,4.00385618e-04
60,4,2.13939312,0.859611,4.00385717e-04
61,4,2.20382612,1.022667,4.91623448e-04
62,4,2.26825912,1.205036,6.50541777e-04
63,4,2.33269211,1.403751,9.21994742e-04
64,4,2.39712495,1.615620,1.38084842e-03
65,4,2.46155794,1.834222,2.14653019e-03
66,4,2.52599094,2.052884,3.41098648e-03
67,4,2.59042394,2.261745,5.45625202e-03
68,4,2.65485693,2.448497,8.63572290e-03
69,4,2.71928993,2.598664,1.32355801e-02
70,4,2.78372276,2.700806,1.92200405e-02
71,4,2.84815576,2.751308,2.60565520e-02
72,4,2.91258876,2.756410,3.30170839e-02
73,4,2.97702175,2.728260,3.96868903e-02
74,4,3.04145475,2.624919,4.00986734e-01
75,4,3.10588775,2.499518,4.16076076e-01
76,4,3.17032058,2.401936,4.28127937e-01
77,4,3.23475363,2.332191,4.36908255e-01
78,4,3.29918661,2.290323,4.42246487e-01
79,4,3.36361957,2.274995,9.29181105e-07
80,4,3.36361957,2.274995,9.19842042e-07
81,4,3.41622887,2.299708,9.62260888e-02
82,4,3.46883817,2.333157,1.11060540e-04
83,4,3.52144747,2.315336,1.75300077e-04
84,4,3.57405686,2.255115,2.33638782e-04
85,4,3.62666598,2.169645,2.90185847e-04
86,4,3.67927530,2.070163,3.44468486e-04
87,4,3.73188462,1.964771,3.95381225e-04
88,4,3.78449394,1.858751,4.42067778e-04
89,4,3.83710326,1.755657,4.84183219e-04
90,4,3.88971258,1.658128,5.21627911e-04
91,4,3.94232191,1.568001,5.54493524e-04
92,4,3.99493123,1.486340,5.82987251e-04
93,4,4.04754055,1.414128,6.07276375e-04
94,4,4.10014987,1.352965,6.27326054e-04
95,4,4.15275899,1.302102,6.43636747e-04
96,4,4.20536831,1.262291,6.56188034e-04
97,4,4.25797763,1.233807,6.65095790e-04
98,4,4.31058696,1.216620,6.70409633e-04
99,4,4.36319628,1.210881,6.72175365e-04
0,5,0.00000000,2.274995,2.79070182e-01
1,5,0.06074799,2.344461,4.84558879e-02
2,5,0.12149598,2.532908,4.54833343e-02
3,5,0.18224397,2.809689,4.20480252e-02
4,5,0.24299205,3.146167,3.87919133e-02
5,5,0.30373983,3.523605,3.58559240e-02
6,5,0.36448784,3.928399,3.32063320e-02
7,5,0.42523585,3.766002,2.43559347e-02
8,5,0.48598386,3.391923,2.83463936e-02
9,5,0.54673188,2.987801,3.10692564e-02
10,5,0.60747989,2.587837,3.32154419e-02
11,5,0.66822790,2.207108,3.50733354e-02
12,5,0.72897591,1.854986,3.67899494e-02
13,5,0.78972392,1.536719,3.84340603e-02
14,5,0.85047193,1.252390,4.00581026e-02
15,5,0.91121971,1.003715,4.16990697e-02
16,5,0.97196773,0.790614,4.33846658e-02
17,5,1.03271574,0.612883,4.51390976e-02
18,5,1.09346375,0.469881,4.69775964e-02
19,5,1.15421176,0.360751,9.73043966e-02
20,5,1.15421176,0.360751,9.73045776e-02
21,5,1.18458576,0.378034,9.48264685e-02
22,5,1.21495976,0.429218,9.39876556e-02
23,5,1.24533376,0.512893,9.71982299e-02
24,5,1.27570776,0.625517,1.02596753e-01
25,5,1.30608176,0.764456,1.08513937e-01
26,5,1.33645576,0.926614,1.14022927e-01
27,5,1.36682976,1.109305,1.18640658e-01
28,5,1.39720381,1.309518,1.22071935e-01
29,5,1.42757781,1.525288,1.24281906e-01
30,5,1.45795159,1.754526,1.25276868e-01
31,5,1.48832560,1.995871,1.25074610e-01
32,5,1.51869960,2.247569,1.23742336e-01
33,5,1.54907361,2.508368,1.21327040e-01
34,5,1.57944761,2.777064,1.17790372e-01
35,5,1.60982162,3.050460,1.12957323e-01
36,5,1.64019563,3.325448,1.06252727e-01
37,5,1.67056963,3.593549,9.59262889e-02
38,5,1.70094364,3.828788,7.59885663e-02
39,5,1.73131764,3.942405,2.00886127e-04
40,5,1.73131764,3.942405,2.00303204e-04
41,5,1.75279515,3.977453,3.75766977e-03
42,5,1.77427297,3.993789,5.86821011e-04
43,5,1.79575048,3.995050,3.32467347e-04
44,5,1.81722830,3.987634,1.60630240e-03
45,5,1.83870581,3.974346,3.47375327e-03
46,5,1.86018364,3.957735,5.45868190e-03
47,5,1.88166114,3.939508,7.35391691e-03
48,5,1.90313897,3.920883,9.08227595e-03
49,5,1.92461647,3.902477,1.06356404e-02
50,5,1.94609430,3.884730,1.20125678e-02
51,5,1.96757180,3.868368,1.32491142e-02
52,5,1.98904963,3.853489,1.43573684e-02
53,5,2.01052713,3.839893,1.53739782e-02
54,5,2.03200496,3.828516,1.62826549e-02
55,5,2.05348246,3.819082,1.71170012e-02
56,5,2.07496029,3.811827,1.78958725e-02
57,5,2.09643779,3.806493,1.86229774e-02
58,5,2.11791562,3.803278,1.93149770e-02
59,5,2.13939312,3.802232,1.99874110e-02
60,5,2.13939312,3.802232,1.99874125e-02
61,5,2.20382612,4.605246,1.22656451e-02
62,5,2.26825912,5.396746,5.06596825e-03
63,5,2.33269211,5.788534,1.38160921e-01
64,5,2.39712495,5.371642,1.62112833e-01
65,5,2.46155794,4.979658,1.87164144e-01
66,5,2.52599094,4.611788,2.12994351e-01
67,5,2.59042394,4.269688,2.39252444e-01
68,5,2.65485693,3.954048,2.65563917e-01
69,5,2.71928993,3.664845,2.91508970e-01
70,5,2.78372276,3.402087,3.16660307e-01
71,5,2.84815576,3.166828,3.40601878e-01
72,5,2.91258876,2.958744,3.62899361e-01
73,5,2.97702175,2.778083,3.83153208e-01
74,5,3.04145475,2.679440,4.61688456e-02
75,5,3.10588775,2.619012,5.32091924e-02
76,5,3.17032058,2.496909,2.75271404e-02
77,5,3.23475363,2.381671,3.76625756e-02
78,5,3.29918661,2.304197,4.61937819e-02
79,5,3.36361957,2.274995,1.74541696e-02
80,5,3.36361957,2.274995,1.82433256e-01
81,5,3.41622887,2.299708,4.80725295e-01
82,5,3.46883817,2.366765,9.42281512e-02
83,5,3.52144747,2.469830,4.13479801e-01
84,5,3.57405686,2.598166,2.20395011e-01
85,5,3.62666598,2.739683,1.44080704e-01
86,5,3.67927530,2.881542,2.41787106e-01
87,5,3.73188462,3.011233,8.74377089e-02
88,5,3.78449394,3.117875,1.11181128e-01
89,5,3.83710326,3.192899,5.30381105e-02
90,5,3.88971258,3.234047,5.76090812e-02
91,5,3.94232191,3.244219,1.79019998e-03
92,5,3.99493123,3.230154,6.43433756e-03
93,5,4.04754055,3.200406,1.52879967e-03
94,5,4.10014987,3.162864,5.94083810e-03
95,5,4.15275899,3.124037,1.85417195e-03
96,5,4.20536831,3.089200,8.23824572e-04
97,5,4.25797763,3.061860,3.83828181e-04
98,5,4.31058696,3.044540,3.76533792e-05
99,5,4.36319628,3.037693,8.78081255e-05
0,6,0.00000000,2.274995,3.12769410e-01
1,6,0.06074799,2.344461,4.23393379e-01
2,6,0.12149598,2.532908,3.74230784e-01
3,6,0.18224397,2.809689,3.16483188e-01
4,6,0.24299205,3.146167,2.61539990e-01
5,6,0.30373983,3.523605,2.12923923e-01
6,6,0.36448784,3.928399,1.71148324e-01
7,6,0.42523585,4.353477,3.07688255e-02
8,6,0.48598386,4.794438,2.84821663e-02
9,6,0.54673188,5.246494,2.63178641e-02
10,6,0.60747989,5.707975,2.42507119e-02
11,6,0.66822790,6.178182,2.22771732e-02
12,6,0.72897591,6.653573,2.03912179e-02
13,6,0.78972392,7.135955,1.86104211e-02
14,6,0.85047193,7.623230,1.69589567e-02
15,6,0.91121971,8.117273,1.54848039e-02
16,6,0.97196773,8.610386,1.42629322e-02
17,6,1.03271574,9.095365,1.35165821e-02
18,6,1.09346375,9.540429,1.38300931e-02
19,6,1.15421176,9.778134,1.52563965e-02
20,6,1.15421176,9.778134,1.52563949e-02
21,6,1.18458576,9.751137,1.50224640e-02
22,6,1.21495976,9.664357,1.39950525e-02
23,6,1.24533376,9.507946,1.17280680e-02
24,6,1.27570776,9.284278,8.70334321e-03
25,6,1.30608176,9.010263,5.89574168e-03
26,6,1.33645576,8.704441,3.74409906e-03
27,6,1.36682976,8.378108,2.20127556e-03
28,6,1.39720381,8.042206,1.18175703e-03
29,6,1.42757781,7.701520,5.30416311e-04
30,6,1.45795159,7.358434,1.55991699e-04
31,6,1.48832560,7.015337,2.09053774e-05
32,6,1.51869960,6.672463,1.03119333e-04
33,6,1.54907361,6.334162,4.06218634e-04
34,6,1.57944761,6.000866,9.92580460e-04
35,6,1.60982162,5.673880,1.96651460e-03
36,6,1.64019563,5.357423,3.67166139e-03
37,6,1.67056963,5.059744,6.93663713e-03
38,6,1.70094364,4.807018,1.30469750e-02
39,6,1.73131764,4.688886,1.43440365e-04
40,6,1.73131764,4.688886,1.43439850e-04
41,6,1.75279515,4.699999,4.81242877e-03
42,6,1.77427297,4.799212,4.97035810e-04
43,6,1.79575048,4.939569,1.76738782e-04
44,6,1.81722830,5.065296,1.19130006e-01
45,6,1.83870581,5.195651,1.16373156e-01
46,6,1.86018364,5.333572,1.13406488e-01
47,6,1.88166114,5.477195,1.10450781e-01
48,6,1.90313897,5.625267,1.07600858e-01
49,6,1.92461647,5.776664,1.04894808e-01
50,6,1.94609430,5.930598,1.02357953e-01
51,6,1.96757180,6.086532,9.99855160e-02
52,6,1.98904963,6.243739,9.78047084e-02
53,6,2.01052713,6.401394,9.58348978e-02
54,6,2.03200496,6.558659,9.41520429e-02
55,6,2.05348246,6.713933,9.28104311e-02
56,6,2.07496029,6.864863,9.18529327e-02
57,6,2.09643779,7.004239,9.10008747e-02
58,6,2.11791562,7.116496,8.80312424e-02
59,6,2.13939312,7.164785,7.52802819e-02
60,6,2.13939312,7.164785,7.52802832e-02
61,6,2.20382612,6.686147,9.45578888e-02
62,6,2.26825912,6.227142,1.15574918e-01
63,6,2.33269211,5.881088,6.98705812e-04
64,6,2.39712495,5.666431,4.37872158e-03
65,6,2.46155794,5.304217,4.65248121e-03
66,6,2.52599094,4.938639,3.84286902e-03
67,6,2.59042394,4.591579,2.73028804e-03
68,6,2.65485693,4.267603,1.64034686e-03
69,6,2.71928993,3.966560,8.27128439e-04
70,6,2.78372276,3.688152,5.45916284e-04
71,6,2.84815576,3.434025,1.08584093e-03
72,6,2.91258876,3.203003,2.77658658e-03
73,6,2.97702175,2.994195,5.98573230e-03
74,6,3.04145475,2.806825,1.10803058e-02
75,6,3.10588775,2.640663,1.83082192e-02
76,6,3.17032058,2.548351,6.23806208e-02
77,6,3.23475363,2.458214,7.59887883e-02
78,6,3.29918661,2.342919,9.15957388e-02
79,6,3.36361957,2.274995,5.74385404e-01
80,6,3.36361957,2.274995,4.09406318e-01
81,6,3.41622887,2.303229,3.90606970e-05
82,6,3.46883817,2.366765,4.41247407e-01
83,6,3.52144747,2.469830,6.21417083e-02
84,6,3.57405686,2.598166,1.85735370e-01
85,6,3.62666598,2.739683,1.89792514e-01
86,6,3.67927530,2.881542,2.18939794e-02
87,6,3.73188462,3.011233,1.11589236e-01
88,6,3.78449394,3.117875,3.14682712e-02
89,6,3.83710326,3.192899,4.38233739e-02
90,6,3.88971258,3.234047,4.74381972e-03
91,6,3.94232191,3.244219,3.64760797e-02
92,6,3.99493123,3.230154,1.61066875e-02
93,6,4.04754055,3.200406,1.12651539e-02
94,6,4.10014987,3.162864,1.05147188e-03
95,6,4.15275899,3.124037,1.78655775e-03
96,6,4.20536831,3.089200,9.32794735e-04
97,6,4.25797763,3.061860,3.59435067e-04
98,6,4.31058696,3.044540,2.14180246e-04
99,6,4.36319628,3.037693,1.88662088e-05
0,7,0.00000000,3.020503,1.13985132e-06
1,7,0.06074799,3.103032,3.02147299e-05
2,7,0.12149598,3.322531,2.76513573e-04
3,7,0.18224397,3.618009,1.20054668e-03
4,7,0.24299205,3.911187,3.76486008e-03
5,7,0.30373983,4.090297,9.58147461e-03
6,7,0.36448784,4.036068,1.78849355e-02
7,7,0.42523585,4.353477,1.35594038e-01
8,7,0.48598386,4.794438,1.05559228e-01
9,7,0.54673188,5.246494,8.05056888e-02
10,7,0.60747989,5.707975,5.98597581e-02
11,7,0.66822790,6.178182,4.31386975e-02
12,7,0.72897591,6.653573,2.98992677e-02
13,7,0.78972392,7.135955,1.97009238e-02
14,7,0.85047193,7.623230,1.21297539e-02
15,7,0.91121971,8.117273,6.76922463e-03
16,7,0.97196773,8.610387,3.24550370e-03
17,7,1.03271574,9.095365,1.18350311e-03
18,7,1.09346375,9.540429,2.33897249e-04
19,7,1.15421176,9.778135,1.59708625e-05
20,7,1.15421176,9.778135,1.59711740e-05
21,7,1.18458576,9.751137,1.10555289e-03
22,7,1.21495976,9.664358,4.72788388e-03
23,7,1.24533376,9.507946,1.10793179e-02
24,7,1.27570776,9.284278,1.89497562e-02
25,7,1.30608176,9.010263,2.67938967e-02
26,7,1.33645576,8.704441,3.40269192e-02
27,7,1.36682976,8.378108,4.07241039e-02
28,7,1.39720381,8.042206,4.70210203e-02
29,7,1.42757781,7.701520,5.31098064e-02
30,7,1.45795159,7.358434,5.91134243e-02
31,7,1.48832560,7.015337,6.50834963e-02
32,7,1.51869960,6.672463,7.10868669e-02
33,7,1.54907361,6.334162,7.71488860e-02
34,7,1.57944761,6.000866,8.33101636e-02
35,7,1.60982162,5.673880,8.96248691e-02
36,7,1.64019563,5.357423,9.61375312e-02
37,7,1.67056963,5.059744,1.02847134e-01
38,7,1.70094364,4.807018,1.09796683e-01
39,7,1.73131764,4.688886,1.32737112e-01
40,7,1.73131764,4.688886,1.32737105e-01
41,7,1.75279515,4.752448,1.19389404e-01
42,7,1.77427297,4.839416,1.21717728e-01
43,7,1.79575048,4.945198,1.21206770e-01
44,7,1.81722830,5.099288,8.16548410e-04
45,7,1.83870581,5.269835,1.62448487e-03
46,7,1.86018364,5.447473,2.41016550e-03
47,7,1.88166114,5.630333,3.13538402e-03
48,7,1.90313897,5.817656,3.80338910e-03
49,7,1.92461647,6.008183,4.42270289e-03
50,7,1.94609430,6.201417,5.00927339e-03
51,7,1.96757180,6.397613,5.57787939e-03
52,7,1.98904963,6.596115,6.14644658e-03
53,7,2.01052713,6.797382,6.74355187e-03
54,7,2.03200496,6.999308,7.39230140e-03
55,7,2.05348246,7.202049,8.16074933e-03
56,7,2.07496029,7.405057,9.19160112e-03
57,7,2.09643779,7.603816,1.08307406e-02
58,7,2.11791562,7.748707,1.52750881e-03
59,7,2.13939312,7.702336,1.22849900e-02
60,7,2.13939312,7.702336,1.22849899e-02
61,7,2.20382612,7.215723,1.28674442e-02
62,7,2.26825912,6.799880,1.40312470e-02
63,7,2.33269211,6.732269,1.33997265e-02
64,7,2.39712495,6.440299,3.02391559e-02
65,7,2.46155794,6.139456,3.20177822e-02
66,7,2.52599094,5.875243,3.32888279e-02
67,7,2.59042394,5.655426,3.36975498e-02
68,7,2.65485693,5.488431,3.27744701e-02
69,7,2.71928993,5.380580,3.00356762e-02
70,7,2.78372276,5.329732,2.52381527e-02
71,7,2.84815576,5.315887,1.85778797e-02
72,7,2.91258876,5.287425,1.07212980e-02
73,7,2.97702175,5.157682,3.47824110e-03
74,7,3.04145475,4.851312,1.48235144e-04
75,7,3.10588775,4.393370,1.01794062e-03
76,7,3.17032058,3.882557,2.76190853e-03
77,7,3.23475363,3.423254,2.38314824e-03
78,7,3.29918661,3.119101,3.98575200e-04
79,7,3.36361957,3.020503,1.13984116e-06
80,7,3.36361957,3.020503,1.13984711e-06
81,7,3.41622887,3.086656,7.51357221e-06
82,7,3.46883817,3.296273,3.73327911e-05
83,7,3.52144747,3.633642,9.21967682e-05
84,7,3.57405686,4.047656,1.54892701e-04
85,7,3.62666598,4.499263,2.14462261e-04
86,7,3.67927530,4.965141,2.65555348e-04
87,7,3.73188462,5.433911,3.06025196e-04
88,7,3.78449394,5.897802,3.33910307e-04
89,7,3.83710326,6.348814,3.46390929e-04
90,7,3.88971258,6.772653,3.36676495e-04
91,7,3.94232191,7.135813,2.87732219e-04
92,7,3.99493123,7.373992,1.86765941e-04
93,7,4.04754055,7.454108,9.08560764e-05
94,7,4.10014987,7.437108,4.22776473e-05
95,7,4.15275899,7.387328,2.08179352e-05
96,7,4.20536831,7.335059,1.05073966e-05
97,7,4.25797763,7.292487,5.22951061e-06
98,7,4.31058696,7.265248,2.62876300e-06
99,7,4.36319628,7.255859,1.83912849e-06
0,8,0.00000000,7.439846,8.61206087e-04
1,8,0.06074799,7.358478,2.49188565e-02
2,8,0.12149598,7.083810,2.39981181e-02
3,8,0.18224397,6.723670,2.25842783e-02
4,8,0.24299205,6.374932,1.97449399e-02
5,8,0.30373983,6.161960,1.38254536e-02
6,8,0.36448784,6.211337,6.47579974e-03
7,8,0.42523585,6.510669,2.10772509e-03
8,8,0.48598386,6.951435,4.54736641e-04
9,8,0.54673188,7.459296,8.37744215e-05
10,8,0.60747989,8.000236,3.25457292e-04
11,8,0.66822790,8.557251,9.11192474e-04
12,8,0.72897591,9.118172,1.71588963e-03
13,8,0.78972392,9.678603,2.66390421e-03
14,8,0.85047193,10.073465,2.34569948e-02
15,8,0.91121971,10.459379,1.89666433e-02
16,8,0.97196773,10.873249,1.48737182e-02
17,8,1.03271574,11.308836,1.12331605e-02
18,8,1.09346375,10.962063,1.89969649e-03
19,8,1.15421176,10.719854,2.38495576e-04
20,8,1.15421176,10.719854,2.38490263e-04
21,8,1.18458576,10.676350,1.28202952e-03
22,8,1.21495976,10.576012,2.58897307e-03
23,8,1.24533376,10.472638,8.15623353e-06
24,8,1.27570776,10.395856,4.81938446e-04
25,8,1.30608176,10.346946,1.40440711e-03
26,8,1.33645576,10.317337,2.27918847e-03
27,8,1.36682976,10.298527,2.98841281e-03
28,8,1.39720381,10.287642,3.53250225e-03
29,8,1.42757781,10.281729,3.95249476e-03
30,8,1.45795159,10.278302,4.28429369e-03
31,8,1.48832560,10.277010,4.55241822e-03
32,8,1.51869960,10.276169,4.77789811e-03
33,8,1.54907361,10.276772,4.95613353e-03
34,8,1.57944761,10.277770,5.10034513e-03
35,8,1.60982162,10.278861,5.21529365e-03
36,8,1.64019563,10.279888,5.30269273e-03
37,8,1.67056963,10.280718,5.36385004e-03
38,8,1.70094364,10.281969,5.39855078e-03
39,8,1.73131764,10.282995,5.40310686e-03
40,8,1.73131764,10.282995,5.40310639e-03
41,8,1.75279515,10.167889,1.16360042e-03
42,8,1.77427297,10.045536,1.36888209e-03
43,8,1.79575048,9.918268,1.58979151e-03
44,8,1.81722830,9.786249,1.82540029e-03
45,8,1.83870581,9.649955,2.07065581e-03
46,8,1.86018364,9.509888,2.32018683e-03
47,8,1.88166114,9.366472,2.56678029e-03
48,8,1.90313897,9.220458,2.80292710e-03
49,8,1.92461647,9.071449,3.01197418e-03
50,8,1.94609430,8.920199,3.18034023e-03
51,8,1.96757180,8.767125,3.28267083e-03
52,8,1.98904963,8.612697,3.28876872e-03
53,8,2.01052713,8.455845,3.14620726e-03
54,8,2.03200496,8.300848,2.81149633e-03
55,8,2.05348246,8.147483,2.20290531e-03
56,8,2.07496029,7.998617,1.27719644e-03
57,8,2.09643779,7.860322,3.21282044e-04
58,8,2.11791562,7.787577,1.43278051e-02
59,8,2.13939312,7.889672,2.18426504e-02
60,8,2.13939312,7.889672,2.18426509e-02
61,8,2.20382612,7.501657,2.38996574e-02
62,8,2.26825912,7.127311,2.60464363e-02
63,8,2.33269211,6.771575,2.81968792e-02
64,8,2.39712495,6.737550,7.35584082e-03
65,8,2.46155794,6.455206,1.09429007e-02
66,8,2.52599094,6.214921,1.55571719e-02
67,8,2.59042394,6.022615,2.12480235e-02
68,8,2.65485693,5.885740,2.79714122e-02
69,8,2.71928993,5.804898,3.54791399e-02
70,8,2.78372276,5.783720,4.33872724e-02
71,8,2.84815576,5.826822,5.10970065e-02
72,8,2.91258876,5.934049,5.80166908e-02
73,8,2.97702175,6.102644,6.36367143e-02
74,8,3.04145475,6.326262,6.77256468e-02
75,8,3.10588775,6.593194,7.04143286e-02
76,8,3.17032058,6.883560,7.21840852e-02
77,8,3.23475363,7.163689,7.36741507e-02
78,8,3.29918661,7.379632,7.51614697e-02
79,8,3.36361957,7.439846,8.61206227e-04
80,8,3.36361957,7.439846,8.61206229e-04
81,8,3.41622887,7.428910,2.13734723e-02
82,8,3.46883817,7.334219,8.05265551e-02
83,8,3.52144747,7.202059,9.87049551e-02
84,8,3.57405686,7.057679,6.77723374e-02
85,8,3.62666598,6.923868,1.13132984e-01
86,8,3.67927530,6.819811,1.21790665e-01
87,8,3.73188462,6.762105,1.28100928e-01
88,8,3.78449394,6.765239,1.05359479e-01
89,8,3.83710326,6.836767,6.50100219e-02
90,8,3.88971258,6.980951,2.47826581e-02
91,8,3.94232191,7.195369,5.81234182e-02
92,8,3.99493123,7.473271,5.50438885e-03
93,8,4.04754055,7.808703,7.11056507e-02
94,8,4.10014987,8.190079,4.53125328e-02
95,8,4.15275899,8.608903,4.00801475e-02
96,8,4.20536831,9.063518,1.00223376e-02
97,8,4.25797763,9.535658,2.98737101e-03
98,8,4.31058696,10.003533,6.68090908e-03
99,8,4.36319628,10.290997,1.55758155e-02
0,9,0.00000000,7.456025,6.02048346e-02
1,9,0.06074799,7.477038,7.55215500e-02
2,9,0.12149598,7.517033,7.43565734e-02
3,9,0.18224397,7.583765,7.24459498e-02
4,9,0.24299205,7.677220,6.98339815e-02
5,9,0.30373983,7.797374,6.65809236e-02
6,9,0.36448784,7.944199,6.27610283e-02
7,9,0.42523585,8.117658,5.84607176e-02
8,9,0.48598386,8.317712,5.37761586e-02
9,9,0.54673188,8.544302,4.88095645e-02
10,9,0.60747989,8.797372,4.36679203e-02
11,9,0.66822790,9.077530,3.84551735e-02
12,9,0.72897591,9.383311,3.32851909e-02
13,9,0.78972392,9.715326,2.82546742e-02
14,9,0.85047193,10.228431,3.70775926e-03
15,9,0.91121971,10.765232,4.80397750e-03
16,9,0.97196773,11.282688,5.92303002e-03
17,9,1.03271574,11.418463,2.59378569e-03
18,9,1.09346375,10.962063,7.57700395e-04
19,9,1.15421176,10.719854,4.34361515e-04
20,9,1.15421176,10.719854,4.34366753e-04
21,9,1.18458576,10.676350,3.82627836e-04
22,9,1.21495976,10.576012,7.36211312e-04
23,9,1.24533376,10.472638,4.20498237e-03
24,9,1.27570776,10.395856,3.96145032e-03
25,9,1.30608176,10.346946,3.09565861e-03
26,9,1.33645576,10.317337,2.28424611e-03
27,9,1.36682976,10.298527,1.66786237e-03
28,9,1.39720381,10.287642,1.23274374e-03
29,9,1.42757781,10.281729,9.27493568e-04
30,9,1.45795159,10.278302,7.15811004e-04
31,9,1.48832560,10.277010,5.61248647e-04
32,9,1.51869960,10.276169,4.49687326e-04
33,9,1.54907361,10.276772,3.70492172e-04
34,9,1.57944761,10.277771,3.13834989e-04
35,9,1.60982162,10.278861,2.73313366e-04
36,9,1.64019563,10.279888,2.44969118e-04
37,9,1.67056963,10.280718,2.25945416e-04
38,9,1.70094364,10.281969,2.14510649e-04
39,9,1.73131764,10.282995,2.09484262e-04
40,9,1.73131764,10.282995,2.09484761e-04
41,9,1.75279515,10.385342,4.38270780e-03
42,9,1.77427297,10.466852,4.19494362e-03
43,9,1.79575048,10.520452,4.08506222e-03
44,9,1.81722830,10.538206,4.05674833e-03
45,9,1.83870581,10.514916,4.11523249e-03
46,9,1.86018364,10.450343,4.26479968e-03
47,9,1.88166114,10.349022,4.50755680e-03
48,9,1.90313897,10.218542,4.83981970e-03
49,9,1.92461647,10.064740,5.25843920e-03
50,9,1.94609430,9.893144,5.75354836e-03
51,9,1.96757180,9.710458,6.31357305e-03
52,9,1.98904963,9.519077,6.92579714e-03
53,9,2.01052713,9.319986,7.56993966e-03
54,9,2.03200496,9.118471,8.21937799e-03
55,9,2.05348246,8.914771,8.81363128e-03
56,9,2.07496029,8.711371,9.21231657e-03
57,9,2.09643779,8.511147,9.06127695e-03
58,9,2.11791562,8.326354,7.03621070e-03
59,9,2.13939312,8.224283,6.97156835e-04
60,9,2.13939312,8.224283,6.97157288e-04
61,9,2.20382612,7.807405,1.49354972e-03
62,9,2.26825912,7.418616,2.77015113e-03
63,9,2.33269211,7.061166,4.66756600e-03
64,9,2.39712495,7.397290,5.97610445e-03
65,9,2.46155794,8.228929,2.49352194e-03
66,9,2.52599094,9.040115,8.07911688e-04
67,9,2.59042394,9.734722,1.58308527e-04
68,9,2.65485693,10.178476,2.10444968e-04
69,9,2.71928993,10.294186,6.13319626e-04
70,9,2.78372276,9.525204,4.99058009e-03
71,9,2.84815576,8.749934,9.45533033e-03
72,9,2.91258876,8.084559,1.57924520e-02
73,9,2.97702175,7.595495,2.30301328e-02
74,9,3.04145475,7.341954,2.77279507e-02
75,9,3.10588775,7.284385,2.84564419e-02
76,9,3.17032058,7.326265,2.74411225e-02
77,9,3.23475363,7.392862,2.63083502e-02
78,9,3.29918661,7.444525,2.55613290e-02
79,9,3.36361957,7.456025,7.33218357e-02
80,9,3.36361957,7.456025,1.00414338e-01
81,9,3.41622887,7.428910,8.06126177e-02
82,9,3.46883817,7.334219,2.39303341e-02
83,9,3.52144747,7.202059,1.01550153e-02
84,9,3.57405686,7.057679,4.73745171e-02
85,9,3.62666598,6.923868,9.72246145e-03
86,9,3.67927530,6.819811,9.20186961e-03
87,9,3.73188462,6.762105,9.87182613e-03
88,9,3.78449394,6.765239,3.63507561e-02
89,9,3.83710326,6.836767,7.52257837e-02
90,9,3.88971258,6.980951,1.07872446e-01
91,9,3.94232191,7.195369,6.15270714e-02
92,9,3.99493123,7.473271,9.75764635e-02
93,9,4.04754055,7.808703,1.39777129e-02
94,9,4.10014987,8.190079,2.21088848e-02
95,9,4.15275899,8.608903,1.13115946e-02
96,9,4.20536831,9.063518,2.76782674e-02
97,9,4.25797763,9.535658,2.38720213e-02
98,9,4.31058696,10.003533,1.29480365e-02
99,9,4.36319628,10.290997,2.43265067e-03
0,10,0.00000000,7.456025,4.09771350e-02
1,10,0.06074799,7.495489,1.36289360e-03
2,10,0.12149598,7.657169,2.69414867e-03
3,10,0.18224397,7.913552,4.46299978e-03
4,10,0.24299205,8.249913,6.27779411e-03
5,10,0.30373983,8.651824,7.88066018e-03
6,10,0.36448784,9.105844,9.15417249e-03
7,10,0.42523585,9.600887,1.00858993e-02
8,10,0.48598386,10.126813,1.07190714e-02
9,10,0.54673188,10.673041,1.11233868e-02
10,10,0.60747989,11.227907,1.13800266e-02
11,10,0.66822790,11.776296,1.15720818e-02
12,10,0.72897591,12.296502,1.17670041e-02
13,10,0.78972392,12.757777,1.19981186e-02
14,10,0.85047193,12.824583,1.30061696e-03
15,10,0.91121971,12.400700,1.88777506e-03
16,10,0.97196773,11.915740,2.38837320e-03
17,10,1.03271574,11.418463,1.44038068e-03
18,10,1.09346375,11.769927,8.08334034e-03
19,10,1.15421176,12.256298,2.75991916e-06
20,10,1.15421176,12.256298,2.76396884e-06
21,10,1.18458576,12.289874,3.83096646e-04
22,10,1.21495976,12.351798,3.95962366e-05
23,10,1.24533376,12.398739,1.35479858e-04
24,10,1.27570776,12.429150,1.28754768e-04
25,10,1.30608176,12.453178,1.21438900e-04
26,10,1.33645576,12.475427,1.20165077e-04
27,10,1.36682976,12.497270,1.20583813e-04
28,10,1.39720381,12.519539,1.21328619e-04
29,10,1.42757781,12.543216,1.22198609e-04
30,10,1.45795159,12.567286,1.23014670e-04
31,10,1.48832560,12.591549,1.23863037e-04
32,10,1.51869960,12.615304,1.24840806e-04
33,10,1.54907361,12.637992,1.25739294e-04
34,10,1.57944761,12.661070,1.26758930e-04
35,10,1.60982162,12.678304,1.27427046e-04
36,10,1.64019563,12.693327,1.28230556e-04
37,10,1.67056963,12.704531,1.28929785e-04
38,10,1.70094364,12.712000,1.29550365e-04
39,10,1.73131764,12.715142,1.30074134e-04
40,10,1.73131764,12.715142,1.30081909e-04
41,10,1.75279515,12.604635,1.95560738e-04
42,10,1.77427297,12.509566,1.83158760e-04
43,10,1.79575048,12.439568,1.84390009e-04
44,10,1.81722830,12.402184,1.93373130e-04
45,10,1.83870581,12.403074,2.04065821e-04
46,10,1.86018364,12.443153,2.10616343e-04
47,10,1.88166114,12.518517,2.08978816e-04
48,10,1.90313897,12.623087,1.98705672e-04
49,10,1.92461647,12.749617,1.82525904e-04
50,10,1.94609430,12.892086,1.64458223e-04
51,10,1.96757180,13.047807,1.48107959e-04
52,10,1.98904963,13.212775,1.36005612e-04
53,10,2.01052713,13.384773,1.29111945e-04
54,10,2.03200496,13.560909,1.27087014e-04
55,10,2.05348246,13.739177,1.27546684e-04
56,10,2.07496029,13.917630,1.26305306e-04
57,10,2.09643779,14.088133,1.18931287e-04
58,10,2.11791562,14.236996,1.11632552e-04
59,10,2.13939312,14.310373,1.71868475e-04
60,10,2.13939312,14.310373,1.71868487e-04
61,10,2.20382612,14.326600,4.72138329e-04
62,10,2.26825912,13.987909,7.95894883e-04
63,10,2.33269211,13.562116,9.77551679e-04
64,10,2.39712495,13.135326,1.10635734e-03
65,10,2.46155794,12.727055,1.17676976e-03
66,10,2.52599094,12.335868,1.11814715e-03
67,10,2.59042394,11.918516,4.82764486e-04
68,10,2.65485693,11.219374,3.26237799e-04
69,10,2.71928993,10.362869,2.07827334e-03
70,10,2.78372276,10.162406,1.13443063e-03
71,10,2.84815576,9.891680,1.74063859e-03
72,10,2.91258876,9.540361,2.38398868e-03
73,10,2.97702175,9.141487,2.92737419e-03
74,10,3.04145475,8.724592,3.19440380e-03
75,10,3.10588775,8.321355,3.06466094e-03
76,10,3.17032058,7.964033,2.54334534e-03
77,10,3.23475363,7.682671,1.79698855e-03
78,10,3.29918661,7.502275,1.13017935e-03
79,10,3.36361957,7.456025,2.78601319e-02
80,10,3.36361957,7.456025,7.67630969e-04
81,10,3.41622887,7.481654,8.44752777e-04
82,10,3.46883817,7.603432,7.97052704e-04
83,10,3.52144747,7.796201,7.22195443e-04
84,10,3.57405686,8.042624,6.23651105e-04
85,10,3.62666598,8.310864,5.00706770e-04
86,10,3.67927530,8.542050,3.53031521e-04
87,10,3.73188462,8.659973,2.09991302e-04
88,10,3.78449394,8.647300,1.24039714e-04
89,10,3.83710326,8.563165,9.42330728e-05
90,10,3.88971258,8.472282,1.02744110e-04
91,10,3.94232191,8.435490,1.53566913e-04
92,10,3.99493123,8.530259,2.49537439e-04
93,10,4.04754055,8.797496,3.32249108e-04
94,10,4.10014987,9.178371,3.70002684e-04
95,10,4.15275899,9.605455,3.86092909e-04
96,10,4.20536831,10.043164,3.98678969e-04
97,10,4.25797763,10.459301,4.19931743e-04
98,10,4.31058696,10.797734,4.57277885e-04
99,10,4.36319628,10.941567,4.85215061e-04
0,11,0.00000000,10.822728,9.18660272e-05
1,11,0.06074799,10.846622,1.38961045e-04
2,11,0.12149598,10.910313,1.34693225e-04
3,11,0.18224397,11.016333,1.27735994e-04
4,11,0.24299205,11.164296,1.18285780e-04
5,11,0.30373983,11.355910,1.06554895e-04
6,11,0.36448784,11.584741,9.27874122e-05
7,11,0.42523585,11.850341,7.72560649e-05
8,11,0.48598386,12.150350,6.07478921e-05
9,11,0.54673188,12.468299,4.62227583e-05
10,11,0.60747989,12.785547,4.45203830e-05
11,11,0.66822790,13.057650,9.22912887e-05
12,11,0.72897591,13.198087,2.86520842e-04
13,11,0.78972392,13.122071,7.18120848e-04
14,11,0.85047193,12.824583,2.02550568e-03
15,11,0.91121971,12.400700,2.44067138e-03
16,11,0.97196773,11.915740,2.11952788e-03
17,11,1.03271574,11.775185,7.04239811e-03
18,11,1.09346375,12.234754,8.14956654e-03
19,11,1.15421176,12.256298,1.09028355e-02
20,11,1.15421176,12.256298,1.09028330e-02
21,11,1.18458576,12.289874,7.41650459e-03
22,11,1.21495976,12.351798,2.68101757e-03
23,11,1.24533376,12.398739,4.20514794e-04
24,11,1.27570776,12.429150,1.11857742e-05
25,11,1.30608176,12.453178,3.87846706e-05
26,11,1.33645576,12.475427,1.38822602e-04
27,11,1.36682976,12.497270,2.40939387e-04
28,11,1.39720381,12.519539,3.31448891e-04
29,11,1.42757781,12.543216,4.11423134e-04
30,11,1.45795159,12.567286,4.81973178e-04
31,11,1.48832560,12.591549,5.45958827e-04
32,11,1.51869960,12.615304,6.03539774e-04
33,11,1.54907361,12.637992,6.54974325e-04
34,11,1.57944761,12.661070,6.97649459e-04
35,11,1.60982162,12.678304,7.36770777e-04
36,11,1.64019563,12.693327,7.67194790e-04
37,11,1.67056963,12.704531,7.89234037e-04
38,11,1.70094364,12.712000,8.00766962e-04
39,11,1.73131764,12.715142,8.02941473e-04
40,11,1.73131764,12.715142,8.02933665e-04
41,11,1.75279515,12.833813,8.73596154e-04
42,11,1.77427297,12.958591,1.05741095e-03
43,11,1.79575048,13.087967,1.25374390e-03
44,11,1.81722830,13.221856,1.45833580e-03
45,11,1.83870581,13.358965,1.67030431e-03
46,11,1.86018364,13.498644,1.88716844e-03
47,11,1.88166114,13.640320,2.10611100e-03
48,11,1.90313897,13.783566,2.32313901e-03
49,11,1.92461647,13.927639,2.53579072e-03
50,11,1.94609430,14.073285,2.73654565e-03
51,11,1.96757180,14.217594,2.92348778e-03
52,11,1.98904963,14.361086,3.08730893e-03
53,11,2.01052713,14.500257,3.22472053e-03
54,11,2.03200496,14.639514,3.31210265e-03
55,11,2.05348246,14.774935,3.34057384e-03
56,11,2.07496029,14.860824,9.49644169e-04
57,11,2.09643779,14.781619,9.33664702e-04
58,11,2.11791562,14.689321,7.68915367e-04
59,11,2.13939312,14.634897,4.43013599e-04
60,11,2.13939312,14.634897,4.43013482e-04
61,11,2.20382612,14.991442,3.63542240e-04
62,11,2.26825912,14.529700,2.24324472e-04
63,11,2.33269211,14.089122,1.70206016e-04
64,11,2.39712495,13.684470,1.50452864e-04
65,11,2.46155794,13.334839,1.50348096e-04
66,11,2.52599094,13.071446,1.58114591e-04
67,11,2.59042394,12.318770,9.20047027e-04
68,11,2.65485693,11.781289,1.99737396e-03
69,11,2.71928993,11.467761,1.92680257e-03
70,11,2.78372276,11.215014,1.83487047e-03
71,11,2.84815576,11.007548,1.70988842e-03
72,11,2.91258876,10.845867,1.53977721e-03
73,11,2.97702175,10.731252,1.31811194e-03
74,11,3.04145475,10.667642,1.04997402e-03
75,11,3.10588775,10.653806,7.68063690e-04
76,11,3.17032058,10.684899,5.08770470e-04
77,11,3.23475363,10.743953,3.10457293e-04
78,11,3.29918661,10.801488,1.91561048e-04
79,11,3.36361957,10.822728,9.18668501e-05
80,11,3.36361957,10.822728,9.18658129e-05
81,11,3.41622887,10.784795,9.27269209e-05
82,11,3.46883817,10.673344,9.67374608e-05
83,11,3.52144747,10.516833,1.06271932e-04
84,11,3.57405686,10.349258,1.26278190e-04
85,11,3.62666598,10.216837,1.65315663e-04
86,11,3.67927530,10.179490,2.31050818e-04
87,11,3.73188462,10.318658,2.96652491e-04
88,11,3.78449394,10.652245,3.14543543e-04
89,11,3.83710326,11.121407,2.93298027e-04
90,11,3.88971258,11.666553,2.59863675e-04
91,11,3.94232191,12.245464,2.27299376e-04
92,11,3.99493123,12.815947,1.99769706e-04
93,11,4.04754055,13.311784,1.76218397e-04
94,11,4.10014987,13.602422,2.83264302e-03
95,11,4.15275899,13.015949,1.08309288e-03
96,11,4.20536831,12.426351,2.18440707e-05
97,11,4.25797763,11.851412,4.50959833e-05
98,11,4.31058696,11.321113,5.64226590e-04
99,11,4.36319628,11.010095,1.43045474e-04
0,12,0.00000000,10.822728,1.69741424e-04
1,12,0.06074799,10.846622,2.83380851e-04
2,12,0.12149598,10.910313,6.08144893e-04
3,12,0.18224397,11.016333,1.10130159e-03
4,12,0.24299205,11.164296,1.69238023e-03
5,12,0.30373983,11.355910,2.29238221e-03
6,12,0.36448784,11.584741,2.78850941e-03
7,12,0.42523585,11.850341,3.06894859e-03
8,12,0.48598386,12.150350,3.02879329e-03
9,12,0.54673188,12.468299,2.56787554e-03
10,12,0.60747989,12.785547,1.67011049e-03
11,12,0.66822790,13.057650,5.52689301e-04
12,12,0.72897591,13.198087,1.22924471e-05
13,12,0.78972392,13.122071,8.43314126e-04
14,12,0.85047193,13.118528,1.22123387e-02
15,12,0.91121971,13.334138,1.22419393e-02
16,12,0.97196773,13.376436,1.19095899e-02
17,12,1.03271574,13.253234,1.12096016e-02
18,12,1.09346375,12.767689,3.35434527e-03
19,12,1.15421176,12.648925,2.21646670e-04
20,12,1.15421176,12.648925,2.21787718e-04
21,12,1.18458576,12.688796,3.28059033e-03
22,12,1.21495976,12.822789,3.94445457e-03
23,12,1.24533376,13.051138,2.73181501e-03
24,12,1.27570776,13.341012,1.48635429e-03
25,12,1.30608176,13.664647,6.81792115e-04
26,12,1.33645576,14.006766,2.54064479e-04
27,12,1.36682976,14.358662,9.04539197e-05
28,12,1.39720381,14.713812,1.05477633e-04
29,12,1.42757781,15.068216,2.45193320e-04
30,12,1.45795159,15.415296,4.66772264e-04
31,12,1.48832560,15.735894,6.98263660e-04
32,12,1.51869960,15.992078,7.67338828e-04
33,12,1.54907361,16.124975,5.13151772e-04
34,12,1.57944761,16.142470,3.25864717e-04
35,12,1.60982162,16.112061,1.46243557e-04
36,12,1.64019563,16.073330,8.98239071e-05
37,12,1.67056963,16.040432,7.60098629e-05
38,12,1.70094364,16.019954,7.21344903e-05
39,12,1.73131764,16.013269,7.05217622e-05
40,12,1.73131764,16.013269,7.05218933e-05
41,12,1.75279515,15.904599,1.10005563e-06
42,12,1.77427297,15.798912,1.31337480e-06
43,12,1.79575048,15.698660,3.69468390e-06
44,12,1.81722830,15.604185,1.01646678e-05
45,12,1.83870581,15.515978,2.27807161e-05
46,12,1.86018364,15.434221,4.36395974e-05
47,12,1.88166114,15.358880,7.47905530e-05
48,12,1.90313897,15.289687,1.17699365e-04
49,12,1.92461647,15.226486,1.75117896e-04
50,12,1.94609430,15.168468,2.48904581e-04
51,12,1.96757180,15.115463,3.39604107e-04
52,12,1.98904963,15.066300,4.48726942e-04
53,12,2.01052713,15.019534,5.76423720e-04
54,12,2.03200496,14.972687,7.17106825e-04
55,12,2.05348246,14.921601,8.54860953e-04
56,12,2.07496029,14.905886,3.28940823e-03
57,12,2.09643779,15.025974,3.12207221e-03
58,12,2.11791562,15.126305,2.71763121e-03
59,12,2.13939312,15.172913,1.71252594e-03
60,12,2.13939312,15.172913,1.71252608e-03
61,12,2.20382612,15.029316,4.93064931e-04
62,12,2.26825912,15.333100,3.13524549e-04
63,12,2.33269211,15.484666,3.72319526e-05
64,12,2.39712495,15.022681,2.76222363e-04
65,12,2.46155794,14.131803,1.14711597e-04
66,12,2.52599094,13.195347,3.28392561e-05
67,12,2.59042394,12.963624,1.50456553e-04
68,12,2.65485693,13.117862,1.16170048e-04
69,12,2.71928993,13.470587,1.94140319e-04
70,12,2.78372276,13.274738,1.33679534e-03
71,12,2.84815576,12.742649,1.71268651e-03
72,12,2.91258876,12.241778,1.60317648e-03
73,12,2.97702175,11.822122,1.28270537e-03
74,12,3.04145475,11.488964,9.05363163e-04
75,12,3.10588775,11.235044,5.67932096e-04
76,12,3.17032058,11.048081,3.08868562e-04
77,12,3.23475363,10.922229,1.33448102e-04
78,12,3.29918661,10.849111,3.31494582e-05
79,12,3.36361957,10.822728,1.12015359e-05
80,12,3.36361957,10.822728,4.45839562e-05
81,12,3.41622887,10.889489,2.86516430e-04
82,12,3.46883817,11.072575,4.49981334e-04
83,12,3.52144747,11.353993,1.86377144e-04
84,12,3.57405686,11.711286,9.28644829e-04
85,12,3.62666598,12.125878,8.63924049e-04
86,12,3.67927530,12.582440,7.83871300e-04
87,12,3.73188462,13.068289,9.87619428e-04
88,12,3.78449394,13.570550,8.28563220e-04
89,12,3.83710326,14.061474,7.50356937e-04
90,12,3.88971258,14.487827,5.43202968e-04
91,12,3.94232191,14.715523,3.27297627e-04
92,12,3.99493123,14.577287,1.23717193e-03
93,12,4.04754055,14.148369,5.69212099e-04
94,12,4.10014987,13.602422,1.24253111e-04
95,12,4.15275899,13.015949,1.89630506e-04
96,12,4.20536831,12.426351,2.60040348e-04
97,12,4.25797763,11.851412,2.09670899e-04
98,12,4.31058696,11.321113,2.79111853e-04
99,12,4.36319628,11.010095,1.48358102e-04
0,13,0.00000000,10.822728,4.98748476e-05
1,13,0.06074799,10.898141,3.47270347e-04
2,13,0.12149598,11.083295,1.03857791e-03
3,13,0.18224397,11.325101,1.61902344e-03
4,13,0.24299205,11.587036,1.95783158e-03
5,13,0.30373983,11.857184,2.09818532e-03
6,13,0.36448784,12.136838,2.10539371e-03
7,13,0.42523585,12.432266,2.02364365e-03
8,13,0.48598386,12.750070,1.87784828e-03
9,13,0.54673188,13.095972,1.68177551e-03
10,13,0.60747989,13.474745,1.44579101e-03
11,13,0.66822790,13.893457,1.18189846e-03
12,13,0.72897591,14.347145,9.02495221e-04
13,13,0.78972392,14.842557,6.29235591e-04
14,13,0.85047193,15.055748,4.52654011e-06
15,13,0.91121971,14.448588,1.48901402e-04
16,13,0.97196773,13.864237,7.27408565e-04
17,13,1.03271574,13.303791,1.78518286e-03
18,13,1.09346375,12.998182,1.02753455e-02
19,13,1.15421176,12.648925,1.82475128e-02
20,13,1.15421176,12.648925,1.82473715e-02
21,13,1.18458576,12.688796,1.66002062e-02
22,13,1.21495976,12.822789,1.75392785e-02
23,13,1.24533376,13.051138,1.75272855e-02
24,13,1.27570776,13.341012,1.61864747e-02
25,13,1.30608176,13.664647,1.43713277e-02
26,13,1.33645576,14.006766,1.24790561e-02
27,13,1.36682976,14.358662,1.06481840e-02
28,13,1.39720381,14.713812,8.92290721e-03
29,13,1.42757781,15.068216,7.29626673e-03
30,13,1.45795159,15.415296,5.71124189e-03
31,13,1.48832560,15.735894,4.05486541e-03
32,13,1.51869960,15.992078,2.19474106e-03
33,13,1.54907361,16.124975,6.67867345e-04
34,13,1.57944761,16.142470,4.78658395e-05
35,13,1.60982162,16.112061,6.37770420e-06
36,13,1.64019563,16.073330,6.77458231e-06
37,13,1.67056963,16.040432,7.62298974e-06
38,13,1.70094364,16.019954,9.50882825e-06
39,13,1.73131764,16.013269,1.10329705e-05
40,13,1.73131764,16.013269,1.10328113e-05
41,13,1.75279515,16.116076,8.58445036e-05
42,13,1.77427297,16.203064,9.86121206e-05
43,13,1.79575048,16.270627,1.17028770e-04
44,13,1.81722830,16.313717,1.37327775e-04
45,13,1.83870581,16.329602,1.53816608e-04
46,13,1.86018364,16.319182,1.61261526e-04
47,13,1.88166114,16.286583,1.57783936e-04
48,13,1.90313897,16.237449,1.45214859e-04
49,13,1.92461647,16.177153,1.27408571e-04
50,13,1.94609430,16.109825,1.08181641e-04
51,13,1.96757180,16.038345,9.09764240e-05
52,13,1.98904963,15.964180,7.75446473e-05
53,13,2.01052713,15.887602,6.84858396e-05
54,13,2.03200496,15.808921,6.26846667e-05
55,13,2.05348246,15.699235,9.59456729e-05
56,13,2.07496029,15.544713,3.28323969e-06
57,13,2.09643779,15.424969,6.78416207e-05
58,13,2.11791562,15.351456,3.21265422e-04
59,13,2.13939312,15.328357,7.03126996e-04
60,13,2.13939312,15.328357,7.03127039e-04
61,13,2.20382612,15.153339,5.38144184e-04
62,13,2.26825912,15.409789,5.61105356e-04
63,13,2.33269211,15.772961,6.48674252e-04
64,13,2.39712495,16.110075,7.46789274e-04
65,13,2.46155794,16.429155,8.47541960e-04
66,13,2.52599094,16.496413,9.92755476e-04
67,13,2.59042394,15.724878,1.51057904e-03
68,13,2.65485693,14.989507,2.06897733e-03
69,13,2.71928993,14.447326,2.64215350e-03
70,13,2.78372276,14.766306,2.29569022e-03
71,13,2.84815576,15.362452,6.46324270e-04
72,13,2.91258876,14.613544,9.48370487e-04
73,13,2.97702175,13.858646,1.39244937e-03
74,13,3.04145475,13.126806,1.90706707e-03
75,13,3.10588775,12.440528,2.33633157e-03
76,13,3.17032058,11.823754,2.42125969e-03
77,13,3.23475363,11.310862,1.88208339e-03
78,13,3.29918661,10.955625,8.02736778e-04
79,13,3.36361957,10.822728,2.08413902e-04
80,13,3.36361957,10.822728,1.75032494e-04
81,13,3.41622887,10.889489,1.35427788e-04
82,13,3.46883817,11.072575,3.99742899e-04
83,13,3.52144747,11.353993,1.02395355e-03
84,13,3.57405686,11.711286,4.31526290e-04
85,13,3.62666598,12.125878,4.53868244e-04
86,13,3.67927530,12.582440,3.90189689e-04
87,13,3.73188462,13.068289,3.29296088e-05
88,13,3.78449394,13.570550,1.10781258e-04
89,13,3.83710326,14.061474,3.11916534e-04
90,13,3.88971258,14.487827,1.16804664e-03
91,13,3.94232191,14.715523,3.19191981e-03
92,13,3.99493123,14.577287,4.02511617e-03
93,13,4.04754055,14.148369,4.14409386e-03
94,13,4.10014987,13.613470,1.50575496e-04
95,13,4.15275899,13.616008,1.20479531e-04
96,13,4.20536831,13.381619,9.27653916e-05
97,13,4.25797763,13.050858,6.38640337e-05
98,13,4.31058696,12.745836,2.59169368e-05
99,13,4.36319628,12.610695,1.87339113e-07
0,14,0.00000000,14.790353,7.29103300e-07
1,14,0.06074799,14.881885,2.00686036e-06
2,14,0.12149598,15.151778,6.50476545e-06
3,14,0.18224397,15.586005,1.29176329e-05
4,14,0.24299205,16.160873,1.63893212e-05
5,14,0.30373983,16.847476,1.45403724e-05
6,14,0.36448784,17.614560,1.17714964e-05
7,14,0.42523585,18.433157,1.67825101e-05
8,14,0.48598386,17.966993,1.63603525e-04
9,14,0.54673188,17.325598,2.93250267e-04
10,14,0.60747989,16.745566,4.69595177e-04
11,14,0.66822790,16.272650,6.64831679e-04
12,14,0.72897591,15.989634,7.90867389e-04
13,14,0.78972392,15.686110,2.37638875e-04
14,14,0.85047193,15.379398,3.83936154e-04
15,14,0.91121971,15.957133,1.88713115e-04
16,14,0.97196773,16.569050,6.15016525e-05
17,14,1.03271574,17.207193,1.30583603e-05
18,14,1.09346375,17.849333,4.58074903e-05
19,14,1.15421176,18.436794,2.64326046e-04
20,14,1.15421176,18.436794,2.64326851e-04
21,14,1.18458576,18.386747,2.47898643e-04
22,14,1.21495976,18.258969,2.21702680e-04
23,14,1.24533376,18.091153,2.04390457e-04
24,14,1.27570776,17.906013,1.97715445e-04
25,14,1.30608176,17.717266,1.97846733e-04
26,14,1.33645576,17.531983,2.02467184e-04
27,14,1.36682976,17.355232,2.10172768e-04
28,14,1.39720381,17.189594,2.18247942e-04
29,14,1.42757781,17.040050,2.19724546e-04
30,14,1.45795159,16.912552,1.95701333e-04
31,14,1.48832560,16.823962,1.02423855e-04
32,14,1.51869960,16.809962,4.76588446e-05
33,14,1.54907361,16.933630,5.97104297e-04
34,14,1.57944761,17.184375,1.38658206e-03
35,14,1.60982162,17.486592,2.01840919e-03
36,14,1.64019563,17.789953,2.33133759e-03
37,14,1.67056963,18.023803,9.83204985e-04
38,14,1.70094364,18.102944,7.08695257e-04
39,14,1.73131764,18.114348,7.57696742e-04
40,14,1.73131764,18.114348,7.57700237e-04
41,14,1.75279515,17.992803,4.71285311e-04
42,14,1.77427297,17.884294,3.65227141e-04
43,14,1.79575048,17.795154,2.83584417e-04
44,14,1.81722830,17.727069,2.13942284e-04
45,14,1.83870581,17.676019,1.57006401e-04
46,14,1.86018364,17.562552,2.82872873e-03
47,14,1.88166114,17.349514,2.40053537e-03
48,14,1.90313897,17.132930,2.01264699e-03
49,14,1.92461647,16.916780,1.65929808e-03
50,14,1.94609430,16.699418,1.33194457e-03
51,14,1.96757180,16.485997,1.03323041e-03
52,14,1.98904963,16.276297,7.57011782e-04
53,14,2.01052713,16.073230,5.05069842e-04
54,14,2.03200496,15.878761,2.77890414e-04
55,14,2.05348246,15.727432,5.93909052e-05
56,14,2.07496029,15.643006,6.13278687e-05
57,14,2.09643779,15.557078,8.94570922e-05
58,14,2.11791562,15.478065,2.52988699e-04
59,14,2.13939312,15.438804,9.14860757e-04
60,14,2.13939312,15.438804,9.14860925e-04
61,14,2.20382612,15.725243,3.75984188e-03
62,14,2.26825912,16.266058,6.25013446e-03
63,14,2.33269211,16.550898,3.34503754e-03
64,14,2.39712495,16.358283,2.35345223e-03
65,14,2.46155794,16.624232,2.02218663e-03
66,14,2.52599094,16.700570,9.12380337e-04
67,14,2.59042394,16.879563,8.88148995e-04
68,14,2.65485693,16.879334,7.39487749e-04
69,14,2.71928993,16.600906,5.54751116e-04
70,14,2.78372276,16.055238,5.11401306e-04
71,14,2.84815576,15.642135,2.72540562e-03
72,14,2.91258876,16.651118,3.46666438e-03
73,14,2.97702175,17.415825,9.91742189e-05
74,14,3.04145475,16.781749,3.31475386e-05
75,14,3.10588775,16.166137,1.59955112e-05
76,14,3.17032058,15.619451,9.66974239e-06
77,14,3.23475363,15.181082,5.41673304e-06
78,14,3.29918661,14.892178,2.07608412e-06
79,14,3.36361957,14.790353,7.29106295e-07
80,14,3.36361957,14.790353,7.29104885e-07
81,14,3.41622887,14.858479,1.26014667e-06
82,14,3.46883817,15.053277,2.58266901e-06
83,14,3.52144747,15.352848,4.14465543e-06
84,14,3.57405686,15.732201,5.53573159e-06
85,14,3.62666598,16.170095,6.54514917e-06
86,14,3.67927530,16.640360,7.22879646e-06
87,14,3.73188462,17.111318,7.54394123e-06
88,14,3.78449394,17.507857,7.13630970e-06
89,14,3.83710326,17.655505,4.80580972e-06
90,14,3.88971258,17.239492,1.58776190e-02
91,14,3.94232191,16.923703,6.24687480e-03
92,14,3.99493123,16.675766,8.29128226e-07
93,14,4.04754055,16.364977,2.44610720e-06
94,14,4.10014987,16.279373,9.85616583e-06
95,14,4.15275899,16.517682,2.35164784e-05
96,14,4.20536831,17.032274,3.34629140e-05
97,14,4.25797763,17.701132,3.75168719e-05
98,14,4.31058696,18.434742,4.06454027e-05
99,14,4.36319628,19.007652,5.71203006e-05
0,15,0.00000000,22.719198,1.06280346e-04
1,15,0.06074799,22.546671,2.08784169e-05
2,15,0.12149598,22.065225,1.51513462e-05
3,15,0.18224397,21.442135,8.87250671e-06
4,15,0.24299205,20.757139,6.88328507e-06
5,15,0.30373983,20.054746,1.26795505e-05
6,15,0.36448784,19.342403,3.36224076e-05
7,15,0.42523585,18.641315,7.99452472e-05
8,15,0.48598386,17.966993,2.15119675e-02
9,15,0.54673188,17.325598,2.17187626e-02
10,15,0.60747989,16.745566,2.16643257e-02
11,15,0.66822790,16.272650,2.11873351e-02
12,15,0.72897591,15.989635,1.95963080e-02
13,15,0.78972392,15.992210,7.51591642e-04
14,15,0.85047193,16.273939,6.17129670e-04
15,15,0.91121971,16.747693,4.94947718e-04
16,15,0.97196773,17.337832,4.07234918e-04
17,15,1.03271574,18.003016,3.39894436e-04
18,15,1.09346375,18.711444,2.59431011e-04
19,15,1.15421176,18.436794,4.37358308e-05
20,15,1.15421176,18.436794,4.37349392e-05
21,15,1.18458576,18.386747,8.40271454e-05
22,15,1.21495976,18.258969,1.60049654e-04
23,15,1.24533376,18.091153,2.30902658e-04
24,15,1.27570776,17.906013,2.93602667e-04
25,15,1.30608176,17.717266,3.54085873e-04
26,15,1.33645576,17.531983,4.19206442e-04
27,15,1.36682976,17.355232,4.99545944e-04
28,15,1.39720381,17.189594,6.09201090e-04
29,15,1.42757781,17.040050,7.83850951e-04
30,15,1.45795159,16.912552,1.11023759e-03
31,15,1.48832560,16.823962,1.79798632e-03
32,15,1.51869960,16.809962,3.01036475e-03
33,15,1.54907361,16.933630,3.76452722e-03
34,15,1.57944761,17.184375,3.46317758e-03
35,15,1.60982162,17.486592,2.87960461e-03
36,15,1.64019563,17.789953,2.41765886e-03
37,15,1.67056963,18.023803,2.30835582e-03
38,15,1.70094364,18.102944,5.58609808e-04
39,15,1.73131764,18.114348,1.04892776e-04
40,15,1.73131764,18.114348,1.04889503e-04
41,15,1.75279515,18.243378,2.40271854e-04
42,15,1.77427297,18.333372,5.00375492e-03
43,15,1.79575048,18.162267,4.38454064e-03
44,15,1.81722830,17.972497,3.82380545e-03
45,15,1.83870581,17.771179,3.30257580e-03
46,15,1.86018364,17.632356,1.17542091e-04
47,15,1.88166114,17.583590,9.83700483e-05
48,15,1.90313897,17.521006,9.92231906e-05
49,15,1.92461647,17.442721,1.19130405e-04
50,15,1.94609430,17.352514,1.60133074e-04
51,15,1.96757180,17.255580,2.26991919e-04
52,15,1.98904963,17.156821,3.27621796e-04
53,15,2.01052713,17.059382,4.72862602e-04
54,15,2.03200496,16.969591,6.77605128e-04
55,15,2.05348246,16.889843,9.58988279e-04
56,15,2.07496029,16.823822,1.33485780e-03
57,15,2.09643779,16.774022,1.82597277e-03
58,15,2.11791562,16.743130,2.44459471e-03
59,15,2.13939312,16.734622,3.19149410e-03
60,15,2.13939312,16.734622,3.19149382e-03
61,15,2.20382612,17.413512,2.51850813e-03
62,15,2.26825912,17.390007,3.93333935e-03
63,15,2.33269211,16.780357,8.97637883e-03
64,15,2.39712495,17.270579,1.17352454e-02
65,15,2.46155794,17.248218,5.00543757e-04
66,15,2.52599094,16.967113,2.05423337e-03
67,15,2.59042394,17.326962,2.15040272e-03
68,15,2.65485693,17.685157,2.20862153e-03
69,15,2.71928993,18.018601,2.14332540e-03
70,15,2.78372276,18.266586,1.81039239e-03
71,15,2.84815576,18.301537,1.06292931e-03
72,15,2.91258876,17.983229,3.57995841e-04
73,15,2.97702175,17.714571,4.16970901e-03
74,15,3.04145475,18.799180,4.64662074e-03
75,15,3.10588775,19.879223,4.73080248e-03
76,15,3.17032058,20.911364,4.21948426e-03
77,15,3.23475363,21.837410,2.92513367e-03
78,15,3.29918661,22.503265,1.05204049e-03
79,15,3.36361957,22.719198,1.06276000e-04
80,15,3.36361957,22.719198,1.06249691e-04
81,15,3.41622887,22.621420,9.64281128e-05
82,15,3.46883817,22.306203,7.55630804e-05
83,15,3.52144747,21.858488,3.38087501e-03
84,15,3.57405686,21.235373,2.85749616e-03
85,15,3.62666598,20.552574,1.34682655e-02
86,15,3.67927530,19.842388,1.31214350e-02
87,15,3.73188462,19.130628,2.28430300e-02
88,15,3.78449394,18.440632,1.21312739e-02
89,15,3.83710326,17.789934,9.59424706e-03
90,15,3.88971258,17.239492,3.44297445e-03
91,15,3.94232191,16.923703,7.67045995e-03
92,15,3.99493123,17.008209,6.61516941e-03
93,15,4.04754055,17.421751,2.00593004e-03
94,15,4.10014987,17.989504,8.89969315e-04
95,15,4.15275899,18.626343,1.71474650e-03
96,15,4.20536831,19.301538,3.48972384e-03
97,15,4.25797763,19.989633,2.46349203e-03
98,15,4.31058696,20.157782,1.77404667e-05
99,15,4.36319628,19.554761,1.22922860e-06
0,16,0.00000000,22.719198,1.02089862e-04
1,16,0.06074799,22.546671,3.34432468e-03
2,16,0.12149598,22.065225,8.85806630e-03
3,16,0.18224397,21.442135,1.33153686e-02
4,16,0.24299205,20.757139,1.64529285e-02
5,16,0.30373983,20.054746,1.86429767e-02
6,16,0.36448784,19.342403,2.00746980e-02
7,16,0.42523585,18.641315,2.09844572e-02
8,16,0.48598386,19.137204,4.43423961e-03
9,16,0.54673188,18.412211,3.47773558e-03
10,16,0.60747989,17.702257,2.48700798e-03
11,16,0.66822790,17.009889,1.55804287e-03
12,16,0.72897591,16.336952,7.80466380e-04
13,16,0.78972392,15.992210,1.62103676e-02
14,16,0.85047193,16.273939,1.21471959e-02
15,16,0.91121971,16.747693,8.69246518e-03
16,16,0.97196773,17.337832,6.03655305e-03
17,16,1.03271574,18.003016,4.03491797e-03
18,16,1.09346375,18.711444,2.64518324e-03
19,16,1.15421176,19.255671,2.00109378e-05
20,16,1.15421176,19.255671,2.00110691e-05
21,16,1.18458576,19.256795,1.92847683e-05
22,16,1.21495976,19.241778,1.73107196e-05
23,16,1.24533376,19.194951,1.45324652e-05
24,16,1.27570776,19.122315,1.09807634e-05
25,16,1.30608176,19.034741,7.69376295e-06
26,16,1.33645576,18.940225,7.02272143e-06
27,16,1.36682976,18.843777,1.09960672e-05
28,16,1.39720381,18.749089,2.17532178e-05
29,16,1.42757781,18.658716,4.02958739e-05
30,16,1.45795159,18.574507,6.70145295e-05
31,16,1.48832560,18.496961,9.93749286e-05
32,16,1.51869960,18.426123,1.35783830e-04
33,16,1.54907361,18.365897,1.71830826e-04
34,16,1.57944761,18.316741,2.01893394e-04
35,16,1.60982162,18.280500,2.16171213e-04
36,16,1.64019563,18.267413,3.00732732e-04
37,16,1.67056963,18.322540,2.32276137e-03
38,16,1.70094364,18.497276,5.05723493e-03
39,16,1.73131764,18.601261,6.27508675e-03
40,16,1.73131764,18.601261,6.27508561e-03
41,16,1.75279515,18.487621,5.21870330e-03
42,16,1.77427297,18.385029,7.52352610e-05
43,16,1.79575048,18.532224,1.59558009e-04
44,16,1.81722830,18.519350,2.03324292e-04
45,16,1.83870581,18.463471,1.34995363e-04
46,16,1.86018364,18.428678,8.56684027e-05
47,16,1.88166114,18.426012,4.93488123e-05
48,16,1.90313897,18.460181,2.40495803e-05
49,16,1.92461647,18.527892,8.57699447e-06
50,16,1.94609430,18.621337,1.33883836e-06
51,16,1.96757180,18.732932,1.91829556e-07
52,16,1.98904963,18.855398,2.92637087e-06
53,16,2.01052713,18.984317,7.59070419e-06
54,16,2.03200496,19.111169,1.22985015e-05
55,16,2.05348246,19.231832,1.53691868e-05
56,16,2.07496029,19.332430,4.48768152e-03
57,16,2.09643779,19.333768,4.74516035e-03
58,16,2.11791562,19.334540,5.00211091e-03
59,16,2.13939312,19.335132,5.26223079e-03
60,16,2.13939312,19.335132,5.26223056e-03
61,16,2.20382612,18.358093,4.67067194e-03
62,16,2.26825912,18.031916,1.42196105e-03
63,16,2.33269211,18.266697,1.97192902e-04
64,16,2.39712495,17.901353,8.81514572e-05
65,16,2.46155794,17.753136,1.43653748e-02
66,16,2.52599094,18.226331,1.67683182e-02
67,16,2.59042394,18.691476,1.88692006e-02
68,16,2.65485693,19.159061,2.06019857e-02
69,16,2.71928993,19.631417,2.19376688e-02
70,16,2.78372276,19.964691,3.35009204e-03
71,16,2.84815576,20.203211,3.53140096e-03
72,16,2.91258876,20.423671,2.87942681e-03
73,16,2.97702175,20.650020,3.02800019e-03
74,16,3.04145475,21.018323,2.88937252e-03
75,16,3.10588775,21.437804,2.56252267e-03
76,16,3.17032058,21.873957,2.05413860e-03
77,16,3.23475363,22.287136,1.33792167e-03
78,16,3.29918661,22.611051,4.89028938e-04
79,16,3.36361957,22.719198,2.63428239e-05
80,16,3.36361957,22.719198,8.72850562e-05
81,16,3.41622887,22.651069,3.63190560e-04
82,16,3.46883817,22.354804,2.54551283e-03
83,16,3.52144747,21.858488,1.58150562e-02
84,16,3.57405686,21.235373,2.23010501e-02
85,16,3.62666598,20.552574,1.47641239e-02
86,16,3.67927530,19.842388,1.59633917e-02
87,16,3.73188462,19.130628,5.46909703e-03
88,16,3.78449394,18.440632,1.42103014e-02
89,16,3.83710326,17.789934,1.37430991e-02
90,16,3.88971258,17.453136,1.94380512e-06
91,16,3.94232191,17.075878,8.07555847e-07
92,16,3.99493123,17.008209,1.95663396e-03
93,16,4.04754055,17.421751,3.75998144e-03
94,16,4.10014987,17.989504,3.77110432e-03
95,16,4.15275899,18.626343,2.50043669e-03
96,16,4.20536831,19.301538,4.91417312e-04
97,16,4.25797763,19.989633,1.30674420e-03
98,16,4.31058696,20.676291,4.13519508e-05
99,16,4.36319628,21.237225,4.60058826e-05
0,17,0.00000000,22.719198,6.70095170e-05
1,17,0.06074799,22.757619,1.30839866e-04
2,17,0.12149598,22.802377,1.35412865e-04
3,17,0.18224397,22.749868,4.65918841e-03
4,17,0.24299205,22.070749,5.65647595e-03
5,17,0.30373983,21.350066,5.99497562e-03
6,17,0.36448784,20.611371,5.80939562e-03
7,17,0.42523585,19.869806,5.24508653e-03
8,17,0.48598386,19.275570,3.71797762e-05
9,17,0.54673188,20.106565,7.58862370e-05
10,17,0.60747989,19.768662,5.01279600e-03
11,17,0.66822790,19.338188,4.59341107e-03
12,17,0.72897591,18.956024,3.98198093e-03
13,17,0.78972392,18.660009,3.18079884e-03
14,17,0.85047193,18.481510,2.26911691e-03
15,17,0.91121971,18.458478,1.41082192e-03
16,17,0.97196773,18.588426,7.93151792e-04
17,17,1.03271574,18.782752,4.67530540e-04
18,17,1.09346375,18.805466,3.05233127e-04
19,17,1.15421176,19.255671,2.37417572e-03
20,17,1.15421176,19.255671,2.37417537e-03
21,17,1.18458576,19.256795,2.39496162e-03
22,17,1.21495976,19.241778,2.36628318e-03
23,17,1.24533376,19.194951,2.22074075e-03
24,17,1.27570776,19.122315,2.00812830e-03
25,17,1.30608176,19.034741,1.77769047e-03
26,17,1.33645576,18.940225,1.54912513e-03
27,17,1.36682976,18.843777,1.33017627e-03
28,17,1.39720381,18.749089,1.11766420e-03
29,17,1.42757781,18.658716,9.11766269e-04
30,17,1.45795159,18.574507,7.12314001e-04
31,17,1.48832560,18.496961,5.25312985e-04
32,17,1.51869960,18.426123,3.56711027e-04
33,17,1.54907361,18.365897,2.07029111e-04
34,17,1.57944761,18.316741,9.65222626e-05
35,17,1.60982162,18.280500,7.10451355e-05
36,17,1.64019563,18.267413,2.52666931e-04
37,17,1.67056963,18.322540,3.90433285e-05
38,17,1.70094364,18.497276,1.21228123e-04
39,17,1.73131764,18.601261,9.19855884e-06
40,17,1.73131764,18.601261,9.19936046e-06
41,17,1.75279515,18.653473,6.95033809e-04
42,17,1.77427297,18.635102,4.58771660e-04
43,17,1.79575048,18.582307,3.03524128e-04
44,17,1.81722830,18.686335,1.54873357e-04
45,17,1.83870581,18.843321,1.18804109e-04
46,17,1.86018364,18.997641,7.31027845e-05
47,17,1.88166114,19.135727,1.78620843e-04
48,17,1.90313897,19.231484,8.65745826e-04
49,17,1.92461647,19.278167,1.79645536e-03
50,17,1.94609430,19.299490,2.47307141e-03
51,17,1.96757180,19.311451,2.95363112e-03
52,17,1.98904963,19.319058,3.33446159e-03
53,17,2.01052713,19.323532,3.65533014e-03
54,17,2.03200496,19.327342,3.94925145e-03
55,17,2.05348246,19.330124,4.22352503e-03
56,17,2.07496029,19.339949,1.53339536e-05
57,17,2.09643779,19.426919,1.19301494e-05
58,17,2.11791562,19.484272,6.27868403e-06
59,17,2.13939312,19.504431,1.39474448e-06
60,17,2.13939312,19.504431,1.39474728e-06
61,17,2.20382612,19.527816,6.36687722e-05
62,17,2.26825912,19.502083,5.25134219e-04
63,17,2.33269211,19.592485,1.46354455e-03
64,17,2.39712495,19.990740,1.51351242e-03
65,17,2.46155794,20.434301,1.20526515e-03
66,17,2.52599094,20.814819,9.28692839e-04
67,17,2.59042394,20.757774,2.37997843e-03
68,17,2.65485693,20.182791,2.69569832e-03
69,17,2.71928993,19.922526,3.06826909e-03
70,17,2.78372276,20.103186,2.28222766e-02
71,17,2.84815576,20.501799,2.19924636e-03
72,17,2.91258876,20.545085,3.60538044e-03
73,17,2.97702175,20.937993,3.53971069e-03
74,17,3.04145475,21.348109,3.28078256e-03
75,17,3.10588775,21.756071,2.79135814e-03
76,17,3.17032058,22.134300,2.06945588e-03
77,17,3.23475363,22.449371,1.20576004e-03
78,17,3.29918661,22.663129,4.45191097e-04
79,17,3.36361957,22.719198,1.42761119e-04
80,17,3.36361957,22.719198,8.18453829e-05
81,17,3.41622887,22.651069,2.45029803e-03
82,17,3.46883817,22.354804,7.94174909e-03
83,17,3.52144747,21.876955,5.46875531e-05
84,17,3.57405686,21.388782,3.72214198e-05
85,17,3.62666598,20.883735,2.32850806e-05
86,17,3.67927530,20.366915,1.29155009e-05
87,17,3.73188462,19.883572,5.54505314e-06
88,17,3.78449394,19.509986,1.18895600e-06
89,17,3.83710326,19.422835,6.20496101e-07
90,17,3.88971258,19.728694,2.14500689e-06
91,17,3.94232191,20.263325,2.97254446e-06
92,17,3.99493123,20.894339,3.18797454e-06
93,17,4.04754055,21.569207,3.26076773e-06
94,17,4.10014987,22.251457,4.10734134e-06
95,17,4.15275899,22.582660,1.49419638e-05
96,17,4.20536831,21.834481,1.76976611e-05
97,17,4.25797763,20.986569,1.89401813e-05
98,17,4.31058696,20.676291,3.28082147e-03
99,17,4.36319628,21.237225,1.84137038e-05
0,18,0.00000000,23.904286,4.39836244e-05
1,18,0.06074799,23.770166,1.01467591e-03
2,18,0.12149598,23.341940,2.97099149e-03
3,18,0.18224397,22.878537,1.41909468e-04
4,18,0.24299205,22.680461,4.00884362e-03
5,18,0.30373983,22.214128,4.60069452e-03
6,18,0.36448784,21.720467,4.99436205e-03
7,18,0.42523585,21.222174,5.23251381e-03
8,18,0.48598386,20.724569,5.31846757e-03
9,18,0.54673188,20.236504,5.24884697e-03
10,18,0.60747989,20.892446,1.26579428e-04
11,18,0.66822790,21.603377,1.72876734e-04
12,18,0.72897591,22.215292,1.98192811e-04
13,18,0.78972392,22.759297,1.94548407e-04
14,18,0.85047193,23.197409,1.59722897e-04
15,18,0.91121971,22.418063,4.67998951e-04
16,18,0.97196773,21.671107,3.53103714e-04
17,18,1.03271574,21.046985,1.90152210e-04
18,18,1.09346375,20.406554,5.13205124e-04
19,18,1.15421176,19.823427,7.30571311e-04
20,18,1.15421176,19.823427,7.30571483e-04
21,18,1.18458576,19.861330,6.24681258e-04
22,18,1.21495976,19.973614,4.61450759e-04
23,18,1.24533376,20.145405,3.99518360e-04
24,18,1.27570776,20.350702,4.45723677e-04
25,18,1.30608176,20.569305,5.81272425e-04
26,18,1.33645576,20.786233,8.01457634e-04
27,18,1.36682976,20.987480,1.10922613e-03
28,18,1.39720381,21.162713,1.50464357e-03
29,18,1.42757781,21.296627,1.99233556e-03
30,18,1.45795159,21.366234,2.56021350e-03
31,18,1.48832560,21.348880,3.09722962e-03
32,18,1.51869960,21.233750,3.42993548e-03
33,18,1.54907361,21.036860,3.47427462e-03
34,18,1.57944761,20.784679,3.27917710e-03
35,18,1.60982162,20.497436,2.90092309e-03
36,18,1.64019563,20.196849,2.33363224e-03
37,18,1.67056963,19.901103,1.52314372e-03
38,18,1.70094364,19.647607,4.59533623e-04
39,18,1.73131764,19.539497,2.32560933e-06
40,18,1.73131764,19.539497,2.32397482e-06
41,18,1.75279515,19.465319,6.77087743e-05
42,18,1.77427297,19.417472,4.02165622e-04
43,18,1.79575048,19.388742,8.92896846e-04
44,18,1.81722830,19.377808,1.42964195e-03
45,18,1.83870581,19.378523,1.96230815e-03
46,18,1.86018364,19.392186,2.45803110e-03
47,18,1.88166114,19.429540,2.76028947e-03
48,18,1.90313897,19.515005,2.46877595e-03
49,18,1.92461647,19.653313,1.91054111e-03
50,18,1.94609430,19.818218,1.57046897e-03
51,18,1.96757180,19.995636,1.39967738e-03
52,18,1.98904963,20.177747,1.31291507e-03
53,18,2.01052713,20.361252,1.27239192e-03
54,18,2.03200496,20.542006,1.25836720e-03
55,18,2.05348246,20.716263,1.26372040e-03
56,18,2.07496029,20.877906,1.28289092e-03
57,18,2.09643779,21.015398,1.30624837e-03
58,18,2.11791562,21.112143,1.31161621e-03
59,18,2.13939312,21.130204,4.55719509e-04
60,18,2.13939312,21.130204,4.55719631e-04
61,18,2.20382612,21.593024,4.16942961e-04
62,18,2.26825912,21.912212,5.63626494e-04
63,18,2.33269211,21.834523,4.52957384e-04
64,18,2.39712495,22.057560,2.71965018e-04
65,18,2.46155794,22.392271,1.72974339e-03
66,18,2.52599094,21.540739,2.13078115e-03
67,18,2.59042394,21.149312,7.20455292e-04
68,18,2.65485693,21.462892,5.70336131e-04
69,18,2.71928993,21.748735,9.13920280e-04
70,18,2.78372276,20.991935,1.38753733e-03
71,18,2.84815576,20.588906,2.32352113e-02
72,18,2.91258876,21.076065,2.31258688e-02
73,18,2.97702175,21.567693,2.24303959e-02
74,18,3.04145475,22.061206,2.10606283e-02
75,18,3.10588775,22.545950,1.88097222e-02
76,18,3.17032058,23.016082,1.54534140e-02
77,18,3.23475363,23.448373,1.05805522e-02
78,18,3.29918661,23.789966,4.14529241e-03
79,18,3.36361957,23.904286,1.81972256e-05
80,18,3.36361957,23.904286,3.30379029e-05
81,18,3.41622887,23.839318,2.10812660e-03
82,18,3.46883817,23.679982,5.86520190e-03
83,18,3.52144747,23.584189,5.12696799e-03
84,18,3.57405686,23.552556,2.07967995e-03
85,18,3.62666598,23.558663,1.33738812e-03
86,18,3.67927530,23.584252,1.50844608e-03
87,18,3.73188462,23.621558,1.64147098e-03
88,18,3.78449394,23.667048,1.76915946e-03
89,18,3.83710326,23.710107,4.48357531e-04
90,18,3.88971258,23.747057,5.25274188e-04
91,18,3.94232191,23.769544,1.58872389e-03
92,18,3.99493123,23.764498,6.21157719e-04
93,18,4.04754055,23.708332,6.69101355e-04
94,18,4.10014987,23.599735,3.98727662e-05
95,18,4.15275899,23.200300,1.07973867e-06
96,18,4.20536831,23.042441,1.60214756e-04
97,18,4.25797763,22.576414,4.69849920e-04
98,18,4.31058696,22.011466,6.26301748e-04
99,18,4.36319628,21.482021,2.35214076e-03
0,19,0.00000000,23.904286,6.35818912e-06
1,19,0.06074799,23.812018,7.95038853e-04
2,19,0.12149598,23.514475,2.11620503e-03
3,19,0.18224397,23.122950,3.20485840e-03
4,19,0.24299205,22.988149,1.48553538e-04
5,19,0.30373983,23.136752,1.52980126e-04
6,19,0.36448784,23.325332,1.52464965e-04
7,19,0.42523585,23.564749,1.44217709e-04
8,19,0.48598386,23.873360,1.26030486e-04
9,19,0.54673188,24.258848,9.97025102e-05
10,19,0.60747989,24.749818,7.24468838e-05
11,19,0.66822790,25.320811,9.12790814e-05
12,19,0.72897591,24.696175,2.77757378e-04
13,19,0.78972392,23.976616,4.40906698e-04
14,19,0.85047193,23.201610,5.04706020e-04
15,19,0.91121971,22.997339,7.33202054e-04
16,19,0.97196773,22.102161,5.79474521e-04
17,19,1.03271574,21.233279,5.06091204e-04
18,19,1.09346375,20.406554,1.48070419e-04
19,19,1.15421176,19.823427,5.91267021e-06
20,19,1.15421176,19.823427,5.91242568e-06
21,19,1.18458576,19.861330,1.81704578e-05
22,19,1.21495976,19.973614,3.79076033e-05
23,19,1.24533376,20.145405,4.88632044e-05
24,19,1.27570776,20.350702,4.87259365e-05
25,19,1.30608176,20.569305,3.93582217e-05
26,19,1.33645576,20.786233,2.44141289e-05
27,19,1.36682976,20.987480,1.05111992e-05
28,19,1.39720381,21.162713,2.18472586e-06
29,19,1.42757781,21.296627,1.60374729e-06
30,19,1.45795159,21.366234,5.75902615e-06
31,19,1.48832560,21.348880,1.14706946e-05
32,19,1.51869960,21.233750,2.29046614e-05
33,19,1.54907361,21.036860,4.96238751e-05
34,19,1.57944761,20.784679,9.80857433e-05
35,19,1.60982162,20.497436,1.75604466e-04
36,19,1.64019563,20.196849,2.88921104e-04
37,19,1.67056963,19.901103,4.34812913e-04
38,19,1.70094364,19.647607,5.26377986e-04
39,19,1.73131764,19.539497,2.46351264e-04
40,19,1.73131764,19.539497,2.46352953e-04
41,19,1.75279515,19.669297,4.10766707e-04
42,19,1.77427297,19.880595,5.30637106e-04
43,19,1.79575048,20.130891,5.50985399e-04
44,19,1.81722830,20.396279,5.13608837e-04
45,19,1.83870581,20.664106,4.48708528e-04
46,19,1.86018364,20.926954,3.73022890e-04
47,19,1.88166114,21.179433,2.96520657e-04
48,19,1.90313897,21.421144,2.25518644e-04
49,19,1.92461647,21.636295,1.70959598e-04
50,19,1.94609430,21.812326,1.54752315e-04
51,19,1.96757180,21.855615,1.98710915e-04
52,19,1.98904963,21.759773,2.11591133e-04
53,19,2.01052713,21.636248,2.27747460e-04
54,19,2.03200496,21.512599,2.52154966e-04
55,19,2.05348246,21.394792,2.83152184e-04
56,19,2.07496029,21.290383,3.20457566e-04
57,19,2.09643779,21.205374,3.63650132e-04
58,19,2.11791562,21.149296,4.10093721e-04
59,19,2.13939312,21.147891,1.26564002e-03
60,19,2.13939312,21.147891,1.26564021e-03
61,19,2.20382612,21.753653,8.96029310e-04
62,19,2.26825912,22.130549,3.51356466e-04
63,19,2.33269211,22.727573,2.88310316e-04
64,19,2.39712495,23.054225,6.66528172e-04
65,19,2.46155794,22.565209,1.66821127e-04
66,19,2.52599094,23.269552,1.48387793e-04
67,19,2.59042394,23.586761,4.54847207e-04
68,19,2.65485693,22.634420,6.48366789e-04
69,19,2.71928993,21.759253,4.60637216e-04
70,19,2.78372276,22.044705,3.82198198e-04
71,19,2.84815576,22.322167,3.29421278e-04
72,19,2.91258876,22.584411,2.99841836e-04
73,19,2.97702175,22.825610,2.93098879e-04
74,19,3.04145475,23.043890,3.16066764e-04
75,19,3.10588775,23.241787,3.76459797e-04
76,19,3.17032058,23.419010,4.95856706e-04
77,19,3.23475363,23.592197,6.77956265e-04
78,19,3.29918661,23.794538,5.94955812e-04
79,19,3.36361957,23.904286,3.21446556e-05
80,19,3.36361957,23.904286,1.73040463e-05
81,19,3.41622887,23.839318,1.80615172e-03
82,19,3.46883817,23.679982,8.56773229e-04
83,19,3.52144747,23.584189,5.44813678e-04
84,19,3.57405686,23.552556,2.12849651e-03
85,19,3.62666598,23.558663,1.89725710e-03
86,19,3.67927530,23.584252,1.09924690e-03
87,19,3.73188462,23.621558,5.64349937e-04
88,19,3.78449394,23.667048,1.61940990e-04
89,19,3.83710326,23.710107,1.30904018e-03
90,19,3.88971258,23.747057,1.12509436e-03
91,19,3.94232191,23.769544,1.53355980e-05
92,19,3.99493123,23.764498,1.00211190e-03
93,19,4.04754055,23.708332,1.07067825e-03
94,19,4.10014987,23.599735,1.93281118e-03
95,19,4.15275899,23.382357,1.48259328e-03
96,19,4.20536831,23.042441,2.69283720e-03
97,19,4.25797763,22.576414,2.96391594e-03
98,19,4.31058696,22.011466,3.53713878e-03
99,19,4.36319628,21.482021,5.14089484e-03
0,20,0.00000000,25.363618,1.98452591e-07
1,20,0.06074799,25.459118,6.99770408e-03
2,20,0.12149598,25.652306,5.66762608e-03
3,20,0.18224397,25.870517,4.45677987e-03
4,20,0.24299205,26.070125,3.43508493e-03
5,20,0.30373983,26.237942,2.54633784e-03
6,20,0.36448784,26.333801,1.78715139e-03
7,20,0.42523585,26.360505,1.12655679e-03
8,20,0.48598386,26.295064,5.81480873e-04
9,20,0.54673188,26.114002,1.94929126e-04
10,20,0.60747989,25.791732,2.74076663e-05
11,20,0.66822790,25.362800,6.23722254e-05
12,20,0.72897591,25.657553,2.84111136e-03
13,20,0.78972392,24.797155,1.60633205e-03
14,20,0.85047193,23.898869,1.03022324e-03
15,20,0.91121971,22.997339,5.55281037e-04
16,20,0.97196773,22.102161,1.18057166e-04
17,20,1.03271574,21.233279,2.35531554e-06
18,20,1.09346375,20.781035,5.30362160e-05
19,20,1.15421176,21.046957,1.36488343e-05
20,20,1.15421176,21.046957,1.36486698e-05
21,20,1.18458576,21.073704,6.14168407e-06
22,20,1.21495976,21.151135,4.67509117e-06
23,20,1.24533376,21.272787,1.34342420e-05
24,20,1.27570776,21.431236,2.14198737e-05
25,20,1.30608176,21.620872,2.22090783e-05
26,20,1.33645576,21.836738,1.64483592e-05
27,20,1.36682976,22.071762,9.08158810e-06
28,20,1.39720381,22.313546,5.94859239e-06
29,20,1.42757781,22.536639,1.12320755e-05
30,20,1.45795159,22.691833,2.30787895e-05
31,20,1.48832560,22.769124,2.79567683e-05
32,20,1.51869960,22.821543,4.09469091e-05
33,20,1.54907361,22.889667,6.07473807e-05
34,20,1.57944761,22.973538,7.13782673e-05
35,20,1.60982162,23.060279,7.12841375e-05
36,20,1.64019563,23.138866,6.37644697e-05
37,20,1.67056963,23.200885,5.37661535e-05
38,20,1.70094364,23.240748,4.60848843e-05
39,20,1.73131764,23.257778,4.39903731e-05
40,20,1.73131764,23.257778,4.39897390e-05
41,20,1.75279515,23.144313,6.97524289e-05
42,20,1.77427297,23.031485,7.45471303e-05
43,20,1.79575048,22.916389,7.95672939e-05
44,20,1.81722830,22.801538,8.54868797e-05
45,20,1.83870581,22.685230,9.19203329e-05
46,20,1.86018364,22.567244,9.87599576e-05
47,20,1.88166114,22.447584,1.05715813e-04
48,20,1.90313897,22.326893,1.11915782e-04
49,20,1.92461647,22.207979,1.13998162e-04
50,20,1.94609430,22.102741,9.46000077e-05
51,20,1.96757180,22.107284,3.36222100e-05
52,20,1.98904963,22.225119,2.62906270e-05
53,20,2.01052713,22.344077,3.88282730e-05
54,20,2.03200496,22.443599,6.78027747e-05
55,20,2.05348246,22.521548,1.12043664e-04
56,20,2.07496029,22.588488,1.69935782e-04
57,20,2.09643779,22.556157,3.61132153e-05
58,20,2.11791562,22.459848,4.36811117e-05
59,20,2.13939312,22.424274,9.67646985e-05
60,20,2.13939312,22.424274,9.67646919e-05
61,20,2.20382612,22.239753,5.10050994e-04
62,20,2.26825912,22.397044,4.68589111e-04
63,20,2.33269211,22.972455,5.77053393e-05
64,20,2.39712495,23.371008,2.58143756e-04
65,20,2.46155794,24.045996,2.84131607e-04
66,20,2.52599094,24.562750,2.34358470e-04
67,20,2.59042394,24.088913,1.81622637e-04
68,20,2.65485693,24.960679,2.24722568e-04
69,20,2.71928993,25.749004,1.97098075e-04
70,20,2.78372276,26.201840,8.67142893e-05
71,20,2.84815576,26.283940,6.93112386e-05
72,20,2.91258876,26.234138,7.27773897e-05
73,20,2.97702175,26.148182,7.87304179e-05
74,20,3.04145475,26.052810,1.06822625e-04
75,20,3.10588775,25.954687,1.98634744e-04
76,20,3.17032058,25.838914,4.59599329e-04
77,20,3.23475363,25.680137,2.36840930e-02
78,20,3.29918661,25.469669,3.05498958e-02
79,20,3.36361957,25.363618,1.83908250e-07
80,20,3.36361957,25.363618,9.46990618e-08
81,20,3.41622887,25.447532,2.58662886e-02
82,20,3.46883817,25.594530,1.44309653e-02
83,20,3.52144747,25.733949,1.99684570e-02
84,20,3.57405686,25.848360,1.24849318e-02
85,20,3.62666598,25.944110,4.13979739e-03
86,20,3.67927530,26.028329,1.89408226e-03
87,20,3.73188462,26.106734,8.33878030e-04
88,20,3.78449394,26.183305,3.11103729e-05
89,20,3.83710326,26.255734,1.33635137e-04
90,20,3.88971258,26.324500,2.12256073e-03
91,20,3.94232191,26.350719,2.28968096e-06
92,20,3.99493123,25.468043,5.56772564e-06
93,20,4.04754055,24.567893,8.29737898e-06
94,20,4.10014987,23.701789,9.80559077e-06
95,20,4.15275899,23.382357,8.66559293e-04
96,20,4.20536831,23.782665,1.13854849e-07
97,20,4.25797763,24.434896,1.08742651e-07
98,20,4.31058696,24.968068,3.54064890e-08
99,20,4.36319628,25.194597,1.18580519e-08
0,21,0.00000000,25.363619,2.87600860e-02
1,21,0.06074799,25.503351,4.29250487e-03
2,21,0.12149598,25.787483,5.62255512e-03
3,21,0.18224397,26.087826,7.43987487e-03
4,21,0.24299205,26.347003,9.34987445e-03
5,21,0.30373983,26.562253,1.09278110e-02
6,21,0.36448784,26.737882,1.20708268e-02
7,21,0.42523585,26.883133,1.28572761e-02
8,21,0.48598386,26.993302,1.32524905e-02
9,21,0.54673188,27.025880,1.26642181e-02
10,21,0.60747989,26.876965,9.95389500e-03
11,21,0.66822790,26.405737,5.62691879e-03
12,21,0.72897591,25.657553,3.79075745e-03
13,21,0.78972392,24.797155,2.39760316e-03
14,21,0.85047193,23.898869,1.31483065e-03
15,21,0.91121971,23.498860,8.48699373e-05
16,21,0.97196773,23.152693,2.12108435e-05
17,21,1.03271574,22.383900,1.38935081e-05
18,21,1.09346375,21.644234,1.10144268e-05
19,21,1.15421176,21.046957,1.49674400e-05
20,21,1.15421176,21.046957,1.49676083e-05
21,21,1.18458576,21.073704,6.42215302e-05
22,21,1.21495976,21.151135,1.70565885e-04
23,21,1.24533376,21.272787,2.85623054e-04
24,21,1.27570776,21.431236,3.78418547e-04
25,21,1.30608176,21.620872,4.27378947e-04
26,21,1.33645576,21.836738,4.17553354e-04
27,21,1.36682976,22.071762,3.41433573e-04
28,21,1.39720381,22.313546,2.06073876e-04
29,21,1.42757781,22.536639,5.69733769e-05
30,21,1.45795159,22.691833,2.48886916e-06
31,21,1.48832560,22.769124,3.04543238e-05
32,21,1.51869960,22.821543,1.18950954e-05
33,21,1.54907361,22.889667,1.89126118e-06
34,21,1.57944761,22.973538,3.31787563e-05
35,21,1.60982162,23.060279,8.51898977e-05
36,21,1.64019563,23.138866,1.38558677e-04
37,21,1.67056963,23.200885,1.82358307e-04
38,21,1.70094364,23.240748,2.10144340e-04
39,21,1.73131764,23.257778,2.16554795e-04
40,21,1.73131764,23.257778,2.16555550e-04
41,21,1.75279515,23.363574,1.60945428e-04
42,21,1.77427297,23.460692,1.26933789e-04
43,21,1.79575048,23.545156,9.61975580e-05
44,21,1.81722830,23.615361,7.07372397e-05
45,21,1.83870581,23.668453,5.16567942e-05
46,21,1.86018364,23.701726,3.87162337e-05
47,21,1.88166114,23.711972,3.11364183e-05
48,21,1.90313897,23.696751,2.78744903e-05
49,21,1.92461647,23.650097,2.85001236e-05
50,21,1.94609430,23.571672,3.24724750e-05
51,21,1.96757180,23.462903,3.91125923e-05
52,21,1.98904963,23.328636,4.70044703e-05
53,21,2.01052713,23.175980,5.38695165e-05
54,21,2.03200496,23.012961,5.71221354e-05
55,21,2.05348246,22.848150,5.45276576e-05
56,21,2.07496029,22.692025,4.57478095e-05
57,21,2.09643779,22.626957,2.35942958e-04
58,21,2.11791562,22.649126,3.08149268e-04
59,21,2.13939312,22.656596,3.84508079e-04
60,21,2.13939312,22.656596,3.84508162e-04
61,21,2.20382612,22.911679,1.30106217e-04
62,21,2.26825912,23.455868,1.85025212e-04
63,21,2.33269211,24.043157,2.62992644e-04
64,21,2.39712495,24.660444,3.42155382e-04
65,21,2.46155794,25.173926,1.37498142e-04
66,21,2.52599094,24.717697,4.17609411e-04
67,21,2.59042394,25.343338,7.52869741e-04
68,21,2.65485693,25.863116,1.42020956e-03
69,21,2.71928993,26.228472,2.43524886e-03
70,21,2.78372276,26.418898,3.66162361e-03
71,21,2.84815576,26.486913,4.95804716e-03
72,21,2.91258876,26.464948,6.41351380e-03
73,21,2.97702175,26.385902,8.18596643e-03
74,21,3.04145475,26.259967,1.05087919e-02
75,21,3.10588775,26.099173,1.36696684e-02
76,21,3.17032058,25.902922,1.79630846e-02
77,21,3.23475363,25.689537,1.12299426e-03
78,21,3.29918661,25.495657,2.54912493e-03
79,21,3.36361957,25.363619,2.39074997e-02
80,21,3.36361957,25.363619,4.10697301e-02
81,21,3.41622887,25.447532,1.37972781e-02
82,21,3.46883817,25.594530,1.44820785e-02
83,21,3.52144747,25.733949,7.47106572e-04
84,21,3.57405686,25.848360,2.82973055e-03
85,21,3.62666598,25.944110,7.56933422e-03
86,21,3.67927530,26.028329,7.30005036e-03
87,21,3.73188462,26.106734,6.46229189e-03
88,21,3.78449394,26.183305,5.72461699e-03
89,21,3.83710326,26.255734,4.35711754e-03
90,21,3.88971258,26.324500,1.28147763e-03
91,21,3.94232191,26.387080,4.50533192e-04
92,21,3.99493123,26.437494,1.32952861e-03
93,21,4.04754055,26.474462,8.40267298e-05
94,21,4.10014987,26.480839,2.25000359e-04
95,21,4.15275899,26.430445,9.69755848e-06
96,21,4.20536831,26.320427,1.52712823e-05
97,21,4.25797763,26.192302,5.39506425e-05
98,21,4.31058696,26.101870,3.91480318e-05
99,21,4.36319628,26.067566,3.13626038e-05
0,22,0.00000000,25.363619,1.75793289e-02
1,22,0.06074799,25.503351,3.09700827e-02
2,22,0.12149598,25.787483,2.41019851e-02
3,22,0.18224397,26.087826,1.78677369e-02
4,22,0.24299205,26.347003,1.31371309e-02
5,22,0.30373983,26.562253,9.89378617e-03
6,22,0.36448784,26.737882,7.83767685e-03
7,22,0.42523585,26.883133,6.54033830e-03
8,22,0.48598386,26.993302,5.78469677e-03
9,22,0.54673188,27.025880,5.70675882e-03
10,22,0.60747989,26.876965,5.94900588e-03
11,22,0.66822790,26.405737,5.26008477e-03
12,22,0.72897591,26.034017,1.17185696e-04
13,22,0.78972392,26.014247,2.37700095e-04
14,22,0.85047193,25.178366,1.67842994e-04
15,22,0.91121971,24.374642,1.41557090e-04
16,22,0.97196773,24.215365,1.25378304e-04
17,22,1.03271574,24.514305,7.00250193e-05
18,22,1.09346375,24.859204,3.49628837e-05
19,22,1.15421176,25.211164,4.73933408e-05
20,22,1.15421176,25.211164,4.73790290e-05
21,22,1.18458576,25.178431,2.02012784e-04
22,22,1.21495976,25.083573,6.06129169e-04
23,22,1.24533376,24.936273,1.13334995e-03
24,22,1.27570776,24.746664,1.67095021e-03
25,22,1.30608176,24.528516,2.14150463e-03
26,22,1.33645576,24.295400,2.49537252e-03
27,22,1.36682976,24.055358,2.68147641e-03
28,22,1.39720381,23.841194,2.57590497e-03
29,22,1.42757781,23.700900,1.90175477e-03
30,22,1.45795159,23.692700,7.22706745e-04
31,22,1.48832560,23.855653,3.32617016e-04
32,22,1.51869960,24.140703,2.80256285e-04
33,22,1.54907361,24.491723,3.06389131e-04
34,22,1.57944761,24.882486,3.64709404e-04
35,22,1.60982162,25.295801,4.45611451e-04
36,22,1.64019563,25.727328,5.46636551e-04
37,22,1.67056963,26.172742,6.74332151e-04
38,22,1.70094364,26.629800,8.59372208e-04
39,22,1.73131764,27.024139,1.61726061e-03
40,22,1.73131764,27.024139,1.61728048e-03
41,22,1.75279515,26.838394,7.16713625e-06
42,22,1.77427297,26.603535,7.42888524e-06
43,22,1.79575048,26.366862,2.51277471e-05
44,22,1.81722830,26.134892,4.75226300e-05
45,22,1.83870581,25.910882,7.37127122e-05
46,22,1.86018364,25.698555,1.03867890e-04
47,22,1.88166114,25.502116,1.38244882e-04
48,22,1.90313897,25.326365,1.76936064e-04
49,22,1.92461647,25.175715,2.19013881e-04
50,22,1.94609430,25.050418,2.61896404e-04
51,22,1.96757180,24.956432,3.06687605e-04
52,22,1.98904963,24.887718,3.51456082e-04
53,22,2.01052713,24.839081,3.96350033e-04
54,22,2.03200496,24.805864,4.40766160e-04
55,22,2.05348246,24.783482,4.84611393e-04
56,22,2.07496029,24.772327,5.27949050e-04
57,22,2.09643779,24.763110,5.67877779e-04
58,22,2.11791562,24.758058,6.03703882e-04
59,22,2.13939312,24.756516,6.33361266e-04
60,22,2.13939312,24.756516,6.33361308e-04
61,22,2.20382612,25.522379,5.00955871e-04
62,22,2.26825912,26.259932,3.34656401e-03
63,22,2.33269211,25.318197,3.50411757e-03
64,22,2.39712495,24.977049,2.61091151e-03
65,22,2.46155794,25.495073,1.26846785e-03
66,22,2.52599094,26.172390,1.14919426e-03
67,22,2.59042394,26.862656,1.41708024e-03
68,22,2.65485693,27.208603,4.76341864e-04
69,22,2.71928993,27.242286,6.34276592e-04
70,22,2.78372276,27.641812,8.99463946e-04
71,22,2.84815576,28.441738,1.07369671e-03
72,22,2.91258876,28.828195,4.36123162e-03
73,22,2.97702175,28.257150,4.37438815e-03
74,22,3.04145475,27.636578,4.64480763e-03
75,22,3.10588775,27.012338,5.08966872e-03
76,22,3.17032058,26.425725,5.69349162e-03
77,22,3.23475363,25.909233,6.45657919e-03
78,22,3.29918661,25.523749,7.29200463e-03
79,22,3.36361957,25.363619,2.24319480e-02
80,22,3.36361957,25.363619,5.26980637e-03
81,22,3.41622887,25.479985,9.72391499e-06
82,22,3.46883817,25.753881,3.02604817e-05
83,22,3.52144747,26.116222,5.15484785e-05
84,22,3.57405686,26.513705,6.96897180e-05
85,22,3.62666598,26.931057,8.36226917e-05
86,22,3.67927530,27.319888,9.17438137e-05
87,22,3.73188462,27.670269,9.14372172e-05
88,22,3.78449394,27.920407,7.21726553e-05
89,22,3.83710326,27.820326,1.86936830e-05
90,22,3.88971258,27.183725,2.03725596e-07
91,22,3.94232191,26.387080,2.00957378e-03
92,22,3.99493123,26.437494,3.13890634e-04
93,22,4.04754055,26.474462,8.55753371e-04
94,22,4.10014987,26.480839,1.66069552e-04
95,22,4.15275899,26.430445,5.27027846e-05
96,22,4.20536831,26.320427,1.48072238e-05
97,22,4.25797763,26.192302,7.52879509e-05
98,22,4.31058696,26.101870,1.50440936e-04
99,22,4.36319628,26.067566,1.72891945e-04
0,23,0.00000000,28.862843,1.85452886e-02
1,23,0.06074799,28.960004,1.56462581e-02
2,23,0.12149598,29.239397,1.41403525e-02
3,23,0.18224397,29.697813,1.20755610e-02
4,23,0.24299205,30.310506,9.84773140e-03
5,23,0.30373983,31.053175,8.25365324e-03
6,23,0.36448784,31.691542,2.01521785e-02
7,23,0.42523585,30.992835,7.90073410e-05
8,23,0.48598386,30.176855,3.52709482e-04
9,23,0.54673188,29.394471,1.46097404e-03
10,23,0.60747989,28.772326,4.68611899e-03
11,23,0.66822790,28.339023,3.91919515e-04
12,23,0.72897591,27.415327,2.25752273e-04
13,23,0.78972392,27.359483,3.53071368e-05
14,23,0.85047193,27.020546,8.22533456e-04
15,23,0.91121971,26.651309,4.87619027e-04
16,23,0.97196773,26.280733,2.62847420e-04
17,23,1.03271574,25.920249,1.24335097e-04
18,23,1.09346375,25.565110,5.06432354e-05
19,23,1.15421176,25.211164,3.07637195e-06
20,23,1.15421176,25.211164,3.09072760e-06
21,23,1.18458576,25.178431,2.06958332e-06
22,23,1.21495976,25.083573,1.06849826e-05
23,23,1.24533376,24.936273,4.21830083e-05
24,23,1.27570776,24.746664,8.90005504e-05
25,23,1.30608176,24.528517,1.40049264e-04
26,23,1.33645576,24.295400,1.92320458e-04
27,23,1.36682976,24.055358,2.68025027e-04
28,23,1.39720381,23.841194,4.64899803e-04
29,23,1.42757781,23.700900,1.01710024e-03
30,23,1.45795159,23.692700,1.76615773e-03
31,23,1.48832560,23.855653,1.57271067e-03
32,23,1.51869960,24.140703,1.19727387e-03
33,23,1.54907361,24.491723,9.24584433e-04
34,23,1.57944761,24.882486,7.31735761e-04
35,23,1.60982162,25.295801,5.88881060e-04
36,23,1.64019563,25.727328,4.75051736e-04
37,23,1.67056963,26.172742,3.76724807e-04
38,23,1.70094364,26.629800,2.74329191e-04
39,23,1.73131764,27.024139,2.18638996e-05
40,23,1.73131764,27.024139,2.18445395e-05
41,23,1.75279515,26.872088,1.16191762e-03
42,23,1.77427297,26.661498,1.04324013e-03
43,23,1.79575048,26.459189,9.71670669e-04
44,23,1.81722830,26.269853,9.14275381e-04
45,23,1.83870581,26.094810,8.64455420e-04
46,23,1.86018364,25.936081,8.18815956e-04
47,23,1.88166114,25.795638,7.74995150e-04
48,23,1.90313897,25.675696,7.30265662e-04
49,23,1.92461647,25.577271,6.83086675e-04
50,23,1.94609430,25.501174,6.29777829e-04
51,23,1.96757180,25.448710,5.70348601e-04
52,23,1.98904963,25.418224,5.03084906e-04
53,23,2.01052713,25.406383,4.30035025e-04
54,23,2.03200496,25.410721,3.52450069e-04
55,23,2.05348246,25.425140,2.76164303e-04
56,23,2.07496029,25.447643,2.04220034e-04
57,23,2.09643779,25.465617,1.44986414e-04
58,23,2.11791562,25.478248,9.86505530e-05
59,23,2.13939312,25.483119,6.54734367e-05
60,23,2.13939312,25.483119,6.54734150e-05
61,23,2.20382612,26.185011,1.08628313e-04
62,23,2.26825912,26.332487,4.46240770e-04
63,23,2.33269211,27.162505,4.43059775e-04
64,23,2.39712495,26.798946,3.39814200e-04
65,23,2.46155794,25.898424,8.68231307e-04
66,23,2.52599094,26.331204,6.37167267e-04
67,23,2.59042394,27.276904,3.01243518e-04
68,23,2.65485693,27.596942,1.85238507e-03
69,23,2.71928993,28.311669,2.49931410e-03
70,23,2.78372276,28.918208,3.51406796e-03
71,23,2.84815576,29.147188,4.45624873e-03
72,23,2.91258876,29.387188,1.20850992e-03
73,23,2.97702175,30.320205,8.89508432e-03
74,23,3.04145475,30.036131,1.22949199e-02
75,23,3.10588775,29.687085,1.45349763e-02
76,23,3.17032058,29.357556,1.57584950e-02
77,23,3.23475363,29.093574,1.62024251e-02
78,23,3.29918661,28.924367,1.62222861e-02
79,23,3.36361957,28.862843,5.05300900e-02
80,23,3.36361957,28.862843,4.00593669e-02
81,23,3.41622887,28.874768,1.12833428e-11
82,23,3.46883817,28.899725,2.61800092e-11
83,23,3.52144747,28.941168,5.10851056e-11
84,23,3.57405686,28.998800,8.59866144e-11
85,23,3.62666598,29.072198,1.29251145e-10
86,23,3.67927530,29.160729,1.83535658e-10
87,23,3.73188462,29.263596,2.44969326e-10
88,23,3.78449394,29.380314,3.14811743e-10
89,23,3.83710326,29.036216,1.08929178e-04
90,23,3.88971258,29.070822,1.22153741e-04
91,23,3.94232191,29.251610,1.11504843e-04
92,23,3.99493123,29.410280,9.50622459e-05
93,23,4.04754055,28.710297,6.87270935e-04
94,23,4.10014987,28.078537,8.96134078e-04
95,23,4.15275899,27.601533,8.00292821e-05
96,23,4.20536831,27.315426,3.09062542e-05
97,23,4.25797763,27.181962,3.37580876e-04
98,23,4.31058696,27.129888,1.00351282e-04
99,23,4.36319628,27.115447,7.45497662e-06
0,24,0.00000000,28.862843,4.61398196e-02
1,24,0.06074799,28.960004,1.67613470e-02
2,24,0.12149598,29.239397,1.82244350e-02
3,24,0.18224397,29.697813,1.97776737e-02
4,24,0.24299205,30.310506,2.09861785e-02
5,24,0.30373983,31.053175,2.18098200e-02
6,24,0.36448784,31.691542,7.94132841e-03
7,24,0.42523585,30.992835,9.96935794e-03
8,24,0.48598386,30.176855,6.73121148e-03
9,24,0.54673188,29.394471,4.01739147e-03
10,24,0.60747989,28.772326,1.49361692e-03
11,24,0.66822790,28.350921,2.55837946e-03
12,24,0.72897591,27.842838,1.89316167e-03
13,24,0.78972392,27.411034,1.29087455e-03
14,24,0.85047193,28.261352,8.64241305e-05
15,24,0.91121971,28.796354,1.65109907e-02
16,24,0.97196773,28.931455,1.72597422e-02
17,24,1.03271574,29.038756,1.78595130e-02
18,24,1.09346375,29.111063,1.82719148e-02
19,24,1.15421176,29.136372,1.84160609e-02
20,24,1.15421176,29.136372,1.84176033e-02
21,24,1.18458576,29.162416,1.79383224e-02
22,24,1.21495976,29.236950,1.66369501e-02
23,24,1.24533376,29.350410,1.49612889e-02
24,24,1.27570776,29.489349,1.30431498e-02
25,24,1.30608176,29.638639,1.09843525e-02
26,24,1.33645576,29.781450,9.47992899e-03
27,24,1.36682976,29.895117,5.00249850e-03
28,24,1.39720381,29.962737,3.20818224e-03
29,24,1.42757781,29.964432,2.57154906e-03
30,24,1.45795159,29.894462,2.00255807e-03
31,24,1.48832560,29.766048,1.50402880e-03
32,24,1.51869960,29.599505,1.10997598e-03
33,24,1.54907361,29.410687,7.91271467e-04
34,24,1.57944761,29.193485,5.30044142e-04
35,24,1.60982162,28.902836,9.36245479e-04
36,24,1.64019563,28.506547,1.31396977e-03
37,24,1.67056963,28.052925,1.12487704e-03
38,24,1.70094364,27.585367,8.77987708e-04
39,24,1.73131764,27.187755,1.85669956e-05
40,24,1.73131764,27.187755,1.85645915e-05
41,24,1.75279515,27.194277,7.13000205e-04
42,24,1.77427297,27.251582,7.76116780e-04
43,24,1.79575048,27.321718,8.22469137e-04
44,24,1.81722830,27.398215,8.72443152e-04
45,24,1.83870581,27.480000,9.28673731e-04
46,24,1.86018364,27.566510,9.92593830e-04
47,24,1.88166114,27.657198,1.06533507e-03
48,24,1.90313897,27.751504,1.14840735e-03
49,24,1.92461647,27.848299,1.24188683e-03
50,24,1.94609430,27.948349,1.34665385e-03
51,24,1.96757180,28.046753,1.46513869e-03
52,24,1.98904963,28.143582,1.59775472e-03
53,24,2.01052713,28.236651,1.74512136e-03
54,24,2.03200496,28.323752,1.90811240e-03
55,24,2.05348246,28.401877,2.08547139e-03
56,24,2.07496029,28.468742,2.27385942e-03
57,24,2.09643779,28.519072,2.46678275e-03
58,24,2.11791562,28.550746,2.65443442e-03
59,24,2.13939312,28.561970,2.82496535e-03
60,24,2.13939312,28.561970,2.82496577e-03
61,24,2.20382612,27.375306,3.09715516e-03
62,24,2.26825912,26.931171,1.66770131e-04
63,24,2.33269211,27.566799,2.98566401e-04
64,24,2.39712495,27.716405,3.82888462e-04
65,24,2.46155794,27.599945,3.85215931e-04
66,24,2.52599094,27.446804,3.96360812e-04
67,24,2.59042394,27.306253,4.19944844e-04
68,24,2.65485693,28.290491,1.15440268e-04
69,24,2.71928993,29.343464,2.85922675e-05
70,24,2.78372276,29.933308,3.82931474e-05
71,24,2.84815576,30.294030,1.31276707e-03
72,24,2.91258876,30.437136,4.71221235e-03
73,24,2.97702175,30.366711,1.31768755e-03
74,24,3.04145475,30.944938,2.47719249e-02
75,24,3.10588775,30.285539,2.69006952e-02
76,24,3.17032058,29.716686,2.88512578e-02
77,24,3.23475363,29.266051,3.05814981e-02
78,24,3.29918661,28.971073,3.18615592e-02
79,24,3.36361957,28.862843,1.41550143e-02
80,24,3.36361957,28.862843,2.46257344e-02
81,24,3.41622887,28.996058,4.87187698e-03
82,24,3.46883817,29.358471,1.13710413e-02
83,24,3.52144747,29.896097,4.81364041e-02
84,24,3.57405686,30.542130,1.30334596e-02
85,24,3.62666598,31.242488,2.27150639e-02
86,24,3.67927530,31.093611,2.01739641e-05
87,24,3.73188462,30.265120,3.04138228e-05
88,24,3.78449394,29.495746,5.57252855e-05
89,24,3.83710326,29.508301,3.93400126e-10
90,24,3.88971258,29.646337,4.78922205e-10
91,24,3.94232191,29.792050,5.68295795e-10
92,24,3.99493123,29.446258,9.90974712e-05
93,24,4.04754055,28.710297,8.97325452e-06
94,24,4.10014987,28.078537,1.32756454e-04
95,24,4.15275899,27.601533,1.00485041e-03
96,24,4.20536831,27.315426,7.55472264e-04
97,24,4.25797763,27.181962,4.17147860e-05
98,24,4.31058696,27.129888,6.57524594e-06
99,24,4.36319628,27.115447,9.50425938e-06
0,25,0.00000000,28.862843,8.24899106e-12
1,25,0.06074799,29.038018,3.10004478e-02
2,25,0.12149598,29.488888,2.79314907e-02
3,25,0.18224397,30.114103,2.44086952e-02
4,25,0.24299205,30.829552,2.08904340e-02
5,25,0.30373983,31.583733,1.74093619e-02
6,25,0.36448784,31.983872,3.69772548e-03
7,25,0.42523585,31.219780,3.74424676e-03
8,25,0.48598386,30.430381,3.69979555e-03
9,25,0.54673188,29.660967,3.51737826e-03
10,25,0.60747989,28.956807,3.13887847e-03
11,25,0.66822790,28.466331,9.53314470e-03
12,25,0.72897591,28.428536,1.27588476e-02
13,25,0.78972392,28.520940,1.45033971e-02
14,25,0.85047193,28.652034,1.56306605e-02
15,25,0.91121971,28.796354,1.69203808e-05
16,25,0.97196773,28.931455,7.49257118e-06
17,25,1.03271574,29.038756,6.20278882e-06
18,25,1.09346375,29.111063,1.37893915e-06
19,25,1.15421176,29.136372,3.49375806e-06
20,25,1.15421176,29.136372,1.95084388e-06
21,25,1.18458576,29.162416,2.25461399e-04
22,25,1.21495976,29.236950,7.99914671e-04
23,25,1.24533376,29.350410,1.36849654e-03
24,25,1.27570776,29.489349,1.88619367e-03
25,25,1.30608176,29.638639,2.29087913e-03
26,25,1.33645576,29.781450,1.87781370e-03
27,25,1.36682976,29.895117,4.14093700e-03
28,25,1.39720381,29.962737,3.53586063e-03
29,25,1.42757781,29.964432,1.89082073e-03
30,25,1.45795159,29.894462,7.09775498e-04
31,25,1.48832560,29.766048,1.83498240e-04
32,25,1.51869960,29.599505,8.52917413e-05
33,25,1.54907361,29.410687,2.51906146e-04
34,25,1.57944761,29.193485,6.11428804e-04
35,25,1.60982162,28.902836,4.31542163e-04
36,25,1.64019563,28.506547,5.20955620e-05
37,25,1.67056963,28.052925,1.00854240e-04
38,25,1.70094364,27.585367,1.81123489e-04
39,25,1.73131764,27.187755,5.07441425e-04
40,25,1.73131764,27.187755,5.07443753e-04
41,25,1.75279515,27.524002,4.22953864e-04
42,25,1.77427297,27.928547,6.74229104e-04
43,25,1.79575048,28.321513,9.46041463e-04
44,25,1.81722830,28.530189,7.23471559e-04
45,25,1.83870581,28.495874,4.80312517e-04
46,25,1.86018364,28.442060,4.42930921e-04
47,25,1.88166114,28.394493,4.46036363e-04
48,25,1.90313897,28.358390,4.64113302e-04
49,25,1.92461647,28.334094,4.91880551e-04
50,25,1.94609430,28.324166,5.27206531e-04
51,25,1.96757180,28.330203,5.65587077e-04
52,25,1.98904963,28.353989,6.06803553e-04
53,25,2.01052713,28.397191,6.49521098e-04
54,25,2.03200496,28.461600,6.91388783e-04
55,25,2.05348246,28.548423,7.31170915e-04
56,25,2.07496029,28.663635,7.69359811e-04
57,25,2.09643779,28.797085,8.07153431e-04
58,25,2.11791562,28.950793,8.63784524e-04
59,25,2.13939312,29.086369,8.67414150e-04
60,25,2.13939312,29.086369,8.67414958e-04
61,25,2.20382612,28.815053,1.41524203e-04
62,25,2.26825912,28.547008,1.45412966e-04
63,25,2.33269211,27.855770,8.66750559e-05
64,25,2.39712495,28.017786,3.67707752e-04
65,25,2.46155794,28.854504,3.69221536e-04
66,25,2.52599094,28.915760,1.79427078e-03
67,25,2.59042394,28.998441,1.56566916e-03
68,25,2.65485693,29.193820,1.02378765e-03
69,25,2.71928993,29.523370,3.04440924e-04
70,25,2.78372276,30.420690,1.11536307e-05
71,25,2.84815576,30.790386,8.21351169e-05
72,25,2.91258876,31.223279,9.05996702e-04
73,25,2.97702175,31.656134,2.21226349e-02
74,25,3.04145475,31.337131,1.35872856e-03
75,25,3.10588775,31.582464,9.76520922e-03
76,25,3.17032058,30.603558,1.21936095e-02
77,25,3.23475363,29.735297,1.42341962e-02
78,25,3.29918661,29.104092,1.56716344e-02
79,25,3.36361957,28.862843,4.62470483e-12
80,25,3.36361957,28.862843,9.84215707e-11
81,25,3.41622887,28.996058,5.93087022e-02
82,25,3.46883817,29.358471,5.07928900e-02
83,25,3.52144747,29.896097,1.00653742e-02
84,25,3.57405686,30.542130,3.94330692e-02
85,25,3.62666598,31.242488,2.26258562e-02
86,25,3.67927530,31.900709,5.62578862e-04
87,25,3.73188462,32.376224,6.97456086e-03
88,25,3.78449394,32.354343,4.27742345e-03
89,25,3.83710326,31.804075,1.92061620e-05
90,25,3.88971258,31.048898,5.76913200e-05
91,25,3.94232191,30.241970,5.79720851e-07
92,25,3.99493123,29.446258,1.66987352e-04
93,25,4.04754055,29.489367,7.49146861e-05
94,25,4.10014987,29.445315,5.31927760e-05
95,25,4.15275899,29.234076,3.29121557e-05
96,25,4.20536831,28.867004,1.79633222e-05
97,25,4.25797763,28.402247,9.25328315e-06
98,25,4.31058696,27.963766,5.10988759e-06
99,25,4.36319628,27.765535,3.90966290e-06
0,26,0.00000000,34.511773,1.80338217e-02
1,26,0.06074799,34.458467,3.37296427e-03
2,26,0.12149598,34.194862,1.07238881e-02
3,26,0.18224397,33.774737,2.52377995e-03
4,26,0.24299205,33.223151,7.31387161e-04
5,26,0.30373983,32.568430,6.27193253e-04
6,26,0.36448784,32.004451,4.90259001e-03
7,26,0.42523585,32.592182,1.03708150e-03
8,26,0.48598386,31.510244,8.57216480e-04
9,26,0.54673188,30.434592,6.90647197e-04
10,26,0.60747989,29.375039,5.36436459e-04
11,26,0.66822790,28.466331,1.91787708e-04
12,26,0.72897591,28.428536,4.52232451e-06
13,26,0.78972392,28.520940,1.83407216e-05
14,26,0.85047193,28.652034,2.37857231e-05
15,26,0.91121971,29.336263,1.49042274e-04
16,26,0.97196773,30.476652,2.06824497e-04
17,26,1.03271574,31.639578,2.52155402e-04
18,26,1.09346375,32.774841,2.75868884e-04
19,26,1.15421176,33.718480,1.02681417e-05
20,26,1.15421176,33.718480,2.01288350e-05
21,26,1.18458576,33.482166,1.37328325e-04
22,26,1.21495976,33.206008,7.91509597e-04
23,26,1.24533376,32.927413,3.88067587e-03
24,26,1.27570776,32.652498,4.06163853e-03
25,26,1.30608176,32.389063,4.36524390e-03
26,26,1.33645576,32.147210,4.84711937e-03
27,26,1.36682976,31.939772,5.45974519e-03
28,26,1.39720381,31.785389,6.01583534e-03
29,26,1.42757781,31.693960,5.63812699e-03
30,26,1.45795159,31.610463,4.66463909e-04
31,26,1.48832560,31.229248,1.07532876e-03
32,26,1.51869960,30.742621,1.08481100e-03
33,26,1.54907361,30.257652,8.35411042e-04
34,26,1.57944761,29.806466,4.25213644e-04
35,26,1.60982162,29.441301,2.41416145e-05
36,26,1.64019563,29.213696,1.11300554e-04
37,26,1.67056963,29.080602,1.53475320e-04
38,26,1.70094364,29.007643,1.06119664e-04
39,26,1.73131764,28.983956,9.39424034e-05
40,26,1.73131764,28.983956,9.39979644e-05
41,26,1.75279515,28.878086,1.91165307e-04
42,26,1.77427297,28.784048,1.66600245e-04
43,26,1.79575048,28.717795,9.15913952e-05
44,26,1.81722830,28.849012,4.73753390e-04
45,26,1.83870581,29.235294,9.41968293e-04
46,26,1.86018364,29.652323,1.21861954e-03
47,26,1.88166114,30.072605,1.48776983e-03
48,26,1.90313897,30.455125,2.80540097e-04
49,26,1.92461647,30.640356,4.78166004e-04
50,26,1.94609430,30.781739,7.96862710e-04
51,26,1.96757180,30.863676,1.16662994e-03
52,26,1.98904963,30.692553,8.73717132e-04
53,26,2.01052713,30.463305,6.92603431e-04
54,26,2.03200496,30.229615,5.61170337e-04
55,26,2.05348246,29.995671,4.53978158e-04
56,26,2.07496029,29.766921,3.56958496e-04
57,26,2.09643779,29.545612,2.64837706e-04
58,26,2.11791562,29.338089,1.56091866e-04
59,26,2.13939312,29.185799,1.11635571e-04
60,26,2.13939312,29.185799,1.11635540e-04
61,26,2.20382612,29.054437,1.09214163e-03
62,26,2.26825912,28.899742,5.54001059e-06
63,26,2.33269211,28.471490,6.79042187e-05
64,26,2.39712495,28.920721,1.29974390e-05
65,26,2.46155794,28.905683,1.79657240e-03
66,26,2.52599094,29.667882,3.68637177e-04
67,26,2.59042394,30.413969,3.91216466e-04
68,26,2.65485693,30.972555,4.81691374e-04
69,26,2.71928993,31.089831,5.51963926e-04
70,26,2.78372276,30.845718,2.76391924e-04
71,26,2.84815576,31.506866,1.79215941e-05
72,26,2.91258876,32.290367,1.14099909e-02
73,26,2.97702175,31.860454,1.67076953e-03
74,26,3.04145475,32.512197,7.48176969e-03
75,26,3.10588775,32.267749,1.67957470e-03
76,26,3.17032058,33.120756,1.61142308e-03
77,26,3.23475363,33.845097,1.62842879e-03
78,26,3.29918661,34.358796,1.66097677e-03
79,26,3.36361957,34.511773,3.44947678e-03
80,26,3.36361957,34.511773,6.34453426e-03
81,26,3.41622887,34.401500,1.19258437e-06
82,26,3.46883817,33.992336,3.88284672e-06
83,26,3.52144747,33.401549,7.01175061e-06
84,26,3.57405686,32.693703,1.03858062e-05
85,26,3.62666598,31.913848,1.44620088e-05
86,26,3.67927530,31.900709,3.63866278e-02
87,26,3.73188462,32.376224,1.99866645e-02
88,26,3.78449394,32.354343,8.75553962e-03
89,26,3.83710326,31.804075,3.48447178e-03
90,26,3.88971258,31.048898,4.44025555e-04
91,26,3.94232191,30.241970,3.80849202e-06
92,26,3.99493123,29.942367,6.66725660e-10
93,26,4.04754055,30.093334,7.65166798e-10
94,26,4.10014987,30.244057,8.66866301e-10
95,26,4.15275899,30.379970,9.64181084e-10
96,26,4.20536831,30.498004,1.05436587e-09
97,26,4.25797763,30.590270,1.12553497e-09
98,26,4.31058696,30.649333,1.17271233e-09
99,26,4.36319628,30.669515,1.19079052e-09
0,27,0.00000000,34.511773,2.13835274e-03
1,27,0.06074799,34.460322,9.88773973e-03
2,27,0.12149598,34.194862,4.91874463e-03
3,27,0.18224397,33.774737,1.16705548e-02
4,27,0.24299205,33.223151,1.14932225e-02
5,27,0.30373983,32.568430,8.64176933e-03
6,27,0.36448784,32.004451,2.24815162e-03
7,27,0.42523585,32.777105,5.38741329e-03
8,27,0.48598386,33.668907,7.15040378e-03
9,27,0.54673188,34.182476,4.30366494e-03
10,27,0.60747989,34.576303,2.16794876e-03
11,27,0.66822790,34.579116,1.73103859e-04
12,27,0.72897591,34.579021,1.74340174e-04
13,27,0.78972392,34.643305,1.72925825e-04
14,27,0.85047193,34.723939,6.81843432e-03
15,27,0.91121971,34.390600,4.52516832e-03
16,27,0.97196773,34.109945,8.31951361e-04
17,27,1.03271574,33.897408,5.10393826e-04
18,27,1.09346375,33.764042,2.15558188e-04
19,27,1.15421176,33.718480,6.70849080e-03
20,27,1.15421176,33.718480,6.69862514e-03
21,27,1.18458576,33.482166,3.88320753e-03
22,27,1.21495976,33.206008,3.06051632e-03
23,27,1.24533376,32.927413,5.54995813e-05
24,27,1.27570776,32.652498,1.28560888e-04
25,27,1.30608176,32.389063,2.72329705e-04
26,27,1.33645576,32.147210,4.78863950e-04
27,27,1.36682976,31.939772,8.32346177e-04
28,27,1.39720381,31.785389,1.38261044e-03
29,27,1.42757781,31.693960,2.42058196e-03
30,27,1.45795159,31.610463,4.22925044e-03
31,27,1.48832560,31.229248,1.53281121e-04
32,27,1.51869960,30.742621,3.02152119e-05
33,27,1.54907361,30.257652,1.10473479e-04
34,27,1.57944761,29.806466,2.19404794e-04
35,27,1.60982162,29.441301,2.76185700e-04
36,27,1.64019563,29.213696,9.60414965e-05
37,27,1.67056963,29.080602,8.84243459e-05
38,27,1.70094364,29.007643,1.69612872e-04
39,27,1.73131764,28.983956,1.96157210e-04
40,27,1.73131764,28.983956,1.96102039e-04
41,27,1.75279515,29.107996,7.93723154e-05
42,27,1.77427297,29.256555,7.47858142e-05
43,27,1.79575048,29.426621,7.53348486e-05
44,27,1.81722830,29.614860,8.15774752e-05
45,27,1.83870581,29.817575,9.56157546e-05
46,27,1.86018364,30.030051,1.22924429e-04
47,27,1.88166114,30.245574,1.75983424e-04
48,27,1.90313897,30.488355,1.81195267e-03
49,27,1.92461647,30.865333,2.24843959e-03
50,27,1.94609430,31.031888,1.97716492e-03
51,27,1.96757180,30.900793,1.19807781e-03
52,27,1.98904963,30.888122,1.44504058e-03
53,27,2.01052713,30.872018,1.56300948e-03
54,27,2.03200496,30.832960,1.54599027e-03
55,27,2.05348246,30.785112,1.43876284e-03
56,27,2.07496029,30.739356,1.27620405e-03
57,27,2.09643779,30.700471,1.08988726e-03
58,27,2.11791562,30.674952,9.00245349e-04
59,27,2.13939312,30.666272,7.27027010e-04
60,27,2.13939312,30.666272,7.27025848e-04
61,27,2.20382612,29.872566,8.36484695e-05
62,27,2.26825912,29.017302,1.31353678e-03
63,27,2.33269211,28.974984,1.51710946e-03
64,27,2.39712495,28.931165,1.68563227e-03
65,27,2.46155794,29.678888,2.94316178e-05
66,27,2.52599094,30.482209,3.04257798e-05
67,27,2.59042394,31.274662,1.89662718e-05
68,27,2.65485693,32.031174,6.68220556e-06
69,27,2.71928993,32.713333,2.60998966e-05
70,27,2.78372276,33.274220,1.78217313e-04
71,27,2.84815576,33.286959,1.90264310e-02
72,27,2.91258876,32.821679,1.05713509e-02
73,27,2.97702175,33.263482,4.69711457e-03
74,27,3.04145475,32.521286,2.20589539e-03
75,27,3.10588775,33.152416,2.62149367e-03
76,27,3.17032058,33.709250,2.94094623e-03
77,27,3.23475363,34.152758,3.17544349e-03
78,27,3.29918661,34.443120,3.32214032e-03
79,27,3.36361957,34.511773,1.65382188e-02
80,27,3.36361957,34.511773,1.34233050e-02
81,27,3.41622887,34.524829,1.83177553e-02
82,27,3.46883817,34.444721,1.57129105e-02
83,27,3.52144747,34.317124,1.14988343e-02
84,27,3.57405686,34.147650,5.58960264e-03
85,27,3.62666598,33.943632,7.51242779e-03
86,27,3.67927530,33.715177,7.33729730e-03
87,27,3.73188462,33.503080,3.81275649e-03
88,27,3.78449394,33.412873,3.20909443e-03
89,27,3.83710326,33.235522,5.30433256e-03
90,27,3.88971258,32.979007,1.30144270e-02
91,27,3.94232191,32.738187,1.36846279e-02
92,27,3.99493123,32.525081,2.79825434e-03
93,27,4.04754055,32.344407,5.45164697e-03
94,27,4.10014987,32.195695,3.22334873e-03
95,27,4.15275899,32.079845,5.28978082e-03
96,27,4.20536831,32.004916,8.38753244e-03
97,27,4.25797763,31.957067,3.50821095e-03
98,27,4.31058696,31.935305,4.13414196e-03
99,27,4.36319628,31.928747,7.98202956e-03
0,28,0.00000000,34.511773,2.44832375e-05
1,28,0.06074799,34.460322,6.67525617e-03
2,28,0.12149598,34.198104,3.35714629e-03
3,28,0.18224397,33.803314,3.38873390e-03
4,28,0.24299205,33.295155,3.47665169e-03
5,28,0.30373983,32.684738,3.59340724e-03
6,28,0.36448784,32.325538,1.39164876e-02
7,28,0.42523585,32.777105,1.55404854e-02
8,28,0.48598386,33.695163,6.61903839e-03
9,28,0.54673188,34.612575,3.30489679e-03
10,28,0.60747989,34.650706,1.69739193e-04
11,28,0.66822790,34.856237,8.30523274e-04
12,28,0.72897591,35.042882,1.76162601e-04
13,28,0.78972392,35.105654,1.01618410e-02
14,28,0.85047193,34.723939,2.61718060e-03
15,28,0.91121971,34.390600,4.15915039e-03
16,28,0.97196773,34.109945,7.11983209e-03
17,28,1.03271574,33.897408,6.80818292e-03
18,28,1.09346375,33.764042,6.66244617e-03
19,28,1.15421176,33.792977,1.74130091e-04
20,28,1.15421176,33.792977,1.73369447e-04
21,28,1.18458576,34.018990,1.02621874e-03
22,28,1.21495976,34.264924,1.21783998e-03
23,28,1.24533376,34.495166,1.80375922e-03
24,28,1.27570776,34.547114,3.48722955e-03
25,28,1.30608176,34.170726,3.07433487e-03
26,28,1.33645576,33.735839,2.82462246e-03
27,28,1.36682976,33.272462,2.56428138e-03
28,28,1.39720381,32.786991,2.36668648e-03
29,28,1.42757781,32.303053,2.19632091e-03
30,28,1.45795159,31.878186,4.50380423e-03
31,28,1.48832560,31.806267,9.04176381e-03
32,28,1.51869960,31.875952,8.08314131e-03
33,28,1.54907361,31.972568,7.07936393e-03
34,28,1.57944761,32.073371,6.34068169e-03
35,28,1.60982162,32.166291,5.24671288e-03
36,28,1.64019563,32.245126,4.87407575e-03
37,28,1.67056963,32.305028,4.06824237e-03
38,28,1.70094364,32.351586,4.42273885e-03
39,28,1.73131764,32.373828,1.12201559e-03
40,28,1.73131764,32.373828,3.75939731e-03
41,28,1.75279515,32.329042,6.66983964e-03
42,28,1.77427297,32.269182,6.36767534e-03
43,28,1.79575048,32.214922,6.06229905e-03
44,28,1.81722830,32.159778,5.74987400e-03
45,28,1.83870581,32.104051,5.43215432e-03
46,28,1.86018364,31.986948,7.81898394e-04
47,28,1.88166114,31.831377,6.30114700e-04
48,28,1.90313897,31.665530,4.16546073e-04
49,28,1.92461647,31.519815,8.97807344e-05
50,28,1.94609430,31.568741,4.61760718e-04
51,28,1.96757180,31.903940,1.36984345e-03
52,28,1.98904963,32.304351,1.84079141e-03
53,28,2.01052713,32.605453,1.70147064e-03
54,28,2.03200496,32.883209,1.50448217e-03
55,28,2.05348246,33.181535,1.42936009e-03
56,28,2.07496029,33.495461,1.48930539e-03
57,28,2.09643779,33.807049,1.74801576e-03
58,28,2.11791562,34.101581,2.60507778e-03
59,28,2.13939312,34.276019,5.37100961e-03
60,28,2.13939312,34.276019,5.37100570e-03
61,28,2.20382612,34.238794,4.41088152e-03
62,28,2.26825912,34.101032,4.66245184e-03
63,28,2.33269211,33.991910,4.94727843e-03
64,28,2.39712495,33.913977,5.18838093e-03
65,28,2.46155794,33.883303,5.40167210e-03
66,28,2.52599094,33.882325,5.46332704e-03
67,28,2.59042394,33.452410,2.13777595e-04
68,28,2.65485693,33.113562,2.30769564e-04
69,28,2.71928993,33.196963,1.30433836e-04
70,28,2.78372276,33.709205,8.75386438e-05
71,28,2.84815576,33.638981,7.40262456e-04
72,28,2.91258876,33.667590,2.21619542e-03
73,28,2.97702175,33.794802,2.72596857e-03
74,28,3.04145475,34.257888,6.73354250e-03
75,28,3.10588775,34.377060,1.02563816e-02
76,28,3.17032058,34.457441,1.26425141e-02
77,28,3.23475363,34.509254,1.41295349e-02
78,28,3.29918661,34.538801,1.49460520e-02
79,28,3.36361957,34.511773,2.08972513e-04
80,28,3.36361957,34.511773,4.28877353e-04
81,28,3.41622887,34.524829,1.78211929e-03
82,28,3.46883817,34.444721,3.85762113e-03
83,28,3.52144747,34.317124,7.13531809e-03
84,28,3.57405686,34.147650,1.15745619e-02
85,28,3.62666598,33.943633,7.30889913e-03
86,28,3.67927530,33.715177,3.65644381e-03
87,28,3.73188462,33.503080,1.35476390e-03
88,28,3.78449394,33.412873,3.02401303e-04
89,28,3.83710326,33.235522,4.98048464e-03
90,28,3.88971258,32.979007,7.06127394e-04
91,28,3.94232191,32.738187,6.16139838e-04
92,28,3.99493123,32.525081,1.12172599e-02
93,28,4.04754055,32.344408,8.08545844e-03
94,28,4.10014987,32.195695,9.91542125e-03
95,28,4.15275899,32.079845,7.62652681e-03
96,28,4.20536831,32.004916,4.53906731e-03
97,28,4.25797763,31.957067,9.72636493e-03
98,28,4.31058696,31.935305,9.55615772e-03
99,28,4.36319628,31.928747,5.95057181e-03
0,29,0.00000000,37.687382,5.62532269e-05
1,29,0.06074799,37.755726,6.22658379e-05
2,29,0.12149598,37.521813,2.25322668e-03
3,29,0.18224397,36.703250,1.95459514e-03
4,29,0.24299205,35.753144,1.68448008e-03
5,29,0.30373983,34.730768,1.44585796e-03
6,29,0.36448784,33.670225,1.23206080e-03
7,29,0.42523585,33.023397,1.04463681e-02
8,29,0.48598386,33.695163,1.33209750e-02
9,29,0.54673188,34.612575,1.51709020e-02
10,29,0.60747989,35.486501,4.56347311e-03
11,29,0.66822790,35.868751,1.37561395e-02
12,29,0.72897591,35.516184,7.44492623e-03
13,29,0.78972392,35.105654,8.80537832e-05
14,29,0.85047193,34.744721,1.68498092e-04
15,29,0.91121971,34.861266,1.63669598e-04
16,29,0.97196773,34.942586,1.63259772e-04
17,29,1.03271574,34.887789,1.78310631e-04
18,29,1.09346375,34.537368,2.20988692e-04
19,29,1.15421176,33.792977,3.57927417e-04
20,29,1.15421176,33.792977,3.58684749e-04
21,29,1.18458576,34.018990,2.32915323e-03
22,29,1.21495976,34.264924,2.61178088e-03
23,29,1.24533376,34.495166,2.66417354e-03
24,29,1.27570776,34.547114,1.56201777e-03
25,29,1.30608176,34.170726,5.79401764e-04
26,29,1.33645576,33.735839,4.43966648e-04
27,29,1.36682976,33.272462,5.03138857e-04
28,29,1.39720381,32.786991,6.56671283e-04
29,29,1.42757781,32.303053,1.23376452e-03
30,29,1.45795159,31.878186,2.99952410e-03
31,29,1.48832560,31.806267,1.90628348e-03
32,29,1.51869960,31.875952,2.53820469e-03
33,29,1.54907361,31.972568,3.03004809e-03
34,29,1.57944761,32.073371,3.23927526e-03
35,29,1.60982162,32.166291,3.85373177e-03
36,29,1.64019563,32.245126,3.83141601e-03
37,29,1.67056963,32.305028,4.34590898e-03
38,29,1.70094364,32.351586,3.81105172e-03
39,29,1.73131764,32.373828,7.03404274e-03
40,29,1.73131764,32.373828,4.39665430e-03
41,29,1.75279515,32.387599,1.16896642e-03
42,29,1.77427297,32.366121,1.13780401e-03
43,29,1.79575048,32.315694,1.08019122e-03
44,29,1.81722830,32.233616,1.00152207e-03
45,29,1.83870581,32.122723,9.02642190e-04
46,29,1.86018364,32.050987,5.10263509e-03
47,29,1.88166114,32.006061,4.74758341e-03
48,29,1.90313897,31.979058,4.34080404e-03
49,29,1.92461647,31.984284,3.83915211e-03
50,29,1.94609430,32.041533,3.22462676e-03
51,29,1.96757180,32.168170,2.58044545e-03
52,29,1.98904963,32.361644,2.05274017e-03
53,29,2.01052713,32.708941,2.19342531e-03
54,29,2.03200496,33.108819,2.51924868e-03
55,29,2.05348246,33.490717,2.85718132e-03
56,29,2.07496029,33.844575,3.22923038e-03
57,29,2.09643779,34.139148,3.62693361e-03
58,29,2.11791562,34.343976,3.99832384e-03
59,29,2.13939312,34.419050,4.21179281e-03
60,29,2.13939312,34.419050,4.21180717e-03
61,29,2.20382612,34.454535,5.08873212e-03
62,29,2.26825912,34.657328,4.69724358e-03
63,29,2.33269211,34.702877,3.40280329e-04
64,29,2.39712495,34.606711,8.88719804e-05
65,29,2.46155794,34.337596,2.18717593e-05
66,29,2.52599094,33.920748,1.02002833e-04
67,29,2.59042394,33.899380,5.10662019e-03
68,29,2.65485693,33.929344,4.09144257e-03
69,29,2.71928993,33.939668,2.19228210e-03
70,29,2.78372276,33.898920,4.08066483e-04
71,29,2.84815576,33.860923,5.57689603e-05
72,29,2.91258876,33.928581,3.18439363e-04
73,29,2.97702175,34.098997,2.64041015e-03
74,29,3.04145475,34.866468,2.95246039e-03
75,29,3.10588775,35.892243,3.82155958e-03
76,29,3.17032058,36.823312,5.01069887e-03
77,29,3.23475363,37.598256,6.33784522e-03
78,29,3.29918661,37.762244,6.05649545e-05
79,29,3.36361957,37.687382,5.62656172e-05
80,29,3.36361957,37.687382,5.62745070e-05
81,29,3.41622887,37.738415,5.59716714e-05
82,29,3.46883817,37.863728,5.57846888e-05
83,29,3.52144747,37.509347,1.01951050e-03
84,29,3.57405686,36.912894,2.76091994e-04
85,29,3.62666598,36.194556,2.96876528e-06
86,29,3.67927530,35.419730,2.90652148e-04
87,29,3.73188462,34.690716,4.94570638e-03
88,29,3.78449394,34.194303,7.12359359e-03
89,29,3.83710326,34.072792,3.10261200e-03
90,29,3.88971258,34.019882,1.96795239e-05
91,29,3.94232191,33.875856,2.04775039e-05
92,29,3.99493123,33.666079,5.68303664e-05
93,29,4.04754055,33.425778,4.72799216e-05
94,29,4.10014987,33.190857,4.10126468e-04
95,29,4.15275899,32.967394,7.86895564e-05
96,29,4.20536831,32.773799,1.14469042e-04
97,29,4.25797763,32.617263,4.30979495e-04
98,29,4.31058696,32.513765,5.32320126e-04
99,29,4.36319628,32.473527,1.17058605e-04
0,30,0.00000000,38.292740,9.28479164e-03
1,30,0.06074799,38.108767,2.53337906e-03
2,30,0.12149598,37.908492,4.50493963e-05
3,30,0.18224397,37.837468,8.27731769e-05
4,30,0.24299205,37.212410,2.64182413e-04
5,30,0.30373983,36.516808,2.71810724e-04
6,30,0.36448784,35.910319,2.29503618e-04
7,30,0.42523585,35.428184,1.92062725e-04
8,30,0.48598386,35.065020,1.72732107e-04
9,30,0.54673188,34.809610,1.67697683e-04
10,30,0.60747989,35.486501,1.30993957e-02
11,30,0.66822790,35.868751,9.47420715e-04
12,30,0.72897591,35.516184,3.92894320e-03
13,30,0.78972392,35.169561,7.44639294e-08
14,30,0.85047193,35.244066,1.17122397e-04
15,30,0.91121971,35.298717,3.96119503e-04
16,30,0.97196773,35.334876,7.57109129e-04
17,30,1.03271574,35.368700,1.15496463e-03
18,30,1.09346375,35.406918,1.56485291e-03
19,30,1.15421176,35.454259,3.94002966e-03
20,30,1.15421176,35.454259,3.93432066e-03
21,30,1.18458576,35.391111,3.84118024e-03
22,30,1.21495976,35.211567,3.54785398e-03
23,30,1.24533376,34.943695,2.94658768e-03
24,30,1.27570776,34.765584,2.89341533e-07
25,30,1.30608176,34.953206,2.16037507e-03
26,30,1.33645576,35.154457,2.79399474e-03
27,30,1.36682976,35.354784,3.08223894e-03
28,30,1.39720381,35.551699,3.36143087e-03
29,30,1.42757781,35.749261,3.41913695e-03
30,30,1.45795159,35.949680,3.66835087e-03
31,30,1.48832560,36.147257,3.47330293e-03
32,30,1.51869960,36.336386,4.71606001e-03
33,30,1.54907361,36.492133,4.06479154e-03
34,30,1.57944761,36.549464,2.11238757e-03
35,30,1.60982162,36.499752,8.99339531e-04
36,30,1.64019563,36.427596,5.22529528e-04
37,30,1.67056963,36.366748,4.18783775e-04
38,30,1.70094364,36.329032,3.63374544e-04
39,30,1.73131764,36.318339,3.20213661e-04
40,30,1.73131764,36.318339,3.44832193e-04
41,30,1.75279515,36.184536,4.72679121e-06
42,30,1.77427297,36.041345,9.77169203e-06
43,30,1.79575048,35.896575,5.30078986e-05
44,30,1.81722830,35.753623,1.22644128e-04
45,30,1.83870581,35.614671,2.10542562e-04
46,30,1.86018364,35.481949,3.10932977e-04
47,30,1.88166114,35.357068,4.19516901e-04
48,30,1.90313897,35.241337,5.32477946e-04
49,30,1.92461647,35.135144,6.46873350e-04
50,30,1.94609430,35.038427,7.58119829e-04
51,30,1.96757180,34.952821,8.64110944e-04
52,30,1.98904963,34.877673,9.59257344e-04
53,30,2.01052713,34.812913,1.03652338e-03
54,30,2.03200496,34.758204,1.08650759e-03
55,30,2.05348246,34.713149,1.08970559e-03
56,30,2.07496029,34.677305,1.00327008e-03
57,30,2.09643779,34.647096,7.48257874e-04
58,30,2.11791562,34.611459,2.47138377e-04
59,30,2.13939312,34.561549,4.10687832e-04
60,30,2.13939312,34.561549,4.10687291e-04
61,30,2.20382612,34.590781,1.03860318e-03
62,30,2.26825912,34.667416,7.09224550e-04
63,30,2.33269211,34.880947,4.15769614e-03
64,30,2.39712495,35.116912,3.37510487e-03
65,30,2.46155794,35.359313,2.29840664e-03
66,30,2.52599094,35.572776,8.67097093e-04
67,30,2.59042394,35.662912,5.53575671e-05
68,30,2.65485693,35.431311,3.88066797e-03
69,30,2.71928993,34.837499,1.05033830e-02
70,30,2.78372276,34.069882,1.54231685e-02
71,30,2.84815576,34.381574,1.07243049e-04
72,30,2.91258876,35.087384,1.83457040e-04
73,30,2.97702175,35.727128,2.39094251e-02
74,30,3.04145475,36.435608,1.72341443e-02
75,30,3.10588775,37.044321,9.80197519e-04
76,30,3.17032058,37.566135,1.47879123e-03
77,30,3.23475363,37.933476,5.90754510e-05
78,30,3.29918661,38.133658,7.49300627e-03
79,30,3.36361957,38.292740,4.92731635e-03
80,30,3.36361957,38.292740,9.51692248e-03
81,30,3.41622887,38.233394,1.23383291e-03
82,30,3.46883817,37.953650,4.65768188e-03
83,30,3.52144747,37.509347,3.39579925e-03
84,30,3.57405686,36.912895,9.51241188e-04
85,30,3.62666598,36.194557,1.44128223e-06
86,30,3.67927530,35.419730,1.30162695e-03
87,30,3.73188462,34.690716,1.32061279e-03
88,30,3.78449394,34.194303,3.43314550e-03
89,30,3.83710326,34.072792,1.70645118e-03
90,30,3.88971258,34.019882,6.65588816e-04
91,30,3.94232191,33.875856,8.32379933e-05
92,30,3.99493123,33.666079,6.17455120e-04
93,30,4.04754055,33.425778,1.25682625e-03
94,30,4.10014987,33.190857,1.31568292e-03
95,30,4.15275899,32.967394,1.73941008e-03
96,30,4.20536831,32.773799,1.52255585e-03
97,30,4.25797763,32.617263,7.06946265e-04
98,30,4.31058696,32.513765,9.61021796e-06
99,30,4.36319628,32.473527,1.27934251e-04
0,31,0.00000000,38.292740,1.42284649e-03
1,31,0.06074799,38.297954,7.93294653e-03
2,31,0.12149598,38.203820,7.76203022e-03
3,31,0.18224397,38.059507,7.51089832e-03
4,31,0.24299205,37.877699,7.21139685e-03
5,31,0.30373983,37.671076,6.88792969e-03
6,31,0.36448784,37.450662,6.55597133e-03
7,31,0.42523585,37.225310,6.22250998e-03
8,31,0.48598386,37.001818,5.89151609e-03
9,31,0.54673188,36.785267,5.55950171e-03
10,31,0.60747989,36.579406,5.22852585e-03
11,31,0.66822790,36.387553,4.89601846e-03
12,31,0.72897591,36.210316,4.55921053e-03
13,31,0.78972392,36.049763,4.21738388e-03
14,31,0.85047193,35.906633,3.86829196e-03
15,31,0.91121971,35.782994,3.51377369e-03
16,31,0.97196773,35.679420,3.14557233e-03
17,31,1.03271574,35.588574,2.76577406e-03
18,31,1.09346375,35.514041,2.37492881e-03
19,31,1.15421176,35.454259,7.31323436e-06
20,31,1.15421176,35.454259,1.30291482e-05
21,31,1.18458576,35.391111,9.38355760e-06
22,31,1.21495976,35.211567,1.59247331e-05
23,31,1.24533376,34.943695,3.89172310e-06
24,31,1.27570776,34.765584,2.40603053e-03
25,31,1.30608176,34.953206,1.66426094e-03
26,31,1.33645576,35.154457,1.48754752e-03
27,31,1.36682976,35.354784,1.52832447e-03
28,31,1.39720381,35.551699,1.52710865e-03
29,31,1.42757781,35.749261,1.69749277e-03
30,31,1.45795159,35.949680,1.62778677e-03
31,31,1.48832560,36.147257,1.88235842e-03
32,31,1.51869960,36.336386,4.68137428e-04
33,31,1.54907361,36.492133,2.18993183e-04
34,31,1.57944761,36.549464,5.08441744e-05
35,31,1.60982162,36.499752,2.48604277e-05
36,31,1.64019563,36.427596,2.95553224e-05
37,31,1.67056963,36.366748,8.60298417e-07
38,31,1.70094364,36.329032,1.07776538e-06
39,31,1.73131764,36.318339,3.30756163e-05
40,31,1.73131764,36.318339,8.45486045e-06
41,31,1.75279515,36.447590,1.61119096e-04
42,31,1.77427297,36.579584,7.94024262e-05
43,31,1.79575048,36.698143,4.12239920e-05
44,31,1.81722830,36.781266,3.28223496e-05
45,31,1.83870581,36.808147,4.76323099e-05
46,31,1.86018364,36.781640,8.56497257e-05
47,31,1.88166114,36.721372,1.42973159e-04
48,31,1.90313897,36.645481,2.11718667e-04
49,31,1.92461647,36.564700,2.85466308e-04
50,31,1.94609430,36.484385,3.58547086e-04
51,31,1.96757180,36.410499,4.31045807e-04
52,31,1.98904963,36.343734,5.00590074e-04
53,31,2.01052713,36.284380,5.66487110e-04
54,31,2.03200496,36.115301,6.87718569e-03
55,31,2.05348246,35.834114,6.92173896e-03
56,31,2.07496029,35.540907,6.97012576e-03
57,31,2.09643779,35.244530,7.01758623e-03
58,31,2.11791562,34.976530,6.72238647e-03
59,31,2.13939312,34.849955,3.95187061e-03
60,31,2.13939312,34.849955,3.95184966e-03
61,31,2.20382612,35.135030,2.64104575e-03
62,31,2.26825912,35.513560,2.01650297e-03
63,31,2.33269211,35.916169,1.53630492e-03
64,31,2.39712495,36.340154,1.18025044e-03
65,31,2.46155794,36.764561,2.33293635e-04
66,31,2.52599094,36.887307,1.52393331e-02
67,31,2.59042394,36.320350,1.83906125e-02
68,31,2.65485693,35.792193,2.22172533e-02
69,31,2.71928993,35.355054,2.67562976e-02
70,31,2.78372276,35.092486,3.05439434e-02
71,31,2.84815576,35.064851,3.12921358e-02
72,31,2.91258876,35.269764,2.91618755e-02
73,31,2.97702175,35.782470,3.36955243e-04
74,31,3.04145475,36.439927,5.98543270e-04
75,31,3.10588775,37.316120,1.16370155e-02
76,31,3.17032058,38.107269,8.09939168e-05
77,31,3.23475363,37.974459,2.02947893e-03
78,31,3.29918661,38.237826,2.48754450e-03
79,31,3.36361957,38.292740,5.78045616e-03
80,31,3.36361957,38.292741,1.19178496e-03
81,31,3.41622887,38.233394,8.67474942e-03
82,31,3.46883817,37.953651,3.06973503e-03
83,31,3.52144747,38.018243,5.67184181e-05
84,31,3.57405686,38.169883,5.94288898e-05
85,31,3.62666598,38.098262,2.46089394e-02
86,31,3.67927530,37.711718,2.63777989e-02
87,31,3.73188462,37.459214,1.10842966e-02
88,31,3.78449394,37.402834,4.05925126e-02
89,31,3.83710326,37.612894,1.08509429e-02
90,31,3.88971258,37.383798,9.41547039e-05
91,31,3.94232191,36.509679,7.27661836e-05
92,31,3.99493123,35.678136,6.50220693e-05
93,31,4.04754055,34.934897,6.18409493e-05
94,31,4.10014987,34.330532,5.90882777e-05
95,31,4.15275899,33.897366,5.20687598e-05
96,31,4.20536831,33.641749,3.86400118e-05
97,31,4.25797763,33.524221,2.11610335e-05
98,31,4.31058696,33.481980,6.03822623e-06
99,31,4.36319628,33.473123,1.08758890e-08
0,32,0.00000000,40.168744,4.78902794e-05
1,32,0.06074799,39.864176,2.03720088e-04
2,32,0.12149598,39.187590,4.83624787e-04
3,32,0.18224397,38.724671,5.34230030e-04
4,32,0.24299205,38.904158,3.47450020e-04
5,32,0.30373983,39.283066,2.62768831e-04
6,32,0.36448784,39.130216,3.09479882e-03
7,32,0.42523585,38.425622,8.24345409e-04
8,32,0.48598386,37.779389,5.81716109e-03
9,32,0.54673188,37.193249,4.24904724e-03
10,32,0.60747989,36.701514,5.55356583e-03
11,32,0.66822790,36.737823,5.53821267e-03
12,32,0.72897591,37.506551,3.72885919e-03
13,32,0.78972392,38.309716,6.41618741e-03
14,32,0.85047193,39.010050,1.76427828e-03
15,32,0.91121971,38.740429,1.92060213e-04
16,32,0.97196773,38.395950,2.04781472e-04
17,32,1.03271574,38.081268,2.20850753e-04
18,32,1.09346375,37.841650,2.46180860e-04
19,32,1.15421176,37.762476,4.42934145e-04
20,32,1.15421176,37.762476,4.65850711e-04
21,32,1.18458576,37.786746,6.24502127e-05
22,32,1.21495976,37.858187,2.28849796e-04
23,32,1.24533376,37.972460,3.17735512e-04
24,32,1.27570776,38.117140,1.46233373e-04
25,32,1.30608176,38.257832,1.57659108e-04
26,32,1.33645576,38.276329,1.20789358e-04
27,32,1.36682976,38.106838,8.92059864e-05
28,32,1.39720381,37.881260,5.17074831e-05
29,32,1.42757781,37.654736,4.31181902e-05
30,32,1.45795159,37.441227,3.65322387e-05
31,32,1.48832560,37.248144,3.71374211e-05
32,32,1.51869960,37.082438,6.10620385e-04
33,32,1.54907361,36.972253,7.00450743e-05
34,32,1.57944761,36.980414,5.47374744e-05
35,32,1.60982162,37.105728,2.30697214e-03
36,32,1.64019563,37.260191,3.43987085e-03
37,32,1.67056963,37.397567,1.36805876e-03
38,32,1.70094364,37.493348,4.57355440e-04
39,32,1.73131764,37.531444,6.05233429e-06
40,32,1.73131764,37.531444,4.55595965e-06
41,32,1.75279515,37.482682,4.54536317e-03
42,32,1.77427297,37.447900,4.80388148e-03
43,32,1.79575048,37.420767,5.03459170e-03
44,32,1.81722830,37.396045,5.25155174e-03
45,32,1.83870581,37.368152,5.46651099e-03
46,32,1.86018364,37.331716,5.68651394e-03
47,32,1.88166114,37.280994,5.91350751e-03
48,32,1.90313897,37.207548,6.14269667e-03
49,32,1.92461647,37.109429,6.35962903e-03
50,32,1.94609430,36.977466,6.54166521e-03
51,32,1.96757180,36.811573,6.68374736e-03
52,32,1.98904963,36.610367,6.77993763e-03
53,32,2.01052713,36.375783,6.83262030e-03
54,32,2.03200496,36.234575,6.29062433e-04
55,32,2.05348246,36.193734,6.88258827e-04
56,32,2.07496029,36.162570,7.41307768e-04
57,32,2.09643779,36.139855,7.90281478e-04
58,32,2.11791562,36.126184,8.28992414e-04
59,32,2.13939312,36.121709,8.56319714e-04
60,32,2.13939312,36.121709,8.56319887e-04
61,32,2.20382612,36.319558,8.58937091e-04
62,32,2.26825912,36.490231,7.83342515e-04
63,32,2.33269211,36.590627,5.62335273e-04
64,32,2.39712495,36.660976,3.59686743e-04
65,32,2.46155794,36.794337,9.58421010e-04
66,32,2.52599094,36.924109,1.51162697e-04
67,32,2.59042394,37.145959,9.85176924e-05
68,32,2.65485693,37.427301,7.37953822e-05
69,32,2.71928993,37.532363,1.57656001e-02
70,32,2.78372276,37.849929,1.22245984e-02
71,32,2.84815576,38.269645,1.00020951e-02
72,32,2.91258876,38.106812,3.92174174e-03
73,32,2.97702175,37.959847,2.99149734e-03
74,32,3.04145475,38.069466,1.60716935e-03
75,32,3.10588775,38.178802,4.28788689e-04
76,32,3.17032058,38.265970,7.37019919e-03
77,32,3.23475363,39.177469,3.96774273e-03
78,32,3.29918661,39.895885,1.26233709e-03
79,32,3.36361957,40.168744,4.99037515e-05
80,32,3.36361957,40.168744,1.50952823e-05
81,32,3.41622887,40.047032,6.33248955e-04
82,32,3.46883817,39.663171,3.27175883e-03
83,32,3.52144747,39.135250,9.87849388e-03
84,32,3.57405686,38.585417,1.29085524e-02
85,32,3.62666598,38.098262,6.55078794e-04
86,32,3.67927530,37.711718,4.47443631e-03
87,32,3.73188462,37.459214,2.54390876e-02
88,32,3.78449394,37.402834,1.41158547e-03
89,32,3.83710326,37.612894,3.37646250e-02
90,32,3.88971258,38.094965,4.17392277e-02
91,32,3.94232191,37.937833,1.40586436e-04
92,32,3.99493123,37.675961,1.74146178e-04
93,32,4.04754055,37.288675,3.08959409e-10
94,32,4.10014987,36.915857,2.52054166e-10
95,32,4.15275899,36.594656,1.74983384e-10
96,32,4.20536831,36.332457,1.10374882e-10
97,32,4.25797763,36.137189,5.53728808e-11
98,32,4.31058696,36.016318,1.80652390e-11
99,32,4.36319628,35.974999,4.77974284e-12
0,33,0.00000000,40.168744,2.19231862e-06
1,33,0.06074799,40.168969,2.35465183e-04
2,33,0.12149598,40.117760,8.06654238e-04
3,33,0.18224397,40.049402,1.69783389e-03
4,33,0.24299205,39.984419,2.84832652e-03
5,33,0.30373983,39.893912,4.74339404e-03
6,33,0.36448784,39.130216,3.66684427e-03
7,33,0.42523585,38.425622,6.65740861e-03
8,33,0.48598386,37.779389,2.13880042e-03
9,33,0.54673188,37.193249,3.74326913e-03
10,33,0.60747989,36.701514,1.46440871e-03
11,33,0.66822790,36.737823,2.31967573e-03
12,33,0.72897591,37.506552,5.12309096e-03
13,33,0.78972392,38.309716,1.02666774e-03
14,33,0.85047193,39.010050,3.69396328e-03
15,33,0.91121971,39.293499,3.21357492e-05
16,33,0.97196773,39.203800,2.86295874e-04
17,33,1.03271574,38.628276,3.90645520e-04
18,33,1.09346375,37.992059,3.52907021e-04
19,33,1.15421176,37.762476,1.37269203e-04
20,33,1.15421176,37.762476,1.14351697e-04
21,33,1.18458576,37.786746,4.96642294e-04
22,33,1.21495976,37.858187,2.72877911e-04
23,33,1.24533376,37.972460,1.00602718e-04
24,33,1.27570776,38.117140,1.65249280e-04
25,33,1.30608176,38.257832,2.27342838e-05
26,33,1.33645576,38.276329,7.32103845e-05
27,33,1.36682976,38.106838,2.71103674e-04
28,33,1.39720381,37.881260,3.80569317e-04
29,33,1.42757781,37.654736,4.22918803e-04
30,33,1.45795159,37.441227,4.67624717e-04
31,33,1.48832560,37.248144,5.54569957e-04
32,33,1.51869960,37.082438,2.40806931e-04
33,33,1.54907361,36.972254,1.70061987e-03
34,33,1.57944761,36.980414,3.78900025e-03
35,33,1.60982162,37.105728,2.66967315e-03
36,33,1.64019563,37.260191,1.74931060e-03
37,33,1.67056963,37.397567,3.76999368e-03
38,33,1.70094364,37.493348,4.58049730e-03
39,33,1.73131764,37.531444,4.99311280e-03
40,33,1.73131764,37.531444,4.99461442e-03
41,33,1.75279515,37.568443,4.21041433e-04
42,33,1.77427297,37.581013,1.77860939e-04
43,33,1.79575048,37.587528,4.15496326e-05
44,33,1.81722830,37.619425,1.91614680e-06
45,33,1.83870581,37.702387,2.81309771e-05
46,33,1.86018364,37.837979,8.71028181e-05
47,33,1.88166114,38.008611,1.56792503e-04
48,33,1.90313897,38.196230,2.23328166e-04
49,33,1.92461647,38.387360,2.70704166e-04
50,33,1.94609430,38.572547,2.73174883e-04
51,33,1.96757180,38.730146,1.83744561e-04
52,33,1.98904963,38.821464,1.59784946e-05
53,33,2.01052713,38.745516,2.87901008e-04
54,33,2.03200496,38.485115,8.26387801e-04
55,33,2.05348246,38.156514,9.69243351e-04
56,33,2.07496029,37.830534,8.43445935e-04
57,33,2.09643779,37.547394,5.77394895e-04
58,33,2.11791562,37.347907,2.80768368e-04
59,33,2.13939312,37.274717,1.05348474e-04
60,33,2.13939312,37.274717,1.05349100e-04
61,33,2.20382612,37.107432,7.62995477e-05
62,33,2.26825912,37.056260,1.13659015e-04
63,33,2.33269211,37.160875,2.88518331e-04
64,33,2.39712495,37.389491,4.38321700e-04
65,33,2.46155794,37.461609,1.26002173e-02
66,33,2.52599094,37.289841,8.70889587e-04
67,33,2.59042394,37.735316,2.35973364e-02
68,33,2.65485693,37.429798,2.10526242e-02
69,33,2.71928993,37.756346,8.04343740e-05
70,33,2.78372276,38.109365,1.15333250e-04
71,33,2.84815576,38.438250,5.45547857e-05
72,33,2.91258876,38.712832,6.30558178e-04
73,33,2.97702175,38.854946,8.16182946e-04
74,33,3.04145475,38.915315,1.19537521e-03
75,33,3.10588775,39.051007,1.58170444e-03
76,33,3.17032058,39.376233,1.32489841e-03
77,33,3.23475363,39.766229,7.56970851e-04
78,33,3.29918661,40.071600,2.36832500e-04
79,33,3.36361957,40.168744,1.83164439e-07
80,33,3.36361957,40.168744,3.49900278e-05
81,33,3.41622887,40.047032,7.88076882e-04
82,33,3.46883817,39.663171,2.22513040e-03
83,33,3.52144747,39.135250,1.92993974e-03
84,33,3.57405686,38.585417,6.01045851e-03
85,33,3.62666598,38.300205,6.47225068e-05
86,33,3.67927530,38.389770,7.41255402e-05
87,33,3.73188462,38.422865,8.99317709e-05
88,33,3.78449394,38.382042,1.18890452e-04
89,33,3.83710326,38.166405,1.76525659e-04
90,33,3.88971258,38.094965,6.11309505e-04
91,33,3.94232191,38.165362,4.21405484e-10
92,33,3.99493123,37.706896,3.70252953e-10
93,33,4.04754055,37.394430,2.06654547e-04
94,33,4.10014987,37.110292,2.39801958e-04
95,33,4.15275899,36.837528,2.73545060e-04
96,33,4.20536831,36.593709,3.07009478e-04
97,33,4.25797763,36.397027,3.37459457e-04
98,33,4.31058696,36.267800,3.59816902e-04
99,33,4.36319628,36.222245,3.68147550e-04
0,34,0.00000000,41.694681,1.07001471e-04
1,34,0.06074799,41.687792,8.95010774e-05
2,34,0.12149598,41.641482,1.01099445e-04
3,34,0.18224397,41.552269,7.66202673e-04
4,34,0.24299205,40.712203,2.35389172e-03
5,34,0.30373983,39.893913,1.18706475e-03
6,34,0.36448784,39.694328,2.00362796e-04
7,34,0.42523585,40.069312,7.25961387e-03
8,34,0.48598386,40.290964,8.66921708e-03
9,34,0.54673188,40.421484,8.12331651e-04
10,34,0.60747989,40.168790,3.30073691e-04
11,34,0.66822790,39.942439,6.19937412e-04
12,34,0.72897591,39.724529,1.51046297e-04
13,34,0.78972392,39.418373,1.65648455e-04
14,34,0.85047193,39.086730,1.79386111e-04
15,34,0.91121971,39.293499,2.30277808e-04
16,34,0.97196773,39.203801,6.24913730e-05
17,34,1.03271574,39.137316,3.33823346e-04
18,34,1.09346375,39.097360,1.30475067e-04
19,34,1.15421176,39.084028,1.78714554e-04
20,34,1.15421176,39.084028,2.33884979e-04
21,34,1.18458576,39.128412,1.10513408e-04
22,34,1.21495976,39.243603,1.14670198e-04
23,34,1.24533376,39.321831,5.81256340e-05
24,34,1.27570776,39.143750,2.06405149e-04
25,34,1.30608176,38.916647,1.98584931e-05
26,34,1.33645576,38.841835,2.90425916e-05
27,34,1.36682976,38.990383,5.32652372e-05
28,34,1.39720381,39.223687,1.16786610e-04
29,34,1.42757781,39.477470,2.27362820e-04
30,34,1.45795159,39.725841,4.56269228e-04
31,34,1.48832560,39.941008,8.29456846e-04
32,34,1.51869960,40.094752,6.31896818e-04
33,34,1.54907361,40.176147,1.74104555e-03
34,34,1.57944761,40.178843,2.14401371e-03
35,34,1.60982162,40.115924,3.26034954e-03
36,34,1.64019563,40.019094,3.72749212e-03
37,34,1.67056963,39.918996,2.31460333e-03
38,34,1.70094364,39.845074,1.09983150e-04
39,34,1.73131764,39.831247,2.00167451e-04
40,34,1.73131764,39.831247,4.84240435e-04
41,34,1.75279515,39.819584,8.41024211e-04
42,34,1.77427297,39.792522,8.30050292e-04
43,34,1.79575048,39.744394,8.05174429e-04
44,34,1.81722830,39.681002,7.68320051e-04
45,34,1.83870581,39.598009,7.13402889e-04
46,34,1.86018364,39.497159,6.37470513e-04
47,34,1.88166114,39.382449,5.40274440e-04
48,34,1.90313897,39.259953,4.24390539e-04
49,34,1.92461647,39.137917,3.08483468e-04
50,34,1.94609430,39.021195,2.03155365e-04
51,34,1.96757180,38.922275,1.31223452e-04
52,34,1.98904963,38.841131,9.17504314e-05
53,34,2.01052713,38.780275,7.75884211e-05
54,34,2.03200496,38.732751,7.60998272e-05
55,34,2.05348246,38.698687,7.78088004e-05
56,34,2.07496029,38.675557,7.70421882e-05
57,34,2.09643779,38.660448,7.29275847e-05
58,34,2.11791562,38.652052,6.72451053e-05
59,34,2.13939312,38.649451,6.35919040e-05
60,34,2.13939312,38.649451,6.35913793e-05
61,34,2.20382612,38.502458,1.15758044e-04
62,34,2.26825912,38.232441,3.03110514e-04
63,34,2.33269211,37.933888,5.70808710e-04
64,34,2.39712495,37.735710,8.04222726e-04
65,34,2.46155794,37.684276,5.14746262e-04
66,34,2.52599094,37.877340,8.11519567e-04
67,34,2.59042394,37.832214,9.64519982e-04
68,34,2.65485693,38.389257,1.42002206e-03
69,34,2.71928993,38.833874,1.15802910e-03
70,34,2.78372276,39.172404,3.13061764e-03
71,34,2.84815576,38.598883,4.34487136e-03
72,34,2.91258876,38.754485,8.33988808e-03
73,34,2.97702175,39.291579,6.86660053e-03
74,34,3.04145475,39.871717,5.36937244e-03
75,34,3.10588775,40.486018,3.70819698e-03
76,34,3.17032058,41.081896,1.87892651e-03
77,34,3.23475363,41.520050,4.28049986e-04
78,34,3.29918661,41.682386,4.01256769e-05
79,34,3.36361957,41.694681,2.98787833e-05
80,34,3.36361957,41.694681,4.02199848e-05
81,34,3.41622887,41.706912,1.37634604e-05
82,34,3.46883817,41.690228,3.84719969e-05
83,34,3.52144747,41.611560,7.68291284e-05
84,34,3.57405686,41.482661,1.60034206e-04
85,34,3.62666598,41.279020,1.46066341e-04
86,34,3.67927530,40.719730,1.19692497e-04
87,34,3.73188462,40.018444,8.99225926e-05
88,34,3.78449394,39.216854,5.46374006e-05
89,34,3.83710326,38.453795,2.28533758e-06
90,34,3.88971258,38.169403,9.88588287e-05
91,34,3.94232191,38.765785,7.84826523e-03
92,34,3.99493123,39.509117,2.20534336e-02
93,34,4.04754055,40.137266,7.39762015e-03
94,34,4.10014987,40.354583,2.03834506e-03
95,34,4.15275899,40.382208,4.28796747e-04
96,34,4.20536831,40.382192,2.81394641e-04
97,34,4.25797763,40.377367,2.11671614e-05
98,34,4.31058696,40.373685,1.09890024e-06
99,34,4.36319628,40.371869,1.78376950e-05
0,35,0.00000000,41.694681,9.88419268e-06
1,35,0.06074799,41.742891,3.61948811e-05
2,35,0.12149598,41.833660,2.00564949e-06
3,35,0.18224397,41.552269,3.56572633e-03
4,35,0.24299205,40.712203,2.77407916e-03
5,35,0.30373983,39.947205,4.20475889e-03
6,35,0.36448784,39.965335,5.70999582e-03
7,35,0.42523585,40.098219,1.46057574e-04
8,35,0.48598386,40.461687,9.90151941e-05
9,35,0.54673188,40.421484,2.45417903e-04
10,35,0.60747989,40.168790,6.09062383e-04
11,35,0.66822790,39.942439,2.09543821e-04
12,35,0.72897591,39.741761,3.54282087e-04
13,35,0.78972392,39.568965,7.89479523e-05
14,35,0.85047193,39.424342,4.69871514e-04
15,35,0.91121971,39.579322,6.39043961e-04
16,35,0.97196773,39.521156,3.45093834e-04
17,35,1.03271574,39.137316,1.79970079e-05
18,35,1.09346375,39.097360,2.15985578e-04
19,35,1.15421176,39.084028,1.65366449e-04
20,35,1.15421176,39.084028,1.10200664e-04
21,35,1.18458576,39.128412,3.32710444e-04
22,35,1.21495976,39.243603,6.26863390e-04
23,35,1.24533376,39.321831,1.14603939e-03
24,35,1.27570776,39.143750,8.85539499e-04
25,35,1.30608176,38.916647,1.00218204e-03
26,35,1.33645576,38.841835,8.51386184e-04
27,35,1.36682976,38.990383,6.04321875e-04
28,35,1.39720381,39.223687,4.61561493e-04
29,35,1.42757781,39.477470,3.76363240e-04
30,35,1.45795159,39.725841,2.81575843e-04
31,35,1.48832560,39.941008,1.88648402e-04
32,35,1.51869960,40.094753,8.65549971e-04
33,35,1.54907361,40.176147,4.30744088e-04
34,35,1.57944761,40.178843,7.95189480e-04
35,35,1.60982162,40.115924,4.25197107e-04
36,35,1.64019563,40.019094,6.08653649e-04
37,35,1.67056963,39.918996,2.54226826e-03
38,35,1.70094364,39.845074,5.09603472e-03
39,35,1.73131764,39.831247,5.13035411e-03
40,35,1.73131764,39.831247,4.84627693e-03
41,35,1.75279515,39.848874,4.95140138e-03
42,35,1.77427297,39.932085,5.31082037e-03
43,35,1.79575048,40.061167,5.57602504e-03
44,35,1.81722830,40.224797,5.77818992e-03
45,35,1.83870581,40.406233,5.97688317e-03
46,35,1.86018364,40.584061,6.23276126e-03
47,35,1.88166114,40.718355,6.51858969e-03
48,35,1.90313897,40.734326,6.40475302e-03
49,35,1.92461647,40.571619,5.60305183e-03
50,35,1.94609430,40.281533,4.87397008e-03
51,35,1.96757180,39.956151,4.51172953e-03
52,35,1.98904963,39.661028,4.40107040e-03
53,35,2.01052713,39.507896,3.93375948e-03
54,35,2.03200496,39.528382,3.23818492e-03
55,35,2.05348246,39.611056,2.92631131e-03
56,35,2.07496029,39.699871,2.84395814e-03
57,35,2.09643779,39.769206,2.86149261e-03
58,35,2.11791562,39.813594,2.91922816e-03
59,35,2.13939312,39.834394,2.99914802e-03
60,35,2.13939312,39.834394,2.99912641e-03
61,35,2.20382612,39.464423,4.47568508e-03
62,35,2.26825912,39.040571,6.18765603e-03
63,35,2.33269211,38.559585,8.10189087e-03
64,35,2.39712495,38.013338,1.02482650e-02
65,35,2.46155794,37.721694,8.87982852e-04
66,35,2.52599094,38.014582,5.59494018e-04
67,35,2.59042394,38.154913,5.83146057e-04
68,35,2.65485693,38.547172,3.26529966e-05
69,35,2.71928993,39.091398,1.00615235e-03
70,35,2.78372276,39.249757,9.70564412e-04
71,35,2.84815576,39.673780,8.89831101e-04
72,35,2.91258876,40.102858,8.44908922e-04
73,35,2.97702175,40.531605,7.98014187e-04
74,35,3.04145475,40.951361,7.02994643e-04
75,35,3.10588775,41.352772,4.92595740e-04
76,35,3.17032058,41.675555,1.61856248e-04
77,35,3.23475363,41.784605,8.38216299e-05
78,35,3.29918661,41.736733,8.64580329e-05
79,35,3.36361957,41.694681,1.78128036e-05
80,35,3.36361957,41.694681,1.18768687e-05
81,35,3.41622887,41.706912,1.85666010e-05
82,35,3.46883817,41.690230,1.56058630e-05
83,35,3.52144747,41.611560,6.02268934e-05
84,35,3.57405686,41.482661,3.79146936e-05
85,35,3.62666598,41.335423,1.90768547e-04
86,35,3.67927530,40.942045,5.88285758e-10
87,35,3.73188462,40.330570,5.65376657e-10
88,35,3.78449394,39.744998,5.37113639e-10
89,35,3.83710326,39.187376,5.09222717e-10
90,35,3.88971258,38.659946,4.68579448e-10
91,35,3.94232191,38.765785,2.87754279e-02
92,35,3.99493123,39.509117,6.71542027e-03
93,35,4.04754055,40.137267,7.66561785e-03
94,35,4.10014987,40.354583,1.10280908e-03
95,35,4.15275899,40.382208,5.07950850e-04
96,35,4.20536831,40.382192,9.18462358e-05
97,35,4.25797763,40.377367,1.34180633e-04
98,35,4.31058696,40.373685,5.92367633e-05
99,35,4.36319628,40.371869,1.47665520e-05
0,36,0.00000000,41.694682,3.98697091e-05
1,36,0.06074799,41.742891,1.00907924e-04
2,36,0.12149598,41.833664,4.14363228e-04
3,36,0.18224397,41.555752,1.06262281e-04
4,36,0.24299205,41.433946,1.07285554e-04
5,36,0.30373983,41.283300,1.07288009e-04
6,36,0.36448784,41.110093,1.07508052e-04
7,36,0.42523585,40.919768,1.08911439e-04
8,36,0.48598386,40.698686,2.45253197e-05
9,36,0.54673188,40.497869,1.17294329e-04
10,36,0.60747989,40.265068,1.25772088e-04
11,36,0.66822790,40.003347,1.37409971e-04
12,36,0.72897591,39.741761,3.91090675e-04
13,36,0.78972392,39.568965,6.19297185e-04
14,36,0.85047193,39.424342,3.47350441e-04
15,36,0.91121971,39.579322,3.51661977e-03
16,36,0.97196773,39.936509,1.70970208e-03
17,36,1.03271574,40.142125,4.58238661e-04
18,36,1.09346375,40.242470,5.80490178e-04
19,36,1.15421176,40.271838,1.69634233e-04
20,36,1.15421176,40.271838,6.05187730e-04
21,36,1.18458576,40.143634,6.92329969e-04
22,36,1.21495976,39.884896,4.05629469e-04
23,36,1.24533376,39.698424,1.94120745e-04
24,36,1.27570776,39.826880,4.67868535e-04
25,36,1.30608176,40.087796,9.37088566e-04
26,36,1.33645576,40.383734,1.16545405e-03
27,36,1.36682976,40.693361,1.39966845e-03
28,36,1.39720381,41.008183,1.25149005e-03
29,36,1.42757781,41.318273,1.74920079e-03
30,36,1.45795159,41.610784,1.79040695e-03
31,36,1.48832560,41.855345,3.76243291e-04
32,36,1.51869960,42.021060,1.70522345e-03
33,36,1.54907361,42.142113,4.32137986e-04
34,36,1.57944761,42.270632,1.31209037e-03
35,36,1.60982162,42.416963,7.89181144e-04
36,36,1.64019563,42.566680,4.88663937e-04
37,36,1.67056963,42.694847,2.89763246e-04
38,36,1.70094364,42.781184,1.20377559e-04
39,36,1.73131764,42.813245,9.29976780e-06
40,36,1.73131764,42.813245,1.33070442e-04
41,36,1.75279515,42.774663,1.17632867e-04
42,36,1.77427297,42.724202,8.73600024e-05
43,36,1.79575048,42.664647,6.82448380e-05
44,36,1.81722830,42.601608,5.56583247e-05
45,36,1.83870581,42.436645,6.23441092e-04
46,36,1.86018364,42.208539,4.49851309e-04
47,36,1.88166114,41.991691,1.17231746e-04
48,36,1.90313897,41.874665,1.00906325e-04
49,36,1.92461647,41.922994,7.06520662e-04
50,36,1.94609430,42.087437,1.19912499e-03
51,36,1.96757180,42.294771,1.28730206e-03
52,36,1.98904963,42.414592,6.00627715e-06
53,36,2.01052713,42.444002,4.08612581e-07
54,36,2.03200496,42.477001,4.21380841e-06
55,36,2.05348246,42.512976,2.92939328e-05
56,36,2.07496029,42.549706,1.05080027e-04
57,36,2.09643779,42.580065,2.66385035e-04
58,36,2.11791562,42.577504,1.11330797e-05
59,36,2.13939312,42.573228,1.10301569e-05
60,36,2.13939312,42.573228,1.10332634e-05
61,36,2.20382612,42.715409,9.19908991e-03
62,36,2.26825912,41.884461,1.11289122e-02
63,36,2.33269211,41.013420,1.32283194e-02
64,36,2.39712495,40.099075,1.55843589e-02
65,36,2.46155794,39.226011,1.82667006e-02
66,36,2.52599094,38.403040,2.12940725e-02
67,36,2.59042394,38.369025,6.03350587e-04
68,36,2.65485693,38.737805,6.88705003e-04
69,36,2.71928993,39.147932,2.98618130e-04
70,36,2.78372276,39.747295,2.70782601e-04
71,36,2.84815576,39.979162,2.88231306e-05
72,36,2.91258876,40.333909,4.04835422e-05
73,36,2.97702175,40.729347,2.22750376e-05
74,36,3.04145475,41.151991,2.27366228e-05
75,36,3.10588775,41.555182,4.12989740e-05
76,36,3.17032058,41.815864,6.17413281e-05
77,36,3.23475363,41.836908,7.44391454e-05
78,36,3.29918661,41.745777,7.60394925e-05
79,36,3.36361957,41.694682,1.09485344e-04
80,36,3.36361957,41.694684,1.04506030e-04
81,36,3.41622887,41.736836,1.30484225e-04
82,36,3.46883817,41.810882,1.45651364e-04
83,36,3.52144747,41.829885,1.65473148e-04
84,36,3.57405686,41.663372,1.65969122e-04
85,36,3.62666598,41.335423,1.37169964e-05
86,36,3.67927530,41.189897,1.44172344e-04
87,36,3.73188462,41.055813,1.66116020e-04
88,36,3.78449394,40.937448,3.01806148e-06
89,36,3.83710326,40.836659,1.03948508e-04
90,36,3.88971258,40.755278,3.16852811e-04
91,36,3.94232191,40.697690,5.79599629e-04
92,36,3.99493123,40.682117,7.99559604e-04
93,36,4.04754055,40.810974,5.53671691e-03
94,36,4.10014987,41.290111,1.08309932e-02
95,36,4.15275899,41.757432,5.51728739e-04
96,36,4.20536831,42.024924,2.87156539e-03
97,36,4.25797763,42.140962,1.38931354e-03
98,36,4.31058696,42.186208,1.61239611e-03
99,36,4.36319628,42.196188,5.90166871e-04
0,37,0.00000000,43.459501,4.34981717e-03
1,37,0.06074799,43.154709,1.24253121e-03
2,37,0.12149598,42.467361,1.19656828e-03
3,37,0.18224397,41.980951,5.24213431e-04
4,37,0.24299205,41.879552,4.55147910e-05
5,37,0.30373983,41.624510,4.58977914e-04
6,37,0.36448784,41.311844,1.05176946e-03
7,37,0.42523585,40.997278,3.81575900e-04
8,37,0.48598386,40.698686,1.15527555e-03
9,37,0.54673188,40.657420,9.65592944e-03
10,37,0.60747989,40.958696,3.83329114e-05
11,37,0.66822790,41.069647,2.69617063e-05
12,37,0.72897591,41.079092,2.62186799e-05
13,37,0.78972392,40.995298,3.77123672e-05
14,37,0.85047193,40.779983,8.03635853e-05
15,37,0.91121971,40.317027,2.02169073e-04
16,37,0.97196773,39.936509,8.74835341e-04
17,37,1.03271574,40.142126,1.17490137e-03
18,37,1.09346375,40.242470,5.67202079e-04
19,37,1.15421176,40.271838,8.32434609e-04
20,37,1.15421176,40.271838,3.96978166e-04
21,37,1.18458576,40.143634,1.72428593e-04
22,37,1.21495976,39.884896,2.21017091e-04
23,37,1.24533376,39.698424,1.43725140e-04
24,37,1.27570776,39.826880,2.08170561e-04
25,37,1.30608176,40.087796,6.47301479e-05
26,37,1.33645576,40.383734,8.75938508e-05
27,37,1.36682976,40.693361,7.79051746e-05
28,37,1.39720381,41.008183,4.50605554e-04
29,37,1.42757781,41.318273,2.10002905e-04
30,37,1.45795159,41.610784,4.84738360e-04
31,37,1.48832560,41.855345,2.21238940e-03
32,37,1.51869960,42.021062,8.13157089e-04
33,37,1.54907361,42.142113,1.58463566e-03
34,37,1.57944761,42.270632,1.31335299e-04
35,37,1.60982162,42.416963,1.76180801e-04
36,37,1.64019563,42.566681,1.29878677e-04
37,37,1.67056963,42.694848,9.64592762e-05
38,37,1.70094364,42.781184,1.32530418e-04
39,37,1.73131764,42.813245,1.99882670e-04
40,37,1.73131764,42.813245,7.61395141e-05
41,37,1.75279515,42.829057,1.13155538e-04
42,37,1.77427297,42.811606,2.33355794e-04
43,37,1.79575048,42.747601,4.06474894e-04
44,37,1.81722830,42.623853,5.77813160e-04
45,37,1.83870581,42.540179,4.71725001e-05
46,37,1.86018364,42.485295,4.08955892e-05
47,37,1.88166114,42.440810,3.56401172e-05
48,37,1.90313897,42.408365,3.02314906e-05
49,37,1.92461647,42.390627,2.50922685e-05
50,37,1.94609430,42.388240,1.93370242e-05
51,37,1.96757180,42.396125,1.28824558e-05
52,37,1.98904963,42.489069,9.76487523e-04
53,37,2.01052713,42.610575,4.42668141e-04
54,37,2.03200496,42.646447,1.38059016e-04
55,37,2.05348246,42.637796,4.50336234e-05
56,37,2.07496029,42.615545,2.03194559e-05
57,37,2.09643779,42.593208,1.33718872e-05
58,37,2.11791562,42.600918,5.62556417e-04
59,37,2.13939312,42.608410,1.01389447e-03
60,37,2.13939312,42.608410,1.01385583e-03
61,37,2.20382612,42.899903,9.20545849e-04
62,37,2.26825912,43.146798,2.93315327e-05
63,37,2.33269211,43.072091,2.14570501e-05
64,37,2.39712495,42.848127,9.20271692e-06
65,37,2.46155794,42.526377,2.22205718e-05
66,37,2.52599094,42.102683,1.15995128e-04
67,37,2.59042394,41.572417,3.70837350e-04
68,37,2.65485693,40.944610,8.48062689e-04
69,37,2.71928993,40.240760,1.38614818e-03
70,37,2.78372276,39.846683,5.85154399e-04
71,37,2.84815576,40.572298,8.60426704e-04
72,37,2.91258876,41.273705,1.22092141e-03
73,37,2.97702175,41.860485,1.67231952e-03
74,37,3.04145475,42.236605,2.05585523e-03
75,37,3.10588775,42.400333,2.22875138e-03
76,37,3.17032058,42.487425,2.23198706e-03
77,37,3.23475363,42.737740,1.82129610e-03
78,37,3.29918661,43.168488,1.37275787e-03
79,37,3.36361957,43.459501,1.44182064e-03
80,37,3.36361957,43.459501,2.92492626e-03
81,37,3.41622887,43.314191,1.03731553e-05
82,37,3.46883817,43.064564,1.07870347e-05
83,37,3.52144747,42.871380,2.42452981e-06
84,37,3.57405686,42.233250,5.76858564e-10
85,37,3.62666598,41.577239,5.89042262e-10
86,37,3.67927530,41.189897,4.44564638e-05
87,37,3.73188462,41.055813,9.25164476e-06
88,37,3.78449394,40.937448,1.75605831e-04
89,37,3.83710326,40.836659,1.10361376e-04
90,37,3.88971258,40.755278,6.62214557e-06
91,37,3.94232191,40.697690,7.62649393e-05
92,37,3.99493123,40.682117,1.18994073e-03
93,37,4.04754055,40.810975,3.33146831e-03
94,37,4.10014987,41.290112,2.83014348e-03
95,37,4.15275899,41.757432,8.57607907e-03
96,37,4.20536831,42.024924,2.25160522e-03
97,37,4.25797763,42.140962,1.74234524e-03
98,37,4.31058696,42.186208,6.85438040e-04
99,37,4.36319628,42.196188,1.48039175e-03
0,38,0.00000000,43.459506,1.91468132e-03
1,38,0.06074799,43.154710,4.32038239e-03
2,38,0.12149598,42.467364,3.12435437e-03
3,38,0.18224397,41.980951,9.55463401e-05
4,38,0.24299205,41.879553,8.69181469e-04
5,38,0.30373983,41.624511,8.15093990e-04
6,38,0.36448784,41.311844,2.94347097e-04
7,38,0.42523585,40.997278,9.05450918e-04
8,38,0.48598386,40.715535,1.11937550e-04
9,38,0.54673188,40.755001,6.21516075e-05
10,38,0.60747989,41.181287,9.96932484e-03
11,38,0.66822790,41.855937,9.54878473e-03
12,38,0.72897591,42.422839,1.81675234e-05
13,38,0.78972392,42.061062,8.01216776e-06
14,38,0.85047193,41.772938,1.67074954e-06
15,38,0.91121971,41.558036,5.04053236e-07
16,38,0.97196773,41.408736,4.63128292e-06
17,38,1.03271574,41.318848,1.34741543e-05
18,38,1.09346375,41.281737,2.67752237e-05
19,38,1.15421176,41.293846,2.60582905e-05
20,38,1.15421176,41.293846,8.87890162e-05
21,38,1.18458576,41.430173,3.36452755e-05
22,38,1.21495976,41.717965,3.18297362e-04
23,38,1.24533376,42.029580,2.55162556e-04
24,38,1.27570776,42.304499,2.05412809e-04
25,38,1.30608176,42.507870,6.39609338e-05
26,38,1.33645576,42.625710,7.79482468e-05
27,38,1.36682976,42.659282,1.32859810e-04
28,38,1.39720381,42.641645,2.11362342e-06
29,38,1.42757781,42.596749,1.35882950e-04
30,38,1.45795159,42.558735,1.12308512e-04
31,38,1.48832560,42.573253,1.43049064e-04
32,38,1.51869960,42.692545,9.47850441e-05
33,38,1.54907361,42.909646,3.48532477e-04
34,38,1.57944761,43.174411,2.35028072e-04
35,38,1.60982162,43.425910,6.23247911e-04
36,38,1.64019563,43.658135,8.65293937e-04
37,38,1.67056963,43.847466,7.31885899e-04
38,38,1.70094364,43.974090,4.98007276e-04
39,38,1.73131764,44.024680,4.78511433e-04
40,38,1.73131764,44.024680,5.68161246e-05
41,38,1.75279515,43.909468,8.41899588e-04
42,38,1.77427297,43.774251,7.50770649e-04
43,38,1.79575048,43.628002,5.74882830e-04
44,38,1.81722830,43.494343,3.44056282e-04
45,38,1.83870581,43.387420,1.47460370e-04
46,38,1.86018364,43.306763,4.13389373e-05
47,38,1.88166114,43.243249,1.35534441e-05
48,38,1.90313897,43.189705,3.83007935e-05
49,38,1.92461647,43.142419,1.03389626e-04
50,38,1.94609430,43.104022,2.15512556e-04
51,38,1.96757180,43.081220,4.19018113e-04
52,38,1.98904963,43.100128,8.00591231e-04
53,38,2.01052713,43.205275,1.27312451e-03
54,38,2.03200496,43.406528,1.42818560e-03
55,38,2.05348246,43.603095,7.12243649e-03
56,38,2.07496029,43.543165,7.37977693e-03
57,38,2.09643779,43.491592,7.51621029e-03
58,38,2.11791562,43.458008,7.47835251e-03
59,38,2.13939312,43.448306,7.24672258e-03
60,38,2.13939312,43.448306,7.24613225e-03
61,38,2.20382612,43.009387,2.33415534e-05
62,38,2.26825912,43.369392,6.47738170e-04
63,38,2.33269211,43.875435,3.20436954e-04
64,38,2.39712495,44.318381,9.04151872e-05
65,38,2.46155794,44.189354,6.33094984e-04
66,38,2.52599094,43.629951,7.64937904e-04
67,38,2.59042394,43.153484,9.50487716e-04
68,38,2.65485693,42.763925,1.15676360e-03
69,38,2.71928993,42.462367,1.36196724e-03
70,38,2.78372276,42.249839,1.54614141e-03
71,38,2.84815576,42.127588,1.69874886e-03
72,38,2.91258876,42.092505,1.82151251e-03
73,38,2.97702175,42.143841,1.93367853e-03
74,38,3.04145475,42.278522,2.06951443e-03
75,38,3.10588775,42.493001,2.29725363e-03
76,38,3.17032058,42.778783,2.72927349e-03
77,38,3.23475363,43.109981,3.59621378e-03
78,38,3.29918661,43.353191,4.11862153e-04
79,38,3.36361957,43.459504,4.03724348e-03
80,38,3.36361957,43.459510,3.41935458e-03
81,38,3.41622887,43.378166,1.98847188e-03
82,38,3.46883817,43.289824,2.49557081e-03
83,38,3.52144747,42.904913,7.78009198e-10
84,38,3.57405686,42.824320,7.38947357e-06
85,38,3.62666598,42.913254,2.29913045e-05
86,38,3.67927530,43.060327,3.45154448e-05
87,38,3.73188462,43.230812,5.12185931e-05
88,38,3.78449394,43.265389,9.11854976e-05
89,38,3.83710326,43.083214,9.65590728e-05
90,38,3.88971258,42.903059,9.61889779e-05
91,38,3.94232191,42.753520,8.83819038e-05
92,38,3.99493123,42.633827,7.60249463e-05
93,38,4.04754055,42.539438,6.13347518e-05
94,38,4.10014987,42.467421,4.62927994e-05
95,38,4.15275899,42.412354,3.18458170e-05
96,38,4.20536831,42.372490,1.93002324e-05
97,38,4.25797763,42.345581,9.46828652e-06
98,38,4.31058696,42.330056,3.17989612e-06
99,38,4.36319628,42.324425,9.84525154e-07
0,39,0.00000000,43.459527,1.82746522e-03
1,39,0.06074799,43.574858,5.75543659e-04
2,39,0.12149598,43.435709,1.71421419e-03
3,39,0.18224397,43.069482,1.39669385e-03
4,39,0.24299205,42.990504,1.35654465e-03
5,39,0.30373983,43.146614,1.37734355e-03
6,39,0.36448784,43.366754,1.09880948e-03
7,39,0.42523585,43.534603,1.50612935e-04
8,39,0.48598386,43.581922,3.58834281e-04
9,39,0.54673188,43.502539,1.00261057e-04
10,39,0.60747989,43.339806,4.32482808e-05
11,39,0.66822790,42.853687,3.02345258e-05
12,39,0.72897591,42.659812,8.53761722e-03
13,39,0.78972392,43.002992,5.39381330e-05
14,39,0.85047193,43.072309,6.23688175e-05
15,39,0.91121971,42.298733,3.71613562e-04
16,39,0.97196773,41.751340,2.08408659e-04
17,39,1.03271574,41.490637,1.17502601e-04
18,39,1.09346375,41.357826,7.21688739e-05
19,39,1.15421176,41.293846,6.44786713e-05
20,39,1.15421176,41.293846,1.75482250e-06
21,39,1.18458576,41.430173,1.73338408e-04
22,39,1.21495976,41.717966,3.26662061e-05
23,39,1.24533376,42.029580,1.83351652e-04
24,39,1.27570776,42.304501,2.79748630e-04
25,39,1.30608176,42.507870,4.42827941e-04
26,39,1.33645576,42.625710,4.44172888e-04
27,39,1.36682976,42.659282,4.08723463e-04
28,39,1.39720381,42.641646,5.57303674e-04
29,39,1.42757781,42.596749,3.98021759e-04
30,39,1.45795159,42.558735,2.90813200e-04
31,39,1.48832560,42.573253,2.82064052e-05
32,39,1.51869960,42.692548,4.52588936e-05
33,39,1.54907361,42.909647,3.03358679e-05
34,39,1.57944761,43.174411,3.86850142e-04
35,39,1.60982162,43.425910,1.70833400e-04
36,39,1.64019563,43.658135,4.25136046e-05
37,39,1.67056963,43.847466,2.50151413e-04
38,39,1.70094364,43.974090,5.27555071e-04
39,39,1.73131764,44.024680,5.59485449e-04
40,39,1.73131764,44.024680,9.81129747e-04
41,39,1.75279515,44.111105,3.32276736e-04
42,39,1.77427297,44.179411,5.75201146e-04
43,39,1.79575048,44.225248,9.19211266e-04
44,39,1.81722830,44.250503,1.36762595e-03
45,39,1.83870581,44.252894,1.90533476e-03
46,39,1.86018364,44.233977,2.50412759e-03
47,39,1.88166114,44.196470,3.13014326e-03
48,39,1.90313897,44.143222,3.75449758e-03
49,39,1.92461647,44.078548,4.35383814e-03
50,39,1.94609430,43.998788,4.91253719e-03
51,39,1.96757180,43.919860,5.43871009e-03
52,39,1.98904963,43.837989,5.92563787e-03
53,39,2.01052713,43.756570,6.37648281e-03
54,39,2.03200496,43.677108,6.77769538e-03
55,39,2.05348246,43.655579,1.28782353e-03
56,39,2.07496029,43.914620,1.00020846e-03
57,39,2.09643779,44.155635,6.18306839e-04
58,39,2.11791562,44.341980,2.08998268e-04
59,39,2.13939312,44.416442,1.22279310e-05
60,39,2.13939312,44.416442,1.22341262e-05
61,39,2.20382612,45.337411,1.58887627e-05
62,39,2.26825912,45.983013,1.16021863e-03
63,39,2.33269211,45.445458,6.35387864e-04
64,39,2.39712495,44.803816,5.63771743e-04
65,39,2.46155794,44.618890,5.17750647e-05
66,39,2.52599094,44.753459,1.89044132e-04
67,39,2.59042394,44.756075,4.17071058e-04
68,39,2.65485693,44.692230,6.60904777e-04
69,39,2.71928993,44.152431,8.66049852e-04
70,39,2.78372276,43.710189,6.85807172e-04
71,39,2.84815576,43.407615,4.83237506e-04
72,39,2.91258876,43.238319,3.00193648e-04
73,39,2.97702175,43.170746,1.57668362e-04
74,39,3.04145475,43.162652,6.88367017e-05
75,39,3.10588775,43.205924,5.50721586e-05
76,39,3.17032058,43.270193,2.90528883e-03
77,39,3.23475363,43.272135,1.19743310e-04
78,39,3.29918661,43.387146,5.15109775e-03
79,39,3.36361957,43.459517,2.60288699e-03
80,39,3.36361957,43.459564,1.73776461e-03
81,39,3.41622887,43.378227,6.07628457e-03
82,39,3.46883817,43.289825,5.20791281e-03
83,39,3.52144747,43.335927,3.55846256e-03
84,39,3.57405686,43.436034,1.63319231e-03
85,39,3.62666598,43.488899,2.07887036e-04
86,39,3.67927530,43.501095,2.97054089e-04
87,39,3.73188462,43.495209,1.67737479e-05
88,39,3.78449394,43.477097,1.24712602e-05
89,39,3.83710326,43.447673,2.69625221e-06
90,39,3.88971258,43.412209,2.23667258e-05
91,39,3.94232191,43.380377,1.82036043e-04
92,39,3.99493123,43.369746,6.27585057e-04
93,39,4.04754055,43.413829,1.36643790e-03
94,39,4.10014987,43.533392,2.57505070e-04
95,39,4.15275899,43.484884,2.75291378e-04
96,39,4.20536831,43.444873,2.90454302e-04
97,39,4.25797763,43.414395,3.01818592e-04
98,39,4.31058696,43.395252,3.08945372e-04
99,39,4.36319628,43.387981,3.11413116e-04
0,40,0.00000000,44.055217,1.92855982e-05
1,40,0.06074799,44.026444,7.49766162e-04
2,40,0.12149598,43.435710,4.15776353e-04
3,40,0.18224397,43.069482,9.99614482e-04
4,40,0.24299205,42.990504,6.01961311e-04
5,40,0.30373983,43.146615,1.02780076e-04
6,40,0.36448784,43.366754,4.13384041e-05
7,40,0.42523585,43.534604,6.57621699e-04
8,40,0.48598386,43.581922,1.18072618e-04
9,40,0.54673188,43.502539,1.25446171e-04
10,40,0.60747989,43.349509,9.79881998e-05
11,40,0.66822790,43.183732,6.53441679e-05
12,40,0.72897591,43.053609,5.39336687e-05
13,40,0.78972392,43.002992,4.23816349e-04
14,40,0.85047193,43.072309,7.64472528e-04
15,40,0.91121971,43.299610,8.46497579e-05
16,40,0.97196773,43.670413,9.57433616e-05
17,40,1.03271574,44.105297,8.76382160e-05
18,40,1.09346375,44.471858,6.98703052e-05
19,40,1.15421176,44.618596,6.07383445e-05
20,40,1.15421176,44.618596,6.06931359e-05
21,40,1.18458576,44.631218,5.75257385e-05
22,40,1.21495976,44.673207,4.39392655e-05
23,40,1.24533376,44.757275,1.93366366e-05
24,40,1.27570776,44.901361,9.15512147e-07
25,40,1.30608176,45.123291,4.75872080e-05
26,40,1.33645576,45.426761,2.75489531e-04
27,40,1.36682976,45.794940,7.55028665e-04
28,40,1.39720381,46.194554,1.32190558e-03
29,40,1.42757781,46.572076,1.96451706e-03
30,40,1.45795159,46.830485,2.79973155e-03
31,40,1.48832560,46.919709,3.09343468e-03
32,40,1.51869960,46.928674,1.50058972e-03
33,40,1.54907361,46.929468,4.52434319e-03
34,40,1.57944761,46.934498,3.50986854e-03
35,40,1.60982162,46.943392,2.50057797e-03
36,40,1.64019563,46.946316,3.98374414e-03
37,40,1.67056963,46.930855,2.15841256e-03
38,40,1.70094364,46.903326,4.10041167e-04
39,40,1.73131764,46.891396,2.28549171e-03
40,40,1.73131764,46.891396,9.83989844e-05
41,40,1.75279515,46.783733,3.99695093e-03
42,40,1.77427297,46.661342,3.84289878e-03
43,40,1.79575048,46.547114,3.62317734e-03
44,40,1.81722830,46.455213,3.33462280e-03
45,40,1.83870581,46.388907,2.98734706e-03
46,40,1.86018364,46.347983,2.60293585e-03
47,40,1.88166114,46.329617,2.21071981e-03
48,40,1.90313897,46.330484,1.83465678e-03
49,40,1.92461647,46.344702,1.49814639e-03
50,40,1.94609430,46.364279,1.21777946e-03
51,40,1.96757180,46.394361,9.70850498e-04
52,40,1.98904963,46.428026,7.66442084e-04
53,40,2.01052713,46.460009,6.02252555e-04
54,40,2.03200496,46.455636,1.21703072e-03
55,40,2.05348246,46.278148,1.46050406e-03
56,40,2.07496029,46.082126,1.74610013e-03
57,40,2.09643779,45.885067,2.08138443e-03
58,40,2.11791562,45.724659,2.42900916e-03
59,40,2.13939312,45.660911,2.56369698e-03
60,40,2.13939312,45.660911,2.56371253e-03
61,40,2.20382612,46.029351,2.25341107e-03
62,40,2.26825912,46.355325,3.18839955e-05
63,40,2.33269211,47.227316,1.48844067e-04
64,40,2.39712495,47.123874,1.11665014e-04
65,40,2.46155794,46.646710,1.38772377e-04
66,40,2.52599094,46.100380,9.08864778e-04
67,40,2.59042394,45.382139,9.74767423e-04
68,40,2.65485693,44.719252,9.69913319e-04
69,40,2.71928993,44.593560,8.70335916e-04
70,40,2.78372276,44.502145,1.00903586e-03
71,40,2.84815576,44.202830,7.85083372e-04
72,40,2.91258876,43.921318,1.01452438e-03
73,40,2.97702175,43.676102,1.31478265e-03
74,40,3.04145475,43.469650,1.72271599e-03
75,40,3.10588775,43.317010,2.27008435e-03
76,40,3.17032058,43.352153,1.16208969e-04
77,40,3.23475363,43.472073,3.02811825e-03
78,40,3.29918661,44.029195,1.76415295e-03
79,40,3.36361957,44.055113,1.79942528e-05
80,40,3.36361957,44.055259,1.63283571e-05
81,40,3.41622887,44.210258,9.57023589e-08
82,40,3.46883817,43.579454,1.07343047e-09
83,40,3.52144747,43.335928,2.49344449e-03
84,40,3.57405686,43.436034,1.53500094e-03
85,40,3.62666598,43.488899,9.40110287e-04
86,40,3.67927530,43.501096,9.11246760e-05
87,40,3.73188462,43.495209,9.63723701e-05
88,40,3.78449394,43.477097,3.63893652e-06
89,40,3.83710326,43.447673,8.27368100e-06
90,40,3.88971258,43.412209,6.18685896e-05
91,40,3.94232191,43.380377,8.29504167e-05
92,40,3.99493123,43.369746,1.45566173e-05
93,40,4.04754055,43.413829,5.62380944e-05
94,40,4.10014987,43.581721,1.11410748e-03
95,40,4.15275899,43.964536,2.56822531e-03
96,40,4.20536831,44.582456,2.16372707e-03
97,40,4.25797763,45.312283,2.01260661e-03
98,40,4.31058696,45.985014,3.41110809e-04
99,40,4.36319628,46.286398,7.02351986e-05
0,41,0.00000000,44.457719,2.03953379e-05
1,41,0.06074799,44.026471,3.17503330e-04
2,41,0.12149598,43.718511,8.15263666e-05
3,41,0.18224397,43.877393,2.60866183e-05
4,41,0.24299205,44.069438,1.10597598e-04
5,41,0.30373983,44.294635,2.48519168e-04
6,41,0.36448784,44.548053,4.02823214e-04
7,41,0.42523585,44.833587,5.51807124e-04
8,41,0.48598386,44.430764,7.38347798e-05
9,41,0.54673188,43.871748,5.67361814e-05
10,41,0.60747989,43.349509,4.45115492e-06
11,41,0.66822790,43.183732,3.92917042e-05
12,41,0.72897591,43.053609,1.74840736e-04
13,41,0.78972392,43.567846,7.18077735e-03
14,41,0.85047193,43.262536,5.08248870e-04
15,41,0.91121971,43.299610,1.06256932e-03
16,41,0.97196773,43.670413,1.08726769e-03
17,41,1.03271574,44.105297,7.48014509e-04
18,41,1.09346375,44.471858,2.50938383e-04
19,41,1.15421176,44.618596,7.78231351e-07
20,41,1.15421176,44.618596,8.23909088e-07
21,41,1.18458576,44.631218,9.97875026e-06
22,41,1.21495976,44.673207,4.49215247e-05
23,41,1.24533376,44.757275,1.16060766e-04
24,41,1.27570776,44.901361,2.19589947e-04
25,41,1.30608176,45.123291,3.07855873e-04
26,41,1.33645576,45.426761,2.73822819e-04
27,41,1.36682976,45.794940,7.96413431e-05
28,41,1.39720381,46.194554,5.00788792e-06
29,41,1.42757781,46.572076,4.14704864e-04
30,41,1.45795159,46.830485,1.41063110e-03
31,41,1.48832560,46.919709,2.30582524e-03
32,41,1.51869960,46.928674,4.27261345e-03
33,41,1.54907361,46.929468,1.40641624e-03
34,41,1.57944761,46.934498,2.50957422e-03
35,41,1.60982162,46.943392,3.53380218e-03
36,41,1.64019563,46.946316,1.89875139e-03
37,41,1.67056963,46.930855,3.32850039e-03
38,41,1.70094364,46.903326,4.61913734e-03
39,41,1.73131764,46.891396,2.54664019e-03
40,41,1.73131764,46.891396,4.73367611e-03
41,41,1.75279515,46.956188,5.48507462e-04
42,41,1.77427297,46.974615,3.33464505e-04
43,41,1.79575048,46.953507,2.02208383e-04
44,41,1.81722830,46.917178,1.47260951e-04
45,41,1.83870581,46.885635,1.34079429e-04
46,41,1.86018364,46.866238,1.47647707e-04
47,41,1.88166114,46.857520,1.85980034e-04
48,41,1.90313897,46.853908,2.51942615e-04
49,41,1.92461647,46.846854,3.45708733e-04
50,41,1.94609430,46.828503,4.69856416e-04
51,41,1.96757180,46.786892,6.23127694e-04
52,41,1.98904963,46.714665,8.02315188e-04
53,41,2.01052713,46.601555,9.98415893e-04
54,41,2.03200496,46.493311,4.67953723e-04
55,41,2.05348246,46.523395,3.61249169e-04
56,41,2.07496029,46.551232,2.75329704e-04
57,41,2.09643779,46.570208,2.11047512e-04
58,41,2.11791562,46.581991,1.62340993e-04
59,41,2.13939312,46.586622,1.25401730e-04
60,41,2.13939312,46.586622,1.25409588e-04
61,41,2.20382612,47.291777,2.35213026e-05
62,41,2.26825912,47.628057,8.66503000e-05
63,41,2.33269211,47.500515,1.01746567e-04
64,41,2.39712495,47.373107,6.04316619e-04
65,41,2.46155794,46.813327,8.10395255e-04
66,41,2.52599094,46.156227,1.86558784e-04
67,41,2.59042394,45.692798,2.56867886e-04
68,41,2.65485693,45.268315,3.45970032e-04
69,41,2.71928993,44.876431,4.61121078e-04
70,41,2.78372276,44.520984,6.04702098e-04
71,41,2.84815576,44.458406,1.03782412e-03
72,41,2.91258876,44.522764,9.10535081e-04
73,41,2.97702175,44.766706,6.14198458e-04
74,41,3.04145475,44.293751,8.76251003e-05
75,41,3.10588775,43.749975,3.27690135e-05
76,41,3.17032058,43.394486,1.82076841e-05
77,41,3.23475363,43.697235,2.01417957e-04
78,41,3.29918661,44.146887,2.25189020e-04
79,41,3.36361957,44.457719,9.69753997e-05
80,41,3.36361957,44.457719,9.08508860e-05
81,41,3.41622887,44.220783,3.84358306e-07
82,41,3.46883817,44.113848,9.99300667e-04
83,41,3.52144747,44.026532,1.33776343e-03
84,41,3.57405686,44.037930,3.20518540e-05
85,41,3.62666598,43.890950,2.39103556e-05
86,41,3.67927530,43.734925,2.00077117e-05
87,41,3.73188462,43.571163,1.69761352e-05
88,41,3.78449394,43.555163,4.81362287e-06
89,41,3.83710326,43.757223,7.43097462e-05
90,41,3.88971258,43.768663,1.68339103e-04
91,41,3.94232191,43.706290,1.93813091e-04
92,41,3.99493123,43.642100,2.15766038e-04
93,41,4.04754055,43.584237,2.37055255e-04
94,41,4.10014987,43.581721,1.82111423e-03
95,41,4.15275899,43.964536,2.12181890e-03
96,41,4.20536831,44.582456,2.77205827e-03
97,41,4.25797763,45.312283,1.45888582e-03
98,41,4.31058696,45.985014,1.03932932e-03
99,41,4.36319628,46.286398,8.23396873e-07
0,42,0.00000000,44.457759,5.72546062e-05
1,42,0.06074799,44.376500,5.17868528e-04
2,42,0.12149598,44.785348,1.67816904e-04
3,42,0.18224397,45.059763,2.96387114e-04
4,42,0.24299205,45.423838,4.25900393e-04
5,42,0.30373983,45.864570,5.34447948e-04
6,42,0.36448784,45.526353,1.58694271e-04
7,42,0.42523585,44.995256,1.01839254e-04
8,42,0.48598386,45.163284,6.81263431e-04
9,42,0.54673188,45.553727,7.89032913e-04
10,42,0.60747989,46.019452,8.96954658e-04
11,42,0.66822790,46.507251,1.20148600e-03
12,42,0.72897591,45.768992,7.01908987e-04
13,42,0.78972392,44.486434,5.79126718e-04
14,42,0.85047193,44.552042,5.69412677e-03
15,42,0.91121971,45.602763,4.24775114e-03
16,42,0.97196773,46.685515,2.93443354e-03
17,42,1.03271574,47.795935,1.82912726e-03
18,42,1.09346375,48.718888,6.47166119e-04
19,42,1.15421176,48.639918,8.30072589e-04
20,42,1.15421176,48.639918,6.63236366e-05
21,42,1.18458576,48.589416,5.37657559e-05
22,42,1.21495976,48.458555,7.68670220e-04
23,42,1.24533376,48.286073,2.26579578e-03
24,42,1.27570776,48.098877,1.20533181e-03
25,42,1.30608176,47.915739,1.02045867e-03
26,42,1.33645576,47.748338,2.23264167e-03
27,42,1.36682976,47.604536,3.22601416e-04
28,42,1.39720381,47.498739,3.27736632e-03
29,42,1.42757781,47.463183,1.81633112e-03
30,42,1.45795159,47.565904,9.24851169e-04
31,42,1.48832560,47.814609,1.91182084e-04
32,42,1.51869960,48.065351,1.21518627e-06
33,42,1.54907361,48.198176,4.75673706e-05
34,42,1.57944761,48.186668,1.95705004e-05
35,42,1.60982162,48.079584,1.41104661e-04
36,42,1.64019563,47.971743,1.07122441e-04
37,42,1.67056963,47.927156,8.03655624e-04
38,42,1.70094364,47.973600,1.48607836e-03
39,42,1.73131764,48.049360,1.64742578e-03
40,42,1.73131764,48.049360,1.08317658e-03
41,42,1.75279515,47.928170,2.23462415e-03
42,42,1.77427297,47.837072,2.14833892e-03
43,42,1.79575048,47.818014,2.03500258e-03
44,42,1.81722830,47.850263,1.87778793e-03
45,42,1.83870581,47.905022,1.70459696e-03
46,42,1.86018364,47.965092,1.53120973e-03
47,42,1.88166114,48.021208,1.36159473e-03
48,42,1.90313897,48.071205,1.19325101e-03
49,42,1.92461647,48.108690,1.03278251e-03
50,42,1.94609430,48.135462,8.79100538e-04
51,42,1.96757180,48.156973,7.29947705e-04
52,42,1.98904963,48.175078,5.91043954e-04
53,42,2.01052713,48.190790,4.71078589e-04
54,42,2.03200496,48.209410,3.70108562e-04
55,42,2.05348246,48.229030,2.93455871e-04
56,42,2.07496029,48.248792,2.39719720e-04
57,42,2.09643779,48.264730,2.08344951e-04
58,42,2.11791562,48.275306,1.95103341e-04
59,42,2.13939312,48.279768,1.97255766e-04
60,42,2.13939312,48.279768,1.97219390e-04
61,42,2.20382612,47.702028,5.54342057e-04
62,42,2.26825912,47.640966,1.61965039e-03
63,42,2.33269211,48.158050,2.10831622e-03
64,42,2.39712495,48.867383,2.12150832e-03
65,42,2.46155794,48.794881,1.74903154e-04
66,42,2.52599094,48.610262,6.85167076e-05
67,42,2.59042394,48.040020,9.98015217e-05
68,42,2.65485693,47.461413,1.39245381e-04
69,42,2.71928993,46.936363,1.68195366e-04
70,42,2.78372276,46.505812,1.64719602e-04
71,42,2.84815576,46.214137,9.90544610e-05
72,42,2.91258876,45.658818,1.98025287e-04
73,42,2.97702175,44.942810,1.47694451e-04
74,42,3.04145475,45.136714,1.19661442e-04
75,42,3.10588775,44.846931,4.48688294e-05
76,42,3.17032058,44.634019,7.56080271e-05
77,42,3.23475363,44.524499,1.06828427e-04
78,42,3.29918661,44.371198,9.59158340e-05
79,42,3.36361957,44.457759,1.96235072e-07
80,42,3.36361957,44.457740,2.06811199e-05
81,42,3.41622887,44.318530,4.26173052e-04
82,42,3.46883817,44.113851,4.97508439e-04
83,42,3.52144747,44.026534,1.41808006e-03
84,42,3.57405686,44.121797,4.55256643e-03
85,42,3.62666598,44.417916,3.21729399e-03
86,42,3.67927530,44.840803,5.01491151e-03
87,42,3.73188462,44.388463,1.24961947e-04
88,42,3.78449394,44.107830,1.29538313e-04
89,42,3.83710326,44.012583,8.08147973e-05
90,42,3.88971258,44.265309,9.89735495e-06
91,42,3.94232191,44.692380,4.59482105e-06
92,42,3.99493123,45.194371,4.49886199e-06
93,42,4.04754055,45.752868,5.25471754e-06
94,42,4.10014987,46.349818,6.36937022e-06
95,42,4.15275899,46.967430,7.07669157e-06
96,42,4.20536831,47.586034,6.82995564e-06
97,42,4.25797763,48.160004,5.29671469e-06
98,42,4.31058696,48.204701,4.14777978e-04
99,42,4.36319628,48.008729,9.14581887e-04
0,43,0.00000000,44.459044,6.18809916e-05
1,43,0.06074799,44.613329,7.27725719e-05
2,43,0.12149598,45.069687,3.38084090e-04
3,43,0.18224397,45.596193,5.13735495e-04
4,43,0.24299205,45.972935,5.02937646e-04
5,43,0.30373983,45.925633,2.99538880e-04
6,43,0.36448784,46.370619,6.20391673e-04
7,43,0.42523585,46.568384,1.86554554e-04
8,43,0.48598386,46.559520,1.09683940e-04
9,43,0.54673188,46.751535,6.02001663e-05
10,43,0.60747989,47.089305,1.21076153e-05
11,43,0.66822790,47.186019,7.24399024e-05
12,43,0.72897591,47.334428,5.92906227e-04
13,43,0.78972392,48.051762,7.27369769e-04
14,43,0.85047193,48.711448,1.65528246e-04
15,43,0.91121971,48.943142,5.00020230e-04
16,43,0.97196773,48.988188,5.93762720e-04
17,43,1.03271574,48.881537,2.72053582e-04
18,43,1.09346375,48.718888,1.40047344e-03
19,43,1.15421176,48.639918,1.46805466e-03
20,43,1.15421176,48.639918,2.23189273e-03
21,43,1.18458576,48.589416,2.32425136e-03
22,43,1.21495976,48.458555,1.81616501e-03
23,43,1.24533376,48.286073,5.96261959e-04
24,43,1.27570776,48.098877,1.95158850e-03
25,43,1.30608176,47.915739,2.41359144e-03
26,43,1.33645576,47.748338,1.42107613e-03
27,43,1.36682976,47.604536,3.42869736e-03
28,43,1.39720381,47.498739,3.19814811e-04
29,43,1.42757781,47.463183,1.00589932e-03
30,43,1.45795159,47.565905,2.80148702e-04
31,43,1.48832560,47.814609,4.01318004e-05
32,43,1.51869960,48.065352,4.43152886e-05
33,43,1.54907361,48.198177,2.76231502e-06
34,43,1.57944761,48.186668,7.12460961e-05
35,43,1.60982162,48.079585,4.54824553e-05
36,43,1.64019563,47.971745,3.49940077e-04
37,43,1.67056963,47.927156,2.12265910e-04
38,43,1.70094364,47.973600,2.98788667e-04
39,43,1.73131764,48.049360,8.97751930e-04
40,43,1.73131764,48.049360,1.46197631e-03
41,43,1.75279515,48.142144,7.81666826e-04
42,43,1.77427297,48.280583,1.28495502e-03
43,43,1.79575048,48.412201,1.73424695e-03
44,43,1.81722830,48.514945,1.45035295e-03
45,43,1.83870581,48.620451,1.27325489e-03
46,43,1.86018364,48.735407,1.16122423e-03
47,43,1.88166114,48.859852,1.07745828e-03
48,43,1.90313897,48.992590,1.00446827e-03
49,43,1.92461647,49.131387,9.41598037e-04
50,43,1.94609430,49.276455,8.82910771e-04
51,43,1.96757180,49.362592,1.12550045e-04
52,43,1.98904963,49.207711,1.30091212e-04
53,43,2.01052713,49.067574,1.53159551e-04
54,43,2.03200496,48.953401,1.84029603e-04
55,43,2.05348246,48.862629,2.22425621e-04
56,43,2.07496029,48.795390,2.68262576e-04
57,43,2.09643779,48.747971,3.22758381e-04
58,43,2.11791562,48.720047,3.85857456e-04
59,43,2.13939312,48.715449,4.64494581e-04
60,43,2.13939312,48.715449,4.64530475e-04
61,43,2.20382612,48.947226,5.83526838e-04
62,43,2.26825912,49.019375,7.98888206e-04
63,43,2.33269211,48.783342,7.85143130e-04
64,43,2.39712495,48.884492,3.19162460e-04
65,43,2.46155794,49.052505,7.72346674e-05
66,43,2.52599094,48.622085,6.96146695e-05
67,43,2.59042394,48.356829,1.15611521e-05
68,43,2.65485693,48.019840,3.78620178e-06
69,43,2.71928993,47.602136,2.15413192e-05
70,43,2.78372276,47.125805,4.28114108e-05
71,43,2.84815576,46.426818,3.60840797e-04
72,43,2.91258876,46.108510,5.61314547e-05
73,43,2.97702175,45.625512,4.61188147e-05
74,43,3.04145475,45.330376,2.12675551e-04
75,43,3.10588775,45.629906,1.67561938e-03
76,43,3.17032058,45.167563,1.16601878e-03
77,43,3.23475363,44.805446,6.14939492e-04
78,43,3.29918661,44.481331,1.22337229e-04
79,43,3.36361957,44.458258,4.43098035e-05
80,43,3.36361957,44.458312,3.89478170e-05
81,43,3.41622887,44.318835,3.07344638e-04
82,43,3.46883817,44.266707,3.48178999e-05
83,43,3.52144747,44.170710,3.96330433e-05
84,43,3.57405686,44.121797,3.64814444e-04
85,43,3.62666598,44.417917,2.98341435e-03
86,43,3.67927530,44.840804,1.24004029e-03
87,43,3.73188462,45.327068,5.13131290e-03
88,43,3.78449394,45.843542,3.40242883e-03
89,43,3.83710326,46.365212,4.07933057e-03
90,43,3.88971258,46.872028,8.09078228e-05
91,43,3.94232191,47.343085,2.25890282e-03
92,43,3.99493123,47.759554,2.94877504e-04
93,43,4.04754055,48.127265,8.44815293e-05
94,43,4.10014987,48.402072,7.20403807e-04
95,43,4.15275899,48.576600,4.08357660e-04
96,43,4.20536831,48.627761,4.73591333e-05
97,43,4.25797763,48.488878,6.20621342e-07
98,43,4.31058696,48.204702,2.15172598e-04
99,43,4.36319628,48.008729,4.46640078e-04
0,44,0.00000000,44.550056,5.20532254e-06
1,44,0.06074799,44.635952,1.14065163e-04
2,44,0.12149598,45.206781,7.83758078e-04
3,44,0.18224397,45.824997,2.03139599e-03
4,44,0.24299205,46.397748,2.34622845e-03
5,44,0.30373983,46.846824,2.98979365e-04
6,44,0.36448784,46.757925,4.87567312e-05
7,44,0.42523585,46.568510,8.22843354e-05
8,44,0.48598386,46.559523,2.70469822e-04
9,44,0.54673188,46.751536,3.95447661e-04
10,44,0.60747989,47.089310,4.51796750e-04
11,44,0.66822790,47.514828,2.73778911e-04
12,44,0.72897591,47.953723,1.50211918e-04
13,44,0.78972392,48.370028,3.50620325e-04
14,44,0.85047193,48.711448,2.91516298e-04
15,44,0.91121971,48.943143,1.42475675e-04
16,44,0.97196773,48.988188,4.05244773e-04
17,44,1.03271574,48.881537,1.23908347e-03
18,44,1.09346375,48.921605,9.70852590e-04
19,44,1.15421176,50.046804,5.22027271e-04
20,44,1.15421176,50.046804,5.80176225e-04
21,44,1.18458576,50.095754,6.59539431e-04
22,44,1.21495976,50.220610,7.84869781e-05
23,44,1.24533376,50.380543,3.86807429e-04
24,44,1.27570776,50.537695,3.00555050e-04
25,44,1.30608176,50.666232,1.92753993e-04
26,44,1.33645576,50.745024,9.31570969e-05
27,44,1.36682976,50.755553,3.10529991e-05
28,44,1.39720381,50.698412,1.43229088e-04
29,44,1.42757781,50.580230,7.47292948e-05
30,44,1.45795159,50.421775,1.54600158e-04
31,44,1.48832560,50.260221,9.69783656e-05
32,44,1.51869960,50.140707,3.61167894e-04
33,44,1.54907361,50.041465,4.47957517e-04
34,44,1.57944761,49.722123,1.77401903e-03
35,44,1.60982162,49.347957,1.47134481e-03
36,44,1.64019563,48.993232,1.71963183e-03
37,44,1.67056963,48.672136,1.98176227e-03
38,44,1.70094364,48.402631,1.85833282e-03
39,44,1.73131764,48.257026,4.20928794e-04
40,44,1.73131764,48.257026,1.34925581e-03
41,44,1.75279515,48.305315,9.24911352e-04
42,44,1.77427297,48.377481,4.73830789e-04
43,44,1.79575048,48.502381,4.26303064e-05
44,44,1.81722830,48.691633,3.05881927e-04
45,44,1.83870581,48.905119,4.30507773e-04
46,44,1.86018364,49.130614,4.69356661e-04
47,44,1.88166114,49.362954,4.67175964e-04
48,44,1.90313897,49.597754,4.44600947e-04
49,44,1.92461647,49.671844,1.54663645e-04
50,44,1.94609430,49.526633,1.03165736e-04
51,44,1.96757180,49.420319,8.22109591e-04
52,44,1.98904963,49.562115,7.60667956e-04
53,44,2.01052713,49.697795,6.94215946e-04
54,44,2.03200496,49.822698,6.23593876e-04
55,44,2.05348246,49.931628,5.47356840e-04
56,44,2.07496029,50.022194,4.63137980e-04
57,44,2.09643779,50.085770,3.83855412e-04
58,44,2.11791562,50.123838,3.08644559e-04
59,44,2.13939312,50.139678,2.39549727e-04
60,44,2.13939312,50.139721,2.38705096e-04
61,44,2.20382612,49.927362,2.78205876e-04
62,44,2.26825912,49.539610,3.15883882e-04
63,44,2.33269211,49.213608,3.27932865e-04
64,44,2.39712495,48.972073,2.79760650e-04
65,44,2.46155794,49.603562,1.88390640e-03
66,44,2.52599094,49.944824,1.97709594e-03
67,44,2.59042394,49.611399,2.08667385e-03
68,44,2.65485693,48.853988,4.81642199e-04
69,44,2.71928993,48.024207,4.56175306e-04
70,44,2.78372276,47.207839,3.99777081e-04
71,44,2.84815576,46.616121,5.51461857e-05
72,44,2.91258876,46.124360,1.35147364e-04
73,44,2.97702175,46.226066,6.33375264e-05
74,44,3.04145475,46.155538,2.03605901e-03
75,44,3.10588775,45.801523,3.15282428e-04
76,44,3.17032058,45.267601,4.35662364e-04
77,44,3.23475363,44.809150,4.70129908e-04
78,44,3.29918661,44.551386,2.11129639e-04
79,44,3.36361957,44.550056,1.93654641e-05
80,44,3.36361957,44.550056,5.39375848e-06
81,44,3.41622887,44.492681,1.18773442e-04
82,44,3.46883817,44.797075,5.88564435e-05
83,44,3.52144747,45.308831,2.86532404e-05
84,44,3.57405686,45.834350,1.17810524e-06
85,44,3.62666598,45.510294,6.21134985e-05
86,44,3.67927530,44.863711,1.02059357e-04
87,44,3.73188462,45.327074,6.93499411e-04
88,44,3.78449394,45.843552,1.81914112e-03
89,44,3.83710326,46.365212,4.56329077e-04
90,44,3.88971258,46.872030,3.74106939e-03
91,44,3.94232191,47.343086,8.50218193e-04
92,44,3.99493123,47.759558,2.12911962e-03
93,44,4.04754055,48.127265,1.72434687e-03
94,44,4.10014987,48.402073,4.88088037e-04
95,44,4.15275899,48.576601,2.16051028e-04
96,44,4.20536831,48.627762,9.93955401e-05
97,44,4.25797763,48.488878,3.97193693e-05
98,44,4.31058696,48.598220,2.27265588e-06
99,44,4.36319628,48.771833,3.48105704e-07
0,45,0.00000000,44.550161,5.75130151e-05
1,45,0.06074799,44.776612,6.93683251e-04
2,45,0.12149598,45.267967,1.90619827e-03
3,45,0.18224397,45.825112,3.48290424e-04
4,45,0.24299205,46.399179,1.27690618e-05
5,45,0.30373983,46.850970,1.21772245e-03
6,45,0.36448784,46.759207,2.38721807e-04
7,45,0.42523585,46.932438,6.52654865e-04
8,45,0.48598386,47.542188,6.62132115e-04
9,45,0.54673188,48.193766,6.42897178e-04
10,45,0.60747989,48.126111,2.76826693e-04
11,45,0.66822790,47.514829,1.58544029e-04
12,45,0.72897591,47.953738,2.43543563e-04
13,45,0.78972392,48.370028,4.00072450e-05
14,45,0.85047193,48.849783,7.77181543e-04
15,45,0.91121971,49.705009,8.14474859e-04
16,45,0.97196773,50.584141,8.49232210e-04
17,45,1.03271574,51.462967,8.83750073e-04
18,45,1.09346375,51.141597,6.16901005e-05
19,45,1.15421176,50.046805,2.36718429e-04
20,45,1.15421176,50.046806,1.78745131e-04
21,45,1.18458576,50.095754,4.65422111e-05
22,45,1.21495976,50.220610,5.01323845e-04
23,45,1.24533376,50.380545,4.86265739e-05
24,45,1.27570776,50.537698,1.08140982e-05
25,45,1.30608176,50.666234,3.82162491e-05
26,45,1.33645576,50.745033,1.08456018e-04
27,45,1.36682976,50.755586,1.82579353e-04
28,45,1.39720381,50.698491,1.02499768e-04
29,45,1.42757781,50.580293,2.03586741e-04
30,45,1.45795159,50.421779,1.49510337e-04
31,45,1.48832560,50.260232,2.43794704e-04
32,45,1.51869960,50.140786,1.49824354e-04
33,45,1.54907361,50.041620,1.26600831e-03
34,45,1.57944761,49.722144,5.76394170e-04
35,45,1.60982162,49.347959,8.95163329e-04
36,45,1.64019563,48.993237,6.10036815e-04
37,45,1.67056963,48.672137,2.34691150e-04
38,45,1.70094364,48.402631,6.48667352e-05
39,45,1.73131764,48.257027,9.45360992e-04
40,45,1.73131764,48.257026,1.71286996e-05
41,45,1.75279515,48.328372,8.27523617e-05
42,45,1.77427297,48.477299,2.23214550e-04
43,45,1.79575048,48.650464,3.13783578e-04
44,45,1.81722830,48.839018,3.86677841e-04
45,45,1.83870581,49.038490,4.54732920e-04
46,45,1.86018364,49.245429,5.18151879e-04
47,45,1.88166114,49.454532,5.65058696e-04
48,45,1.90313897,49.644383,5.12282388e-04
49,45,1.92461647,49.831030,4.08526236e-04
50,45,1.94609430,50.057481,3.66109317e-04
51,45,1.96757180,50.270057,3.25022496e-04
52,45,1.98904963,50.462462,2.85766504e-04
53,45,2.01052713,50.626555,2.50695082e-04
54,45,2.03200496,50.765493,2.27191932e-04
55,45,2.05348246,50.882684,2.06588149e-04
56,45,2.07496029,50.987595,1.89202726e-04
57,45,2.09643779,51.087292,1.67242901e-04
58,45,2.11791562,51.180334,1.11737016e-04
59,45,2.13939312,51.233653,3.65438794e-05
60,45,2.13939312,51.235037,3.79868710e-05
61,45,2.20382612,50.826994,7.52563562e-04
62,45,2.26825912,50.504114,3.82353438e-04
63,45,2.33269211,50.374302,2.12272900e-04
64,45,2.39712495,50.120158,2.14765060e-04
65,45,2.46155794,50.054155,3.01965698e-04
66,45,2.52599094,50.093147,9.75605183e-04
67,45,2.59042394,49.631560,4.53961163e-04
68,45,2.65485693,49.237148,2.18036932e-03
69,45,2.71928993,48.807088,2.26548264e-03
70,45,2.78372276,48.331437,2.33189540e-03
71,45,2.84815576,47.816182,2.36961645e-03
72,45,2.91258876,47.271961,2.35116543e-03
73,45,2.97702175,46.711975,2.24952994e-03
74,45,3.04145475,46.361744,2.12227522e-04
75,45,3.10588775,46.007098,1.09625116e-04
76,45,3.17032058,45.493283,9.50127767e-05
77,45,3.23475363,44.890865,1.54687281e-04
78,45,3.29918661,44.577434,1.35755792e-04
79,45,3.36361957,44.550223,2.36864946e-05
80,45,3.36361957,44.550132,5.16486111e-05
81,45,3.41622887,44.737081,1.17943247e-04
82,45,3.46883817,45.159185,9.30637689e-05
83,45,3.52144747,45.690821,8.43150151e-05
84,45,3.57405686,46.292325,5.69440586e-05
85,45,3.62666598,46.805112,4.41949739e-05
86,45,3.67927530,47.542549,2.61209967e-05
87,45,3.73188462,48.349262,1.86192817e-05
88,45,3.78449394,48.854125,5.66662842e-05
89,45,3.83710326,48.956891,5.65597577e-06
90,45,3.88971258,49.143436,1.22674943e-05
91,45,3.94232191,49.423121,4.01824807e-07
92,45,3.99493123,49.791332,1.12108580e-05
93,45,4.04754055,50.236780,6.03770465e-06
94,45,4.10014987,50.716217,1.11401646e-04
95,45,4.15275899,51.182695,3.63578454e-04
96,45,4.20536831,51.596755,8.77362927e-04
97,45,4.25797763,51.904576,6.30799349e-04
98,45,4.31058696,52.095108,1.35033469e-03
99,45,4.36319628,51.996956,5.75975257e-05
0,46,0.00000000,44.550637,5.52973297e-06
1,46,0.06074799,44.776709,5.95972519e-04
2,46,0.12149598,45.268009,1.77115785e-04
3,46,0.18224397,46.275984,6.97950104e-04
4,46,0.24299205,46.862179,1.80535908e-03
5,46,0.30373983,47.352417,1.47772423e-03
6,46,0.36448784,47.930114,2.59897689e-03
7,46,0.42523585,48.556626,3.26497645e-04
8,46,0.48598386,49.041937,1.51181975e-04
9,46,0.54673188,48.757037,2.20813623e-04
10,46,0.60747989,48.881408,5.93094282e-04
11,46,0.66822790,49.603934,5.41568942e-04
12,46,0.72897591,50.345215,4.78453455e-04
13,46,0.78972392,51.096425,4.04216648e-04
14,46,0.85047193,51.829430,3.40283861e-04
15,46,0.91121971,52.463413,2.82917292e-04
16,46,0.97196773,52.683810,1.68354105e-04
17,46,1.03271574,52.119455,1.63633649e-05
18,46,1.09346375,52.318586,9.16124884e-04
19,46,1.15421176,53.091118,1.07300963e-03
20,46,1.15421176,53.091065,1.13374063e-04
21,46,1.18458576,53.088025,1.72686972e-03
22,46,1.21495976,53.077568,1.00186488e-03
23,46,1.24533376,53.058452,1.21662756e-03
24,46,1.27570776,53.014910,2.38379278e-04
25,46,1.30608176,52.933056,7.99896192e-04
26,46,1.33645576,52.786067,5.81927109e-04
27,46,1.36682976,52.551818,5.53550636e-04
28,46,1.39720381,52.233899,1.63378788e-03
29,46,1.42757781,51.857097,1.52349959e-03
30,46,1.45795159,51.448350,1.08435133e-03
31,46,1.48832560,51.030393,1.78948706e-03
32,46,1.51869960,50.617408,1.31131655e-03
33,46,1.54907361,50.315107,4.30379840e-04
34,46,1.57944761,50.379882,5.24677871e-06
35,46,1.60982162,50.588433,1.92498181e-05
36,46,1.64019563,50.808839,6.61750578e-05
37,46,1.67056963,50.988841,6.24576165e-05
38,46,1.70094364,51.103920,7.27551309e-05
39,46,1.73131764,51.147692,8.16215292e-06
40,46,1.73131764,51.147682,3.68690207e-05
41,46,1.75279515,51.032106,1.15561572e-04
42,46,1.77427297,50.905908,1.05858998e-04
43,46,1.79575048,50.767454,9.88778452e-05
44,46,1.81722830,50.618538,9.65898373e-05
45,46,1.83870581,50.460623,9.94229016e-05
46,46,1.86018364,50.295620,1.11061256e-04
47,46,1.88166114,50.128099,1.41315893e-04
48,46,1.90313897,49.979741,2.70360859e-04
49,46,1.92461647,49.994784,7.09690948e-04
50,46,1.94609430,50.188293,8.36671120e-04
51,46,1.96757180,50.403319,8.99096956e-04
52,46,1.98904963,50.615476,9.55002397e-04
53,46,2.01052713,50.815055,9.96546911e-04
54,46,2.03200496,50.991368,1.03069455e-03
55,46,2.05348246,51.136124,1.06255645e-03
56,46,2.07496029,51.245677,1.05227115e-03
57,46,2.09643779,51.317426,1.05914411e-03
58,46,2.11791562,51.357790,1.04694593e-03
59,46,2.13939312,51.371305,1.03565052e-03
60,46,2.13939312,51.371428,1.04069214e-03
61,46,2.20382612,50.833036,5.72027430e-04
62,46,2.26825912,50.527420,9.38653473e-04
63,46,2.33269211,50.442787,1.36525569e-03
64,46,2.39712495,50.374032,1.66554981e-03
65,46,2.46155794,50.208832,1.85489730e-03
66,46,2.52599094,50.113037,3.74273280e-04
67,46,2.59042394,49.950751,1.65627597e-04
68,46,2.65485693,49.537434,2.02443194e-05
69,46,2.71928993,49.059840,5.73821821e-07
70,46,2.78372276,48.552491,1.47868181e-05
71,46,2.84815576,48.026381,4.55250296e-05
72,46,2.91258876,47.482047,8.69921920e-05
73,46,2.97702175,46.924748,1.42284592e-04
74,46,3.04145475,46.426977,6.11463974e-06
75,46,3.10588775,46.089706,3.47123642e-05
76,46,3.17032058,46.344884,3.92463078e-05
77,46,3.23475363,45.662277,4.32662465e-05
78,46,3.29918661,44.939181,6.01118313e-05
79,46,3.36361957,44.551926,2.27191382e-05
80,46,3.36361957,44.551392,2.11702956e-05
81,46,3.41622887,44.737548,4.60722809e-05
82,46,3.46883817,45.159287,6.99633770e-05
83,46,3.52144747,45.691273,2.50368777e-05
84,46,3.57405686,46.292491,1.04547231e-05
85,46,3.62666598,46.949654,2.32237318e-05
86,46,3.67927530,47.649915,4.29415577e-05
87,46,3.73188462,48.380319,7.94058802e-05
88,46,3.78449394,48.891322,2.04518277e-05
89,46,3.83710326,48.958420,2.63753546e-05
90,46,3.88971258,49.144039,9.31780506e-06
91,46,3.94232191,49.423268,1.89683767e-05
92,46,3.99493123,49.791584,1.11864822e-05
93,46,4.04754055,50.236802,3.59031912e-05
94,46,4.10014987,50.716233,2.50940326e-05
95,46,4.15275899,51.182752,5.17935290e-05
96,46,4.20536831,51.597436,1.19598859e-04
97,46,4.25797763,51.906408,1.25850777e-03
98,46,4.31058696,52.122218,1.47085414e-03
99,46,4.36319628,52.161236,5.12534812e-04
0,47,0.00000000,45.906459,2.55923088e-03
1,47,0.06074799,45.973595,2.99913472e-03
2,47,0.12149598,46.160084,2.67942781e-03
3,47,0.18224397,46.461124,2.23841193e-03
4,47,0.24299205,47.464320,3.61082363e-04
5,47,0.30373983,47.612756,9.77336998e-04
6,47,0.36448784,47.954030,5.83296592e-04
7,47,0.42523585,48.607183,2.29579742e-03
8,47,0.48598386,49.301816,1.64127548e-03
9,47,0.54673188,50.075262,6.07432469e-04
10,47,0.60747989,50.849673,8.08312800e-04
11,47,0.66822790,51.644705,1.28547139e-04
12,47,0.72897591,52.267156,2.33900443e-04
13,47,0.78972392,52.563690,7.67925616e-05
14,47,0.85047193,53.012464,7.45644611e-05
15,47,0.91121971,53.523490,2.02789259e-04
16,47,0.97196773,54.102715,2.06935716e-04
17,47,1.03271574,54.083951,9.50866050e-04
18,47,1.09346375,53.701802,9.30955036e-04
19,47,1.15421176,53.091830,7.92317966e-04
20,47,1.15421176,53.091198,1.75873148e-03
21,47,1.18458576,53.088239,1.48018804e-04
22,47,1.21495976,53.077953,9.02068218e-04
23,47,1.24533376,53.059403,7.05101157e-04
24,47,1.27570776,53.015403,1.72547074e-03
25,47,1.30608176,52.936641,1.18662832e-03
26,47,1.33645576,52.792725,1.43169476e-03
27,47,1.36682976,52.553536,1.42690567e-03
28,47,1.39720381,52.236382,3.11372364e-04
29,47,1.42757781,51.859958,4.04764793e-04
30,47,1.45795159,51.448639,8.45137785e-04
31,47,1.48832560,51.030422,1.40998150e-04
32,47,1.51869960,50.617476,4.80032458e-04
33,47,1.54907361,50.315138,1.66554071e-04
34,47,1.57944761,50.379900,1.04666527e-05
35,47,1.60982162,50.588557,2.38550942e-05
36,47,1.64019563,50.809113,1.80450668e-05
37,47,1.67056963,50.988893,5.51935016e-05
38,47,1.70094364,51.103929,6.70251996e-05
39,47,1.73131764,51.147860,1.40888438e-04
40,47,1.73131764,51.147746,1.11747002e-04
41,47,1.75279515,51.245262,2.91091977e-05
42,47,1.77427297,51.330826,3.71109936e-05
43,47,1.79575048,51.399449,4.61614873e-05
44,47,1.81722830,51.457887,5.46301728e-05
45,47,1.83870581,51.502681,6.26836441e-05
46,47,1.86018364,51.534060,7.21931267e-05
47,47,1.88166114,51.553967,8.13812577e-05
48,47,1.90313897,51.561503,9.14473552e-05
49,47,1.92461647,51.565652,1.00725053e-04
50,47,1.94609430,51.564812,1.11545400e-04
51,47,1.96757180,51.569505,1.22044528e-04
52,47,1.98904963,51.581183,1.36278532e-04
53,47,2.01052713,51.597238,1.53970288e-04
54,47,2.03200496,51.609172,1.78078440e-04
55,47,2.05348246,51.607703,1.89444659e-04
56,47,2.07496029,51.580322,2.15702646e-04
57,47,2.09643779,51.524715,2.56523201e-04
58,47,2.11791562,51.451805,3.14009723e-04
59,47,2.13939312,51.407179,3.78061492e-04
60,47,2.13939312,51.407420,3.68350905e-04
61,47,2.20382612,52.305661,1.15250204e-04
62,47,2.26825912,52.662135,5.82065920e-05
63,47,2.33269211,52.372609,1.05180619e-05
64,47,2.39712495,51.868753,4.31912262e-05
65,47,2.46155794,51.447228,2.21997006e-04
66,47,2.52599094,51.328163,9.96343608e-04
67,47,2.59042394,51.683242,1.74908690e-04
68,47,2.65485693,50.973205,1.88808058e-05
69,47,2.71928993,50.256470,1.35297153e-05
70,47,2.78372276,49.551677,1.43903283e-05
71,47,2.84815576,48.866999,1.39244790e-05
72,47,2.91258876,48.203291,1.25901118e-05
73,47,2.97702175,47.571720,1.95879224e-05
74,47,3.04145475,47.091598,4.58829251e-05
75,47,3.10588775,47.428124,1.54480861e-05
76,47,3.17032058,47.397818,1.46191046e-05
77,47,3.23475363,47.339785,1.90008716e-03
78,47,3.29918661,46.324890,7.17027761e-04
79,47,3.36361957,45.906459,5.45048939e-04
80,47,3.36361957,45.906459,1.31332126e-03
81,47,3.41622887,46.279766,3.38335507e-03
82,47,3.46883817,46.990750,3.49878783e-04
83,47,3.52144747,47.484642,8.59070756e-05
84,47,3.57405686,46.615087,8.70055771e-05
85,47,3.62666598,46.950211,2.90421169e-05
86,47,3.67927530,47.649954,2.18843553e-05
87,47,3.73188462,48.403256,3.74133937e-05
88,47,3.78449394,49.170716,3.01569134e-05
89,47,3.83710326,49.939385,3.42751748e-05
90,47,3.88971258,50.589750,1.69507584e-05
91,47,3.94232191,51.127829,1.50352983e-05
92,47,3.99493123,51.648099,2.42944583e-05
93,47,4.04754055,51.990652,4.99121487e-06
94,47,4.10014987,52.351192,2.74629495e-06
95,47,4.15275899,52.647572,4.15034889e-07
96,47,4.20536831,52.785129,1.15448233e-05
97,47,4.25797763,52.510153,3.82023557e-05
98,47,4.31058696,52.154456,1.07024291e-05
99,47,4.36319628,52.168843,2.65402510e-03
