k_index,band_index,k_distance,energy_eV,weight
0,0,0.00000000,-12.174008,8.56714697e-05
1,0,0.06074799,-12.161831,1.09238078e-04
2,0,0.12149598,-12.125518,9.03141507e-04
3,0,0.18224397,-12.065039,2.43862120e-03
4,0,0.24299205,-11.980516,4.66347317e-03
5,0,0.30373983,-11.871987,7.50264868e-03
6,0,0.36448784,-11.739760,1.08658522e-02
7,0,0.42523585,-11.583992,1.46432849e-02
8,0,0.48598386,-11.404888,1.87130285e-02
9,0,0.54673188,-11.202855,2.29470279e-02
10,0,0.60747989,-10.978205,2.72107202e-02
11,0,0.66822790,-10.731338,3.13689690e-02
12,0,0.72897591,-10.462806,3.52947584e-02
13,0,0.78972392,-10.173086,3.88663596e-02
14,0,0.85047193,-9.862951,4.19739044e-02
15,0,0.91121971,-9.532994,4.45208315e-02
16,0,0.97196773,-9.184204,4.64389734e-02
17,0,1.03271574,-8.817441,4.76733451e-02
18,0,1.09346375,-8.433770,4.81918469e-02
19,0,1.15421176,-8.034362,9.87387975e-02
20,0,1.15421176,-8.034362,9.87387646e-02
21,0,1.18458576,-8.033320,9.79464353e-02
22,0,1.21495976,-8.030216,9.58867263e-02
23,0,1.24533376,-8.025095,9.25077354e-02
24,0,1.27570776,-8.018102,8.80437231e-02
25,0,1.30608176,-8.009363,8.25418449e-02
26,0,1.33645576,-7.999066,7.61153789e-02
27,0,1.36682976,-7.987477,6.91650099e-02
28,0,1.39720381,-7.974810,6.18531874e-02
29,0,1.42757781,-7.961386,5.38273759e-02
30,0,1.45795159,-7.947528,4.77202039e-02
31,0,1.48832560,-7.933662,3.96964250e-02
32,0,1.51869960,-7.920150,3.19901792e-02
33,0,1.54907361,-7.907380,2.40476600e-02
34,0,1.57944761,-7.895736,1.63217274e-02
35,0,1.60982162,-7.885624,1.21502924e-02
36,0,1.64019563,-7.877365,2.29690563e-02
37,0,1.67056963,-7.871244,3.57016334e-02
38,0,1.70094364,-7.867476,4.10808243e-02
39,0,1.73131764,-7.866182,4.19749718e-02
40,0,1.73131764,-7.866182,4.19747488e-02
41,0,1.75279515,-7.924879,2.22830878e-02
42,0,1.77427297,-7.980461,2.21269863e-02
43,0,1.79575048,-8.032927,2.19725157e-02
44,0,1.81722830,-8.082250,2.18216145e-02
45,0,1.83870581,-8.128431,2.16748679e-02
46,0,1.86018364,-8.171462,2.15332629e-02
47,0,1.88166114,-8.211334,2.13977662e-02
48,0,1.90313897,-8.248035,2.12694060e-02
49,0,1.92461647,-8.281571,2.11486419e-02
50,0,1.94609430,-8.311938,2.10371791e-02
51,0,1.96757180,-8.339113,2.09341542e-02
52,0,1.98904963,-8.363101,2.08409512e-02
53,0,2.01052713,-8.383910,2.07572959e-02
54,0,2.03200496,-8.401513,2.06852772e-02
55,0,2.05348246,-8.415920,2.06245045e-02
56,0,2.07496029,-8.427121,2.05751408e-02
57,0,2.09643779,-8.435128,2.05377786e-02
58,0,2.11791562,-8.439933,2.05124139e-02
59,0,2.13939312,-8.441535,2.04992834e-02
60,0,2.13939312,-8.441535,2.04992787e-02
61,0,2.20382612,-8.639944,8.89615676e-03
62,0,2.26825912,-8.879154,2.34184462e-03
63,0,2.33269211,-9.149303,7.27518919e-05
64,0,2.39712495,-9.438544,5.94584845e-04
65,0,2.46155794,-9.736095,2.47034302e-03
66,0,2.52599094,-10.033039,4.66646778e-03
67,0,2.59042394,-10.322529,6.56658934e-03
68,0,2.65485693,-10.599298,7.86755372e-03
69,0,2.71928993,-10.859598,8.47163426e-03
70,0,2.78372276,-11.100614,8.41076012e-03
71,0,2.84815576,-11.320138,7.78803022e-03
72,0,2.91258876,-11.516590,6.74678068e-03
73,0,2.97702175,-11.688792,5.44660858e-03
74,0,3.04145475,-11.835792,4.04756008e-03
75,0,3.10588775,-11.956914,2.70040477e-03
76,0,3.17032058,-12.051610,1.53713983e-03
77,0,3.23475363,-12.119498,6.65866507e-04
78,0,3.29918661,-12.160320,1.66214487e-04
79,0,3.36361957,-12.174008,8.56714627e-05
80,0,3.36361957,-12.174008,8.56714734e-05
81,0,3.41622887,-12.164855,8.56147212e-05
82,0,3.46883817,-12.137635,8.53097947e-05
83,0,3.52144747,-12.092341,8.47440822e-05
84,0,3.57405686,-12.029118,8.38959725e-05
85,0,3.62666598,-11.948130,8.27512598e-05
86,0,3.67927530,-11.849741,8.12349906e-05
87,0,3.73188462,-11.734281,7.93098719e-05
88,0,3.78449394,-11.602234,7.69061844e-05
89,0,3.83710326,-11.454415,7.39371442e-05
90,0,3.88971258,-11.291718,7.02930329e-05
91,0,3.94232191,-11.115499,6.58354084e-05
92,0,3.99493123,-10.927719,6.03923036e-05
93,0,4.04754055,-10.731246,5.37514866e-05
94,0,4.10014987,-10.530251,4.57126057e-05
95,0,4.15275899,-10.331492,3.61031889e-05
96,0,4.20536831,-10.145155,2.50688476e-05
97,0,4.25797763,-9.986820,1.35423351e-05
98,0,4.31058696,-9.877355,3.97552988e-06
99,0,4.36319628,-9.837738,6.48981646e-09
0,1,0.00000000,-0.221237,3.56930025e-07
1,1,0.06074799,-0.304028,4.60695547e-04
2,1,0.12149598,-0.533108,1.64284725e-03
3,1,0.18224397,-0.861308,3.27888655e-03
4,1,0.24299205,-1.249585,5.22976158e-03
5,1,0.30373983,-1.673052,7.45882223e-03
6,1,0.36448784,-2.117453,9.96871702e-03
7,1,0.42523585,-2.574406,1.27687172e-02
8,1,0.48598386,-3.038851,1.58615422e-02
9,1,0.54673188,-3.507869,1.92270392e-02
10,1,0.60747989,-3.979083,2.28295935e-02
11,1,0.66822790,-4.451056,2.66199032e-02
12,1,0.72897591,-4.921378,3.04942055e-02
13,1,0.78972392,-5.388366,3.43623468e-02
14,1,0.85047193,-5.851013,3.80951858e-02
15,1,0.91121971,-6.307241,4.15785932e-02
16,1,0.97196773,-6.755448,4.46931160e-02
17,1,1.03271574,-7.193728,4.73248425e-02
18,1,1.09346375,-7.620536,4.93770163e-02
19,1,1.15421176,-8.034362,1.96601465e-05
20,1,1.15421176,-8.034362,1.96998955e-05
21,1,1.18458576,-8.033320,6.34835757e-04
22,1,1.21495976,-8.030216,2.10105834e-03
23,1,1.24533376,-8.025095,4.48080732e-03
24,1,1.27570776,-8.018102,7.54570901e-03
25,1,1.30608176,-8.009363,1.12711689e-02
26,1,1.33645576,-7.999066,1.55699796e-02
27,1,1.36682976,-7.987477,2.00739292e-02
28,1,1.39720381,-7.974810,2.46679969e-02
29,1,1.42757781,-7.961386,2.97572221e-02
30,1,1.45795159,-7.947528,3.27720935e-02
31,1,1.48832560,-7.933662,3.76320331e-02
32,1,1.51869960,-7.920150,4.21885534e-02
33,1,1.54907361,-7.907380,4.70937586e-02
34,1,1.57944761,-7.895736,5.20007799e-02
35,1,1.60982162,-7.885624,5.36753307e-02
36,1,1.64019563,-7.877365,4.07844808e-02
37,1,1.67056963,-7.871244,2.64941340e-02
38,1,1.70094364,-7.867476,2.01422145e-02
39,1,1.73131764,-7.866182,1.89073588e-02
40,1,1.73131764,-7.866182,1.89075843e-02
41,1,1.75279515,-7.808596,3.64523536e-02
42,1,1.77427297,-7.756296,3.46461647e-02
43,1,1.79575048,-7.709236,3.30441492e-02
44,1,1.81722830,-7.667276,3.16574621e-02
45,1,1.83870581,-7.630209,3.04862972e-02
46,1,1.86018364,-7.597762,2.95218838e-02
47,1,1.88166114,-7.569606,2.87482002e-02
48,1,1.90313897,-7.545351,2.81434847e-02
49,1,1.92461647,-7.524711,2.76867481e-02
50,1,1.94609430,-7.507363,2.73514726e-02
51,1,1.96757180,-7.492793,2.71172977e-02
52,1,1.98904963,-7.480754,2.69614715e-02
53,1,2.01052713,-7.470955,2.68646967e-02
54,1,2.03200496,-7.463114,2.68118006e-02
55,1,2.05348246,-7.457014,2.67891427e-02
56,1,2.07496029,-7.452412,2.67864385e-02
57,1,2.09643779,-7.449271,2.67956079e-02
58,1,2.11791562,-7.447428,2.68112282e-02
59,1,2.13939312,-7.446815,2.68305275e-02
60,1,2.13939312,-7.446815,2.68305226e-02
61,1,2.20382612,-7.247460,3.44198824e-02
62,1,2.26825912,-7.019417,4.23338185e-02
63,1,2.33269211,-6.762998,5.03103198e-02
64,1,2.39712495,-6.478367,5.80868147e-02
65,1,2.46155794,-6.166004,6.54017656e-02
66,1,2.52599094,-5.826264,7.20024209e-02
67,1,2.59042394,-5.459647,7.76505140e-02
68,1,2.65485693,-5.066690,8.21234789e-02
69,1,2.71928993,-4.648299,8.52274428e-02
70,1,2.78372276,-4.205520,8.67680564e-02
71,1,2.84815576,-3.739690,8.65824424e-02
72,1,2.91258876,-3.252868,8.44870563e-02
73,1,2.97702175,-2.748308,8.02465537e-02
74,1,3.04145475,-2.230417,7.35666122e-02
75,1,3.10588775,-1.707984,6.39154229e-02
76,1,3.17032058,-1.196202,5.05035204e-02
77,1,3.23475363,-0.726540,3.24712052e-02
78,1,3.29918661,-0.364477,1.15582278e-02
79,1,3.36361957,-0.221237,3.56924582e-07
80,1,3.36361957,-0.221237,3.56930207e-07
81,1,3.41622887,-0.329993,8.58631533e-07
82,1,3.46883817,-0.619918,2.96009290e-06
83,1,3.52144747,-1.018698,7.16456038e-06
84,1,3.57405686,-1.474774,1.32505466e-05
85,1,3.62666598,-1.958536,2.07595726e-05
86,1,3.67927530,-2.454449,2.93322702e-05
87,1,3.73188462,-2.952316,3.86603551e-05
88,1,3.78449394,-3.445848,4.85429521e-05
89,1,3.83710326,-3.930558,5.88571381e-05
90,1,3.88971258,-4.402823,6.95490455e-05
91,1,3.94232191,-4.859400,8.06302327e-05
92,1,3.99493123,-5.296989,9.21739996e-05
93,1,4.04754055,-5.711758,1.04338217e-04
94,1,4.10014987,-6.098368,1.17283177e-04
95,1,4.15275899,-6.449798,1.31110067e-04
96,1,4.20536831,-6.755259,1.45693478e-04
97,1,4.25797763,-6.998913,1.60033429e-04
98,1,4.31058696,-7.159679,1.71501998e-04
99,1,4.36319628,-7.216452,1.76133683e-04
0,2,0.00000000,-0.221237,1.21356775e-05
1,2,0.06074799,-0.273253,2.58646472e-03
2,2,0.12149598,-0.417348,8.31322261e-03
3,2,0.18224397,-0.620436,1.41091161e-02
4,2,0.24299205,-0.854281,1.84399338e-02
5,2,0.30373983,-1.099562,2.10555623e-02
6,2,0.36448784,-1.345517,2.21459599e-02
7,2,0.42523585,-1.584481,2.20287971e-02
8,2,0.48598386,-1.811733,2.09913734e-02
9,2,0.54673188,-2.024671,1.92682912e-02
10,2,0.60747989,-2.220993,1.70739411e-02
11,2,0.66822790,-2.399222,1.45905984e-02
12,2,0.72897591,-2.558338,1.19781098e-02
13,2,0.78972392,-2.697456,9.38092893e-03
14,2,0.85047193,-2.816014,6.92523501e-03
15,2,0.91121971,-2.913496,4.72277885e-03
16,2,0.97196773,-2.989660,2.86560321e-03
17,2,1.03271574,-3.044267,1.42934364e-03
18,2,1.09346375,-3.077078,4.71698143e-04
19,2,1.15421176,-3.088023,2.94871595e-05
20,2,1.15421176,-3.088023,2.94881164e-05
21,2,1.18458576,-3.097704,2.13254463e-03
22,2,1.21495976,-3.126067,9.11523939e-03
23,2,1.24533376,-3.171205,2.01245082e-02
24,2,1.27570776,-3.230427,3.40393906e-02
25,2,1.30608176,-3.300545,4.97583412e-02
26,2,1.33645576,-3.378349,6.63543438e-02
27,2,1.36682976,-3.460868,8.31547876e-02
28,2,1.39720381,-3.545310,9.96210999e-02
29,2,1.42757781,-3.629326,1.15439925e-01
30,2,1.45795159,-3.710912,1.30394996e-01
31,2,1.48832560,-3.788257,1.44291696e-01
32,2,1.51869960,-3.859926,1.57006449e-01
33,2,1.54907361,-3.924565,1.68386181e-01
34,2,1.57944761,-3.981093,1.78314267e-01
35,2,1.60982162,-4.028638,1.86651288e-01
36,2,1.64019563,-4.066409,1.93278991e-01
37,2,1.67056963,-4.093817,1.98086279e-01
38,2,1.70094364,-4.110419,2.00984156e-01
39,2,1.73131764,-4.115971,2.01925489e-01
40,2,1.73131764,-4.115971,2.01925338e-01
41,2,1.75279515,-4.160922,2.17234951e-01
42,2,1.77427297,-4.203776,2.18071805e-01
43,2,1.79575048,-4.244477,2.18875377e-01
44,2,1.81722830,-4.282950,2.19655917e-01
45,2,1.83870581,-4.319157,2.20407449e-01
46,2,1.86018364,-4.353049,2.21129264e-01
47,2,1.88166114,-4.384584,2.21820601e-01
48,2,1.90313897,-4.413723,2.22481659e-01
49,2,1.92461647,-4.440438,2.23109798e-01
50,2,1.94609430,-4.464692,2.23705510e-01
51,2,1.96757180,-4.486462,2.24267594e-01
52,2,1.98904963,-4.505724,2.24795541e-01
53,2,2.01052713,-4.522484,2.25284930e-01
54,2,2.03200496,-4.536669,2.25742636e-01
55,2,2.05348246,-4.548295,2.26164039e-01
56,2,2.07496029,-4.557325,2.26550230e-01
57,2,2.09643779,-4.563799,2.26896915e-01
58,2,2.11791562,-4.567686,2.27205231e-01
59,2,2.13939312,-4.568962,2.27472824e-01
60,2,2.13939312,-4.568962,2.27472823e-01
61,2,2.20382612,-4.667231,2.47780199e-01
62,2,2.26825912,-4.683691,2.58302277e-01
63,2,2.33269211,-4.625347,2.60439028e-01
64,2,2.39712495,-4.502100,2.56348567e-01
65,2,2.46155794,-4.323677,2.48024480e-01
66,2,2.52599094,-4.098907,2.36905292e-01
67,2,2.59042394,-3.834999,2.23931660e-01
68,2,2.65485693,-3.537912,2.09644501e-01
69,2,2.71928993,-3.213237,1.94333326e-01
70,2,2.78372276,-2.866140,1.78080425e-01
71,2,2.84815576,-2.501942,1.60843607e-01
72,2,2.91258876,-2.126895,1.42449036e-01
73,2,2.97702175,-1.748566,1.22622117e-01
74,2,3.04145475,-1.376798,1.01038424e-01
75,2,3.10588775,-1.024255,7.75092634e-02
76,2,3.17032058,-0.708614,5.24067031e-02
77,2,3.23475363,-0.451775,2.77067486e-02
78,2,3.29918661,-0.280740,8.03752786e-03
79,2,3.36361957,-0.221237,6.80413800e-06
80,2,3.36361957,-0.221237,5.82613439e-06
81,2,3.41622887,-0.236100,1.65855842e-03
82,2,3.46883817,-0.282174,6.06334948e-03
83,2,3.52144747,-0.352540,1.08048306e-01
84,2,3.57405686,-0.440122,1.14993739e-01
85,2,3.62666598,-0.538050,2.13438810e-01
86,2,3.67927530,-0.640874,2.48629638e-01
87,2,3.73188462,-0.744147,3.04358290e-01
88,2,3.78449394,-0.844362,1.47931358e-01
89,2,3.83710326,-0.939896,8.11721041e-02
90,2,3.88971258,-1.028758,3.99610642e-01
91,2,3.94232191,-1.109818,4.49596397e-01
92,2,3.99493123,-1.182323,5.66358982e-01
93,2,4.04754055,-1.245711,3.57128227e-01
94,2,4.10014987,-1.299418,3.38819536e-01
95,2,4.15275899,-1.343739,6.60865969e-01
96,2,4.20536831,-1.378237,4.57481649e-01
97,2,4.25797763,-1.402944,7.19923840e-01
98,2,4.31058696,-1.417777,5.57859725e-01
99,2,4.36319628,-1.422833,2.48508152e-01
0,3,0.00000000,-0.221237,4.98723321e-06
1,3,0.06074799,-0.273253,1.63912413e-02
2,3,0.12149598,-0.417348,5.42590894e-02
3,3,0.18224397,-0.620436,9.87106676e-02
4,3,0.24299205,-0.854280,1.41484958e-01
5,3,0.30373983,-1.099562,1.80187518e-01
6,3,0.36448784,-1.345517,2.14584595e-01
7,3,0.42523585,-1.584481,2.45203594e-01
8,3,0.48598386,-1.811733,2.72554182e-01
9,3,0.54673188,-2.024671,2.96942932e-01
10,3,0.60747989,-2.220993,3.18651616e-01
11,3,0.66822790,-2.399221,3.37837473e-01
12,3,0.72897591,-2.558338,3.54584204e-01
13,3,0.78972392,-2.697456,3.68956019e-01
14,3,0.85047193,-2.816014,3.80968029e-01
15,3,0.91121971,-2.913496,3.90646049e-01
16,3,0.97196773,-2.989660,3.97966090e-01
17,3,1.03271574,-3.044267,4.02928127e-01
18,3,1.09346375,-3.077077,4.05551653e-01
19,3,1.15421176,-3.088023,4.05845791e-01
20,3,1.15421176,-3.088023,4.05845789e-01
21,3,1.18458576,-3.097704,4.04465938e-01
22,3,1.21495976,-3.126067,3.99827136e-01
23,3,1.24533376,-3.171205,3.92628032e-01
24,3,1.27570776,-3.230427,3.83766027e-01
25,3,1.30608176,-3.300545,3.74094027e-01
26,3,1.33645576,-3.378349,3.64293744e-01
27,3,1.36682976,-3.460868,3.54813054e-01
28,3,1.39720381,-3.545310,3.45982571e-01
29,3,1.42757781,-3.629326,3.37937738e-01
30,3,1.45795159,-3.710911,3.30727509e-01
31,3,1.48832560,-3.788257,3.24373850e-01
32,3,1.51869960,-3.859926,3.18841768e-01
33,3,1.54907361,-3.924565,3.14136317e-01
34,3,1.57944761,-3.981093,3.10214724e-01
35,3,1.60982162,-4.028638,3.07064727e-01
36,3,1.64019563,-4.066409,3.04666764e-01
37,3,1.67056963,-4.093817,3.03012200e-01
38,3,1.70094364,-4.110419,3.02097904e-01
39,3,1.73131764,-4.115970,3.01913012e-01
40,3,1.73131764,-4.115970,3.01913168e-01
41,3,1.75279515,-4.065517,2.90477940e-01
42,3,1.77427297,-4.006250,2.93368642e-01
43,3,1.79575048,-3.938490,2.96156883e-01
44,3,1.81722830,-3.862762,2.98872603e-01
45,3,1.83870581,-3.779723,3.01562870e-01
46,3,1.86018364,-3.690187,3.04287926e-01
47,3,1.88166114,-3.595116,3.07118139e-01
48,3,1.90313897,-3.495610,3.10127545e-01
49,3,1.92461647,-3.393066,3.13391761e-01
50,3,1.94609430,-3.289015,3.16980463e-01
51,3,1.96757180,-3.185156,3.20920419e-01
52,3,1.98904963,-3.083567,3.25222338e-01
53,3,2.01052713,-2.986564,3.29838300e-01
54,3,2.03200496,-2.896860,3.34615679e-01
55,3,2.05348246,-2.817356,3.39319850e-01
56,3,2.07496029,-2.750976,3.43604024e-01
57,3,2.09643779,-2.700999,3.47021676e-01
58,3,2.11791562,-2.669834,3.49138941e-01
59,3,2.13939312,-2.659237,3.49622298e-01
60,3,2.13939312,-2.659237,3.49622298e-01
61,3,2.20382612,-2.519168,3.30893068e-01
62,3,2.26825912,-2.362696,3.10113930e-01
63,3,2.33269211,-2.191907,2.87546226e-01
64,3,2.39712495,-2.009155,2.63440376e-01
65,3,2.46155794,-1.817763,2.38181066e-01
66,3,2.52599094,-1.621230,2.12083386e-01
67,3,2.59042394,-1.423757,1.85540281e-01
68,3,2.65485693,-1.229855,1.59004308e-01
69,3,2.71928993,-1.044774,1.33023151e-01
70,3,2.78372276,-0.873833,1.08178360e-01
71,3,2.84815576,-0.720502,8.51245012e-02
72,3,2.91258876,-0.588153,6.44226433e-02
73,3,2.97702175,-0.478361,4.65132633e-02
74,3,3.04145475,-0.390914,3.16386838e-02
75,3,3.10588775,-0.324440,1.98330122e-02
76,3,3.17032058,-0.276357,1.09700341e-02
77,3,3.23475363,-0.244265,4.84034888e-03
78,3,3.29918661,-0.225970,1.23485387e-03
79,3,3.36361957,-0.221237,1.03187462e-05
80,3,3.36361957,-0.221237,1.12966645e-05
81,3,3.41622887,-0.236100,1.36918350e-02
82,3,3.46883817,-0.282174,5.02863944e-02
83,3,3.52144747,-0.352540,6.64294029e-03
84,3,3.57405686,-0.440122,6.66037260e-02
85,3,3.62666598,-0.538050,3.70806063e-02
86,3,3.67927530,-0.640874,6.88112848e-02
87,3,3.73188462,-0.744147,7.59665612e-02
88,3,3.78449394,-0.844362,2.90436167e-01
89,3,3.83710326,-0.939896,4.09834125e-01
90,3,3.88971258,-1.028758,1.38708561e-01
91,3,3.94232191,-1.109818,1.30770966e-01
92,3,3.99493123,-1.182323,5.08793328e-02
93,3,4.04754055,-1.245711,2.91893292e-01
94,3,4.10014987,-1.299418,3.36991178e-01
95,3,4.15275899,-1.343739,3.66986484e-02
96,3,4.20536831,-1.378237,2.56911722e-01
97,3,4.25797763,-1.402944,6.31473545e-03
98,3,4.31058696,-1.417777,1.75291040e-01
99,3,4.36319628,-1.422833,4.86636049e-01
0,4,0.00000000,2.274995,1.97021934e-07
1,4,0.06074799,2.244732,2.60739190e-01
2,4,0.12149598,2.154349,2.52266705e-01
3,4,0.18224397,2.016423,2.42189380e-01
4,4,0.24299205,1.845019,2.31742719e-01
5,4,0.30373983,1.653898,2.21668123e-01
6,4,0.36448784,1.454130,2.12283377e-01
7,4,0.42523585,1.254906,2.03614462e-01
8,4,0.48598386,1.063070,1.95568139e-01
9,4,0.54673188,0.883751,1.88020122e-01
10,4,0.60747989,0.720924,1.80847226e-01
11,4,0.66822790,0.577793,1.73950302e-01
12,4,0.72897591,0.456413,1.67260258e-01
13,4,0.78972392,0.359191,1.60732836e-01
14,4,0.85047193,0.287551,1.54336305e-01
15,4,0.91121971,0.243231,1.48056521e-01
16,4,0.97196773,0.226879,1.41910049e-01
17,4,1.03271574,0.240200,1.35892388e-01
18,4,1.09346375,0.284534,1.30017075e-01
19,4,1.15421176,0.360751,6.67352201e-04
20,4,1.15421176,0.360751,6.67260482e-04
21,4,1.18458576,0.378034,3.88403624e-02
22,4,1.21495976,0.429218,8.76916749e-02
23,4,1.24533376,0.512893,1.21339273e-01
24,4,1.27570776,0.625517,1.41633373e-01
25,4,1.30608176,0.764456,1.52986564e-01
26,4,1.33645576,0.926614,1.58157390e-01
27,4,1.36682976,1.109305,1.58986433e-01
28,4,1.39720381,1.309518,1.56961873e-01
29,4,1.42757781,1.525288,1.52894290e-01
30,4,1.45795159,1.754526,1.47444111e-01
31,4,1.48832560,1.995871,1.41141748e-01
32,4,1.51869960,2.247569,1.34212541e-01
33,4,1.54907361,2.508368,1.26819833e-01
34,4,1.57944761,2.777064,1.18976093e-01
35,4,1.60982162,3.050460,1.10480605e-01
36,4,1.64019563,3.325448,1.00805025e-01
37,4,1.67056963,3.593549,8.84358364e-02
38,4,1.70094364,3.828788,6.92789542e-02
39,4,1.73131764,3.942405,1.51257447e-02
40,4,1.73131764,3.942405,1.51208386e-02
41,4,1.75279515,3.837369,2.00425966e-02
42,4,1.77427297,3.652729,2.52529289e-02
43,4,1.79575048,3.435041,3.02587364e-02
44,4,1.81722830,3.206234,3.36163317e-02
45,4,1.83870581,2.975236,3.55918993e-02
46,4,1.86018364,2.746290,3.64962031e-02
47,4,1.88166114,2.521870,3.65203226e-02
48,4,1.90313897,2.303456,3.57717749e-02
49,4,1.92461647,2.093182,3.42961989e-02
50,4,1.94609430,1.891880,3.21298963e-02
51,4,1.96757180,1.702051,2.93038707e-02
52,4,1.98904963,1.525161,2.58722105e-02
53,4,2.01052713,1.363358,2.19335979e-02
54,4,2.03200496,1.219159,1.76595873e-02
55,4,2.05348246,1.095297,1.33147274e-02
56,4,2.07496029,0.995251,9.26252106e-03
57,4,2.09643779,0.920814,5.94749481e-03
58,4,2.11791562,0.875006,3.80767463e-03
59,4,2.13939312,0.859611,3.17542081e-03
60,4,2.13939312,0.859611,3.17542065e-03
61,4,2.20382612,1.022667,4.18042183e-03
62,4,2.26825912,1.205036,5.54133733e-03
63,4,2.33269211,1.403751,7.41983381e-03
64,4,2.39712495,1.615620,1.00673301e-02
65,4,2.46155794,1.834222,1.38461759e-02
66,4,2.52599094,2.052884,1.93054486e-02
67,4,2.59042394,2.261745,2.71734590e-02
68,4,2.65485693,2.448497,3.82346699e-02
69,4,2.71928993,2.598664,5.28842129e-02
70,4,2.78372276,2.700806,7.05031519e-02
71,4,2.84815576,2.751308,8.92704253e-02
72,4,2.91258876,2.756410,1.07259131e-01
73,4,2.97702175,2.728260,1.23734266e-01
74,4,3.04145475,2.624919,3.64859300e-01
75,4,3.10588775,2.499518,3.77473574e-01
76,4,3.17032058,2.401936,3.87564955e-01
77,4,3.23475363,2.332191,3.94952840e-01
78,4,3.29918661,2.290323,3.99504199e-01
79,4,3.36361957,2.274995,2.00043572e-07
80,4,3.36361957,2.274995,1.97185097e-07
81,4,3.41622887,2.299708,1.96378102e-01
82,4,3.46883817,2.333157,5.41386496e-05
83,4,3.52144747,2.315336,1.04730882e-04
84,4,3.57405686,2.255115,1.60004056e-04
85,4,3.62666598,2.169645,2.16655875e-04
86,4,3.67927530,2.070163,2.72193871e-04
87,4,3.73188462,1.964771,3.25027401e-04
88,4,3.78449394,1.858751,3.74158824e-04
89,4,3.83710326,1.755657,4.19039666e-04
90,4,3.88971258,1.658128,4.59433758e-04
91,4,3.94232191,1.568001,4.95252923e-04
92,4,3.99493123,1.486340,5.26490203e-04
93,4,4.04754055,1.414128,5.53186087e-04
94,4,4.10014987,1.352965,5.75258477e-04
95,4,4.15275899,1.302102,5.92871559e-04
96,4,4.20536831,1.262291,6.06009779e-04
97,4,4.25797763,1.233807,6.14720600e-04
98,4,4.31058696,1.216620,6.18999747e-04
99,4,4.36319628,1.210881,6.18897479e-04
0,5,0.00000000,2.274995,3.99048376e-03
1,5,0.06074799,2.344461,1.30910109e-01
2,5,0.12149598,2.532908,1.24185895e-01
3,5,0.18224397,2.809689,1.16450414e-01
4,5,0.24299205,3.146167,1.09301230e-01
5,5,0.30373983,3.523605,1.03049848e-01
6,5,0.36448784,3.928399,9.75701408e-02
7,5,0.42523585,3.766002,6.02498842e-02
8,5,0.48598386,3.391923,7.26094359e-02
9,5,0.54673188,2.987801,8.18957148e-02
10,5,0.60747989,2.587837,8.97851719e-02
11,5,0.66822790,2.207108,9.70054284e-02
12,5,0.72897591,1.854986,1.03911347e-01
13,5,0.78972392,1.536719,1.10646989e-01
14,5,0.85047193,1.252390,1.17329763e-01
15,5,0.91121971,1.003715,1.24013250e-01
16,5,0.97196773,0.790614,1.30739223e-01
17,5,1.03271574,0.612883,1.37536871e-01
18,5,1.09346375,0.469881,1.44418711e-01
19,5,1.15421176,0.360751,2.75008067e-01
20,5,1.15421176,0.360751,2.75008158e-01
21,5,1.18458576,0.378034,2.36090548e-01
22,5,1.21495976,0.429218,1.84844844e-01
23,5,1.24533376,0.512893,1.47294829e-01
24,5,1.27570776,0.625517,1.21800074e-01
25,5,1.30608176,0.764456,1.04169012e-01
26,5,1.33645576,0.926614,9.18536155e-02
27,5,1.36682976,1.109305,8.31866872e-02
28,5,1.39720381,1.309518,7.68331495e-02
29,5,1.42757781,1.525288,7.20821225e-02
30,5,1.45795159,1.754526,6.83323258e-02
31,5,1.48832560,1.995871,6.50957159e-02
32,5,1.51869960,2.247569,6.21145526e-02
33,5,1.54907361,2.508368,5.91603859e-02
34,5,1.57944761,2.777064,5.60192956e-02
35,5,1.60982162,3.050460,5.25084222e-02
36,5,1.64019563,3.325448,4.82998231e-02
37,5,1.67056963,3.593549,4.30093245e-02
38,5,1.70094364,3.828788,3.73454343e-02
39,5,1.73131764,3.942405,7.05431236e-02
40,5,1.73131764,3.942405,7.05480338e-02
41,5,1.75279515,3.977453,6.68017997e-02
42,5,1.77427297,3.993789,7.17273946e-02
43,5,1.79575048,3.995050,7.61939343e-02
44,5,1.81722830,3.987634,7.98570068e-02
45,5,1.83870581,3.974346,8.27845426e-02
46,5,1.86018364,3.957735,8.51151068e-02
47,5,1.88166114,3.939508,8.69876495e-02
48,5,1.90313897,3.920883,8.85099014e-02
49,5,1.92461647,3.902477,8.97706009e-02
50,5,1.94609430,3.884730,9.08196897e-02
51,5,1.96757180,3.868368,9.17111487e-02
52,5,1.98904963,3.853489,9.24692971e-02
53,5,2.01052713,3.839893,9.31204693e-02
54,5,2.03200496,3.828516,9.36712340e-02
55,5,2.05348246,3.819082,9.41387408e-02
56,5,2.07496029,3.811827,9.45311623e-02
57,5,2.09643779,3.806493,9.48552663e-02
58,5,2.11791562,3.803278,9.51150383e-02
59,5,2.13939312,3.802232,9.53161729e-02
60,5,2.13939312,3.802232,9.53161762e-02
61,5,2.20382612,4.605246,7.42915227e-02
62,5,2.26825912,5.396746,5.10571763e-02
63,5,2.33269211,5.788534,1.39967645e-01
64,5,2.39712495,5.371642,1.61262480e-01
65,5,2.46155794,4.979658,1.83257186e-01
66,5,2.52599094,4.611788,2.05702722e-01
67,5,2.59042394,4.269688,2.28324266e-01
68,5,2.65485693,3.954048,2.50820152e-01
69,5,2.71928993,3.664845,2.72865640e-01
70,5,2.78372276,3.402087,2.94127822e-01
71,5,2.84815576,3.166828,3.14279621e-01
72,5,2.91258876,2.958744,3.32988783e-01
73,5,2.97702175,2.778083,3.49944712e-01
74,5,3.04145475,2.679440,1.39389125e-01
75,5,3.10588775,2.619012,1.56493056e-01
76,5,3.17032058,2.496909,7.98289297e-02
77,5,3.23475363,2.381671,1.03622825e-01
78,5,3.29918661,2.304197,1.23766134e-01
79,5,3.36361957,2.274995,2.63504485e-01
80,5,3.36361957,2.274995,3.43218532e-01
81,5,3.41622887,2.299708,5.86515628e-01
82,5,3.46883817,2.366765,3.66001126e-01
83,5,3.52144747,2.469830,1.18811591e-01
84,5,3.57405686,2.598166,6.07858912e-03
85,5,3.62666598,2.739683,1.94216972e-03
86,5,3.67927530,2.881542,3.24120993e-01
87,5,3.73188462,3.011233,3.11561425e-01
88,5,3.78449394,3.117875,1.83153521e-01
89,5,3.83710326,3.192899,8.52043881e-02
90,5,3.88971258,3.234047,6.94279695e-02
91,5,3.94232191,3.244219,4.35593575e-02
92,5,3.99493123,3.230154,5.77639000e-03
93,5,4.04754055,3.200406,2.77814779e-02
94,5,4.10014987,3.162864,2.04829280e-02
95,5,4.15275899,3.124037,1.32257062e-02
96,5,4.20536831,3.089200,7.04113641e-03
97,5,4.25797763,3.061860,1.23792205e-03
98,5,4.31058696,3.044540,8.95120305e-06
99,5,4.36319628,3.037693,2.06099711e-04
0,6,0.00000000,2.274995,7.95099813e-01
1,6,0.06074799,2.344461,3.84682428e-01
2,6,0.12149598,2.532908,3.48543107e-01
3,6,0.18224397,2.809689,3.06103149e-01
4,6,0.24299205,3.146167,2.65644945e-01
5,6,0.30373983,3.523605,2.29491097e-01
6,6,0.36448784,3.928399,1.97800519e-01
7,6,0.42523585,4.353477,9.26371756e-02
8,6,0.48598386,4.794438,8.80748661e-02
9,6,0.54673188,5.246494,8.37594607e-02
10,6,0.60747989,5.707975,7.96139670e-02
11,6,0.66822790,6.178182,7.56138416e-02
12,6,0.72897591,6.653573,7.17289921e-02
13,6,0.78972392,7.135955,6.80293120e-02
14,6,0.85047193,7.623230,6.45867521e-02
15,6,0.91121971,8.117273,6.16198977e-02
16,6,0.97196773,8.610386,5.94573576e-02
17,6,1.03271574,9.095365,5.91157358e-02
18,6,1.09346375,9.540429,6.31989807e-02
19,6,1.15421176,9.778134,7.03556735e-02
20,6,1.15421176,9.778134,7.03556718e-02
21,6,1.18458576,9.751137,6.98020086e-02
22,6,1.21495976,9.664357,6.77286846e-02
23,6,1.24533376,9.507946,6.39099999e-02
24,6,1.27570776,9.284278,5.97567405e-02
25,6,1.30608176,9.010263,5.69071832e-02
26,6,1.33645576,8.704441,5.57515290e-02
27,6,1.36682976,8.378108,5.59811554e-02
28,6,1.39720381,8.042206,5.72784433e-02
29,6,1.42757781,7.701520,5.93794417e-02
30,6,1.45795159,7.358434,6.21117953e-02
31,6,1.48832560,7.015337,6.54134887e-02
32,6,1.51869960,6.672463,6.92413250e-02
33,6,1.54907361,6.334162,7.36033746e-02
34,6,1.57944761,6.000866,7.85634347e-02
35,6,1.60982162,5.673880,8.42404819e-02
36,6,1.64019563,5.357423,9.09026972e-02
37,6,1.67056963,5.059744,9.89596871e-02
38,6,1.70094364,4.807018,1.08147030e-01
39,6,1.73131764,4.688886,1.12407177e-01
40,6,1.73131764,4.688886,1.12407078e-01
41,6,1.75279515,4.699999,1.11267709e-01
42,6,1.77427297,4.799212,1.04626135e-01
43,6,1.79575048,4.939569,9.78145083e-02
44,6,1.81722830,5.065296,7.83607438e-02
45,6,1.83870581,5.195651,7.51015610e-02
46,6,1.86018364,5.333572,7.24042231e-02
47,6,1.88166114,5.477195,7.01503599e-02
48,6,1.90313897,5.625267,6.82475083e-02
49,6,1.92461647,5.776664,6.66385867e-02
50,6,1.94609430,5.930598,6.52945727e-02
51,6,1.96757180,6.086532,6.42041261e-02
52,6,1.98904963,6.243739,6.33978497e-02
53,6,2.01052713,6.401394,6.29507573e-02
54,6,2.03200496,6.558659,6.29841820e-02
55,6,2.05348246,6.713933,6.37513561e-02
56,6,2.07496029,6.864863,6.57234709e-02
57,6,2.09643779,7.004239,6.97511216e-02
58,6,2.11791562,7.116496,7.66022807e-02
59,6,2.13939312,7.164785,8.21459355e-02
60,6,2.13939312,7.164785,8.21459360e-02
61,6,2.20382612,6.686147,1.00276871e-01
62,6,2.26825912,6.227142,1.19584576e-01
63,6,2.33269211,5.881088,9.80774829e-03
64,6,2.39712495,5.666431,1.80752980e-04
65,6,2.46155794,5.304217,2.23334496e-04
66,6,2.52599094,4.938639,1.94253234e-04
67,6,2.59042394,4.591579,2.69074906e-04
68,6,2.65485693,4.267603,8.15001447e-04
69,6,2.71928993,3.966560,2.20630120e-03
70,6,2.78372276,3.688152,4.87474868e-03
71,6,2.84815576,3.434025,9.31781468e-03
72,6,2.91258876,3.203003,1.61426647e-02
73,6,2.97702175,2.994195,2.60502243e-02
74,6,3.04145475,2.806825,3.97638852e-02
75,6,3.10588775,2.640663,5.77848034e-02
76,6,3.17032058,2.548351,1.79281439e-01
77,6,3.23475363,2.458214,2.13333636e-01
78,6,3.29918661,2.342919,2.50849944e-01
79,6,3.36361957,2.274995,5.35585807e-01
80,6,3.36361957,2.274995,4.55871767e-01
81,6,3.41622887,2.303229,1.57534517e-05
82,6,3.46883817,2.366765,3.71158479e-01
83,6,3.52144747,2.469830,5.51405933e-01
84,6,3.57405686,2.598166,5.84712010e-01
85,6,3.62666598,2.739683,5.03565775e-01
86,6,3.67927530,2.881542,9.48426123e-02
87,6,3.73188462,3.011233,2.31423211e-02
88,6,3.78449394,3.117875,7.30698845e-02
89,6,3.83710326,3.192899,1.02386368e-01
90,6,3.88971258,3.234047,6.20772081e-02
91,6,3.94232191,3.244219,4.52129402e-02
92,6,3.99493123,3.230154,5.23038293e-02
93,6,4.04754055,3.200406,9.16892666e-03
94,6,4.10014987,3.162864,2.33135522e-03
95,6,4.15275899,3.124037,3.00790839e-04
96,6,4.20536831,3.089200,4.75050688e-04
97,6,4.25797763,3.061860,2.50979775e-03
98,6,4.31058696,3.044540,1.55098466e-03
99,6,4.36319628,3.037693,3.90301153e-04
0,7,0.00000000,3.020503,2.40555260e-07
1,7,0.06074799,3.103032,3.96489976e-05
2,7,0.12149598,3.322531,4.78132587e-04
3,7,0.18224397,3.618009,2.28568613e-03
4,7,0.24299205,3.911187,7.73273552e-03
5,7,0.30373983,4.090297,2.12075621e-02
6,7,0.36448784,4.036068,4.22172642e-02
7,7,0.42523585,4.353477,1.69958236e-01
8,7,0.48598386,4.794438,1.45365021e-01
9,7,0.54673188,5.246494,1.23652184e-01
10,7,0.60747989,5.707975,1.04441288e-01
11,7,0.66822790,6.178182,8.74679105e-02
12,7,0.72897591,6.653573,7.25392687e-02
13,7,0.78972392,7.135955,5.94111722e-02
14,7,0.85047193,7.623230,4.79122177e-02
15,7,0.91121971,8.117273,3.77367417e-02
16,7,0.97196773,8.610387,2.86098957e-02
17,7,1.03271574,9.095365,1.98176332e-02
18,7,1.09346375,9.540429,9.77809668e-03
19,7,1.15421176,9.778135,4.98844546e-05
20,7,1.15421176,9.778135,4.98831452e-05
21,7,1.18458576,9.751137,5.89298154e-04
22,7,1.21495976,9.664358,3.08677711e-03
23,7,1.24533376,9.507946,7.33785973e-03
24,7,1.27570776,9.284278,1.21808967e-02
25,7,1.30608176,9.010263,1.65916858e-02
26,7,1.33645576,8.704441,2.03829054e-02
27,7,1.36682976,8.378108,2.37489950e-02
28,7,1.39720381,8.042206,2.68583885e-02
29,7,1.42757781,7.701520,2.98716287e-02
30,7,1.45795159,7.358434,3.28920392e-02
31,7,1.48832560,7.015337,3.59693615e-02
32,7,1.51869960,6.672463,3.91902800e-02
33,7,1.54907361,6.334162,4.26311456e-02
34,7,1.57944761,6.000866,4.64454788e-02
35,7,1.60982162,5.673880,5.08790740e-02
36,7,1.64019563,5.357423,5.65045001e-02
37,7,1.67056963,5.059744,6.46889777e-02
38,7,1.70094364,4.807018,7.87112354e-02
39,7,1.73131764,4.688886,9.38814700e-02
40,7,1.73131764,4.688886,9.38815655e-02
41,7,1.75279515,4.752448,9.20151442e-02
42,7,1.77427297,4.839416,8.69566656e-02
43,7,1.79575048,4.945198,8.22983780e-02
44,7,1.81722830,5.099288,9.22659879e-02
45,7,1.83870581,5.269835,8.77507876e-02
46,7,1.86018364,5.447473,8.39592899e-02
47,7,1.88166114,5.630333,8.06805065e-02
48,7,1.90313897,5.817656,7.77830240e-02
49,7,1.92461647,6.008183,7.51861641e-02
50,7,1.94609430,6.201417,7.28340765e-02
51,7,1.96757180,6.397613,7.07172950e-02
52,7,1.98904963,6.596115,6.88244659e-02
53,7,2.01052713,6.797382,6.71703547e-02
54,7,2.03200496,6.999308,6.58140204e-02
55,7,2.05348246,7.202049,6.48650885e-02
56,7,2.07496029,7.405057,6.45988297e-02
57,7,2.09643779,7.603816,6.56585301e-02
58,7,2.11791562,7.748707,1.63339127e-02
59,7,2.13939312,7.702336,1.09641204e-02
60,7,2.13939312,7.702336,1.09641200e-02
61,7,2.20382612,7.215723,1.26951860e-02
62,7,2.26825912,6.799880,1.89281433e-02
63,7,2.33269211,6.732269,4.40672362e-02
64,7,2.39712495,6.440299,8.89859988e-02
65,7,2.46155794,6.139456,9.05142950e-02
66,7,2.52599094,5.875243,9.02843963e-02
67,7,2.59042394,5.655426,8.73897896e-02
68,7,2.65485693,5.488431,8.07553999e-02
69,7,2.71928993,5.380580,6.95542844e-02
70,7,2.78372276,5.329732,5.39102028e-02
71,7,2.84815576,5.315887,3.52804103e-02
72,7,2.91258876,5.287425,1.64380130e-02
73,7,2.97702175,5.157682,2.76598193e-03
74,7,3.04145475,4.851312,6.50577202e-04
75,7,3.10588775,4.393370,6.56497036e-03
76,7,3.17032058,3.882557,1.09475131e-02
77,7,3.23475363,3.423254,7.73949914e-03
78,7,3.29918661,3.119101,1.09018148e-03
79,7,3.36361957,3.020503,2.40555078e-07
80,7,3.36361957,3.020503,2.40559420e-07
81,7,3.41622887,3.086656,6.65779978e-07
82,7,3.46883817,3.296273,1.52371379e-08
83,7,3.52144747,3.633642,1.51043714e-06
84,7,3.57405686,4.047656,6.86084550e-06
85,7,3.62666598,4.499263,1.48852302e-05
86,7,3.67927530,4.965141,2.38019262e-05
87,7,3.73188462,5.433911,3.21134442e-05
88,7,3.78449394,5.897802,3.84049641e-05
89,7,3.83710326,6.348814,4.12663628e-05
90,7,3.88971258,6.772653,3.88238956e-05
91,7,3.94232191,7.135813,2.85299436e-05
92,7,3.99493123,7.373992,1.23484601e-05
93,7,4.04754055,7.454108,2.43874553e-06
94,7,4.10014987,7.437108,1.26236566e-07
95,7,4.15275899,7.387328,1.44579470e-07
96,7,4.20536831,7.335059,6.03135899e-07
97,7,4.25797763,7.292487,1.11576352e-06
98,7,4.31058696,7.265248,1.62955393e-06
99,7,4.36319628,7.255859,2.16150533e-06
0,8,0.00000000,7.439846,8.59171040e-04
1,8,0.06074799,7.358478,6.03163194e-02
2,8,0.12149598,7.083810,5.94698476e-02
3,8,0.18224397,6.723670,5.77310697e-02
4,8,0.24299205,6.374932,5.27839566e-02
5,8,0.30373983,6.161960,3.99411784e-02
6,8,0.36448784,6.211337,2.18084676e-02
7,8,0.42523585,6.510669,9.61049721e-03
8,8,0.48598386,6.951435,3.86840713e-03
9,8,0.54673188,7.459296,1.30961002e-03
10,8,0.60747989,8.000236,2.52763289e-04
11,8,0.66822790,8.557251,9.00412253e-07
12,8,0.72897591,9.118172,2.40714520e-04
13,8,0.78972392,9.678603,8.05159647e-04
14,8,0.85047193,10.073465,2.92361226e-02
15,8,0.91121971,10.459379,2.62020917e-02
16,8,0.97196773,10.873249,2.32638980e-02
17,8,1.03271574,11.308836,2.04411039e-02
18,8,1.09346375,10.962063,8.38088568e-03
19,8,1.15421176,10.719854,3.62866248e-05
20,8,1.15421176,10.719854,3.63041107e-05
21,8,1.18458576,10.676350,2.82882072e-03
22,8,1.21495976,10.576012,2.48506920e-03
23,8,1.24533376,10.472638,2.57572781e-02
24,8,1.27570776,10.395856,3.13670592e-02
25,8,1.30608176,10.346946,3.55581642e-02
26,8,1.33645576,10.317337,3.84070839e-02
27,8,1.36682976,10.298527,4.02313400e-02
28,8,1.39720381,10.287642,4.13123661e-02
29,8,1.42757781,10.281729,4.19146194e-02
30,8,1.45795159,10.278302,4.21845854e-02
31,8,1.48832560,10.277010,4.22751796e-02
32,8,1.51869960,10.276169,4.22549390e-02
33,8,1.54907361,10.276772,4.21382937e-02
34,8,1.57944761,10.277770,4.19828233e-02
35,8,1.60982162,10.278861,4.18217699e-02
36,8,1.64019563,10.279888,4.16751934e-02
37,8,1.67056963,10.280718,4.15595536e-02
38,8,1.70094364,10.281969,4.14813742e-02
39,8,1.73131764,10.282995,4.14449762e-02
40,8,1.73131764,10.282995,4.14449640e-02
41,8,1.75279515,10.167889,1.77493606e-02
42,8,1.77427297,10.045536,1.91551466e-02
43,8,1.79575048,9.918268,2.05010352e-02
44,8,1.81722830,9.786249,2.17928342e-02
45,8,1.83870581,9.649955,2.30357073e-02
46,8,1.86018364,9.509888,2.42292705e-02
47,8,1.88166114,9.366472,2.53688636e-02
48,8,1.90313897,9.220458,2.64470310e-02
49,8,1.92461647,9.071449,2.74444350e-02
50,8,1.94609430,8.920199,2.83390241e-02
51,8,1.96757180,8.767125,2.90958186e-02
52,8,1.98904963,8.612697,2.96592841e-02
53,8,2.01052713,8.455845,2.99360852e-02
54,8,2.03200496,8.300848,2.97887783e-02
55,8,2.05348246,8.147483,2.89578684e-02
56,8,2.07496029,7.998617,2.69723838e-02
57,8,2.09643779,7.860322,2.30076201e-02
58,8,2.11791562,7.787577,7.00051422e-02
59,8,2.13939312,7.889672,7.62923320e-02
60,8,2.13939312,7.889672,7.62923341e-02
61,8,2.20382612,7.501657,7.97100894e-02
62,8,2.26825912,7.127311,8.31642255e-02
63,8,2.33269211,6.771575,8.63797882e-02
64,8,2.39712495,6.737550,3.20178569e-02
65,8,2.46155794,6.455206,3.52711342e-02
66,8,2.52599094,6.214921,3.89905865e-02
67,8,2.59042394,6.022615,4.31137600e-02
68,8,2.65485693,5.885740,4.75109928e-02
69,8,2.71928993,5.804898,5.19128356e-02
70,8,2.78372276,5.783720,5.60255217e-02
71,8,2.84815576,5.826822,5.94506385e-02
72,8,2.91258876,5.934049,6.18930841e-02
73,8,2.97702175,6.102644,6.31663861e-02
74,8,3.04145475,6.326262,6.33076916e-02
75,8,3.10588775,6.593194,6.26015319e-02
76,8,3.17032058,6.883560,6.15493748e-02
77,8,3.23475363,7.163689,6.07368516e-02
78,8,3.29918661,7.379632,6.04941213e-02
79,8,3.36361957,7.439846,8.59171131e-04
80,8,3.36361957,7.439846,8.59171099e-04
81,8,3.41622887,7.428910,1.22536950e-02
82,8,3.46883817,7.334219,1.84566427e-02
83,8,3.52144747,7.202059,3.17096533e-02
84,8,3.57405686,7.057679,4.03875951e-02
85,8,3.62666598,6.923868,1.15599669e-01
86,8,3.67927530,6.819811,4.63455752e-02
87,8,3.73188462,6.762105,4.83602596e-02
88,8,3.78449394,6.765239,1.73149699e-02
89,8,3.83710326,6.836767,1.01876658e-01
90,8,3.88971258,6.980951,1.13672012e-01
91,8,3.94232191,7.195369,6.70564492e-02
92,8,3.99493123,7.473271,1.24888875e-01
93,8,4.04754055,7.808703,1.92938179e-01
94,8,4.10014987,8.190079,1.11080185e-01
95,8,4.15275899,8.608903,7.05552383e-02
96,8,4.20536831,9.063518,3.89607163e-02
97,8,4.25797763,9.535658,3.42229487e-02
98,8,4.31058696,10.003533,1.15405978e-01
99,8,4.36319628,10.290997,1.39286454e-01
0,9,0.00000000,7.456025,4.92908349e-03
1,9,0.06074799,7.477038,5.97811856e-02
2,9,0.12149598,7.517033,5.89566476e-02
3,9,0.18224397,7.583765,5.77684264e-02
4,9,0.24299205,7.677220,5.62370267e-02
5,9,0.30373983,7.797374,5.43879416e-02
6,9,0.36448784,7.944199,5.22509425e-02
7,9,0.42523585,8.117658,4.98595707e-02
8,9,0.48598386,8.317712,4.72504605e-02
9,9,0.54673188,8.544302,4.44619270e-02
10,9,0.60747989,8.797372,4.15341959e-02
11,9,0.66822790,9.077530,3.85066483e-02
12,9,0.72897591,9.383311,3.54224365e-02
13,9,0.78972392,9.715326,3.23196595e-02
14,9,0.85047193,10.228431,1.59577353e-03
15,9,0.91121971,10.765232,2.54089493e-03
16,9,0.97196773,11.282688,3.59498830e-03
17,9,1.03271574,11.418463,1.35531986e-02
18,9,1.09346375,10.962063,2.37234428e-02
19,9,1.15421176,10.719854,3.24622356e-02
20,9,1.15421176,10.719854,3.24622188e-02
21,9,1.18458576,10.676350,3.04359174e-02
22,9,1.21495976,10.576012,3.22125778e-02
23,9,1.24533376,10.472638,1.12873125e-02
24,9,1.27570776,10.395856,8.50906957e-03
25,9,1.30608176,10.346946,6.88387946e-03
26,9,1.33645576,10.317337,6.06351664e-03
27,9,1.36682976,10.298527,5.82645965e-03
28,9,1.39720381,10.287642,5.99547366e-03
29,9,1.42757781,10.281729,6.41019016e-03
30,9,1.45795159,10.278302,7.01008825e-03
31,9,1.48832560,10.277010,7.66679457e-03
32,9,1.51869960,10.276169,8.35860850e-03
33,9,1.54907361,10.276772,9.03925767e-03
34,9,1.57944761,10.277771,9.67426400e-03
35,9,1.60982162,10.278861,1.02320241e-02
36,9,1.64019563,10.279888,1.06885527e-02
37,9,1.67056963,10.280718,1.10242342e-02
38,9,1.70094364,10.281969,1.12272490e-02
39,9,1.73131764,10.282995,1.12844771e-02
40,9,1.73131764,10.282995,1.12844891e-02
41,9,1.75279515,10.385342,3.73004917e-02
42,9,1.77427297,10.466852,3.83251405e-02
43,9,1.79575048,10.520452,3.93890120e-02
44,9,1.81722830,10.538206,4.02704426e-02
45,9,1.83870581,10.514916,4.07649693e-02
46,9,1.86018364,10.450343,4.08264022e-02
47,9,1.88166114,10.349022,4.05871529e-02
48,9,1.90313897,10.218542,4.02268768e-02
49,9,1.92461647,10.064740,3.99055235e-02
50,9,1.94609430,9.893144,3.96864077e-02
51,9,1.96757180,9.710458,3.95707655e-02
52,9,1.98904963,9.519077,3.95411232e-02
53,9,2.01052713,9.319986,3.95458688e-02
54,9,2.03200496,9.118471,3.95132947e-02
55,9,2.05348246,8.914771,3.92990242e-02
56,9,2.07496029,8.711371,3.85906400e-02
57,9,2.09643779,8.511147,3.67002555e-02
58,9,2.11791562,8.326354,3.14441978e-02
59,9,2.13939312,8.224283,2.39874427e-02
60,9,2.13939312,8.224283,2.39874450e-02
61,9,2.20382612,7.807405,2.52311790e-02
62,9,2.26825912,7.418616,2.69731368e-02
63,9,2.33269211,7.061166,2.92148555e-02
64,9,2.39712495,7.397290,4.11168779e-02
65,9,2.46155794,8.228929,2.97549024e-02
66,9,2.52599094,9.040115,1.95261485e-02
67,9,2.59042394,9.734722,1.02945581e-02
68,9,2.65485693,10.178476,3.08371360e-03
69,9,2.71928993,10.294186,1.28868568e-04
70,9,2.78372276,9.525204,3.42331008e-02
71,9,2.84815576,8.749934,4.68729369e-02
72,9,2.91258876,8.084559,6.15999512e-02
73,9,2.97702175,7.595495,7.46684757e-02
74,9,3.04145475,7.341954,7.84476806e-02
75,9,3.10588775,7.284385,7.35247938e-02
76,9,3.17032058,7.326265,6.71103243e-02
77,9,3.23475363,7.392862,6.25094681e-02
78,9,3.29918661,7.444525,6.01864483e-02
79,9,3.36361957,7.456025,1.13104126e-01
80,9,3.36361957,7.456025,5.20362805e-02
81,9,3.41622887,7.428910,1.08885478e-01
82,9,3.46883817,7.334219,1.07322277e-01
83,9,3.52144747,7.202059,1.02996583e-01
84,9,3.57405686,7.057679,1.07659792e-01
85,9,3.62666598,6.923868,4.99950072e-02
86,9,3.67927530,6.819811,1.40186893e-01
87,9,3.73188462,6.762105,1.60703202e-01
88,9,3.78449394,6.765239,2.12833596e-01
89,9,3.83710326,6.836767,1.44142654e-01
90,9,3.88971258,6.980951,1.39971881e-01
91,9,3.94232191,7.195369,1.84989987e-01
92,9,3.99493123,7.473271,1.17548250e-01
93,9,4.04754055,7.808703,3.43445871e-02
94,9,4.10014987,8.190079,9.79915685e-02
95,9,4.15275899,8.608903,1.19853910e-01
96,9,4.20536831,9.063518,1.34485067e-01
97,9,4.25797763,9.535658,1.27529216e-01
98,9,4.31058696,10.003533,4.94711015e-02
99,9,4.36319628,10.290997,5.78729046e-02
0,10,0.00000000,7.456025,1.15514831e-01
1,10,0.06074799,7.495489,4.11536841e-03
2,10,0.12149598,7.657169,9.09406778e-03
3,10,0.18224397,7.913552,1.46443223e-02
4,10,0.24299205,8.249913,1.97469450e-02
5,10,0.30373983,8.651824,2.38101846e-02
6,10,0.36448784,9.105844,2.66264543e-02
7,10,0.42523585,9.600887,2.82490447e-02
8,10,0.48598386,10.126813,2.88477368e-02
9,10,0.54673188,10.673041,2.86283312e-02
10,10,0.60747989,11.227907,2.77934200e-02
11,10,0.66822790,11.776296,2.65147392e-02
12,10,0.72897591,12.296502,2.49017224e-02
13,10,0.78972392,12.757777,2.29911770e-02
14,10,0.85047193,12.824583,1.11082987e-02
15,10,0.91121971,12.400700,1.31329570e-02
16,10,0.97196773,11.915740,1.42389004e-02
17,10,1.03271574,11.418463,1.66812981e-02
18,10,1.09346375,11.769927,1.77613049e-02
19,10,1.15421176,12.256298,2.01841611e-05
20,10,1.15421176,12.256298,2.01682208e-05
21,10,1.18458576,12.289874,5.29986223e-03
22,10,1.21495976,12.351798,3.71231905e-03
23,10,1.24533376,12.398739,1.96306792e-03
24,10,1.27570776,12.429150,1.97696474e-03
25,10,1.30608176,12.453178,2.65377676e-03
26,10,1.33645576,12.475427,3.64632012e-03
27,10,1.36682976,12.497270,4.73270435e-03
28,10,1.39720381,12.519539,5.84818195e-03
29,10,1.42757781,12.543216,6.98592455e-03
30,10,1.45795159,12.567286,8.01268854e-03
31,10,1.48832560,12.591549,8.98086314e-03
32,10,1.51869960,12.615304,9.87097738e-03
33,10,1.54907361,12.637992,1.06148350e-02
34,10,1.57944761,12.661070,1.12232723e-02
35,10,1.60982162,12.678304,1.16972902e-02
36,10,1.64019563,12.693327,1.21177175e-02
37,10,1.67056963,12.704531,1.24251539e-02
38,10,1.70094364,12.712000,1.26042088e-02
39,10,1.73131764,12.715142,1.26909801e-02
40,10,1.73131764,12.715142,1.26911504e-02
41,10,1.75279515,12.604635,1.03386845e-02
42,10,1.77427297,12.509566,9.20385550e-03
43,10,1.79575048,12.439568,8.04774415e-03
44,10,1.81722830,12.402184,7.08954456e-03
45,10,1.83870581,12.403074,6.53343714e-03
46,10,1.86018364,12.443153,6.43104777e-03
47,10,1.88166114,12.518517,6.65877175e-03
48,10,1.90313897,12.623087,7.03475447e-03
49,10,1.92461647,12.749617,7.40986021e-03
50,10,1.94609430,12.892086,7.71649219e-03
51,10,1.96757180,13.047807,7.91429915e-03
52,10,1.98904963,13.212775,8.00449860e-03
53,10,2.01052713,13.384773,7.98712331e-03
54,10,2.03200496,13.560909,7.86667271e-03
55,10,2.05348246,13.739177,7.62559297e-03
56,10,2.07496029,13.917630,7.20052616e-03
57,10,2.09643779,14.088133,6.45937229e-03
58,10,2.11791562,14.236996,5.02196534e-03
59,10,2.13939312,14.310373,3.36789502e-03
60,10,2.13939312,14.310373,3.36789511e-03
61,10,2.20382612,14.326600,3.18445041e-03
62,10,2.26825912,13.987909,2.58768634e-03
63,10,2.33269211,13.562116,2.31656788e-03
64,10,2.39712495,13.135326,2.10759388e-03
65,10,2.46155794,12.727055,1.75127838e-03
66,10,2.52599094,12.335868,9.47254228e-04
67,10,2.59042394,11.918516,2.81787766e-04
68,10,2.65485693,11.219374,1.27819171e-02
69,10,2.71928993,10.362869,2.35770043e-02
70,10,2.78372276,10.162406,6.58514066e-04
71,10,2.84815576,9.891680,2.71580253e-03
72,10,2.91258876,9.540361,5.21381995e-03
73,10,2.97702175,9.141487,7.37450397e-03
74,10,3.04145475,8.724592,8.53898802e-03
75,10,3.10588775,8.321355,8.34926334e-03
76,10,3.17032058,7.964033,6.86294783e-03
77,10,3.23475363,7.682671,4.56496880e-03
78,10,3.29918661,7.502275,2.27745504e-03
79,10,3.36361957,7.456025,7.33979109e-03
80,10,3.36361957,7.456025,6.84076338e-02
81,10,3.41622887,7.481654,8.45707810e-04
82,10,3.46883817,7.603432,8.07431384e-04
83,10,3.52144747,7.796201,7.47116201e-04
84,10,3.57405686,8.042624,6.65756064e-04
85,10,3.62666598,8.310864,5.58339607e-04
86,10,3.67927530,8.542050,4.15938394e-04
87,10,3.73188462,8.659973,2.59718534e-04
88,10,3.78449394,8.647300,1.50703870e-04
89,10,3.83710326,8.563165,9.79818610e-05
90,10,3.88971258,8.472282,7.81302754e-05
91,10,3.94232191,8.435490,7.74179895e-05
92,10,3.99493123,8.530259,8.61745704e-05
93,10,4.04754055,8.797496,9.09503002e-05
94,10,4.10014987,9.178371,9.08330564e-05
95,10,4.15275899,9.605455,9.04954096e-05
96,10,4.20536831,10.043164,9.22674976e-05
97,10,4.25797763,10.459301,9.79115846e-05
98,10,4.31058696,10.797734,1.08325758e-04
99,10,4.36319628,10.941567,1.15364396e-04
0,11,0.00000000,10.822728,3.95749052e-05
1,11,0.06074799,10.846622,1.80185124e-04
2,11,0.12149598,10.910313,2.43976172e-04
3,11,0.18224397,11.016333,3.15033596e-04
4,11,0.24299205,11.164296,3.94070720e-04
5,11,0.30373983,11.355910,4.81869736e-04
6,11,0.36448784,11.584741,5.90352677e-04
7,11,0.42523585,11.850341,7.33532675e-04
8,11,0.48598386,12.150350,9.39236850e-04
9,11,0.54673188,12.468299,1.28104483e-03
10,11,0.60747989,12.785547,1.90035285e-03
11,11,0.66822790,13.057650,3.09870511e-03
12,11,0.72897591,13.198087,5.31436292e-03
13,11,0.78972392,13.122071,8.32289546e-03
14,11,0.85047193,12.824583,9.62504993e-03
15,11,0.91121971,12.400700,1.06873684e-02
16,11,0.97196773,11.915740,1.28549438e-02
17,11,1.03271574,11.775185,4.73024431e-03
18,11,1.09346375,12.234754,5.94169102e-03
19,11,1.15421176,12.256298,3.20817477e-02
20,11,1.15421176,12.256298,3.20817648e-02
21,11,1.18458576,12.289874,2.62580000e-02
22,11,1.21495976,12.351798,2.59494755e-02
23,11,1.24533376,12.398739,2.53920005e-02
24,11,1.27570776,12.429150,2.37265743e-02
25,11,1.30608176,12.453178,2.19071473e-02
26,11,1.33645576,12.475427,2.00208817e-02
27,11,1.36682976,12.497270,1.81507920e-02
28,11,1.39720381,12.519539,1.62980851e-02
29,11,1.42757781,12.543216,1.44387678e-02
30,11,1.45795159,12.567286,1.27005216e-02
31,11,1.48832560,12.591549,1.10346729e-02
32,11,1.51869960,12.615304,9.47078430e-03
33,11,1.54907361,12.637992,8.09075097e-03
34,11,1.57944761,12.661070,6.89296612e-03
35,11,1.60982162,12.678304,5.91496545e-03
36,11,1.64019563,12.693327,5.07925166e-03
37,11,1.67056963,12.704531,4.46532952e-03
38,11,1.70094364,12.712000,4.10064083e-03
39,11,1.73131764,12.715142,3.95888757e-03
40,11,1.73131764,12.715142,3.95871686e-03
41,11,1.75279515,12.833813,4.72584409e-03
42,11,1.77427297,12.958591,4.21182652e-03
43,11,1.79575048,13.087967,3.77416454e-03
44,11,1.81722830,13.221856,3.40203525e-03
45,11,1.83870581,13.358965,3.08171449e-03
46,11,1.86018364,13.498644,2.80442313e-03
47,11,1.88166114,13.640320,2.56320041e-03
48,11,1.90313897,13.783566,2.35373270e-03
49,11,1.92461647,13.927639,2.16923584e-03
50,11,1.94609430,14.073285,2.00900271e-03
51,11,1.96757180,14.217594,1.86809118e-03
52,11,1.98904963,14.361086,1.74643479e-03
53,11,2.01052713,14.500257,1.64145392e-03
54,11,2.03200496,14.639514,1.56000375e-03
55,11,2.05348246,14.774935,1.50443312e-03
56,11,2.07496029,14.860824,7.37449319e-03
57,11,2.09643779,14.781619,9.03696280e-03
58,11,2.11791562,14.689321,1.12177383e-02
59,11,2.13939312,14.634897,1.32106152e-02
60,11,2.13939312,14.634897,1.32106157e-02
61,11,2.20382612,14.991442,2.31818137e-04
62,11,2.26825912,14.529700,6.37761130e-04
63,11,2.33269211,14.089122,1.22248764e-03
64,11,2.39712495,13.684470,2.10830056e-03
65,11,2.46155794,13.334839,3.50495957e-03
66,11,2.52599094,13.071446,5.75342926e-03
67,11,2.59042394,12.318770,1.66009313e-02
68,11,2.65485693,11.781289,9.84653509e-03
69,11,2.71928993,11.467761,6.40763148e-03
70,11,2.78372276,11.215014,5.21881793e-03
71,11,2.84815576,11.007548,4.48797127e-03
72,11,2.91258876,10.845867,3.87331979e-03
73,11,2.97702175,10.731252,3.25539533e-03
74,11,3.04145475,10.667642,2.59468178e-03
75,11,3.10588775,10.653806,1.93281401e-03
76,11,3.17032058,10.684899,1.31644029e-03
77,11,3.23475363,10.743953,8.04977386e-04
78,11,3.29918661,10.801488,4.24033785e-04
79,11,3.36361957,10.822728,3.95750882e-05
80,11,3.36361957,10.822728,3.95746490e-05
81,11,3.41622887,10.784795,3.83708447e-05
82,11,3.46883817,10.673344,4.14828177e-05
83,11,3.52144747,10.516833,5.08145725e-05
84,11,3.57405686,10.349258,7.11846802e-05
85,11,3.62666598,10.216837,1.13123339e-04
86,11,3.67927530,10.179490,1.90152590e-04
87,11,3.73188462,10.318658,2.81369758e-04
88,11,3.78449394,10.652245,3.27513157e-04
89,11,3.83710326,11.121407,3.24586510e-04
90,11,3.88971258,11.666553,2.98824610e-04
91,11,3.94232191,12.245464,2.65228921e-04
92,11,3.99493123,12.815947,2.28391467e-04
93,11,4.04754055,13.311784,1.85676108e-04
94,11,4.10014987,13.602422,9.56509051e-03
95,11,4.15275899,13.015949,6.68460945e-03
96,11,4.20536831,12.426351,5.47884784e-03
97,11,4.25797763,11.851412,1.30984490e-02
98,11,4.31058696,11.321113,1.93422398e-02
99,11,4.36319628,11.010095,8.90984881e-05
0,12,0.00000000,10.822728,3.63024488e-04
1,12,0.06074799,10.846622,1.60592206e-04
2,12,0.12149598,10.910313,6.35125662e-09
3,12,0.18224397,11.016333,1.60068167e-04
4,12,0.24299205,11.164296,6.24319024e-04
5,12,0.30373983,11.355910,1.36261734e-03
6,12,0.36448784,11.584741,2.32600363e-03
7,12,0.42523585,11.850341,3.45954450e-03
8,12,0.48598386,12.150350,4.70557300e-03
9,12,0.54673188,12.468299,5.99672752e-03
10,12,0.60747989,12.785547,7.27096339e-03
11,12,0.66822790,13.057650,8.41677381e-03
12,12,0.72897591,13.198087,9.15322322e-03
13,12,0.78972392,13.122071,9.35265990e-03
14,12,0.85047193,13.118528,2.07367330e-02
15,12,0.91121971,13.334138,1.81000071e-02
16,12,0.97196773,13.376436,1.52413088e-02
17,12,1.03271574,13.253234,1.24963552e-02
18,12,1.09346375,12.767689,1.42292422e-02
19,12,1.15421176,12.648925,1.16867321e-05
20,12,1.15421176,12.648925,1.17216618e-05
21,12,1.18458576,12.688796,2.49249988e-03
22,12,1.21495976,12.822789,4.20622261e-03
23,12,1.24533376,13.051138,5.50644594e-03
24,12,1.27570776,13.341012,6.16344405e-03
25,12,1.30608176,13.664647,6.27519043e-03
26,12,1.33645576,14.006766,6.07384175e-03
27,12,1.36682976,14.358662,5.71687508e-03
28,12,1.39720381,14.713812,5.29234381e-03
29,12,1.42757781,15.068216,4.87255621e-03
30,12,1.45795159,15.415296,4.51058596e-03
31,12,1.48832560,15.735894,4.26470636e-03
32,12,1.51869960,15.992078,4.17603449e-03
33,12,1.54907361,16.124975,4.32983577e-03
34,12,1.57944761,16.142470,7.46240669e-03
35,12,1.60982162,16.112061,9.88270652e-03
36,12,1.64019563,16.073330,9.64853831e-03
37,12,1.67056963,16.040432,9.58530713e-03
38,12,1.70094364,16.019954,9.60099541e-03
39,12,1.73131764,16.013269,9.60658318e-03
40,12,1.73131764,16.013269,9.60663585e-03
41,12,1.75279515,15.904599,2.18442871e-03
42,12,1.77427297,15.798912,2.26915816e-03
43,12,1.79575048,15.698660,2.37649369e-03
44,12,1.81722830,15.604185,2.50168195e-03
45,12,1.83870581,15.515978,2.64251957e-03
46,12,1.86018364,15.434221,2.79753932e-03
47,12,1.88166114,15.358880,2.96649993e-03
48,12,1.90313897,15.289687,3.15080116e-03
49,12,1.92461647,15.226486,3.35461232e-03
50,12,1.94609430,15.168468,3.58793718e-03
51,12,1.96757180,15.115463,3.86105684e-03
52,12,1.98904963,15.066300,4.19916621e-03
53,12,2.01052713,15.019534,4.64042940e-03
54,12,2.03200496,14.972687,5.25124593e-03
55,12,2.05348246,14.921601,6.12538871e-03
56,12,2.07496029,14.905886,1.48711893e-03
57,12,2.09643779,15.025974,1.53592684e-03
58,12,2.11791562,15.126305,1.70753086e-03
59,12,2.13939312,15.172913,1.90137609e-03
60,12,2.13939312,15.172913,1.90137594e-03
61,12,2.20382612,15.029316,1.30980476e-02
62,12,2.26825912,15.333100,1.13784952e-04
63,12,2.33269211,15.484666,9.23093782e-05
64,12,2.39712495,15.022681,2.72011551e-03
65,12,2.46155794,14.131803,6.23619328e-03
66,12,2.52599094,13.195347,1.08234957e-02
67,12,2.59042394,12.963624,9.17897532e-03
68,12,2.65485693,13.117862,1.32411228e-02
69,12,2.71928993,13.470587,1.79424671e-02
70,12,2.78372276,13.274738,1.54781051e-02
71,12,2.84815576,12.742649,1.16917891e-02
72,12,2.91258876,12.241778,8.84649277e-03
73,12,2.97702175,11.822122,6.21383840e-03
74,12,3.04145475,11.488964,3.95454764e-03
75,12,3.10588775,11.235044,2.24629459e-03
76,12,3.17032058,11.048081,1.11014243e-03
77,12,3.23475363,10.922229,4.73327945e-04
78,12,3.29918661,10.849111,2.50061144e-04
79,12,3.36361957,10.822728,3.76297917e-04
80,12,3.36361957,10.822728,5.59455794e-04
81,12,3.41622887,10.889489,8.42728377e-04
82,12,3.46883817,11.072575,1.20853290e-03
83,12,3.52144747,11.353993,4.51805897e-05
84,12,3.57405686,11.711286,1.08599727e-03
85,12,3.62666598,12.125878,7.50877709e-04
86,12,3.67927530,12.582440,4.53106622e-04
87,12,3.73188462,13.068289,1.27937291e-04
88,12,3.78449394,13.570550,1.67540934e-04
89,12,3.83710326,14.061474,1.94032410e-04
90,12,3.88971258,14.487827,1.80310561e-03
91,12,3.94232191,14.715523,2.12286474e-03
92,12,3.99493123,14.577287,1.07357603e-02
93,12,4.04754055,14.148369,1.07863880e-02
94,12,4.10014987,13.602422,1.37682720e-02
95,12,4.15275899,13.015949,2.30566897e-02
96,12,4.20536831,12.426351,3.05476957e-02
97,12,4.25797763,11.851412,2.66706535e-02
98,12,4.31058696,11.321113,1.29127906e-02
99,12,4.36319628,11.010095,3.21030507e-05
0,13,0.00000000,10.822728,3.84570636e-04
1,13,0.06074799,10.898141,5.19699082e-04
2,13,0.12149598,11.083295,1.86306125e-03
3,13,0.18224397,11.325101,3.06055888e-03
4,13,0.24299205,11.587036,3.79203385e-03
5,13,0.30373983,11.857184,4.12595737e-03
6,13,0.36448784,12.136838,4.19298862e-03
7,13,0.42523585,12.432266,4.08465689e-03
8,13,0.48598386,12.750070,3.85397195e-03
9,13,0.54673188,13.095972,3.53017513e-03
10,13,0.60747989,13.474745,3.13231100e-03
11,13,0.66822790,13.893457,2.68012618e-03
12,13,0.72897591,14.347145,2.18691711e-03
13,13,0.78972392,14.842557,1.68613724e-03
14,13,0.85047193,15.055748,5.94721570e-03
15,13,0.91121971,14.448588,7.66175169e-03
16,13,0.97196773,13.864237,9.61823368e-03
17,13,1.03271574,13.303791,1.18111971e-02
18,13,1.09346375,12.998182,1.01022442e-02
19,13,1.15421176,12.648925,1.53249024e-02
20,13,1.15421176,12.648925,1.53248676e-02
21,13,1.18458576,12.688796,1.28728812e-02
22,13,1.21495976,12.822789,1.18118658e-02
23,13,1.24533376,13.051138,1.12157654e-02
24,13,1.27570776,13.341012,1.05111516e-02
25,13,1.30608176,13.664647,9.79926341e-03
26,13,1.33645576,14.006766,9.15451358e-03
27,13,1.36682976,14.358662,8.61378744e-03
28,13,1.39720381,14.713812,8.21415077e-03
29,13,1.42757781,15.068216,7.99800117e-03
30,13,1.45795159,15.415296,8.04438913e-03
31,13,1.48832560,15.735894,8.48190289e-03
32,13,1.51869960,15.992078,9.18328475e-03
33,13,1.54907361,16.124975,8.81317757e-03
34,13,1.57944761,16.142470,4.61350924e-03
35,13,1.60982162,16.112061,1.46299095e-03
36,13,1.64019563,16.073330,1.34361501e-03
37,13,1.67056963,16.040432,1.25393089e-03
38,13,1.70094364,16.019954,1.18422985e-03
39,13,1.73131764,16.013269,1.15020703e-03
40,13,1.73131764,16.013269,1.15015477e-03
41,13,1.75279515,16.116076,8.08018454e-03
42,13,1.77427297,16.203064,7.44630549e-03
43,13,1.79575048,16.270627,6.71822937e-03
44,13,1.81722830,16.313717,5.89782832e-03
45,13,1.83870581,16.329602,5.03237835e-03
46,13,1.86018364,16.319182,4.19785465e-03
47,13,1.88166114,16.286583,3.45957159e-03
48,13,1.90313897,16.237449,2.84466443e-03
49,13,1.92461647,16.177153,2.34831841e-03
50,13,1.94609430,16.109825,1.95029935e-03
51,13,1.96757180,16.038345,1.62769096e-03
52,13,1.98904963,15.964180,1.36306881e-03
53,13,2.01052713,15.887602,1.13938981e-03
54,13,2.03200496,15.808921,9.53568079e-04
55,13,2.05348246,15.699235,2.45827791e-03
56,13,2.07496029,15.544713,1.82927475e-03
57,13,2.09643779,15.424969,1.06088870e-03
58,13,2.11791562,15.351456,4.60031170e-04
59,13,2.13939312,15.328357,2.57904257e-04
60,13,2.13939312,15.328357,2.57904314e-04
61,13,2.20382612,15.153339,3.05496601e-05
62,13,2.26825912,15.409789,1.26062079e-02
63,13,2.33269211,15.772961,1.18078541e-02
64,13,2.39712495,16.110075,1.07707679e-02
65,13,2.46155794,16.429155,9.55746192e-03
66,13,2.52599094,16.496413,6.56966859e-03
67,13,2.59042394,15.724878,6.92848321e-03
68,13,2.65485693,14.989507,5.97542813e-03
69,13,2.71928993,14.447326,1.34627876e-03
70,13,2.78372276,14.766306,1.53284097e-03
71,13,2.84815576,15.362452,3.36744739e-04
72,13,2.91258876,14.613544,7.54177103e-05
73,13,2.97702175,13.858646,1.59997866e-04
74,13,3.04145475,13.126806,4.66916063e-04
75,13,3.10588775,12.440528,8.52009000e-04
76,13,3.17032058,11.823754,1.10955396e-03
77,13,3.23475363,11.310862,1.00752335e-03
78,13,3.29918661,10.955625,5.31118158e-04
79,13,3.36361957,10.822728,3.71296749e-04
80,13,3.36361957,10.822728,1.88139650e-04
81,13,3.41622887,10.889489,1.90328239e-04
82,13,3.46883817,11.072575,7.37663674e-05
83,13,3.52144747,11.353993,1.26502506e-03
84,13,3.57405686,11.711286,1.55163673e-05
85,13,3.62666598,12.125878,1.73955459e-05
86,13,3.67927530,12.582440,1.99270427e-06
87,13,3.73188462,13.068289,1.64719891e-04
88,13,3.78449394,13.570550,2.47223757e-04
89,13,3.83710326,14.061474,8.36433081e-04
90,13,3.88971258,14.487827,8.46964036e-04
91,13,3.94232191,14.715523,4.18446223e-03
92,13,3.99493123,14.577287,1.02791600e-03
93,13,4.04754055,14.148369,6.57111071e-03
94,13,4.10014987,13.613470,1.32261759e-04
95,13,4.15275899,13.616008,7.99409062e-05
96,13,4.20536831,13.381619,4.57934804e-05
97,13,4.25797763,13.050858,2.46297876e-05
98,13,4.31058696,12.745836,8.10735210e-06
99,13,4.36319628,12.610695,4.50593529e-08
0,14,0.00000000,14.790353,2.27450464e-06
1,14,0.06074799,14.881885,3.49415359e-06
2,14,0.12149598,15.151778,8.53866832e-06
3,14,0.18224397,15.586005,1.43781536e-05
4,14,0.24299205,16.160873,1.32461244e-05
5,14,0.30373983,16.847476,4.22455608e-06
6,14,0.36448784,17.614560,8.77733048e-07
7,14,0.42523585,18.433157,2.58349952e-05
8,14,0.48598386,17.966993,2.87033719e-03
9,14,0.54673188,17.325598,3.62929573e-03
10,14,0.60747989,16.745566,4.28964536e-03
11,14,0.66822790,16.272650,4.53942119e-03
12,14,0.72897591,15.989634,3.93113845e-03
13,14,0.78972392,15.686110,4.47635570e-03
14,14,0.85047193,15.379398,1.20750153e-03
15,14,0.91121971,15.957133,7.84192992e-04
16,14,0.97196773,16.569050,4.43316204e-04
17,14,1.03271574,17.207193,2.03882678e-04
18,14,1.09346375,17.849333,6.80623694e-05
19,14,1.15421176,18.436794,2.47188377e-04
20,14,1.15421176,18.436794,2.47188949e-04
21,14,1.18458576,18.386747,2.57246212e-04
22,14,1.21495976,18.258969,2.80101141e-04
23,14,1.24533376,18.091153,3.28142868e-04
24,14,1.27570776,17.906013,4.03890096e-04
25,14,1.30608176,17.717266,5.06064931e-04
26,14,1.33645576,17.531983,6.29763496e-04
27,14,1.36682976,17.355232,7.62418766e-04
28,14,1.39720381,17.189594,8.81390849e-04
29,14,1.42757781,17.040050,9.36059188e-04
30,14,1.45795159,16.912552,8.45946326e-04
31,14,1.48832560,16.823962,5.49143425e-04
32,14,1.51869960,16.809962,3.05315158e-04
33,14,1.54907361,16.933630,5.04341701e-04
34,14,1.57944761,17.184375,7.06706750e-04
35,14,1.60982162,17.486592,6.89753022e-04
36,14,1.64019563,17.789953,5.50105366e-04
37,14,1.67056963,18.023803,6.76866660e-04
38,14,1.70094364,18.102944,2.03209362e-03
39,14,1.73131764,18.114348,1.87143324e-03
40,14,1.73131764,18.114348,1.87142333e-03
41,14,1.75279515,17.992803,2.03703580e-03
42,14,1.77427297,17.884294,2.41788895e-03
43,14,1.79575048,17.795154,2.90958435e-03
44,14,1.81722830,17.727069,3.50194025e-03
45,14,1.83870581,17.676019,4.10593495e-03
46,14,1.86018364,17.562552,2.17715512e-03
47,14,1.88166114,17.349514,2.37083426e-03
48,14,1.90313897,17.132930,2.55877888e-03
49,14,1.92461647,16.916780,2.73208526e-03
50,14,1.94609430,16.699418,2.87779339e-03
51,14,1.96757180,16.485997,2.99222722e-03
52,14,1.98904963,16.276297,3.04922724e-03
53,14,2.01052713,16.073230,3.01878913e-03
54,14,2.03200496,15.878761,2.84295899e-03
55,14,2.05348246,15.727432,7.92430769e-04
56,14,2.07496029,15.643006,6.42177912e-04
57,14,2.09643779,15.557078,4.72126830e-04
58,14,2.11791562,15.478065,2.25156745e-04
59,14,2.13939312,15.438804,2.68114903e-07
60,14,2.13939312,15.438804,2.68118837e-07
61,14,2.20382612,15.725243,7.49918412e-04
62,14,2.26825912,16.266058,1.81879043e-04
63,14,2.33269211,16.550898,2.14984777e-03
64,14,2.39712495,16.358283,1.25524988e-03
65,14,2.46155794,16.624232,5.22597658e-04
66,14,2.52599094,16.700570,8.18455643e-03
67,14,2.59042394,16.879563,6.57860373e-03
68,14,2.65485693,16.879334,4.62624914e-03
69,14,2.71928993,16.600906,2.58675926e-03
70,14,2.78372276,16.055238,1.10786585e-03
71,14,2.84815576,15.642135,1.94044665e-03
72,14,2.91258876,16.651118,1.21533004e-03
73,14,2.97702175,17.415825,3.39825117e-07
74,14,3.04145475,16.781749,1.08363202e-06
75,14,3.10588775,16.166137,2.86481828e-06
76,14,3.17032058,15.619451,4.55930414e-06
77,14,3.23475363,15.181082,4.65551617e-06
78,14,3.29918661,14.892178,3.18845236e-06
79,14,3.36361957,14.790353,2.27450704e-06
80,14,3.36361957,14.790353,2.27450520e-06
81,14,3.41622887,14.858479,2.43218781e-06
82,14,3.46883817,15.053277,2.40553958e-06
83,14,3.52144747,15.352848,2.20080069e-06
84,14,3.57405686,15.732201,1.89458613e-06
85,14,3.62666598,16.170095,1.57158513e-06
86,14,3.67927530,16.640360,1.31703154e-06
87,14,3.73188462,17.111318,1.21019535e-06
88,14,3.78449394,17.507857,1.40755855e-06
89,14,3.83710326,17.655505,2.12384070e-06
90,14,3.88971258,17.239492,5.23360945e-04
91,14,3.94232191,16.923703,1.43007738e-03
92,14,3.99493123,16.675766,1.05185171e-05
93,14,4.04754055,16.364977,2.29462927e-05
94,14,4.10014987,16.279373,4.82709332e-05
95,14,4.15275899,16.517682,7.58797462e-05
96,14,4.20536831,17.032274,8.85055401e-05
97,14,4.25797763,17.701132,9.01422669e-05
98,14,4.31058696,18.434742,9.30669944e-05
99,14,4.36319628,19.007652,1.35291043e-04
0,15,0.00000000,22.719198,3.41889283e-06
1,15,0.06074799,22.546671,5.49682385e-05
2,15,0.12149598,22.065225,1.95118610e-04
3,15,0.18224397,21.442135,3.95342182e-04
4,15,0.24299205,20.757139,6.73334549e-04
5,15,0.30373983,20.054746,1.04997760e-03
6,15,0.36448784,19.342403,1.54326513e-03
7,15,0.42523585,18.641315,2.15571322e-03
8,15,0.48598386,17.966993,9.12509887e-05
9,15,0.54673188,17.325598,8.33894412e-05
10,15,0.60747989,16.745566,1.17627506e-04
11,15,0.66822790,16.272650,2.81726742e-04
12,15,0.72897591,15.989635,8.42718727e-04
13,15,0.78972392,15.992210,2.58743734e-03
14,15,0.85047193,16.273939,1.42230338e-03
15,15,0.91121971,16.747693,7.60634627e-04
16,15,0.97196773,17.337832,4.19669000e-04
17,15,1.03271574,18.003016,2.32258624e-04
18,15,1.09346375,18.711444,1.07616065e-04
19,15,1.15421176,18.436794,9.74819513e-05
20,15,1.15421176,18.436794,9.74817349e-05
21,15,1.18458576,18.386747,4.00872867e-04
22,15,1.21495976,18.258969,8.70978615e-04
23,15,1.24533376,18.091153,1.27915755e-03
24,15,1.27570776,17.906013,1.58882102e-03
25,15,1.30608176,17.717266,1.81671798e-03
26,15,1.33645576,17.531983,1.97538472e-03
27,15,1.36682976,17.355232,2.06912849e-03
28,15,1.39720381,17.189594,2.09393086e-03
29,15,1.42757781,17.040050,2.04494106e-03
30,15,1.45795159,16.912552,1.89360211e-03
31,15,1.48832560,16.823962,1.53468557e-03
32,15,1.51869960,16.809962,8.19547816e-04
33,15,1.54907361,16.933630,6.29911157e-04
34,15,1.57944761,17.184375,1.32935233e-03
35,15,1.60982162,17.486592,1.93837314e-03
36,15,1.64019563,17.789953,2.30907976e-03
37,15,1.67056963,18.023803,1.96071084e-03
38,15,1.70094364,18.102944,2.02848953e-04
39,15,1.73131764,18.114348,2.72798692e-04
40,15,1.73131764,18.114348,2.72809052e-04
41,15,1.75279515,18.243378,4.88907726e-04
42,15,1.77427297,18.333372,1.08872645e-03
43,15,1.79575048,18.162267,1.55969670e-03
44,15,1.81722830,17.972497,1.77611603e-03
45,15,1.83870581,17.771179,1.97896504e-03
46,15,1.86018364,17.632356,4.56249756e-03
47,15,1.88166114,17.583590,4.72948231e-03
48,15,1.90313897,17.521006,4.60591989e-03
49,15,1.92461647,17.442721,4.32466695e-03
50,15,1.94609430,17.352514,4.01266032e-03
51,15,1.96757180,17.255580,3.73574527e-03
52,15,1.98904963,17.156821,3.51154779e-03
53,15,2.01052713,17.059382,3.33992167e-03
54,15,2.03200496,16.969591,3.20836541e-03
55,15,2.05348246,16.889843,3.10977558e-03
56,15,2.07496029,16.823822,3.03759303e-03
57,15,2.09643779,16.774022,2.98309652e-03
58,15,2.11791562,16.743130,2.94445212e-03
59,15,2.13939312,16.734622,2.91944648e-03
60,15,2.13939312,16.734622,2.91944666e-03
61,15,2.20382612,17.413512,1.56681296e-03
62,15,2.26825912,17.390007,1.04402478e-03
63,15,2.33269211,16.780357,4.39499926e-06
64,15,2.39712495,17.270579,7.87917922e-05
65,15,2.46155794,17.248218,5.50536710e-03
66,15,2.52599094,16.967113,2.23040915e-04
67,15,2.59042394,17.326962,7.86155797e-05
68,15,2.65485693,17.685157,1.61672087e-05
69,15,2.71928993,18.018601,2.50934626e-07
70,15,2.78372276,18.266586,4.09052492e-06
71,15,2.84815576,18.301537,4.27172203e-06
72,15,2.91258876,17.983229,6.83391125e-07
73,15,2.97702175,17.714571,5.53122637e-04
74,15,3.04145475,18.799180,1.63504309e-04
75,15,3.10588775,19.879223,1.86520512e-05
76,15,3.17032058,20.911364,1.95663861e-05
77,15,3.23475363,21.837410,4.31455004e-05
78,15,3.29918661,22.503265,2.24722707e-05
79,15,3.36361957,22.719198,3.42837921e-06
80,15,3.36361957,22.719198,3.42361913e-06
81,15,3.41622887,22.621420,3.05781000e-06
82,15,3.46883817,22.306203,2.52882812e-06
83,15,3.52144747,21.858488,9.78011752e-05
84,15,3.57405686,21.235373,8.49852573e-05
85,15,3.62666598,20.552574,8.02394445e-05
86,15,3.67927530,19.842388,7.56932398e-05
87,15,3.73188462,19.130628,1.04558224e-04
88,15,3.78449394,18.440632,7.81848677e-04
89,15,3.83710326,17.789934,1.09602012e-03
90,15,3.88971258,17.239492,1.68441525e-03
91,15,3.94232191,16.923703,3.34250834e-04
92,15,3.99493123,17.008209,3.92235443e-04
93,15,4.04754055,17.421751,2.57909824e-05
94,15,4.10014987,17.989504,2.05054459e-04
95,15,4.15275899,18.626343,1.22407132e-04
96,15,4.20536831,19.301538,6.46610063e-04
97,15,4.25797763,19.989633,2.19742967e-04
98,15,4.31058696,20.157782,4.25978159e-05
99,15,4.36319628,19.554761,2.42252715e-07
0,16,0.00000000,22.719198,2.95217772e-05
1,16,0.06074799,22.546671,8.33433360e-07
2,16,0.12149598,22.065225,8.37032369e-05
3,16,0.18224397,21.442135,1.63994358e-04
4,16,0.24299205,20.757139,1.92183407e-04
5,16,0.30373983,20.054746,1.82725118e-04
6,16,0.36448784,19.342403,1.52466401e-04
7,16,0.42523585,18.641315,1.18208660e-04
8,16,0.48598386,19.137204,4.47961118e-04
9,16,0.54673188,18.412211,8.62446103e-04
10,16,0.60747989,17.702257,1.45301100e-03
11,16,0.66822790,17.009889,2.24103657e-03
12,16,0.72897591,16.336952,3.24433854e-03
13,16,0.78972392,15.992210,1.99241254e-03
14,16,0.85047193,16.273939,3.22787697e-03
15,16,0.91121971,16.747693,4.03818194e-03
16,16,0.97196773,17.337832,4.40300965e-03
17,16,1.03271574,18.003016,4.50792868e-03
18,16,1.09346375,18.711444,4.72248680e-03
19,16,1.15421176,19.255671,1.82864148e-05
20,16,1.15421176,19.255671,1.82865823e-05
21,16,1.18458576,19.256795,2.87670360e-06
22,16,1.21495976,19.241778,3.54137351e-05
23,16,1.24533376,19.194951,9.48446699e-05
24,16,1.27570776,19.122315,1.62831957e-04
25,16,1.30608176,19.034741,2.31422020e-04
26,16,1.33645576,18.940225,2.99608560e-04
27,16,1.36682976,18.843777,3.66908427e-04
28,16,1.39720381,18.749089,4.37264017e-04
29,16,1.42757781,18.658716,5.10737461e-04
30,16,1.45795159,18.574507,5.88346979e-04
31,16,1.48832560,18.496961,6.64323587e-04
32,16,1.51869960,18.426123,7.36889989e-04
33,16,1.54907361,18.365897,8.01057745e-04
34,16,1.57944761,18.316741,8.46063768e-04
35,16,1.60982162,18.280500,8.28456781e-04
36,16,1.64019563,18.267413,4.02690495e-04
37,16,1.67056963,18.322540,8.78162656e-04
38,16,1.70094364,18.497276,7.69074306e-04
39,16,1.73131764,18.601261,6.68430940e-04
40,16,1.73131764,18.601261,6.68435996e-04
41,16,1.75279515,18.487621,1.26844915e-03
42,16,1.77427297,18.385029,9.61334187e-04
43,16,1.79575048,18.532224,7.70340084e-04
44,16,1.81722830,18.519350,5.57407876e-04
45,16,1.83870581,18.463471,2.34212882e-04
46,16,1.86018364,18.428678,8.40833989e-05
47,16,1.88166114,18.426012,1.65798816e-04
48,16,1.90313897,18.460181,4.45586211e-04
49,16,1.92461647,18.527892,8.02306774e-04
50,16,1.94609430,18.621337,1.13303951e-03
51,16,1.96757180,18.732932,1.39178637e-03
52,16,1.98904963,18.855398,1.57879828e-03
53,16,2.01052713,18.984317,1.70711083e-03
54,16,2.03200496,19.111169,1.79487149e-03
55,16,2.05348246,19.231832,1.85398884e-03
56,16,2.07496029,19.332430,2.34818855e-05
57,16,2.09643779,19.333768,2.13166471e-05
58,16,2.11791562,19.334540,2.02947034e-05
59,16,2.13939312,19.335132,2.03805250e-05
60,16,2.13939312,19.335132,2.03805446e-05
61,16,2.20382612,18.358093,2.98217636e-04
62,16,2.26825912,18.031916,2.26986311e-04
63,16,2.33269211,18.266697,8.26764432e-04
64,16,2.39712495,17.901353,3.65023352e-03
65,16,2.46155794,17.753136,2.96224775e-04
66,16,2.52599094,18.226331,5.82026032e-04
67,16,2.59042394,18.691476,8.87968981e-04
68,16,2.65485693,19.159061,1.17845362e-03
69,16,2.71928993,19.631417,1.43497035e-03
70,16,2.78372276,19.964691,1.61808303e-03
71,16,2.84815576,20.203211,1.51513177e-03
72,16,2.91258876,20.423671,2.63314596e-04
73,16,2.97702175,20.650020,2.97587493e-04
74,16,3.04145475,21.018323,3.20159070e-04
75,16,3.10588775,21.437804,3.16761679e-04
76,16,3.17032058,21.873957,2.73412824e-04
77,16,3.23475363,22.287136,1.81306430e-04
78,16,3.29918661,22.611051,6.37519252e-05
79,16,3.36361957,22.719198,8.76513833e-05
80,16,3.36361957,22.719198,1.42708538e-04
81,16,3.41622887,22.651069,1.23148000e-04
82,16,3.46883817,22.354804,8.79395918e-05
83,16,3.52144747,21.858488,1.65623113e-04
84,16,3.57405686,21.235373,1.08768888e-04
85,16,3.62666598,20.552574,5.74552518e-06
86,16,3.67927530,19.842388,6.12188408e-06
87,16,3.73188462,19.130628,1.97474457e-04
88,16,3.78449394,18.440632,3.50812298e-05
89,16,3.83710326,17.789934,4.83188877e-04
90,16,3.88971258,17.453136,3.28982394e-06
91,16,3.94232191,17.075878,5.45885220e-06
92,16,3.99493123,17.008209,1.46192288e-04
93,16,4.04754055,17.421751,1.52243969e-04
94,16,4.10014987,17.989504,2.48646646e-04
95,16,4.15275899,18.626343,8.21240142e-04
96,16,4.20536831,19.301538,8.21313771e-04
97,16,4.25797763,19.989633,1.73382579e-03
98,16,4.31058696,20.676291,1.20834734e-03
99,16,4.36319628,21.237225,1.41382978e-04
0,17,0.00000000,22.719198,1.54492797e-04
1,17,0.06074799,22.757619,9.80552437e-07
2,17,0.12149598,22.802377,5.25371285e-06
3,17,0.18224397,22.749868,5.18764758e-05
4,17,0.24299205,22.070749,1.49943257e-05
5,17,0.30373983,21.350066,8.25004910e-07
6,17,0.36448784,20.611371,4.64324660e-05
7,17,0.42523585,19.869806,1.85535563e-04
8,17,0.48598386,19.275570,1.00475176e-04
9,17,0.54673188,20.106565,2.37074519e-04
10,17,0.60747989,19.768662,1.12412644e-03
11,17,0.66822790,19.338188,8.04700846e-04
12,17,0.72897591,18.956024,4.56069616e-04
13,17,0.78972392,18.660009,1.46977688e-04
14,17,0.85047193,18.481510,9.84171659e-07
15,17,0.91121971,18.458478,1.14182387e-04
16,17,0.97196773,18.588426,4.08788201e-04
17,17,1.03271574,18.782752,5.98230045e-04
18,17,1.09346375,18.805466,4.70379906e-04
19,17,1.15421176,19.255671,6.75786932e-03
20,17,1.15421176,19.255671,6.75786851e-03
21,17,1.18458576,19.256795,6.43369447e-03
22,17,1.21495976,19.241778,5.77409236e-03
23,17,1.24533376,19.194951,5.09319852e-03
24,17,1.27570776,19.122315,4.52326306e-03
25,17,1.30608176,19.034741,4.05941521e-03
26,17,1.33645576,18.940225,3.67000677e-03
27,17,1.36682976,18.843777,3.32975869e-03
28,17,1.39720381,18.749089,3.02130833e-03
29,17,1.42757781,18.658716,2.73497472e-03
30,17,1.45795159,18.574507,2.46532144e-03
31,17,1.48832560,18.496961,2.21254750e-03
32,17,1.51869960,18.426123,1.97943169e-03
33,17,1.54907361,18.365897,1.77245511e-03
34,17,1.57944761,18.316741,1.60782844e-03
35,17,1.60982162,18.280500,1.53795391e-03
36,17,1.64019563,18.267413,1.96674374e-03
37,17,1.67056963,18.322540,1.88378761e-03
38,17,1.70094364,18.497276,2.68078984e-03
39,17,1.73131764,18.601261,3.13259588e-03
40,17,1.73131764,18.601261,3.13259107e-03
41,17,1.75279515,18.653473,2.16841440e-03
42,17,1.77427297,18.635102,1.53465310e-03
43,17,1.79575048,18.582307,9.94645026e-04
44,17,1.81722830,18.686335,8.16503764e-04
45,17,1.83870581,18.843321,8.51279648e-04
46,17,1.86018364,18.997641,8.39468230e-04
47,17,1.88166114,19.135727,7.04052834e-04
48,17,1.90313897,19.231484,4.10765945e-04
49,17,1.92461647,19.278167,1.97550824e-04
50,17,1.94609430,19.299490,1.10231580e-04
51,17,1.96757180,19.311451,7.19611320e-05
52,17,1.98904963,19.319058,5.19798401e-05
53,17,2.01052713,19.323532,4.00125414e-05
54,17,2.03200496,19.327342,3.22235151e-05
55,17,2.05348246,19.330124,2.69774100e-05
56,17,2.07496029,19.339949,1.89034814e-03
57,17,2.09643779,19.426919,1.90918789e-03
58,17,2.11791562,19.484272,1.90293290e-03
59,17,2.13939312,19.504431,1.86478712e-03
60,17,2.13939312,19.504431,1.86478710e-03
61,17,2.20382612,19.527816,3.10568516e-03
62,17,2.26825912,19.502083,5.05297897e-03
63,17,2.33269211,19.592485,5.26847519e-03
64,17,2.39712495,19.990740,3.08162910e-03
65,17,2.46155794,20.434301,1.70296353e-03
66,17,2.52599094,20.814819,9.61810527e-04
67,17,2.59042394,20.757774,1.23570913e-04
68,17,2.65485693,20.182791,5.87545742e-04
69,17,2.71928993,19.922526,1.27816964e-03
70,17,2.78372276,20.103186,1.64702465e-03
71,17,2.84815576,20.501799,2.24588528e-04
72,17,2.91258876,20.545085,1.20521945e-03
73,17,2.97702175,20.937993,8.59979072e-04
74,17,3.04145475,21.348109,5.60649732e-04
75,17,3.10588775,21.756071,3.35675052e-04
76,17,3.17032058,22.134300,1.87512924e-04
77,17,3.23475363,22.449371,1.03788819e-04
78,17,3.29918661,22.663129,6.51948041e-05
79,17,3.36361957,22.719198,9.63538134e-05
80,17,3.36361957,22.719198,4.13013988e-05
81,17,3.41622887,22.651069,1.52163247e-05
82,17,3.46883817,22.354804,1.19743089e-04
83,17,3.52144747,21.876955,2.08103402e-06
84,17,3.57405686,21.388782,1.74886014e-06
85,17,3.62666598,20.883735,1.49571206e-06
86,17,3.67927530,20.366915,1.32567173e-06
87,17,3.73188462,19.883572,1.18346743e-06
88,17,3.78449394,19.509986,9.71616898e-07
89,17,3.83710326,19.422835,5.70482245e-07
90,17,3.88971258,19.728694,2.73791013e-07
91,17,3.94232191,20.263325,1.74314813e-07
92,17,3.99493123,20.894339,1.23156269e-07
93,17,4.04754055,21.569207,4.39618508e-08
94,17,4.10014987,22.251457,1.39535206e-07
95,17,4.15275899,22.582660,2.07349495e-05
96,17,4.20536831,21.834481,3.71858988e-05
97,17,4.25797763,20.986569,4.31643267e-05
98,17,4.31058696,20.676291,9.95222888e-04
99,17,4.36319628,21.237225,9.24764013e-06
0,18,0.00000000,23.904286,1.71858228e-05
1,18,0.06074799,23.770166,5.60862659e-05
2,18,0.12149598,23.341940,7.36288166e-05
3,18,0.18224397,22.878537,2.89237028e-05
4,18,0.24299205,22.680461,1.37393757e-03
5,18,0.30373983,22.214128,1.54923064e-03
6,18,0.36448784,21.720467,1.63279393e-03
7,18,0.42523585,21.222174,1.63040157e-03
8,18,0.48598386,20.724569,1.54404513e-03
9,18,0.54673188,20.236504,1.37415401e-03
10,18,0.60747989,20.892446,4.27496103e-04
11,18,0.66822790,21.603377,6.34505697e-04
12,18,0.72897591,22.215292,8.10300513e-04
13,18,0.78972392,22.759297,9.22767275e-04
14,18,0.85047193,23.197409,9.51358854e-04
15,18,0.91121971,22.418063,9.23473216e-04
16,18,0.97196773,21.671107,8.29981727e-04
17,18,1.03271574,21.046985,8.60748550e-04
18,18,1.09346375,20.406554,2.44096454e-04
19,18,1.15421176,19.823427,3.61479207e-04
20,18,1.15421176,19.823427,3.61479307e-04
21,18,1.18458576,19.861330,3.09740159e-04
22,18,1.21495976,19.973614,2.92055312e-04
23,18,1.24533376,20.145405,2.90081870e-04
24,18,1.27570776,20.350702,2.54150622e-04
25,18,1.30608176,20.569305,1.94766767e-04
26,18,1.33645576,20.786233,1.39178088e-04
27,18,1.36682976,20.987480,1.06724690e-04
28,18,1.39720381,21.162713,1.01971948e-04
29,18,1.42757781,21.296627,1.13176490e-04
30,18,1.45795159,21.366234,1.24933140e-04
31,18,1.48832560,21.348880,1.12633838e-04
32,18,1.51869960,21.233750,7.92214476e-05
33,18,1.54907361,21.036860,4.41923994e-05
34,18,1.57944761,20.784679,1.99286791e-05
35,18,1.60982162,20.497436,1.33192869e-05
36,18,1.64019563,20.196849,2.56922077e-05
37,18,1.67056963,19.901103,5.65712130e-05
38,18,1.70094364,19.647607,1.10832439e-04
39,18,1.73131764,19.539497,4.19628577e-04
40,18,1.73131764,19.539497,4.19627239e-04
41,18,1.75279515,19.465319,3.04851005e-04
42,18,1.77427297,19.417472,2.51249865e-04
43,18,1.79575048,19.388742,2.11827265e-04
44,18,1.81722830,19.377808,1.91259941e-04
45,18,1.83870581,19.378523,1.95838940e-04
46,18,1.86018364,19.392186,2.49614350e-04
47,18,1.88166114,19.429540,4.24087812e-04
48,18,1.90313897,19.515005,7.50606428e-04
49,18,1.92461647,19.653313,1.00173387e-03
50,18,1.94609430,19.818218,1.13230259e-03
51,18,1.96757180,19.995636,1.21899623e-03
52,18,1.98904963,20.177747,1.29387183e-03
53,18,2.01052713,20.361252,1.37136280e-03
54,18,2.03200496,20.542006,1.46105555e-03
55,18,2.05348246,20.716263,1.57300226e-03
56,18,2.07496029,20.877906,1.71868630e-03
57,18,2.09643779,21.015398,1.90473057e-03
58,18,2.11791562,21.112143,2.11658706e-03
59,18,2.13939312,21.130204,1.50489061e-05
60,18,2.13939312,21.130204,1.50489181e-05
61,18,2.20382612,21.593024,7.02763501e-06
62,18,2.26825912,21.912212,1.68177850e-03
63,18,2.33269211,21.834523,7.10118131e-04
64,18,2.39712495,22.057560,1.79772150e-04
65,18,2.46155794,22.392271,7.99352593e-05
66,18,2.52599094,21.540739,3.35069791e-05
67,18,2.59042394,21.149312,5.64838319e-04
68,18,2.65485693,21.462892,3.47219400e-04
69,18,2.71928993,21.748735,1.88630953e-04
70,18,2.78372276,20.991935,1.95958252e-04
71,18,2.84815576,20.588906,1.79921682e-03
72,18,2.91258876,21.076065,1.89309445e-03
73,18,2.97702175,21.567693,1.91804761e-03
74,18,3.04145475,22.061206,1.86500324e-03
75,18,3.10588775,22.545950,1.71425997e-03
76,18,3.17032058,23.016082,1.44256317e-03
77,18,3.23475363,23.448373,1.00919562e-03
78,18,3.29918661,23.789966,4.06048349e-04
79,18,3.36361957,23.904286,1.53828002e-05
80,18,3.36361957,23.904286,9.46387928e-06
81,18,3.41622887,23.839318,4.95388319e-04
82,18,3.46883817,23.679982,3.83573402e-04
83,18,3.52144747,23.584189,4.25220062e-04
84,18,3.57405686,23.552556,1.11613188e-03
85,18,3.62666598,23.558663,3.01636449e-04
86,18,3.67927530,23.584252,1.32288492e-03
87,18,3.73188462,23.621558,2.74277766e-04
88,18,3.78449394,23.667048,1.99405378e-03
89,18,3.83710326,23.710107,8.54174425e-04
90,18,3.88971258,23.747057,1.63701134e-03
91,18,3.94232191,23.769544,1.97300232e-03
92,18,3.99493123,23.764498,3.23620255e-03
93,18,4.04754055,23.708332,4.34463316e-05
94,18,4.10014987,23.599735,2.58025976e-03
95,18,4.15275899,23.200300,1.30792022e-05
96,18,4.20536831,23.042441,1.23810350e-03
97,18,4.25797763,22.576414,1.36747030e-03
98,18,4.31058696,22.011466,1.61173216e-03
99,18,4.36319628,21.482021,2.92389524e-03
0,19,0.00000000,23.904286,6.67781167e-07
1,19,0.06074799,23.812018,2.53883918e-04
2,19,0.12149598,23.514475,7.16902769e-04
3,19,0.18224397,23.122950,1.10135168e-03
4,19,0.24299205,22.988149,6.66676658e-05
5,19,0.30373983,23.136752,1.11060782e-04
6,19,0.36448784,23.325332,1.52141831e-04
7,19,0.42523585,23.564749,1.78482221e-04
8,19,0.48598386,23.873360,1.77840804e-04
9,19,0.54673188,24.258848,1.43056300e-04
10,19,0.60747989,24.749818,7.91802315e-05
11,19,0.66822790,25.320811,7.90680359e-04
12,19,0.72897591,24.696175,1.01798129e-03
13,19,0.78972392,23.976616,1.08758778e-03
14,19,0.85047193,23.201610,1.03390657e-03
15,19,0.91121971,22.997339,1.30418175e-04
16,19,0.97196773,22.102161,1.36106803e-04
17,19,1.03271574,21.233279,1.68982463e-04
18,19,1.09346375,20.406554,1.63806118e-03
19,19,1.15421176,19.823427,4.29167095e-06
20,19,1.15421176,19.823427,4.29151349e-06
21,19,1.18458576,19.861330,1.56062792e-05
22,19,1.21495976,19.973614,3.17030260e-05
23,19,1.24533376,20.145405,3.97724532e-05
24,19,1.27570776,20.350702,4.27981750e-05
25,19,1.30608176,20.569305,4.65016204e-05
26,19,1.33645576,20.786233,5.48627029e-05
27,19,1.36682976,20.987480,7.47326901e-05
28,19,1.39720381,21.162713,1.17648273e-04
29,19,1.42757781,21.296627,2.10279623e-04
30,19,1.45795159,21.366234,3.91789963e-04
31,19,1.48832560,21.348880,6.68438188e-04
32,19,1.51869960,21.233750,9.63200920e-04
33,19,1.54907361,21.036860,1.17542270e-03
34,19,1.57944761,20.784679,1.27937545e-03
35,19,1.60982162,20.497436,1.28969513e-03
36,19,1.64019563,20.196849,1.20615246e-03
37,19,1.67056963,19.901103,1.00032550e-03
38,19,1.70094364,19.647607,6.06818658e-04
39,19,1.73131764,19.539497,1.08209880e-06
40,19,1.73131764,19.539497,1.08343266e-06
41,19,1.75279515,19.669297,3.97602904e-04
42,19,1.77427297,19.880595,8.05458430e-04
43,19,1.79575048,20.130891,1.11546355e-03
44,19,1.81722830,20.396279,1.33376751e-03
45,19,1.83870581,20.664106,1.49302773e-03
46,19,1.86018364,20.926954,1.61462995e-03
47,19,1.88166114,21.179433,1.70618186e-03
48,19,1.90313897,21.421144,1.75873657e-03
49,19,1.92461647,21.636295,1.70971623e-03
50,19,1.94609430,21.812326,1.23295233e-03
51,19,1.96757180,21.855615,7.45598749e-05
52,19,1.98904963,21.759773,2.82700478e-05
53,19,2.01052713,21.636248,7.04734175e-05
54,19,2.03200496,21.512599,7.77690849e-05
55,19,2.05348246,21.394792,6.35715454e-05
56,19,2.07496029,21.290383,3.98759192e-05
57,19,2.09643779,21.205374,1.46739394e-05
58,19,2.11791562,21.149296,2.52720055e-06
59,19,2.13939312,21.147891,2.29249575e-03
60,19,2.13939312,21.147891,2.29249576e-03
61,19,2.20382612,21.753653,1.50767601e-03
62,19,2.26825912,22.130549,1.23819616e-05
63,19,2.33269211,22.727573,3.67397804e-05
64,19,2.39712495,23.054225,3.12865322e-05
65,19,2.46155794,22.565209,4.81449558e-05
66,19,2.52599094,23.269552,4.25840834e-05
67,19,2.59042394,23.586761,1.84160748e-04
68,19,2.65485693,22.634420,1.89343778e-04
69,19,2.71928993,21.759253,2.23306820e-04
70,19,2.78372276,22.044705,1.50512743e-04
71,19,2.84815576,22.322167,1.08283912e-04
72,19,2.91258876,22.584411,8.60809657e-05
73,19,2.97702175,22.825610,7.75684595e-05
74,19,3.04145475,23.043890,8.07233136e-05
75,19,3.10588775,23.241787,9.51899215e-05
76,19,3.17032058,23.419010,1.23313662e-04
77,19,3.23475363,23.592197,1.60940906e-04
78,19,3.29918661,23.794538,1.42412433e-04
79,19,3.36361957,23.904286,2.47088591e-06
80,19,3.36361957,23.904286,8.38989930e-06
81,19,3.41622887,23.839318,4.70806538e-05
82,19,3.46883817,23.679982,7.18049004e-04
83,19,3.52144747,23.584189,9.09091580e-04
84,19,3.57405686,23.552556,3.69024807e-04
85,19,3.62666598,23.558663,1.36189857e-03
86,19,3.67927530,23.584252,5.54069489e-04
87,19,3.73188462,23.621558,1.84979313e-03
88,19,3.78449394,23.667048,4.02878891e-04
89,19,3.83710326,23.710107,1.84137715e-03
90,19,3.88971258,23.747057,1.37915462e-03
91,19,3.94232191,23.769544,1.38718913e-03
92,19,3.99493123,23.764498,4.95324236e-04
93,19,4.04754055,23.708332,4.10712033e-03
94,19,4.10014987,23.599735,1.98766589e-03
95,19,4.15275899,23.382357,5.62616904e-04
96,19,4.20536831,23.042441,3.91809723e-03
97,19,4.25797763,22.576414,3.84715607e-03
98,19,4.31058696,22.011466,3.65683650e-03
99,19,4.36319628,21.482021,4.46023709e-03
0,20,0.00000000,25.363618,4.64253832e-08
1,20,0.06074799,25.459118,2.00467657e-03
2,20,0.12149598,25.652306,1.49521714e-03
3,20,0.18224397,25.870517,1.02523772e-03
4,20,0.24299205,26.070125,6.38826282e-04
5,20,0.30373983,26.237942,3.34015685e-04
6,20,0.36448784,26.333801,1.21374451e-04
7,20,0.42523585,26.360505,1.09268930e-05
8,20,0.48598386,26.295064,2.40824463e-05
9,20,0.54673188,26.114002,1.80531672e-04
10,20,0.60747989,25.791732,4.65920505e-04
11,20,0.66822790,25.362800,1.60072481e-05
12,20,0.72897591,25.657553,4.72481432e-04
13,20,0.78972392,24.797155,2.45171853e-04
14,20,0.85047193,23.898869,1.59037102e-04
15,20,0.91121971,22.997339,4.55426829e-04
16,20,0.97196773,22.102161,8.87950433e-04
17,20,1.03271574,21.233279,1.37476226e-03
18,20,1.09346375,20.781035,1.06602952e-03
19,20,1.15421176,21.046957,1.48720052e-03
20,20,1.15421176,21.046957,1.48719819e-03
21,20,1.18458576,21.073704,1.54721757e-03
22,20,1.21495976,21.151135,1.45604107e-03
23,20,1.24533376,21.272787,1.38457078e-03
24,20,1.27570776,21.431236,1.35140081e-03
25,20,1.30608176,21.620872,1.35276488e-03
26,20,1.33645576,21.836738,1.38789146e-03
27,20,1.36682976,22.071762,1.46710537e-03
28,20,1.39720381,22.313546,1.61258083e-03
29,20,1.42757781,22.536639,1.82542689e-03
30,20,1.45795159,22.691833,1.95619373e-03
31,20,1.48832560,22.769124,1.77777406e-03
32,20,1.51869960,22.821543,1.40423701e-03
33,20,1.54907361,22.889667,1.06182655e-03
34,20,1.57944761,22.973538,8.23521434e-04
35,20,1.60982162,23.060279,6.68988951e-04
36,20,1.64019563,23.138866,5.69952476e-04
37,20,1.67056963,23.200885,5.07756728e-04
38,20,1.70094364,23.240748,4.72347344e-04
39,20,1.73131764,23.257778,4.60095375e-04
40,20,1.73131764,23.257778,4.60091988e-04
41,20,1.75279515,23.144313,4.92239112e-04
42,20,1.77427297,23.031485,5.18231034e-04
43,20,1.79575048,22.916389,5.39689872e-04
44,20,1.81722830,22.801538,5.60314919e-04
45,20,1.83870581,22.685230,5.80209973e-04
46,20,1.86018364,22.567244,6.02817575e-04
47,20,1.88166114,22.447584,6.35701113e-04
48,20,1.90313897,22.326893,6.97949627e-04
49,20,1.92461647,22.207979,8.54572494e-04
50,20,1.94609430,22.102741,1.43230145e-03
51,20,1.96757180,22.107284,2.68522655e-03
52,20,1.98904963,22.225119,2.81674345e-03
53,20,2.01052713,22.344077,2.84379293e-03
54,20,2.03200496,22.443599,2.88664466e-03
55,20,2.05348246,22.521548,2.92930891e-03
56,20,2.07496029,22.588488,2.96632372e-03
57,20,2.09643779,22.556157,2.94148845e-04
58,20,2.11791562,22.459848,1.55269985e-04
59,20,2.13939312,22.424274,4.76083321e-05
60,20,2.13939312,22.424274,4.76083052e-05
61,20,2.20382612,22.239753,2.56048118e-03
62,20,2.26825912,22.397044,8.42791063e-04
63,20,2.33269211,22.972455,2.75392060e-04
64,20,2.39712495,23.371008,7.48616549e-05
65,20,2.46155794,24.045996,1.07625604e-04
66,20,2.52599094,24.562750,1.50302185e-04
67,20,2.59042394,24.088913,6.97515823e-05
68,20,2.65485693,24.960679,1.34928947e-04
69,20,2.71928993,25.749004,2.26530391e-04
70,20,2.78372276,26.201840,2.32915472e-04
71,20,2.84815576,26.283940,1.91048191e-04
72,20,2.91258876,26.234138,1.86032329e-04
73,20,2.97702175,26.148182,2.05947925e-04
74,20,3.04145475,26.052810,2.47869283e-04
75,20,3.10588775,25.954687,3.17624851e-04
76,20,3.17032058,25.838914,4.36381004e-04
77,20,3.23475363,25.680137,2.32198541e-03
78,20,3.29918661,25.469669,3.00832268e-03
79,20,3.36361957,25.363618,4.16736210e-08
80,20,3.36361957,25.363618,2.42722062e-08
81,20,3.41622887,25.447532,5.55988710e-03
82,20,3.46883817,25.594530,4.73546830e-03
83,20,3.52144747,25.733949,1.51595847e-03
84,20,3.57405686,25.848360,4.21704333e-04
85,20,3.62666598,25.944110,5.14258870e-04
86,20,3.67927530,26.028329,2.49921344e-04
87,20,3.73188462,26.106734,5.68307594e-04
88,20,3.78449394,26.183305,5.99495948e-04
89,20,3.83710326,26.255734,3.51497485e-04
90,20,3.88971258,26.324500,7.58856273e-04
91,20,3.94232191,26.350719,1.21341287e-05
92,20,3.99493123,25.468043,1.71396798e-05
93,20,4.04754055,24.567893,2.22912356e-05
94,20,4.10014987,23.701789,2.76687258e-05
95,20,4.15275899,23.382357,4.36765129e-03
96,20,4.20536831,23.782665,2.22198844e-06
97,20,4.25797763,24.434896,8.47063648e-07
98,20,4.31058696,24.968068,9.25072153e-08
99,20,4.36319628,25.194597,4.67257831e-07
0,21,0.00000000,25.363619,6.71687517e-03
1,21,0.06074799,25.503351,1.16251726e-03
2,21,0.12149598,25.787483,1.31834167e-03
3,21,0.18224397,26.087826,1.58306883e-03
4,21,0.24299205,26.347003,1.89255131e-03
5,21,0.30373983,26.562253,2.17229049e-03
6,21,0.36448784,26.737882,2.41350947e-03
7,21,0.42523585,26.883133,2.60280271e-03
8,21,0.48598386,26.993302,2.72875085e-03
9,21,0.54673188,27.025880,2.65353035e-03
10,21,0.60747989,26.876965,2.03202375e-03
11,21,0.66822790,26.405737,1.05198794e-03
12,21,0.72897591,25.657553,4.77805261e-05
13,21,0.78972392,24.797155,7.98990058e-06
14,21,0.85047193,23.898869,1.50217010e-04
15,21,0.91121971,23.498860,8.24037513e-04
16,21,0.97196773,23.152693,2.93614131e-04
17,21,1.03271574,22.383900,2.53345291e-04
18,21,1.09346375,21.644234,3.25930707e-04
19,21,1.15421176,21.046957,8.98048517e-05
20,21,1.15421176,21.046957,8.98074222e-05
21,21,1.18458576,21.073704,6.32932723e-05
22,21,1.21495976,21.151135,2.63245034e-04
23,21,1.24533376,21.272787,4.84598591e-04
24,21,1.27570776,21.431236,6.78810214e-04
25,21,1.30608176,21.620872,8.31995458e-04
26,21,1.33645576,21.836738,9.39307340e-04
27,21,1.36682976,22.071762,9.98677511e-04
28,21,1.39720381,22.313546,1.01511705e-03
29,21,1.42757781,22.536639,9.84478488e-04
30,21,1.45795159,22.691833,8.72251355e-04
31,21,1.48832560,22.769124,6.87969200e-04
32,21,1.51869960,22.821543,5.66602082e-04
33,21,1.54907361,22.889667,5.22770323e-04
34,21,1.57944761,22.973538,5.09550776e-04
35,21,1.60982162,23.060279,5.07095674e-04
36,21,1.64019563,23.138866,5.09793529e-04
37,21,1.67056963,23.200885,5.15198489e-04
38,21,1.70094364,23.240748,5.22351989e-04
39,21,1.73131764,23.257778,5.29959304e-04
40,21,1.73131764,23.257778,5.29962836e-04
41,21,1.75279515,23.363574,4.92076606e-04
42,21,1.77427297,23.460692,4.62986675e-04
43,21,1.79575048,23.545156,4.40903049e-04
44,21,1.81722830,23.615361,4.26107954e-04
45,21,1.83870581,23.668453,4.19385012e-04
46,21,1.86018364,23.701726,4.21095578e-04
47,21,1.88166114,23.711972,4.31290804e-04
48,21,1.90313897,23.696751,4.50808346e-04
49,21,1.92461647,23.650097,4.74449038e-04
50,21,1.94609430,23.571672,4.99964733e-04
51,21,1.96757180,23.462903,5.22332148e-04
52,21,1.98904963,23.328636,5.36741014e-04
53,21,2.01052713,23.175980,5.38565972e-04
54,21,2.03200496,23.012961,5.22591788e-04
55,21,2.05348246,22.848150,4.81738520e-04
56,21,2.07496029,22.692025,4.08202406e-04
57,21,2.09643779,22.626957,2.98849697e-03
58,21,2.11791562,22.649126,2.99910896e-03
59,21,2.13939312,22.656596,3.00025097e-03
60,21,2.13939312,22.656596,3.00025098e-03
61,21,2.20382612,22.911679,3.63558722e-05
62,21,2.26825912,23.455868,1.93756401e-05
63,21,2.33269211,24.043157,4.59913642e-06
64,21,2.39712495,24.660444,6.56550228e-07
65,21,2.46155794,25.173926,4.40951018e-06
66,21,2.52599094,24.717697,1.09425174e-04
67,21,2.59042394,25.343338,6.97212715e-05
68,21,2.65485693,25.863116,1.38147213e-05
69,21,2.71928993,26.228472,7.73877756e-06
70,21,2.78372276,26.418898,8.82158531e-05
71,21,2.84815576,26.486913,2.35409562e-04
72,21,2.91258876,26.464948,4.22990860e-04
73,21,2.97702175,26.385902,6.48461024e-04
74,21,3.04145475,26.259967,9.28158362e-04
75,21,3.10588775,26.099173,1.28174139e-03
76,21,3.17032058,25.902922,1.73757747e-03
77,21,3.23475363,25.689537,6.37229158e-04
78,21,3.29918661,25.495657,9.46175668e-04
79,21,3.36361957,25.363619,1.78679408e-03
80,21,3.36361957,25.363619,2.28596466e-03
81,21,3.41622887,25.447532,5.90997733e-04
82,21,3.46883817,25.594530,2.35933554e-04
83,21,3.52144747,25.733949,2.45622656e-03
84,21,3.57405686,25.848360,2.79771169e-03
85,21,3.62666598,25.944110,2.12493764e-03
86,21,3.67927530,26.028329,1.92369052e-03
87,21,3.73188462,26.106734,1.21034843e-03
88,21,3.78449394,26.183305,8.34806816e-04
89,21,3.83710326,26.255734,7.80197480e-04
90,21,3.88971258,26.324500,1.08047229e-04
91,21,3.94232191,26.387080,4.06417455e-04
92,21,3.99493123,26.437494,2.20851977e-04
93,21,4.04754055,26.474462,1.10353111e-04
94,21,4.10014987,26.480839,1.97892002e-05
95,21,4.15275899,26.430445,5.56373039e-05
96,21,4.20536831,26.320427,6.06428199e-05
97,21,4.25797763,26.192302,6.74115736e-05
98,21,4.31058696,26.101870,4.52980818e-05
99,21,4.36319628,26.067566,1.71315293e-05
0,22,0.00000000,25.363619,1.36929929e-04
1,22,0.06074799,25.503351,3.39975693e-03
2,22,0.12149598,25.787483,2.98995604e-03
3,22,0.18224397,26.087826,2.46348936e-03
4,22,0.24299205,26.347003,1.96898479e-03
5,22,0.30373983,26.562253,1.58062554e-03
6,22,0.36448784,26.737882,1.28513357e-03
7,22,0.42523585,26.883133,1.06691180e-03
8,22,0.48598386,26.993302,8.86152739e-04
9,22,0.54673188,27.025880,7.31042910e-04
10,22,0.60747989,26.876965,5.68569248e-04
11,22,0.66822790,26.405737,2.71948747e-04
12,22,0.72897591,26.034017,1.17680847e-05
13,22,0.78972392,26.014247,9.87808714e-05
14,22,0.85047193,25.178366,6.71808599e-05
15,22,0.91121971,24.374642,1.49343040e-04
16,22,0.97196773,24.215365,6.53400448e-04
17,22,1.03271574,24.514305,6.62628663e-04
18,22,1.09346375,24.859204,5.53060796e-04
19,22,1.15421176,25.211164,3.85816909e-05
20,22,1.15421176,25.211164,3.87261448e-05
21,22,1.18458576,25.178431,5.28296751e-05
22,22,1.21495976,25.083573,6.87361463e-05
23,22,1.24533376,24.936273,8.22791996e-05
24,22,1.27570776,24.746664,9.23351275e-05
25,22,1.30608176,24.528516,9.22414049e-05
26,22,1.33645576,24.295400,7.92084796e-05
27,22,1.36682976,24.055358,5.21285828e-05
28,22,1.39720381,23.841194,2.26793801e-05
29,22,1.42757781,23.700900,3.63851353e-05
30,22,1.45795159,23.692700,3.12279505e-05
31,22,1.48832560,23.855653,3.36355389e-05
32,22,1.51869960,24.140703,1.42679458e-04
33,22,1.54907361,24.491723,2.56171048e-04
34,22,1.57944761,24.882486,3.49320857e-04
35,22,1.60982162,25.295801,4.28871117e-04
36,22,1.64019563,25.727328,5.01822267e-04
37,22,1.67056963,26.172742,5.73732491e-04
38,22,1.70094364,26.629800,6.45223778e-04
39,22,1.73131764,27.024139,7.26083291e-04
40,22,1.73131764,27.024139,7.26142400e-04
41,22,1.75279515,26.838394,7.50000752e-05
42,22,1.77427297,26.603535,7.14833952e-05
43,22,1.79575048,26.366862,8.79891259e-05
44,22,1.81722830,26.134892,1.06110452e-04
45,22,1.83870581,25.910882,1.22473536e-04
46,22,1.86018364,25.698555,1.35261902e-04
47,22,1.88166114,25.502116,1.43078262e-04
48,22,1.90313897,25.326365,1.44932229e-04
49,22,1.92461647,25.175715,1.41825850e-04
50,22,1.94609430,25.050418,1.35024736e-04
51,22,1.96757180,24.956432,1.28709566e-04
52,22,1.98904963,24.887718,1.24257566e-04
53,22,2.01052713,24.839081,1.22103331e-04
54,22,2.03200496,24.805864,1.21947906e-04
55,22,2.05348246,24.783482,1.22932957e-04
56,22,2.07496029,24.772327,1.24563736e-04
57,22,2.09643779,24.763110,1.26121128e-04
58,22,2.11791562,24.758058,1.27374812e-04
59,22,2.13939312,24.756516,1.28056707e-04
60,22,2.13939312,24.756516,1.28056645e-04
61,22,2.20382612,25.522379,1.49704012e-04
62,22,2.26825912,26.259932,1.33168725e-03
63,22,2.33269211,25.318197,1.26812833e-03
64,22,2.39712495,24.977049,9.58472884e-04
65,22,2.46155794,25.495073,4.56953633e-04
66,22,2.52599094,26.172390,2.08709827e-04
67,22,2.59042394,26.862656,3.39796460e-04
68,22,2.65485693,27.208603,1.90754645e-06
69,22,2.71928993,27.242286,1.64056183e-05
70,22,2.78372276,27.641812,1.54969266e-04
71,22,2.84815576,28.441738,3.78079715e-04
72,22,2.91258876,28.828195,1.79622219e-03
73,22,2.97702175,28.257150,1.70476438e-03
74,22,3.04145475,27.636578,1.72548428e-03
75,22,3.10588775,27.012338,1.80073419e-03
76,22,3.17032058,26.425725,1.91977464e-03
77,22,3.23475363,25.909233,2.07071904e-03
78,22,3.29918661,25.523749,2.22206319e-03
79,22,3.36361957,25.363619,5.06701934e-03
80,22,3.36361957,25.363619,4.56786207e-03
81,22,3.41622887,25.479985,4.45391682e-07
82,22,3.46883817,25.753881,1.05725805e-06
83,22,3.52144747,26.116222,1.66279049e-06
84,22,3.57405686,26.513705,2.20134047e-06
85,22,3.62666598,26.931057,2.62726371e-06
86,22,3.67927530,27.319888,2.84724569e-06
87,22,3.73188462,27.670269,2.55813939e-06
88,22,3.78449394,27.920407,1.05136728e-06
89,22,3.83710326,27.820326,7.67646139e-07
90,22,3.88971258,27.183725,6.71555413e-06
91,22,3.94232191,26.387080,2.33187734e-04
92,22,3.99493123,26.437494,2.29416689e-04
93,22,4.04754055,26.474462,1.82753715e-04
94,22,4.10014987,26.480839,1.63566892e-04
95,22,4.15275899,26.430445,5.23476947e-05
96,22,4.20536831,26.320427,1.64265488e-05
97,22,4.25797763,26.192302,2.09047309e-05
98,22,4.31058696,26.101870,6.97936701e-05
99,22,4.36319628,26.067566,1.04570979e-04
0,23,0.00000000,28.862843,4.40359025e-03
1,23,0.06074799,28.960004,3.64087826e-03
2,23,0.12149598,29.239397,3.47096552e-03
3,23,0.18224397,29.697813,3.21204003e-03
4,23,0.24299205,30.310506,2.92085417e-03
5,23,0.30373983,31.053175,2.44266987e-03
6,23,0.36448784,31.691542,2.10750861e-03
7,23,0.42523585,30.992835,2.18445547e-05
8,23,0.48598386,30.176855,1.22913188e-04
9,23,0.54673188,29.394471,4.59357600e-04
10,23,0.60747989,28.772326,1.35740681e-03
11,23,0.66822790,28.339023,3.02097033e-04
12,23,0.72897591,27.415327,1.53250586e-04
13,23,0.78972392,27.359483,4.94777413e-10
14,23,0.85047193,27.020546,8.17851798e-06
15,23,0.91121971,26.651309,9.94472825e-05
16,23,0.97196773,26.280733,2.57606739e-04
17,23,1.03271574,25.920249,4.52272471e-04
18,23,1.09346375,25.565110,6.57162528e-04
19,23,1.15421176,25.211164,1.22881705e-03
20,23,1.15421176,25.211164,1.22867360e-03
21,23,1.18458576,25.178431,1.30294862e-03
22,23,1.21495976,25.083573,1.38933561e-03
23,23,1.24533376,24.936273,1.46867399e-03
24,23,1.27570776,24.746664,1.51658479e-03
25,23,1.30608176,24.528517,1.52440414e-03
26,23,1.33645576,24.295400,1.48066295e-03
27,23,1.36682976,24.055358,1.36533600e-03
28,23,1.39720381,23.841194,1.13613223e-03
29,23,1.42757781,23.700900,7.47770750e-04
30,23,1.45795159,23.692700,4.40207822e-04
31,23,1.48832560,23.855653,4.49559399e-04
32,23,1.51869960,24.140703,4.89703203e-04
33,23,1.54907361,24.491723,4.96541926e-04
34,23,1.57944761,24.882486,4.83331158e-04
35,23,1.60982162,25.295801,4.64279823e-04
36,23,1.64019563,25.727328,4.45243400e-04
37,23,1.67056963,26.172742,4.29252372e-04
38,23,1.70094364,26.629800,4.16300686e-04
39,23,1.73131764,27.024139,4.05172895e-04
40,23,1.73131764,27.024139,4.05114100e-04
41,23,1.75279515,26.872088,1.20011869e-03
42,23,1.77427297,26.661498,1.15868809e-03
43,23,1.79575048,26.459189,1.10420558e-03
44,23,1.81722830,26.269853,1.04275957e-03
45,23,1.83870581,26.094810,9.76553559e-04
46,23,1.86018364,25.936081,9.04938851e-04
47,23,1.88166114,25.795638,8.27126629e-04
48,23,1.90313897,25.675696,7.41737010e-04
49,23,1.92461647,25.577271,6.50768974e-04
50,23,1.94609430,25.501174,5.55316244e-04
51,23,1.96757180,25.448710,4.57979045e-04
52,23,1.98904963,25.418224,3.63589699e-04
53,23,2.01052713,25.406383,2.77821445e-04
54,23,2.03200496,25.410721,2.03724305e-04
55,23,2.05348246,25.425140,1.44681029e-04
56,23,2.07496029,25.447643,9.89394061e-05
57,23,2.09643779,25.465617,7.02607778e-05
58,23,2.11791562,25.478248,5.40859850e-05
59,23,2.13939312,25.483119,4.88807170e-05
60,23,2.13939312,25.483119,4.88806450e-05
61,23,2.20382612,26.185011,1.51966032e-04
62,23,2.26825912,26.332487,1.82561673e-04
63,23,2.33269211,27.162505,2.31180170e-04
64,23,2.39712495,26.798946,1.76731738e-04
65,23,2.46155794,25.898424,2.44334194e-04
66,23,2.52599094,26.331204,1.92546361e-04
67,23,2.59042394,27.276904,6.69989920e-05
68,23,2.65485693,27.596942,5.71416260e-04
69,23,2.71928993,28.311669,9.31528742e-04
70,23,2.78372276,28.918208,1.47975503e-03
71,23,2.84815576,29.147188,1.92548871e-03
72,23,2.91258876,29.387188,5.81585471e-04
73,23,2.97702175,30.320205,3.57547541e-04
74,23,3.04145475,30.036131,7.16584115e-04
75,23,3.10588775,29.687085,9.86962132e-04
76,23,3.17032058,29.357556,1.14750198e-03
77,23,3.23475363,29.093574,1.21731227e-03
78,23,3.29918661,28.924367,1.23434451e-03
79,23,3.36361957,28.862843,2.94053294e-03
80,23,3.36361957,28.862843,3.09145177e-03
81,23,3.41622887,28.874768,4.20544912e-11
82,23,3.46883817,28.899725,1.17392117e-10
83,23,3.52144747,28.941168,2.26884745e-10
84,23,3.57405686,28.998800,3.71873803e-10
85,23,3.62666598,29.072198,5.50913833e-10
86,23,3.67927530,29.160729,7.62827039e-10
87,23,3.73188462,29.263596,1.00413814e-09
88,23,3.78449394,29.380314,1.27688705e-09
89,23,3.83710326,29.036216,1.70631148e-05
90,23,3.88971258,29.070822,1.49643886e-05
91,23,3.94232191,29.251610,1.39336192e-05
92,23,3.99493123,29.410280,1.36794392e-05
93,23,4.04754055,28.710297,2.11927552e-04
94,23,4.10014987,28.078537,3.75698940e-04
95,23,4.15275899,27.601533,1.39518994e-04
96,23,4.20536831,27.315426,1.25189180e-04
97,23,4.25797763,27.181962,6.73103153e-05
98,23,4.31058696,27.129888,7.06520914e-05
99,23,4.36319628,27.115447,4.42729821e-06
0,24,0.00000000,28.862843,2.98675702e-03
1,24,0.06074799,28.960004,1.41961924e-03
2,24,0.12149598,29.239397,1.76360094e-03
3,24,0.18224397,29.697813,2.20246681e-03
4,24,0.24299205,30.310506,2.65254094e-03
5,24,0.30373983,31.053175,3.34662156e-03
6,24,0.36448784,31.691542,3.29855505e-03
7,24,0.42523585,30.992835,1.85364508e-03
8,24,0.48598386,30.176855,1.02996836e-03
9,24,0.54673188,29.394471,4.48954026e-04
10,24,0.60747989,28.772326,8.18238779e-05
11,24,0.66822790,28.350921,5.95286340e-04
12,24,0.72897591,27.842838,2.15213544e-04
13,24,0.78972392,27.411034,2.88839443e-05
14,24,0.85047193,28.261352,6.25887329e-05
15,24,0.91121971,28.796354,4.99950077e-03
16,24,0.97196773,28.931455,5.39051444e-03
17,24,1.03271574,29.038756,5.72253530e-03
18,24,1.09346375,29.111063,5.95305556e-03
19,24,1.15421176,29.136372,6.04664692e-03
20,24,1.15421176,29.136372,6.04686432e-03
21,24,1.18458576,29.162416,5.81656576e-03
22,24,1.21495976,29.236950,5.36774320e-03
23,24,1.24533376,29.350410,4.86474578e-03
24,24,1.27570776,29.489349,4.35307689e-03
25,24,1.30608176,29.638639,3.85695745e-03
26,24,1.33645576,29.781450,3.69718562e-03
27,24,1.36682976,29.895117,2.26026896e-03
28,24,1.39720381,29.962737,1.56244191e-03
29,24,1.42757781,29.964432,1.37373697e-03
30,24,1.45795159,29.894462,1.22036993e-03
31,24,1.48832560,29.766048,1.09530529e-03
32,24,1.51869960,29.599505,1.01032267e-03
33,24,1.54907361,29.410687,9.35247715e-04
34,24,1.57944761,29.193485,7.61676205e-04
35,24,1.60982162,28.902836,2.76301693e-04
36,24,1.64019563,28.506547,1.10933241e-03
37,24,1.67056963,28.052925,1.09956049e-03
38,24,1.70094364,27.585367,1.01514825e-03
39,24,1.73131764,27.187755,8.08146069e-04
40,24,1.73131764,27.187755,8.08151416e-04
41,24,1.75279515,27.194277,9.75000682e-04
42,24,1.77427297,27.251582,1.01684087e-03
43,24,1.79575048,27.321718,1.03547875e-03
44,24,1.81722830,27.398215,1.05050897e-03
45,24,1.83870581,27.480000,1.06458178e-03
46,24,1.86018364,27.566510,1.07882875e-03
47,24,1.88166114,27.657198,1.09410018e-03
48,24,1.90313897,27.751504,1.11020495e-03
49,24,1.92461647,27.848299,1.12959209e-03
50,24,1.94609430,27.948349,1.15181748e-03
51,24,1.96757180,28.046753,1.17721202e-03
52,24,1.98904963,28.143582,1.20578048e-03
53,24,2.01052713,28.236651,1.23781068e-03
54,24,2.03200496,28.323752,1.27128553e-03
55,24,2.05348246,28.401877,1.30505797e-03
56,24,2.07496029,28.468742,1.33604269e-03
57,24,2.09643779,28.519072,1.36174701e-03
58,24,2.11791562,28.550746,1.37778686e-03
59,24,2.13939312,28.561970,1.38089997e-03
60,24,2.13939312,28.561970,1.38089988e-03
61,24,2.20382612,27.375306,1.37656325e-03
62,24,2.26825912,26.931171,1.99768283e-04
63,24,2.33269211,27.566799,1.27811297e-04
64,24,2.39712495,27.716405,1.33985039e-05
65,24,2.46155794,27.599945,4.89138725e-06
66,24,2.52599094,27.446804,5.53011759e-06
67,24,2.59042394,27.306253,4.52634590e-06
68,24,2.65485693,28.290491,2.20001699e-05
69,24,2.71928993,29.343464,2.87376491e-05
70,24,2.78372276,29.933308,3.41094538e-04
71,24,2.84815576,30.294030,4.83975742e-05
72,24,2.91258876,30.437136,5.13612585e-05
73,24,2.97702175,30.366711,7.60310157e-04
74,24,3.04145475,30.944938,2.88608833e-03
75,24,3.10588775,30.285539,2.82309980e-03
76,24,3.17032058,29.716686,2.71154562e-03
77,24,3.23475363,29.266051,2.59450389e-03
78,24,3.29918661,28.971073,2.50704992e-03
79,24,3.36361957,28.862843,4.44981404e-03
80,24,3.36361957,28.862843,4.29889422e-03
81,24,3.41622887,28.996058,2.56068405e-03
82,24,3.46883817,29.358471,4.18661011e-03
83,24,3.52144747,29.896097,3.02152481e-03
84,24,3.57405686,30.542130,6.78828485e-03
85,24,3.62666598,31.242488,1.77832806e-03
86,24,3.67927530,31.093611,6.47536710e-06
87,24,3.73188462,30.265120,9.29284353e-06
88,24,3.78449394,29.495746,1.36967366e-05
89,24,3.83710326,29.508301,1.57409492e-09
90,24,3.88971258,29.646337,1.89393851e-09
91,24,3.94232191,29.792050,2.23761315e-09
92,24,3.99493123,29.446258,1.15258400e-04
93,24,4.04754055,28.710297,2.88205465e-04
94,24,4.10014987,28.078537,1.08047444e-04
95,24,4.15275899,27.601533,2.32871494e-04
96,24,4.20536831,27.315426,1.11466600e-04
97,24,4.25797763,27.181962,7.07272115e-05
98,24,4.31058696,27.129888,9.02971682e-06
99,24,4.36319628,27.115447,4.40757818e-05
0,25,0.00000000,28.862843,3.30510488e-12
1,25,0.06074799,29.038018,2.36654563e-03
2,25,0.12149598,29.488888,2.24169828e-03
3,25,0.18224397,30.114103,2.11164829e-03
4,25,0.24299205,30.829552,1.96056399e-03
5,25,0.30373983,31.583733,1.76267943e-03
6,25,0.36448784,31.983872,2.35079148e-03
7,25,0.42523585,31.219780,2.23537815e-03
8,25,0.48598386,30.430381,1.99290196e-03
9,25,0.54673188,29.660967,1.60794474e-03
10,25,0.60747989,28.956807,1.10752045e-03
11,25,0.66822790,28.466331,2.63959138e-03
12,25,0.72897591,28.428536,3.53766179e-03
13,25,0.78972392,28.520940,4.11654709e-03
14,25,0.85047193,28.652034,4.58113848e-03
15,25,0.91121971,28.796354,1.15068812e-05
16,25,0.97196773,28.931455,6.03400268e-06
17,25,1.03271574,29.038756,2.00654323e-06
18,25,1.09346375,29.111063,2.25308871e-06
19,25,1.15421176,29.136372,2.98808911e-07
20,25,1.15421176,29.136372,7.40980356e-08
21,25,1.18458576,29.162416,9.77134399e-05
22,25,1.21495976,29.236950,3.48610024e-04
23,25,1.24533376,29.350410,6.08467824e-04
24,25,1.27570776,29.489349,8.46891125e-04
25,25,1.30608176,29.638639,1.04372855e-03
26,25,1.33645576,29.781450,8.69866822e-04
27,25,1.36682976,29.895117,1.91695951e-03
28,25,1.39720381,29.962737,2.16134553e-03
29,25,1.42757781,29.964432,1.85183423e-03
30,25,1.45795159,29.894462,1.54068725e-03
31,25,1.48832560,29.766048,1.32203138e-03
32,25,1.51869960,29.599505,1.19934858e-03
33,25,1.54907361,29.410687,1.19327079e-03
34,25,1.57944761,29.193485,1.39384817e-03
35,25,1.60982162,28.902836,1.84456025e-03
36,25,1.64019563,28.506547,7.41144671e-04
37,25,1.67056963,28.052925,5.14083837e-04
38,25,1.70094364,27.585367,4.52014907e-04
39,25,1.73131764,27.187755,5.71244317e-04
40,25,1.73131764,27.187755,5.71239039e-04
41,25,1.75279515,27.524002,2.88362416e-04
42,25,1.77427297,27.928547,3.27668321e-04
43,25,1.79575048,28.321513,3.62128259e-04
44,25,1.81722830,28.530189,1.77294131e-04
45,25,1.83870581,28.495874,1.12711184e-04
46,25,1.86018364,28.442060,9.59621455e-05
47,25,1.88166114,28.394493,8.59855755e-05
48,25,1.90313897,28.358390,7.84575341e-05
49,25,1.92461647,28.334094,7.30986167e-05
50,25,1.94609430,28.324166,6.95543362e-05
51,25,1.96757180,28.330203,6.70653917e-05
52,25,1.98904963,28.353989,6.59107769e-05
53,25,2.01052713,28.397191,6.61820109e-05
54,25,2.03200496,28.461600,6.80028430e-05
55,25,2.05348246,28.548423,7.16695811e-05
56,25,2.07496029,28.663635,7.81640415e-05
57,25,2.09643779,28.797085,8.79004208e-05
58,25,2.11791562,28.950793,1.06573405e-04
59,25,2.13939312,29.086369,1.98888425e-04
60,25,2.13939312,29.086369,1.98889171e-04
61,25,2.20382612,28.815053,5.59789155e-05
62,25,2.26825912,28.547008,8.72345576e-05
63,25,2.33269211,27.855770,7.34244468e-05
64,25,2.39712495,28.017786,2.25782982e-04
65,25,2.46155794,28.854504,2.58430695e-04
66,25,2.52599094,28.915760,6.58250434e-04
67,25,2.59042394,28.998441,7.49609118e-04
68,25,2.65485693,29.193820,7.72587691e-04
69,25,2.71928993,29.523370,6.40571072e-04
70,25,2.78372276,30.420690,6.47960414e-05
71,25,2.84815576,30.790386,7.16146085e-05
72,25,2.91258876,31.223279,6.40228879e-04
73,25,2.97702175,31.656134,2.79548970e-03
74,25,3.04145475,31.337131,8.94655920e-04
75,25,3.10588775,31.582464,3.27014401e-03
76,25,3.17032058,30.603558,3.69445063e-03
77,25,3.23475363,29.735297,3.82626606e-03
78,25,3.29918661,29.104092,3.77125222e-03
79,25,3.36361957,28.862843,4.27010398e-12
80,25,3.36361957,28.862843,1.28652566e-11
81,25,3.41622887,28.996058,4.99397582e-03
82,25,3.46883817,29.358471,3.62321803e-03
83,25,3.52144747,29.896097,4.87987042e-03
84,25,3.57405686,30.542130,8.65859776e-04
85,25,3.62666598,31.242488,5.21696938e-03
86,25,3.67927530,31.900709,3.47591190e-03
87,25,3.73188462,32.376224,6.32507846e-04
88,25,3.78449394,32.354343,9.48384353e-04
89,25,3.83710326,31.804075,1.21522356e-04
90,25,3.88971258,31.048898,4.44891457e-06
91,25,3.94232191,30.241970,1.29721332e-04
92,25,3.99493123,29.446258,2.66714817e-04
93,25,4.04754055,29.489367,1.36096391e-05
94,25,4.10014987,29.445315,1.34130200e-05
95,25,4.15275899,29.234076,1.29398258e-05
96,25,4.20536831,28.867004,1.24914238e-05
97,25,4.25797763,28.402247,1.24179447e-05
98,25,4.31058696,27.963766,1.27345980e-05
99,25,4.36319628,27.765535,1.24200734e-05
0,26,0.00000000,34.511773,2.99326423e-03
1,26,0.06074799,34.458467,2.59414201e-03
2,26,0.12149598,34.194862,5.05093614e-03
3,26,0.18224397,33.774737,6.90537116e-04
4,26,0.24299205,33.223151,5.21579373e-04
5,26,0.30373983,32.568430,3.76362366e-04
6,26,0.36448784,32.004451,1.95644711e-03
7,26,0.42523585,32.592182,1.02342976e-03
8,26,0.48598386,31.510244,8.19907953e-04
9,26,0.54673188,30.434592,6.30110929e-04
10,26,0.60747989,29.375039,4.56423082e-04
11,26,0.66822790,28.466331,4.28873666e-07
12,26,0.72897591,28.428536,2.05888667e-05
13,26,0.78972392,28.520940,2.60980282e-05
14,26,0.85047193,28.652034,1.93686857e-05
15,26,0.91121971,29.336263,1.68244678e-04
16,26,0.97196773,30.476652,2.82063636e-04
17,26,1.03271574,31.639578,3.84198126e-04
18,26,1.09346375,32.774841,4.53485355e-04
19,26,1.15421176,33.718480,5.89186941e-06
20,26,1.15421176,33.718480,2.48314264e-06
21,26,1.18458576,33.482166,2.64479714e-04
22,26,1.21495976,33.206008,1.64923850e-04
23,26,1.24533376,32.927413,1.16710937e-03
24,26,1.27570776,32.652498,1.10263177e-03
25,26,1.30608176,32.389063,1.06197293e-03
26,26,1.33645576,32.147210,1.02171911e-03
27,26,1.36682976,31.939772,9.83291087e-04
28,26,1.39720381,31.785389,9.35856362e-04
29,26,1.42757781,31.693960,7.47470772e-04
30,26,1.45795159,31.610463,1.38023880e-04
31,26,1.48832560,31.229248,9.44819594e-04
32,26,1.51869960,30.742621,9.22172243e-04
33,26,1.54907361,30.257652,7.64842346e-04
34,26,1.57944761,29.806466,4.94643083e-04
35,26,1.60982162,29.441301,2.32063296e-04
36,26,1.64019563,29.213696,5.02911202e-04
37,26,1.67056963,29.080602,8.21076288e-04
38,26,1.70094364,29.007643,9.20257574e-04
39,26,1.73131764,28.983956,9.39854692e-04
40,26,1.73131764,28.983956,9.39776527e-04
41,26,1.75279515,28.878086,1.57327735e-04
42,26,1.77427297,28.784048,1.40314688e-04
43,26,1.79575048,28.717795,1.45583816e-04
44,26,1.81722830,28.849012,3.76388802e-04
45,26,1.83870581,29.235294,5.08875256e-04
46,26,1.86018364,29.652323,5.97900232e-04
47,26,1.88166114,30.072605,6.90331659e-04
48,26,1.90313897,30.455125,6.11298496e-04
49,26,1.92461647,30.640356,5.54277087e-04
50,26,1.94609430,30.781739,4.86303332e-04
51,26,1.96757180,30.863676,4.23078510e-04
52,26,1.98904963,30.692553,3.42427578e-04
53,26,2.01052713,30.463305,2.94023802e-04
54,26,2.03200496,30.229615,2.58075987e-04
55,26,2.05348246,29.995671,2.28060630e-04
56,26,2.07496029,29.766921,2.00394673e-04
57,26,2.09643779,29.545612,1.73545561e-04
58,26,2.11791562,29.338089,1.41360424e-04
59,26,2.13939312,29.185799,4.22169969e-05
60,26,2.13939312,29.185799,4.22168305e-05
61,26,2.20382612,29.054437,2.55149989e-04
62,26,2.26825912,28.899742,2.37667574e-05
63,26,2.33269211,28.471490,1.97387563e-04
64,26,2.39712495,28.920721,3.31347398e-04
65,26,2.46155794,28.905683,5.54053046e-04
66,26,2.52599094,29.667882,2.78497572e-04
67,26,2.59042394,30.413969,2.95528151e-04
68,26,2.65485693,30.972555,3.15896703e-04
69,26,2.71928993,31.089831,2.76921931e-04
70,26,2.78372276,30.845718,9.42459289e-05
71,26,2.84815576,31.506866,7.62438449e-05
72,26,2.91258876,32.290367,1.23109029e-03
73,26,2.97702175,31.860454,1.20453052e-03
74,26,3.04145475,32.512197,2.70783800e-03
75,26,3.10588775,32.267749,1.15258264e-03
76,26,3.17032058,33.120756,1.20560760e-03
77,26,3.23475363,33.845097,1.28234737e-03
78,26,3.29918661,34.358796,1.34677048e-03
79,26,3.36361957,34.511773,5.59174350e-03
80,26,3.36361957,34.511773,5.91532167e-04
81,26,3.41622887,34.401500,2.72873959e-07
82,26,3.46883817,33.992336,1.00649297e-06
83,26,3.52144747,33.401549,1.95149489e-06
84,26,3.57405686,32.693703,3.08608204e-06
85,26,3.62666598,31.913848,4.53178348e-06
86,26,3.67927530,31.900709,2.39635683e-03
87,26,3.73188462,32.376224,3.71703964e-03
88,26,3.78449394,32.354343,1.11679728e-03
89,26,3.83710326,31.804075,2.11468082e-04
90,26,3.88971258,31.048898,3.71334144e-06
91,26,3.94232191,30.241970,4.12871019e-05
92,26,3.99493123,29.942367,2.59381772e-09
93,26,4.04754055,30.093334,2.95776201e-09
94,26,4.10014987,30.244057,3.32133438e-09
95,26,4.15275899,30.379970,3.66904756e-09
96,26,4.20536831,30.498004,3.97561730e-09
97,26,4.25797763,30.590270,4.21545778e-09
98,26,4.31058696,30.649333,4.36117653e-09
99,26,4.36319628,30.669515,4.38750850e-09
0,27,0.00000000,34.511773,5.21115293e-03
1,27,0.06074799,34.460322,4.30154090e-03
2,27,0.12149598,34.194862,4.86019908e-05
3,27,0.18224397,33.774737,3.76556060e-03
4,27,0.24299205,33.223151,3.10604542e-03
5,27,0.30373983,32.568430,2.24021755e-03
6,27,0.36448784,32.004451,1.88049337e-04
7,27,0.42523585,32.777105,2.28049606e-03
8,27,0.48598386,33.668907,7.94552331e-04
9,27,0.54673188,34.182476,4.39789699e-04
10,27,0.60747989,34.576303,1.71113191e-04
11,27,0.66822790,34.579116,1.86851701e-04
12,27,0.72897591,34.579021,1.46935387e-04
13,27,0.78972392,34.643305,1.07109196e-04
14,27,0.85047193,34.723939,2.59106274e-03
15,27,0.91121971,34.390600,1.86474885e-03
16,27,0.97196773,34.109945,1.34519154e-03
17,27,1.03271574,33.897408,2.20521602e-04
18,27,1.09346375,33.764042,8.28210276e-05
19,27,1.15421176,33.718480,2.17885352e-03
20,27,1.15421176,33.718480,2.18225880e-03
21,27,1.18458576,33.482166,1.21416966e-03
22,27,1.21495976,33.206008,1.20308389e-03
23,27,1.24533376,32.927413,1.33387692e-04
24,27,1.27570776,32.652498,1.49344934e-04
25,27,1.30608176,32.389063,1.62005802e-04
26,27,1.33645576,32.147210,2.03575941e-04
27,27,1.36682976,31.939772,2.87410392e-04
28,27,1.39720381,31.785389,4.20691418e-04
29,27,1.42757781,31.693960,6.60843638e-04
30,27,1.45795159,31.610463,8.48799430e-04
31,27,1.48832560,31.229248,5.34697873e-05
32,27,1.51869960,30.742621,7.65982363e-05
33,27,1.54907361,30.257652,1.12239935e-04
34,27,1.57944761,29.806466,1.96313097e-04
35,27,1.60982162,29.441301,3.88449660e-04
36,27,1.64019563,29.213696,2.82692207e-04
37,27,1.67056963,29.080602,9.86760561e-05
38,27,1.70094364,29.007643,6.04216817e-05
39,27,1.73131764,28.983956,5.66446195e-05
40,27,1.73131764,28.983956,5.67229995e-05
41,27,1.75279515,29.107996,7.95302970e-04
42,27,1.77427297,29.256555,7.73089133e-04
43,27,1.79575048,29.426621,7.51409094e-04
44,27,1.81722830,29.614860,7.30411782e-04
45,27,1.83870581,29.817575,7.08902470e-04
46,27,1.86018364,30.030051,6.84591020e-04
47,27,1.88166114,30.245574,6.53855437e-04
48,27,1.90313897,30.488355,7.94223495e-04
49,27,1.92461647,30.865333,8.97836222e-04
50,27,1.94609430,31.031888,6.89498099e-04
51,27,1.96757180,30.900793,4.33358852e-04
52,27,1.98904963,30.888122,3.74845412e-04
53,27,2.01052713,30.872018,3.37105282e-04
54,27,2.03200496,30.832960,3.03519415e-04
55,27,2.05348246,30.785112,2.71056112e-04
56,27,2.07496029,30.739356,2.40443731e-04
57,27,2.09643779,30.700471,2.15732930e-04
58,27,2.11791562,30.674952,2.00384822e-04
59,27,2.13939312,30.666272,1.97568366e-04
60,27,2.13939312,30.666272,1.97568771e-04
61,27,2.20382612,29.872566,5.74331759e-06
62,27,2.26825912,29.017302,3.17373023e-04
63,27,2.33269211,28.974984,3.86147575e-04
64,27,2.39712495,28.931165,4.62894513e-04
65,27,2.46155794,29.678888,3.36428247e-04
66,27,2.52599094,30.482209,3.05744096e-04
67,27,2.59042394,31.274662,2.49931154e-04
68,27,2.65485693,32.031174,1.69315465e-04
69,27,2.71928993,32.713333,7.21796381e-05
70,27,2.78372276,33.274220,2.65489145e-06
71,27,2.84815576,33.286959,3.09373888e-03
72,27,2.91258876,32.821679,2.29970435e-03
73,27,2.97702175,33.263482,1.68031383e-03
74,27,3.04145475,32.521286,1.66554381e-03
75,27,3.10588775,33.152416,2.06243692e-03
76,27,3.17032058,33.709250,2.38614554e-03
77,27,3.23475363,34.152758,2.62090672e-03
78,27,3.29918661,34.443120,2.74504978e-03
79,27,3.36361957,34.511773,2.63675712e-03
80,27,3.36361957,34.511773,7.50878622e-03
81,27,3.41622887,34.524829,4.04560821e-03
82,27,3.46883817,34.444721,2.07839064e-03
83,27,3.52144747,34.317124,4.73284180e-03
84,27,3.57405686,34.147650,6.87262900e-03
85,27,3.62666598,33.943632,6.16652801e-03
86,27,3.67927530,33.715177,4.18757969e-03
87,27,3.73188462,33.503080,1.76151481e-03
88,27,3.78449394,33.412873,8.70184778e-04
89,27,3.83710326,33.235522,3.72634952e-03
90,27,3.88971258,32.979007,2.39893324e-03
91,27,3.94232191,32.738187,2.73060673e-03
92,27,3.99493123,32.525081,5.44564064e-03
93,27,4.04754055,32.344407,2.05557296e-03
94,27,4.10014987,32.195695,3.45328984e-04
95,27,4.15275899,32.079845,7.97116636e-04
96,27,4.20536831,32.004916,4.16860612e-04
97,27,4.25797763,31.957067,8.22863886e-04
98,27,4.31058696,31.935305,6.74639399e-03
99,27,4.36319628,31.928747,5.01775428e-04
0,28,0.00000000,34.511773,6.41732028e-05
1,28,0.06074799,34.460322,1.17454406e-03
2,28,0.12149598,34.198104,2.45328539e-03
3,28,0.18224397,33.803314,2.37774892e-03
4,28,0.24299205,33.295155,2.36443087e-03
5,28,0.30373983,32.684738,2.37437797e-03
6,28,0.36448784,32.325538,1.49803964e-03
7,28,0.42523585,32.777105,2.54837899e-03
8,28,0.48598386,33.695163,1.78173410e-03
9,28,0.54673188,34.612575,1.55823604e-03
10,28,0.60747989,34.650706,2.26647190e-04
11,28,0.66822790,34.856237,2.74482143e-05
12,28,0.72897591,35.042882,4.00122987e-06
13,28,0.78972392,35.105654,2.43752077e-03
14,28,0.85047193,34.723939,1.30160945e-03
15,28,0.91121971,34.390600,1.55913616e-03
16,28,0.97196773,34.109945,1.62224403e-03
17,28,1.03271574,33.897408,2.34999672e-03
18,28,1.09346375,33.764042,2.20990009e-03
19,28,1.15421176,33.792977,3.63629374e-05
20,28,1.15421176,33.792977,2.53786726e-05
21,28,1.18458576,34.018990,6.92461113e-04
22,28,1.21495976,34.264924,7.11509333e-04
23,28,1.24533376,34.495166,8.42920288e-04
24,28,1.27570776,34.547114,1.57867766e-03
25,28,1.30608176,34.170726,1.64286365e-03
26,28,1.33645576,33.735839,1.61293022e-03
27,28,1.36682976,33.272462,1.53271322e-03
28,28,1.39720381,32.786991,1.47463856e-03
29,28,1.42757781,32.303053,1.39931513e-03
30,28,1.45795159,31.878186,1.62975537e-03
31,28,1.48832560,31.806267,1.55653677e-03
32,28,1.51869960,31.875952,1.30442898e-03
33,28,1.54907361,31.972568,1.10725782e-03
34,28,1.57944761,32.073371,9.57718137e-04
35,28,1.60982162,32.166291,7.47628258e-04
36,28,1.64019563,32.245126,6.99653288e-04
37,28,1.67056963,32.305028,6.01248910e-04
38,28,1.70094364,32.351586,6.68660035e-04
39,28,1.73131764,32.373828,6.37228579e-05
40,28,1.73131764,32.373828,7.88317738e-04
41,28,1.75279515,32.329042,1.07337522e-03
42,28,1.77427297,32.269182,1.04181589e-03
43,28,1.79575048,32.214922,1.01563694e-03
44,28,1.81722830,32.159778,9.92197409e-04
45,28,1.83870581,32.104051,9.73282378e-04
46,28,1.86018364,31.986948,2.94479830e-04
47,28,1.88166114,31.831377,2.71116567e-04
48,28,1.90313897,31.665530,2.35378747e-04
49,28,1.92461647,31.519815,2.00581834e-04
50,28,1.94609430,31.568741,4.76657271e-04
51,28,1.96757180,31.903940,8.12162082e-04
52,28,1.98904963,32.304351,9.88907590e-04
53,28,2.01052713,32.605453,1.11272650e-03
54,28,2.03200496,32.883209,1.12748249e-03
55,28,2.05348246,33.181535,1.14806078e-03
56,28,2.07496029,33.495461,1.17990304e-03
57,28,2.09643779,33.807049,1.23815640e-03
58,28,2.11791562,34.101581,1.38951881e-03
59,28,2.13939312,34.276019,1.75207345e-03
60,28,2.13939312,34.276019,1.75206303e-03
61,28,2.20382612,34.238794,2.06742585e-03
62,28,2.26825912,34.101032,2.11467992e-03
63,28,2.33269211,33.991910,2.17674163e-03
64,28,2.39712495,33.913977,2.22905265e-03
65,28,2.46155794,33.883303,2.27483470e-03
66,28,2.52599094,33.882325,2.28166621e-03
67,28,2.59042394,33.452410,3.48744243e-05
68,28,2.65485693,33.113562,2.56964323e-05
69,28,2.71928993,33.196963,2.03058667e-06
70,28,2.78372276,33.709205,2.15080929e-07
71,28,2.84815576,33.638981,1.04824034e-04
72,28,2.91258876,33.667590,6.55348326e-04
73,28,2.97702175,33.794802,1.01556602e-03
74,28,3.04145475,34.257888,1.86490655e-03
75,28,3.10588775,34.377060,2.80234883e-03
76,28,3.17032058,34.457441,3.44753032e-03
77,28,3.23475363,34.509254,3.85251514e-03
78,28,3.29918661,34.538801,4.07608695e-03
79,28,3.36361957,34.511773,4.00445701e-05
80,28,3.36361957,34.511773,1.68283037e-04
81,28,3.41622887,34.524829,4.24769280e-03
82,28,3.46883817,34.444721,6.07460847e-03
83,28,3.52144747,34.317124,3.10295972e-03
84,28,3.57405686,34.147650,4.36250147e-04
85,28,3.62666598,33.943633,3.14740276e-04
86,28,3.67927530,33.715177,9.96760693e-04
87,28,3.73188462,33.503080,1.52077640e-03
88,28,3.78449394,33.412873,2.17641041e-03
89,28,3.83710326,33.235522,1.98877236e-03
90,28,3.88971258,32.979007,4.25340196e-03
91,28,3.94232191,32.738187,3.97399445e-03
92,28,3.99493123,32.525081,1.12669911e-03
93,28,4.04754055,32.344408,4.39278044e-03
94,28,4.10014987,32.195695,6.07242995e-03
95,28,4.15275899,32.079845,5.70698513e-03
96,28,4.20536831,32.004916,6.27093469e-03
97,28,4.25797763,31.957067,6.16642608e-03
98,28,4.31058696,31.935305,5.02254808e-04
99,28,4.36319628,31.928747,6.70694946e-03
0,29,0.00000000,37.687382,3.45513970e-05
1,29,0.06074799,37.755726,6.79873518e-05
2,29,0.12149598,37.521813,2.36512303e-03
3,29,0.18224397,36.703250,2.02822652e-03
4,29,0.24299205,35.753144,1.73342007e-03
5,29,0.30373983,34.730768,1.47464063e-03
6,29,0.36448784,33.670225,1.24055895e-03
7,29,0.42523585,33.023397,1.16614539e-03
8,29,0.48598386,33.695163,3.05597499e-03
9,29,0.54673188,34.612575,3.10573949e-03
10,29,0.60747989,35.486501,4.16443921e-05
11,29,0.66822790,35.868751,3.23597108e-03
12,29,0.72897591,35.516184,1.66739910e-03
13,29,0.78972392,35.105654,1.89756229e-03
14,29,0.85047193,34.744721,6.74882614e-05
15,29,0.91121971,34.861266,3.09152436e-05
16,29,0.97196773,34.942586,4.11097874e-06
17,29,1.03271574,34.887789,8.95700149e-06
18,29,1.09346375,34.537368,8.23155744e-05
19,29,1.15421176,33.792977,6.04023277e-04
20,29,1.15421176,33.792977,6.15007616e-04
21,29,1.18458576,34.018990,6.55552991e-04
22,29,1.21495976,34.264924,7.58261381e-04
23,29,1.24533376,34.495166,7.87590179e-04
24,29,1.27570776,34.547114,7.10272076e-04
25,29,1.30608176,34.170726,3.82774751e-04
26,29,1.33645576,33.735839,3.04390150e-04
27,29,1.36682976,33.272462,3.11430222e-04
28,29,1.39720381,32.786991,3.27440619e-04
29,29,1.42757781,32.303053,4.44989875e-04
30,29,1.45795159,31.878186,7.11258655e-04
31,29,1.48832560,31.806267,7.21880771e-04
32,29,1.51869960,31.875952,8.11963633e-04
33,29,1.54907361,31.972568,8.63398834e-04
34,29,1.57944761,32.073371,8.56482902e-04
35,29,1.60982162,32.166291,9.11697042e-04
36,29,1.64019563,32.245126,8.23688153e-04
37,29,1.67056963,32.305028,8.19331434e-04
38,29,1.70094364,32.351586,6.95490014e-04
39,29,1.73131764,32.373828,1.29498752e-03
40,29,1.73131764,32.373828,5.70397901e-04
41,29,1.75279515,32.387599,2.79490645e-04
42,29,1.77427297,32.366121,2.99464161e-04
43,29,1.79575048,32.315694,3.10308861e-04
44,29,1.81722830,32.233616,3.13458818e-04
45,29,1.83870581,32.122723,3.08245921e-04
46,29,1.86018364,32.050987,9.61159602e-04
47,29,1.88166114,32.006061,9.59142394e-04
48,29,1.90313897,31.979058,9.71336564e-04
49,29,1.92461647,31.984284,1.00043862e-03
50,29,1.94609430,32.041533,1.04104004e-03
51,29,1.96757180,32.168170,1.07611513e-03
52,29,1.98904963,32.361644,1.09781639e-03
53,29,2.01052713,32.708941,1.13495834e-03
54,29,2.03200496,33.108819,1.27870872e-03
55,29,2.05348246,33.490717,1.43330707e-03
56,29,2.07496029,33.844575,1.60430669e-03
57,29,2.09643779,34.139148,1.78767796e-03
58,29,2.11791562,34.343976,1.95273840e-03
59,29,2.13939312,34.419050,2.03377941e-03
60,29,2.13939312,34.419050,2.03379104e-03
61,29,2.20382612,34.454535,1.69033733e-03
62,29,2.26825912,34.657328,1.59600120e-03
63,29,2.33269211,34.702877,2.97345002e-04
64,29,2.39712495,34.606711,1.04182871e-04
65,29,2.46155794,34.337596,1.57241548e-05
66,29,2.52599094,33.920748,1.35131099e-05
67,29,2.59042394,33.899380,2.16512801e-03
68,29,2.65485693,33.929344,1.83716912e-03
69,29,2.71928993,33.939668,1.17506439e-03
70,29,2.78372276,33.898920,3.99081990e-04
71,29,2.84815576,33.860923,9.75872599e-05
72,29,2.91258876,33.928581,1.78783748e-04
73,29,2.97702175,34.098997,7.95802055e-04
74,29,3.04145475,34.866468,1.17724219e-03
75,29,3.10588775,35.892243,1.50405529e-03
76,29,3.17032058,36.823312,1.91985463e-03
77,29,3.23475363,37.598256,2.37085209e-03
78,29,3.29918661,37.762244,4.81975454e-05
79,29,3.36361957,37.687382,3.45563804e-05
80,29,3.36361957,37.687382,3.45597884e-05
81,29,3.41622887,37.738415,3.59173265e-05
82,29,3.46883817,37.863728,3.90761902e-05
83,29,3.52144747,37.509347,2.03647333e-03
84,29,3.57405686,36.912894,4.11296761e-04
85,29,3.62666598,36.194556,1.88987988e-06
86,29,3.67927530,35.419730,4.14077369e-04
87,29,3.73188462,34.690716,1.84291752e-03
88,29,3.78449394,34.194303,6.05140988e-04
89,29,3.83710326,34.072792,9.69953676e-05
90,29,3.88971258,34.019882,6.72355739e-05
91,29,3.94232191,33.875856,3.22447361e-04
92,29,3.99493123,33.666079,6.53085528e-04
93,29,4.04754055,33.425778,6.60789814e-04
94,29,4.10014987,33.190857,1.06201277e-03
95,29,4.15275899,32.967394,6.61259230e-04
96,29,4.20536831,32.773799,6.20908806e-04
97,29,4.25797763,32.617263,9.91666192e-05
98,29,4.31058696,32.513765,1.06130147e-04
99,29,4.36319628,32.473527,2.69491880e-04
0,30,0.00000000,38.292740,4.04193998e-03
1,30,0.06074799,38.108767,2.70840262e-03
2,30,0.12149598,37.908492,3.63925737e-05
3,30,0.18224397,37.837468,1.17811415e-04
4,30,0.24299205,37.212410,4.72960790e-04
5,30,0.30373983,36.516808,5.17041543e-04
6,30,0.36448784,35.910319,4.57410243e-04
7,30,0.42523585,35.428184,3.81872710e-04
8,30,0.48598386,35.065020,3.18488490e-04
9,30,0.54673188,34.809610,2.68707829e-04
10,30,0.60747989,35.486501,4.45822441e-03
11,30,0.66822790,35.868751,1.68192597e-03
12,30,0.72897591,35.516184,3.05262767e-03
13,30,0.78972392,35.169561,7.06145376e-05
14,30,0.85047193,35.244066,1.93960291e-04
15,30,0.91121971,35.298717,3.49148422e-04
16,30,0.97196773,35.334876,5.19022141e-04
17,30,1.03271574,35.368700,6.93778340e-04
18,30,1.09346375,35.406918,8.67334696e-04
19,30,1.15421176,35.454259,2.09555840e-03
20,30,1.15421176,35.454259,2.09178336e-03
21,30,1.18458576,35.391111,2.06648603e-03
22,30,1.21495976,35.211567,1.98363083e-03
23,30,1.24533376,34.943695,1.80283233e-03
24,30,1.27570776,34.765584,6.27005306e-04
25,30,1.30608176,34.953206,7.00670018e-04
26,30,1.33645576,35.154457,8.35753905e-04
27,30,1.36682976,35.354784,5.66290327e-04
28,30,1.39720381,35.551699,6.53669390e-04
29,30,1.42757781,35.749261,5.72665400e-04
30,30,1.45795159,35.949680,5.82680337e-04
31,30,1.48832560,36.147257,2.78189792e-04
32,30,1.51869960,36.336386,8.78940572e-04
33,30,1.54907361,36.492133,1.02161917e-03
34,30,1.57944761,36.549464,1.16656210e-03
35,30,1.60982162,36.499752,8.53877358e-04
36,30,1.64019563,36.427596,5.36281833e-04
37,30,1.67056963,36.366748,3.40618018e-04
38,30,1.70094364,36.329032,2.98335302e-04
39,30,1.73131764,36.318339,4.64334777e-04
40,30,1.73131764,36.318339,3.02102379e-04
41,30,1.75279515,36.184536,1.92635014e-03
42,30,1.77427297,36.041345,1.87793422e-03
43,30,1.79575048,35.896575,1.82952336e-03
44,30,1.81722830,35.753623,1.78268547e-03
45,30,1.83870581,35.614671,1.74020679e-03
46,30,1.86018364,35.481949,1.70242758e-03
47,30,1.88166114,35.357068,1.66915379e-03
48,30,1.90313897,35.241337,1.64010909e-03
49,30,1.92461647,35.135144,1.61426626e-03
50,30,1.94609430,35.038427,1.59133091e-03
51,30,1.96757180,34.952821,1.57073041e-03
52,30,1.98904963,34.877673,1.55180782e-03
53,30,2.01052713,34.812913,1.53391808e-03
54,30,2.03200496,34.758204,1.51551953e-03
55,30,2.05348246,34.713149,1.49347622e-03
56,30,2.07496029,34.677305,1.46000521e-03
57,30,2.09643779,34.647096,1.38145895e-03
58,30,2.11791562,34.611459,1.10201364e-03
59,30,2.13939312,34.561549,4.35396492e-04
60,30,2.13939312,34.561549,4.35396577e-04
61,30,2.20382612,34.590781,8.01062892e-04
62,30,2.26825912,34.667416,5.57905298e-04
63,30,2.33269211,34.880947,1.45835827e-03
64,30,2.39712495,35.116912,1.24997792e-03
65,30,2.46155794,35.359313,9.40955680e-04
66,30,2.52599094,35.572776,4.83501616e-04
67,30,2.59042394,35.662912,2.17087031e-05
68,30,2.65485693,35.431311,4.98816697e-04
69,30,2.71928993,34.837499,1.71010991e-03
70,30,2.78372276,34.069882,2.55297345e-03
71,30,2.84815576,34.381574,8.02067649e-06
72,30,2.91258876,35.087384,5.20320328e-05
73,30,2.97702175,35.727128,7.68088293e-03
74,30,3.04145475,36.435608,6.01768215e-03
75,30,3.10588775,37.044321,8.07124290e-04
76,30,3.17032058,37.566135,1.36814912e-03
77,30,3.23475363,37.933476,3.88916823e-05
78,30,3.29918661,38.133658,2.75956871e-03
79,30,3.36361957,38.292740,1.91822793e-03
80,30,3.36361957,38.292740,2.38175811e-03
81,30,3.41622887,38.233394,4.41738523e-03
82,30,3.46883817,37.953650,3.86349206e-05
83,30,3.52144747,37.509347,2.86194648e-04
84,30,3.57405686,36.912895,2.48827177e-04
85,30,3.62666598,36.194557,2.92967587e-06
86,30,3.67927530,35.419730,1.50815708e-04
87,30,3.73188462,34.690716,2.04612176e-04
88,30,3.78449394,34.194303,2.01990185e-03
89,30,3.83710326,34.072792,4.91706458e-04
90,30,3.88971258,34.019882,5.32992904e-05
91,30,3.94232191,33.875856,2.68677245e-04
92,30,3.99493123,33.666079,4.51370730e-04
93,30,4.04754055,33.425778,7.31124596e-04
94,30,4.10014987,33.190857,4.01386420e-04
95,30,4.15275899,32.967394,6.62208515e-04
96,30,4.20536831,32.773799,4.20942562e-04
97,30,4.25797763,32.617263,5.46735845e-04
98,30,4.31058696,32.513765,2.12394953e-04
99,30,4.36319628,32.473527,6.66238971e-05
0,31,0.00000000,38.292740,1.82482564e-03
1,31,0.06074799,38.297954,2.91480907e-03
2,31,0.12149598,38.203820,2.87929414e-03
3,31,0.18224397,38.059507,2.81559242e-03
4,31,0.24299205,37.877699,2.73312689e-03
5,31,0.30373983,37.671076,2.63940140e-03
6,31,0.36448784,37.450662,2.54013114e-03
7,31,0.42523585,37.225310,2.43837848e-03
8,31,0.48598386,37.001818,2.33627531e-03
9,31,0.54673188,36.785267,2.23202555e-03
10,31,0.60747989,36.579406,2.12775586e-03
11,31,0.66822790,36.387553,2.02266276e-03
12,31,0.72897591,36.210316,1.91592027e-03
13,31,0.78972392,36.049763,1.80718555e-03
14,31,0.85047193,35.906633,1.69558246e-03
15,31,0.91121971,35.782994,1.58091593e-03
16,31,0.97196773,35.679420,1.45904491e-03
17,31,1.03271574,35.588574,1.33402105e-03
18,31,1.09346375,35.514041,1.20267854e-03
19,31,1.15421176,35.454259,4.45516247e-06
20,31,1.15421176,35.454259,8.23403171e-06
21,31,1.18458576,35.391111,1.46355001e-05
22,31,1.21495976,35.211567,3.08121614e-05
23,31,1.24533376,34.943695,4.67224704e-05
24,31,1.27570776,34.765584,5.52542300e-04
25,31,1.30608176,34.953206,7.17897503e-04
26,31,1.33645576,35.154457,6.74089880e-04
27,31,1.36682976,35.354784,1.01277677e-03
28,31,1.39720381,35.551699,9.93697604e-04
29,31,1.42757781,35.749261,1.14127262e-03
30,31,1.45795159,35.949680,1.19444992e-03
31,31,1.48832560,36.147257,1.55316607e-03
32,31,1.51869960,36.336386,9.92106126e-04
33,31,1.54907361,36.492133,8.79673379e-04
34,31,1.57944761,36.549464,8.38637749e-04
35,31,1.60982162,36.499752,1.31916020e-03
36,31,1.64019563,36.427596,1.76924478e-03
37,31,1.67056963,36.366748,2.05809897e-03
38,31,1.70094364,36.329032,2.15427772e-03
39,31,1.73131764,36.318339,2.00088510e-03
40,31,1.73131764,36.318339,2.16309854e-03
41,31,1.75279515,36.447590,5.18194856e-04
42,31,1.77427297,36.579584,5.79089247e-04
43,31,1.79575048,36.698143,6.88289157e-04
44,31,1.81722830,36.781266,8.25554058e-04
45,31,1.83870581,36.808147,9.33200602e-04
46,31,1.86018364,36.781640,9.79560407e-04
47,31,1.88166114,36.721372,9.90631962e-04
48,31,1.90313897,36.645481,9.92603219e-04
49,31,1.92461647,36.564700,9.95734135e-04
50,31,1.94609430,36.484385,1.00242097e-03
51,31,1.96757180,36.410499,1.01112183e-03
52,31,1.98904963,36.343734,1.02133238e-03
53,31,2.01052713,36.284380,1.03267001e-03
54,31,2.03200496,36.115301,1.22029747e-03
55,31,2.05348246,35.834114,1.19620009e-03
56,31,2.07496029,35.540907,1.17432348e-03
57,31,2.09643779,35.244530,1.17498797e-03
58,31,2.11791562,34.976530,1.28387581e-03
59,31,2.13939312,34.849955,1.55885098e-03
60,31,2.13939312,34.849955,1.55885558e-03
61,31,2.20382612,35.135030,8.22406294e-04
62,31,2.26825912,35.513560,5.76066288e-04
63,31,2.33269211,35.916169,4.09173662e-04
64,31,2.39712495,36.340154,3.01576010e-04
65,31,2.46155794,36.764561,1.78092863e-04
66,31,2.52599094,36.887307,3.60464466e-03
67,31,2.59042394,36.320350,4.29436954e-03
68,31,2.65485693,35.792193,5.23126309e-03
69,31,2.71928993,35.355054,6.53992832e-03
70,31,2.78372276,35.092486,7.96211394e-03
71,31,2.84815576,35.064851,8.74322419e-03
72,31,2.91258876,35.269764,8.70104985e-03
73,31,2.97702175,35.782470,1.71479316e-04
74,31,3.04145475,36.439927,4.11683522e-04
75,31,3.10588775,37.316120,4.40456930e-03
76,31,3.17032058,38.107269,1.73754823e-05
77,31,3.23475363,37.974459,2.03113592e-03
78,31,3.29918661,38.237826,2.62354187e-03
79,31,3.36361957,38.292740,3.94844762e-03
80,31,3.36361957,38.292741,3.48519679e-03
81,31,3.41622887,38.233394,9.38429959e-04
82,31,3.46883817,37.953651,4.07724159e-03
83,31,3.52144747,38.018243,4.42544803e-05
84,31,3.57405686,38.169883,5.16037101e-05
85,31,3.62666598,38.098262,6.40434802e-03
86,31,3.67927530,37.711718,9.73355567e-03
87,31,3.73188462,37.459214,6.91918892e-03
88,31,3.78449394,37.402834,5.64390576e-03
89,31,3.83710326,37.612894,8.52668358e-03
90,31,3.88971258,37.383798,2.50747635e-05
91,31,3.94232191,36.509679,1.19324009e-05
92,31,3.99493123,35.678136,7.19179729e-06
93,31,4.04754055,34.934897,5.11471908e-06
94,31,4.10014987,34.330532,4.22809050e-06
95,31,4.15275899,33.897366,3.71006209e-06
96,31,4.20536831,33.641749,3.01344555e-06
97,31,4.25797763,33.524221,1.87076258e-06
98,31,4.31058696,33.481980,6.39060871e-07
99,31,4.36319628,33.473123,1.00742072e-08
0,32,0.00000000,40.168744,6.91787043e-05
1,32,0.06074799,39.864176,4.02622905e-04
2,32,0.12149598,39.187590,8.65159135e-04
3,32,0.18224397,38.724671,9.17348257e-04
4,32,0.24299205,38.904158,5.69594223e-04
5,32,0.30373983,39.283066,4.22580192e-04
6,32,0.36448784,39.130216,1.09845210e-03
7,32,0.42523585,38.425622,1.06486245e-03
8,32,0.48598386,37.779389,2.03951050e-03
9,32,0.54673188,37.193249,1.50817750e-03
10,32,0.60747989,36.701514,3.81726411e-03
11,32,0.66822790,36.737823,3.73642251e-03
12,32,0.72897591,37.506551,3.10353740e-03
13,32,0.78972392,38.309716,8.59358556e-04
14,32,0.85047193,39.010050,1.65345960e-03
15,32,0.91121971,38.740429,6.65872412e-06
16,32,0.97196773,38.395950,1.46862675e-06
17,32,1.03271574,38.081268,6.00682700e-07
18,32,1.09346375,37.841650,1.37748007e-05
19,32,1.15421176,37.762476,1.25593275e-04
20,32,1.15421176,37.762476,1.27903502e-04
21,32,1.18458576,37.786746,2.70009315e-04
22,32,1.21495976,37.858187,2.64610552e-04
23,32,1.24533376,37.972460,5.03921977e-04
24,32,1.27570776,38.117140,5.03491092e-04
25,32,1.30608176,38.257832,7.86510785e-04
26,32,1.33645576,38.276329,1.09576998e-03
27,32,1.36682976,38.106838,9.86717347e-04
28,32,1.39720381,37.881260,8.18564920e-04
29,32,1.42757781,37.654736,7.87864582e-04
30,32,1.45795159,37.441227,7.36648607e-04
31,32,1.48832560,37.248144,6.47277433e-04
32,32,1.51869960,37.082438,8.17694882e-04
33,32,1.54907361,36.972253,3.99375880e-04
34,32,1.57944761,36.980414,1.03203915e-04
35,32,1.60982162,37.105728,3.83168161e-04
36,32,1.64019563,37.260191,1.72557157e-03
37,32,1.67056963,37.397567,1.43583257e-03
38,32,1.70094364,37.493348,1.18826311e-03
39,32,1.73131764,37.531444,1.05543428e-03
40,32,1.73131764,37.531444,1.06219702e-03
41,32,1.75279515,37.482682,7.87277284e-04
42,32,1.77427297,37.447900,8.22438673e-04
43,32,1.79575048,37.420767,8.66442140e-04
44,32,1.81722830,37.396045,9.15844200e-04
45,32,1.83870581,37.368152,9.69160063e-04
46,32,1.86018364,37.331716,1.02551123e-03
47,32,1.88166114,37.280994,1.08352445e-03
48,32,1.90313897,37.207548,1.14040109e-03
49,32,1.92461647,37.109429,1.19078011e-03
50,32,1.94609430,36.977466,1.22860318e-03
51,32,1.96757180,36.811573,1.24957117e-03
52,32,1.98904963,36.610367,1.25286467e-03
53,32,2.01052713,36.375783,1.24076167e-03
54,32,2.03200496,36.234575,1.04334892e-03
55,32,2.05348246,36.193734,1.05345261e-03
56,32,2.07496029,36.162570,1.06176837e-03
57,32,2.09643779,36.139855,1.06935903e-03
58,32,2.11791562,36.126184,1.07481436e-03
59,32,2.13939312,36.121709,1.07799578e-03
60,32,2.13939312,36.121709,1.07799656e-03
61,32,2.20382612,36.319558,1.04857184e-03
62,32,2.26825912,36.490231,8.97523155e-04
63,32,2.33269211,36.590627,5.79953250e-04
64,32,2.39712495,36.660976,3.25510512e-04
65,32,2.46155794,36.794337,2.54438532e-04
66,32,2.52599094,36.924109,8.57169254e-05
67,32,2.59042394,37.145959,2.78716852e-05
68,32,2.65485693,37.427301,2.96118883e-06
69,32,2.71928993,37.532363,4.41116411e-03
70,32,2.78372276,37.849929,3.55844695e-03
71,32,2.84815576,38.269645,2.99106864e-03
72,32,2.91258876,38.106812,3.02783971e-03
73,32,2.97702175,37.959847,2.25248047e-03
74,32,3.04145475,38.069466,1.13541810e-03
75,32,3.10588775,38.178802,2.22293711e-04
76,32,3.17032058,38.265970,2.99690718e-03
77,32,3.23475363,39.177469,1.71797480e-03
78,32,3.29918661,39.895885,5.83858472e-04
79,32,3.36361957,40.168744,6.55948844e-05
80,32,3.36361957,40.168744,6.73043433e-06
81,32,3.41622887,40.047032,2.49720712e-04
82,32,3.46883817,39.663171,2.79879319e-03
83,32,3.52144747,39.135250,4.86326745e-03
84,32,3.57405686,38.585417,5.70224222e-04
85,32,3.62666598,38.098262,6.15037239e-03
86,32,3.67927530,37.711718,4.98715534e-03
87,32,3.73188462,37.459214,9.69680189e-03
88,32,3.78449394,37.402834,1.25353557e-02
89,32,3.83710326,37.612894,1.00569949e-02
90,32,3.88971258,38.094965,1.02167373e-02
91,32,3.94232191,37.937833,1.22096718e-04
92,32,3.99493123,37.675961,1.30995042e-04
93,32,4.04754055,37.288675,1.02683632e-09
94,32,4.10014987,36.915857,7.69344947e-10
95,32,4.15275899,36.594656,5.47204702e-10
96,32,4.20536831,36.332457,3.22213920e-10
97,32,4.25797763,36.137189,1.39430372e-10
98,32,4.31058696,36.016318,2.59792055e-11
99,32,4.36319628,35.974999,4.00168893e-12
0,33,0.00000000,40.168744,2.29933164e-05
1,33,0.06074799,40.168969,1.28108009e-06
2,33,0.12149598,40.117760,4.42442914e-05
3,33,0.18224397,40.049402,2.00634598e-04
4,33,0.24299205,39.984419,4.56094166e-04
5,33,0.30373983,39.893912,5.11925445e-04
6,33,0.36448784,39.130216,3.61765117e-03
7,33,0.42523585,38.425622,3.94008227e-03
8,33,0.48598386,37.779389,3.13309704e-03
9,33,0.54673188,37.193249,3.68217639e-03
10,33,0.60747989,36.701514,1.15216644e-03
11,33,0.66822790,36.737823,2.40242940e-04
12,33,0.72897591,37.506552,3.06104686e-04
13,33,0.78972392,38.309716,2.01075228e-03
14,33,0.85047193,39.010050,5.70453065e-04
15,33,0.91121971,39.293499,2.00879244e-04
16,33,0.97196773,39.203800,6.06395715e-04
17,33,1.03271574,38.628276,6.08491023e-04
18,33,1.09346375,37.992059,5.27767604e-04
19,33,1.15421176,37.762476,3.20792478e-04
20,33,1.15421176,37.762476,3.18474876e-04
21,33,1.18458576,37.786746,2.20993466e-04
22,33,1.21495976,37.858187,2.75888921e-04
23,33,1.24533376,37.972460,9.74199305e-05
24,33,1.27570776,38.117140,1.85677207e-04
25,33,1.30608176,38.257832,7.26403185e-05
26,33,1.33645576,38.276329,3.44043301e-05
27,33,1.36682976,38.106838,2.66042907e-04
28,33,1.39720381,37.881260,5.33356378e-04
29,33,1.42757781,37.654736,6.84556576e-04
30,33,1.45795159,37.441227,8.71625193e-04
31,33,1.48832560,37.248144,1.10901312e-03
32,33,1.51869960,37.082438,1.09439783e-03
33,33,1.54907361,36.972254,1.66224606e-03
34,33,1.57944761,36.980414,2.00822385e-03
35,33,1.60982162,37.105728,1.67968298e-03
36,33,1.64019563,37.260191,2.80438187e-04
37,33,1.67056963,37.397567,5.07480344e-04
38,33,1.70094364,37.493348,6.93146441e-04
39,33,1.73131764,37.531444,7.83319460e-04
40,33,1.73131764,37.531444,7.76557519e-04
41,33,1.75279515,37.568443,8.66198523e-04
42,33,1.77427297,37.581013,6.48899310e-04
43,33,1.79575048,37.587528,4.23728798e-04
44,33,1.81722830,37.619425,2.12783613e-04
45,33,1.83870581,37.702387,6.75667067e-05
46,33,1.86018364,37.837979,1.03562218e-05
47,33,1.88166114,38.008611,6.58437199e-06
48,33,1.90313897,38.196230,2.22802136e-05
49,33,1.92461647,38.387360,3.93860196e-05
50,33,1.94609430,38.572547,4.60827931e-05
51,33,1.96757180,38.730146,3.06026508e-05
52,33,1.98904963,38.821464,1.28083566e-05
53,33,2.01052713,38.745516,1.72287029e-04
54,33,2.03200496,38.485115,3.75593767e-04
55,33,2.05348246,38.156514,4.07058582e-04
56,33,2.07496029,37.830534,3.32610701e-04
57,33,2.09643779,37.547394,2.03879803e-04
58,33,2.11791562,37.347907,6.98195135e-05
59,33,2.13939312,37.274717,2.54712425e-06
60,33,2.13939312,37.274717,2.54716907e-06
61,33,2.20382612,37.107432,7.81323184e-06
62,33,2.26825912,37.056260,1.17703233e-04
63,33,2.33269211,37.160875,3.85162120e-04
64,33,2.39712495,37.389491,5.77223584e-04
65,33,2.46155794,37.461609,3.05912574e-03
66,33,2.52599094,37.289841,2.68752447e-04
67,33,2.59042394,37.735316,5.95267095e-03
68,33,2.65485693,37.429798,5.57676597e-03
69,33,2.71928993,37.756346,1.61629488e-05
70,33,2.78372276,38.109365,6.62726159e-05
71,33,2.84815576,38.438250,7.70930069e-06
72,33,2.91258876,38.712832,6.02249439e-04
73,33,2.97702175,38.854946,7.95743794e-04
74,33,3.04145475,38.915315,1.13509318e-03
75,33,3.10588775,39.051007,1.41411068e-03
76,33,3.17032058,39.376233,1.09933762e-03
77,33,3.23475363,39.766229,5.56530847e-04
78,33,3.29918661,40.071600,1.23011935e-04
79,33,3.36361957,40.168744,2.66023826e-05
80,33,3.36361957,40.168744,8.54313255e-05
81,33,3.41622887,40.047032,4.53644043e-04
82,33,3.46883817,39.663171,9.22857045e-05
83,33,3.52144747,39.135250,1.34071840e-03
84,33,3.57405686,38.585417,9.14484070e-03
85,33,3.62666598,38.300205,6.15142279e-05
86,33,3.67927530,38.389770,7.42501861e-05
87,33,3.73188462,38.422865,8.99785933e-05
88,33,3.78449394,38.382042,1.09352005e-04
89,33,3.83710326,38.166405,1.04289833e-04
90,33,3.88971258,38.094965,7.19622831e-03
91,33,3.94232191,38.165362,1.44987344e-09
92,33,3.99493123,37.706896,1.24632099e-09
93,33,4.04754055,37.394430,1.36329851e-04
94,33,4.10014987,37.110292,1.39897702e-04
95,33,4.15275899,36.837528,1.42687108e-04
96,33,4.20536831,36.593709,1.45270533e-04
97,33,4.25797763,36.397027,1.47806776e-04
98,33,4.31058696,36.267800,1.49855006e-04
99,33,4.36319628,36.222245,1.50647085e-04
0,34,0.00000000,41.694681,1.09159056e-04
1,34,0.06074799,41.687792,1.02713935e-04
2,34,0.12149598,41.641482,1.28239015e-04
3,34,0.18224397,41.552269,2.17784185e-03
4,34,0.24299205,40.712203,9.78393250e-05
5,34,0.30373983,39.893913,3.83404037e-03
6,34,0.36448784,39.694328,3.20067312e-04
7,34,0.42523585,40.069312,1.67690459e-03
8,34,0.48598386,40.290964,2.15477552e-03
9,34,0.54673188,40.421484,9.18093246e-04
10,34,0.60747989,40.168790,3.44169046e-04
11,34,0.66822790,39.942439,8.18119343e-04
12,34,0.72897591,39.724529,2.44029439e-05
13,34,0.78972392,39.418373,1.86126335e-05
14,34,0.85047193,39.086730,1.27581653e-05
15,34,0.91121971,39.293499,5.59336971e-04
16,34,0.97196773,39.203801,1.57010394e-04
17,34,1.03271574,39.137316,6.65304759e-04
18,34,1.09346375,39.097360,1.51602212e-04
19,34,1.15421176,39.084028,2.30202613e-04
20,34,1.15421176,39.084028,3.30685311e-04
21,34,1.18458576,39.128412,3.41357275e-05
22,34,1.21495976,39.243603,1.89200529e-05
23,34,1.24533376,39.321831,1.02968541e-04
24,34,1.27570776,39.143750,1.54179952e-04
25,34,1.30608176,38.916647,1.83206118e-06
26,34,1.33645576,38.841835,1.46261382e-04
27,34,1.36682976,38.990383,3.12763931e-04
28,34,1.39720381,39.223687,3.77517281e-04
29,34,1.42757781,39.477470,4.14327061e-04
30,34,1.45795159,39.725841,4.53383160e-04
31,34,1.48832560,39.941008,5.18619358e-04
32,34,1.51869960,40.094752,3.94339619e-04
33,34,1.54907361,40.176147,7.00244728e-04
34,34,1.57944761,40.178843,1.02904588e-03
35,34,1.60982162,40.115924,1.06237707e-03
36,34,1.64019563,40.019094,1.55021397e-03
37,34,1.67056963,39.918996,4.12821775e-05
38,34,1.70094364,39.845074,6.31608591e-04
39,34,1.73131764,39.831247,4.76413298e-04
40,34,1.73131764,39.831247,5.43167212e-04
41,34,1.75279515,39.819584,7.18915382e-04
42,34,1.77427297,39.792522,6.98178949e-04
43,34,1.79575048,39.744394,6.54401260e-04
44,34,1.81722830,39.681002,5.91137062e-04
45,34,1.83870581,39.598009,5.10694986e-04
46,34,1.86018364,39.497159,4.18592074e-04
47,34,1.88166114,39.382449,3.21628197e-04
48,34,1.90313897,39.259953,2.26834175e-04
49,34,1.92461647,39.137917,1.43375217e-04
50,34,1.94609430,39.021195,7.64750914e-05
51,34,1.96757180,38.922275,3.21787404e-05
52,34,1.98904963,38.841131,8.70562451e-06
53,34,2.01052713,38.780275,1.53713025e-06
54,34,2.03200496,38.732751,4.75153059e-06
55,34,2.05348246,38.698687,1.28253842e-05
56,34,2.07496029,38.675557,2.17838392e-05
57,34,2.09643779,38.660448,2.91787785e-05
58,34,2.11791562,38.652052,3.36668114e-05
59,34,2.13939312,38.649451,3.46683648e-05
60,34,2.13939312,38.649451,3.46676299e-05
61,34,2.20382612,38.502458,5.60356998e-06
62,34,2.26825912,38.232441,8.05392596e-05
63,34,2.33269211,37.933888,2.15394027e-04
64,34,2.39712495,37.735710,3.37034564e-04
65,34,2.46155794,37.684276,6.59410151e-04
66,34,2.52599094,37.877340,3.46291834e-04
67,34,2.59042394,37.832214,3.72716418e-04
68,34,2.65485693,38.389257,6.50719906e-04
69,34,2.71928993,38.833874,5.54384893e-04
70,34,2.78372276,39.172404,2.84475475e-03
71,34,2.84815576,38.598883,3.60426129e-03
72,34,2.91258876,38.754485,2.54133681e-03
73,34,2.97702175,39.291579,2.12081117e-03
74,34,3.04145475,39.871717,1.67532152e-03
75,34,3.10588775,40.486018,1.16638654e-03
76,34,3.17032058,41.081896,5.96967901e-04
77,34,3.23475363,41.520050,1.40859087e-04
78,34,3.29918661,41.682386,1.69460972e-05
79,34,3.36361957,41.694681,5.64130647e-05
80,34,3.36361957,41.694681,7.99814045e-05
81,34,3.41622887,41.706912,3.26797764e-05
82,34,3.46883817,41.690228,3.77099865e-05
83,34,3.52144747,41.611560,8.26855703e-05
84,34,3.57405686,41.482661,1.05680878e-04
85,34,3.62666598,41.279020,9.35931375e-05
86,34,3.67927530,40.719730,6.31250848e-05
87,34,3.73188462,40.018444,3.52787510e-05
88,34,3.78449394,39.216854,1.18064008e-05
89,34,3.83710326,38.453795,2.05430551e-05
90,34,3.88971258,38.169403,1.04124276e-04
91,34,3.94232191,38.765785,4.80195290e-03
92,34,3.99493123,39.509117,4.99011681e-03
93,34,4.04754055,40.137266,1.93198177e-03
94,34,4.10014987,40.354583,4.89840201e-04
95,34,4.15275899,40.382208,2.10852868e-04
96,34,4.20536831,40.382192,1.50230633e-04
97,34,4.25797763,40.377367,6.17096785e-05
98,34,4.31058696,40.373685,1.13375489e-05
99,34,4.36319628,40.371869,8.68476528e-06
0,35,0.00000000,41.694681,2.01198178e-05
1,35,0.06074799,41.742891,4.82866179e-05
2,35,0.12149598,41.833660,8.81910921e-05
3,35,0.18224397,41.552269,1.41170616e-03
4,35,0.24299205,40.712203,3.86560673e-03
5,35,0.30373983,39.947205,7.97021032e-04
6,35,0.36448784,39.965335,1.21089293e-03
7,35,0.42523585,40.098219,2.32157841e-04
8,35,0.48598386,40.461687,1.55285383e-04
9,35,0.54673188,40.421484,1.93218029e-04
10,35,0.60747989,40.168790,7.30860560e-04
11,35,0.66822790,39.942439,2.13540496e-04
12,35,0.72897591,39.741761,5.22564931e-04
13,35,0.78972392,39.568965,1.50198604e-04
14,35,0.85047193,39.424342,3.59913406e-04
15,35,0.91121971,39.579322,2.99413229e-04
16,35,0.97196773,39.521156,5.24531356e-04
17,35,1.03271574,39.137316,7.08165576e-05
18,35,1.09346375,39.097360,5.54904809e-04
19,35,1.15421176,39.084028,4.47568643e-04
20,35,1.15421176,39.084028,3.47112103e-04
21,35,1.18458576,39.128412,6.23981096e-04
22,35,1.21495976,39.243603,6.17274702e-04
23,35,1.24533376,39.321831,4.60234279e-04
24,35,1.27570776,39.143750,4.23695595e-04
25,35,1.30608176,38.916647,5.38610373e-04
26,35,1.33645576,38.841835,2.67312478e-04
27,35,1.36682976,38.990383,1.15764317e-04
28,35,1.39720381,39.223687,8.16415463e-05
29,35,1.42757781,39.477470,5.82979065e-05
30,35,1.45795159,39.725841,3.34445976e-05
31,35,1.48832560,39.941008,1.23490144e-05
32,35,1.51869960,40.094753,2.51628635e-04
33,35,1.54907361,40.176147,1.52318466e-04
34,35,1.57944761,40.178843,9.98934458e-05
35,35,1.60982162,40.115924,3.60065805e-04
36,35,1.64019563,40.019094,1.39230646e-04
37,35,1.67056963,39.918996,1.86823641e-03
38,35,1.70094364,39.845074,1.43455636e-03
39,35,1.73131764,39.831247,1.66524872e-03
40,35,1.73131764,39.831247,1.59847372e-03
41,35,1.75279515,39.848874,1.61931278e-03
42,35,1.77427297,39.932085,1.79541650e-03
43,35,1.79575048,40.061167,1.94728933e-03
44,35,1.81722830,40.224797,2.07536751e-03
45,35,1.83870581,40.406233,2.19525801e-03
46,35,1.86018364,40.584061,2.32442447e-03
47,35,1.88166114,40.718355,2.44629204e-03
48,35,1.90313897,40.734326,2.39452763e-03
49,35,1.92461647,40.571619,2.07964506e-03
50,35,1.94609430,40.281533,1.79653147e-03
51,35,1.96757180,39.956151,1.64076266e-03
52,35,1.98904963,39.661028,1.54906707e-03
53,35,2.01052713,39.507896,1.30606309e-03
54,35,2.03200496,39.528382,1.02550943e-03
55,35,2.05348246,39.611056,9.03752870e-04
56,35,2.07496029,39.699871,8.64287952e-04
57,35,2.09643779,39.769206,8.57843059e-04
58,35,2.11791562,39.813594,8.62396369e-04
59,35,2.13939312,39.834394,8.70167641e-04
60,35,2.13939312,39.834394,8.70146327e-04
61,35,2.20382612,39.464423,1.26064394e-03
62,35,2.26825912,39.040571,1.68082587e-03
63,35,2.33269211,38.559585,2.11553123e-03
64,35,2.39712495,38.013338,2.57667599e-03
65,35,2.46155794,37.721694,3.81672196e-04
66,35,2.52599094,38.014582,6.96284890e-04
67,35,2.59042394,38.154913,2.43323537e-04
68,35,2.65485693,38.547172,9.17621315e-06
69,35,2.71928993,39.091398,1.06548480e-03
70,35,2.78372276,39.249757,4.97971500e-04
71,35,2.84815576,39.673780,5.02263063e-04
72,35,2.91258876,40.102858,5.31243659e-04
73,35,2.97702175,40.531605,5.56425885e-04
74,35,3.04145475,40.951361,5.28022351e-04
75,35,3.10588775,41.352772,3.65376163e-04
76,35,3.17032058,41.675555,7.30768371e-05
77,35,3.23475363,41.784605,1.02916934e-04
78,35,3.29918661,41.736733,1.36464714e-04
79,35,3.36361957,41.694681,2.10433348e-05
80,35,3.36361957,41.694681,3.23961692e-05
81,35,3.41622887,41.706912,2.34191050e-06
82,35,3.46883817,41.690230,1.72782748e-05
83,35,3.52144747,41.611560,1.18875536e-05
84,35,3.57405686,41.482661,2.06831466e-06
85,35,3.62666598,41.335423,6.61921435e-05
86,35,3.67927530,40.942045,2.05006269e-09
87,35,3.73188462,40.330570,1.98422459e-09
88,35,3.78449394,39.744998,1.88038122e-09
89,35,3.83710326,39.187376,1.75964476e-09
90,35,3.88971258,38.659946,1.61335611e-09
91,35,3.94232191,38.765785,1.04713622e-02
92,35,3.99493123,39.509117,7.44344023e-03
93,35,4.04754055,40.137267,4.97786998e-03
94,35,4.10014987,40.354583,1.08799701e-03
95,35,4.15275899,40.382208,2.83903811e-04
96,35,4.20536831,40.382192,4.14883876e-05
97,35,4.25797763,40.377367,6.96520433e-06
98,35,4.31058696,40.373685,8.03780023e-06
99,35,4.36319628,40.371869,9.65022345e-06
0,36,0.00000000,41.694682,1.16566505e-05
1,36,0.06074799,41.742891,1.67744532e-04
2,36,0.12149598,41.833664,4.76734942e-04
3,36,0.18224397,41.555752,1.28430793e-04
4,36,0.24299205,41.433946,1.17029254e-04
5,36,0.30373983,41.283300,1.02200069e-04
6,36,0.36448784,41.110093,8.70144812e-05
7,36,0.42523585,40.919768,7.26205812e-05
8,36,0.48598386,40.698686,4.07435113e-05
9,36,0.54673188,40.497869,4.80412454e-05
10,36,0.60747989,40.265068,3.85418767e-05
11,36,0.66822790,40.003347,3.08415372e-05
12,36,0.72897591,39.741761,4.66495225e-04
13,36,0.78972392,39.568965,8.02587495e-04
14,36,0.85047193,39.424342,6.03868971e-04
15,36,0.91121971,39.579322,1.48334715e-03
16,36,0.97196773,39.936509,4.56411142e-04
17,36,1.03271574,40.142125,3.74473270e-04
18,36,1.09346375,40.242470,5.56555195e-04
19,36,1.15421176,40.271838,1.24220333e-04
20,36,1.15421176,40.271838,4.28869917e-04
21,36,1.18458576,40.143634,5.78654673e-04
22,36,1.21495976,39.884896,4.92508269e-04
23,36,1.24533376,39.698424,1.15727968e-04
24,36,1.27570776,39.826880,3.70654721e-04
25,36,1.30608176,40.087796,2.19156078e-04
26,36,1.33645576,40.383734,2.80499469e-04
27,36,1.36682976,40.693361,3.47243286e-04
28,36,1.39720381,41.008183,3.07748631e-04
29,36,1.42757781,41.318273,6.93944419e-04
30,36,1.45795159,41.610784,7.17411253e-04
31,36,1.48832560,41.855345,6.29628075e-04
32,36,1.51869960,42.021060,1.18481233e-03
33,36,1.54907361,42.142113,1.00626343e-04
34,36,1.57944761,42.270632,8.92554018e-04
35,36,1.60982162,42.416963,5.92799522e-04
36,36,1.64019563,42.566680,4.69526860e-04
37,36,1.67056963,42.694847,2.73343493e-04
38,36,1.70094364,42.781184,1.00921945e-04
39,36,1.73131764,42.813245,2.66126103e-05
40,36,1.73131764,42.813245,6.56208802e-05
41,36,1.75279515,42.774663,8.07166198e-05
42,36,1.77427297,42.724202,1.14417173e-04
43,36,1.79575048,42.664647,1.87395859e-04
44,36,1.81722830,42.601608,2.91821481e-04
45,36,1.83870581,42.436645,1.74640013e-04
46,36,1.86018364,42.208539,1.17316263e-04
47,36,1.88166114,41.991691,2.00249806e-05
48,36,1.90313897,41.874665,5.74737219e-05
49,36,1.92461647,41.922994,3.20432107e-04
50,36,1.94609430,42.087437,5.15245516e-04
51,36,1.96757180,42.294771,5.34053572e-04
52,36,1.98904963,42.414592,1.10678793e-03
53,36,2.01052713,42.444002,1.13109039e-03
54,36,2.03200496,42.477001,1.13891798e-03
55,36,2.05348246,42.512976,1.13341449e-03
56,36,2.07496029,42.549706,1.11922777e-03
57,36,2.09643779,42.580065,1.10593934e-03
58,36,2.11791562,42.577504,6.87644505e-07
59,36,2.13939312,42.573228,5.38771953e-07
60,36,2.13939312,42.573228,5.38256671e-07
61,36,2.20382612,42.715409,2.27137090e-03
62,36,2.26825912,41.884461,2.79040093e-03
63,36,2.33269211,41.013420,3.32281628e-03
64,36,2.39712495,40.099075,3.88712908e-03
65,36,2.46155794,39.226011,4.53010217e-03
66,36,2.52599094,38.403040,5.27696467e-03
67,36,2.59042394,38.369025,7.25363955e-04
68,36,2.65485693,38.737805,7.89425274e-04
69,36,2.71928993,39.147932,2.38101839e-04
70,36,2.78372276,39.747295,1.84957418e-04
71,36,2.84815576,39.979162,3.55433518e-05
72,36,2.91258876,40.333909,3.46166554e-05
73,36,2.97702175,40.729347,5.43381028e-06
74,36,3.04145475,41.151991,3.30439913e-06
75,36,3.10588775,41.555182,1.93491640e-05
76,36,3.17032058,41.815864,2.82511806e-05
77,36,3.23475363,41.836908,3.55355420e-05
78,36,3.29918661,41.745777,4.71393483e-05
79,36,3.36361957,41.694682,6.35287967e-05
80,36,3.36361957,41.694684,2.84351287e-05
81,36,3.41622887,41.736836,1.05477914e-04
82,36,3.46883817,41.810882,1.14350030e-04
83,36,3.52144747,41.829885,1.25765608e-04
84,36,3.57405686,41.663372,1.19518731e-04
85,36,3.62666598,41.335423,2.67686991e-05
86,36,3.67927530,41.189897,2.28300574e-05
87,36,3.73188462,41.055813,4.09852752e-05
88,36,3.78449394,40.937448,1.87523513e-05
89,36,3.83710326,40.836659,4.78223297e-05
90,36,3.88971258,40.755278,4.55709706e-05
91,36,3.94232191,40.697690,1.30958295e-04
92,36,3.99493123,40.682117,4.76920284e-05
93,36,4.04754055,40.810974,3.32031366e-03
94,36,4.10014987,41.290111,2.82595907e-03
95,36,4.15275899,41.757432,1.69189544e-03
96,36,4.20536831,42.024924,1.13334574e-03
97,36,4.25797763,42.140962,6.81781698e-04
98,36,4.31058696,42.186208,1.67183451e-04
99,36,4.36319628,42.196188,5.96663805e-04
0,37,0.00000000,43.459501,2.93939891e-03
1,37,0.06074799,43.154709,2.37888663e-03
2,37,0.12149598,42.467361,1.35464639e-03
3,37,0.18224397,41.980951,3.51258621e-04
4,37,0.24299205,41.879552,1.39521737e-04
5,37,0.30373983,41.624510,2.25142201e-04
6,37,0.36448784,41.311844,8.20572163e-04
7,37,0.42523585,40.997278,3.80320470e-04
8,37,0.48598386,40.698686,1.09445367e-03
9,37,0.54673188,40.657420,2.57804911e-03
10,37,0.60747989,40.958696,5.14588049e-05
11,37,0.66822790,41.069647,2.85655289e-05
12,37,0.72897591,41.079092,2.17335834e-05
13,37,0.78972392,40.995298,3.18912669e-05
14,37,0.85047193,40.779983,8.90219705e-05
15,37,0.91121971,40.317027,2.79072013e-04
16,37,0.97196773,39.936509,7.78179124e-04
17,37,1.03271574,40.142126,5.26334007e-04
18,37,1.09346375,40.242470,1.81290693e-04
19,37,1.15421176,40.271838,5.78761830e-04
20,37,1.15421176,40.271838,2.74085855e-04
21,37,1.18458576,40.143634,8.88851578e-05
22,37,1.21495976,39.884896,1.84364441e-04
23,37,1.24533376,39.698424,6.57578633e-04
24,37,1.27570776,39.826880,4.07559439e-04
25,37,1.30608176,40.087796,5.44222847e-04
26,37,1.33645576,40.383734,4.76491033e-04
27,37,1.36682976,40.693361,4.12703657e-04
28,37,1.39720381,41.008183,4.69592006e-04
29,37,1.42757781,41.318273,1.30153680e-04
30,37,1.45795159,41.610784,2.09125354e-04
31,37,1.48832560,41.855345,4.79329027e-04
32,37,1.51869960,42.021062,6.93352763e-05
33,37,1.54907361,42.142113,1.08773034e-03
34,37,1.57944761,42.270632,8.54249032e-05
35,37,1.60982162,42.416963,1.29674191e-04
36,37,1.64019563,42.566681,1.25621258e-05
37,37,1.67056963,42.694848,1.35594171e-05
38,37,1.70094364,42.781184,5.57624996e-05
39,37,1.73131764,42.813245,7.93032286e-05
40,37,1.73131764,42.813245,4.02954998e-05
41,37,1.75279515,42.829057,3.68999880e-05
42,37,1.77427297,42.811606,7.38095068e-05
43,37,1.79575048,42.747601,1.23409211e-04
44,37,1.81722830,42.623853,1.68243070e-04
45,37,1.83870581,42.540179,4.17395398e-04
46,37,1.86018364,42.485295,5.52500515e-04
47,37,1.88166114,42.440810,6.85867502e-04
48,37,1.90313897,42.408365,8.08203039e-04
49,37,1.92461647,42.390627,9.13728227e-04
50,37,1.94609430,42.388240,9.99030610e-04
51,37,1.96757180,42.396125,1.06319812e-03
52,37,1.98904963,42.489069,3.78945647e-04
53,37,2.01052713,42.610575,1.43769991e-04
54,37,2.03200496,42.646447,2.89365750e-05
55,37,2.05348246,42.637796,3.11875861e-06
56,37,2.07496029,42.615545,4.08415020e-08
57,37,2.09643779,42.593208,4.57830799e-07
58,37,2.11791562,42.600918,1.10357866e-03
59,37,2.13939312,42.608410,1.12175165e-03
60,37,2.13939312,42.608410,1.12176244e-03
61,37,2.20382612,42.899903,1.03420563e-03
62,37,2.26825912,43.146798,5.16446349e-06
63,37,2.33269211,43.072091,1.38299261e-05
64,37,2.39712495,42.848127,3.89991050e-05
65,37,2.46155794,42.526377,1.05587532e-04
66,37,2.52599094,42.102683,2.53998973e-04
67,37,2.59042394,41.572417,5.32848626e-04
68,37,2.65485693,40.944610,9.52578898e-04
69,37,2.71928993,40.240760,1.31348204e-03
70,37,2.78372276,39.846683,5.36059707e-04
71,37,2.84815576,40.572298,9.19951506e-04
72,37,2.91258876,41.273705,1.48470357e-03
73,37,2.97702175,41.860485,2.24241504e-03
74,37,3.04145475,42.236605,2.92532381e-03
75,37,3.10588775,42.400333,3.23478798e-03
76,37,3.17032058,42.487425,3.19710281e-03
77,37,3.23475363,42.737740,2.57628285e-03
78,37,3.29918661,43.168488,2.02144973e-03
79,37,3.36361957,43.459501,4.26428249e-03
80,37,3.36361957,43.459501,4.08198979e-03
81,37,3.41622887,43.314191,1.65140906e-05
82,37,3.46883817,43.064564,1.87596929e-05
83,37,3.52144747,42.871380,6.05964207e-06
84,37,3.57405686,42.233250,2.18490701e-09
85,37,3.62666598,41.577239,2.10730710e-09
86,37,3.67927530,41.189897,5.01093574e-05
87,37,3.73188462,41.055813,1.69341353e-05
88,37,3.78449394,40.937448,3.12747468e-05
89,37,3.83710326,40.836659,3.86594019e-06
90,37,3.88971258,40.755278,3.00949500e-05
91,37,3.94232191,40.697690,4.81537202e-05
92,37,3.99493123,40.682117,6.37557787e-04
93,37,4.04754055,40.810975,3.30147805e-04
94,37,4.10014987,41.290112,3.21630475e-03
95,37,4.15275899,41.757432,2.37550449e-03
96,37,4.20536831,42.024924,1.06981990e-03
97,37,4.25797763,42.140962,5.89585388e-04
98,37,4.31058696,42.186208,7.22811689e-04
99,37,4.36319628,42.196188,1.97180371e-04
0,38,0.00000000,43.459506,2.86284954e-03
1,38,0.06074799,43.154710,1.38314209e-03
2,38,0.12149598,42.467364,1.86125060e-03
3,38,0.18224397,41.980951,8.73613679e-05
4,38,0.24299205,41.879553,5.36722684e-04
5,38,0.30373983,41.624511,7.36717686e-04
6,38,0.36448784,41.311844,2.71921373e-04
7,38,0.42523585,40.997278,7.55659658e-04
8,38,0.48598386,40.715535,5.94250209e-05
9,38,0.54673188,40.755001,9.35475679e-05
10,38,0.60747989,41.181287,2.87525963e-03
11,38,0.66822790,41.855937,3.00744934e-03
12,38,0.72897591,42.422839,3.21678114e-05
13,38,0.78972392,42.061062,3.77168515e-05
14,38,0.85047193,41.772938,4.34487957e-05
15,38,0.91121971,41.558036,5.00978911e-05
16,38,0.97196773,41.408736,5.82608805e-05
17,38,1.03271574,41.318848,6.88799175e-05
18,38,1.09346375,41.281737,8.31580614e-05
19,38,1.15421176,41.293846,1.41127486e-04
20,38,1.15421176,41.293846,1.33852355e-04
21,38,1.18458576,41.430173,6.82985944e-05
22,38,1.21495976,41.717965,2.18737988e-04
23,38,1.24533376,42.029580,2.63912737e-04
24,38,1.27570776,42.304499,1.26991668e-04
25,38,1.30608176,42.507870,1.08349197e-04
26,38,1.33645576,42.625710,2.02169213e-04
27,38,1.36682976,42.659282,4.72183990e-04
28,38,1.39720381,42.641645,2.81379424e-04
29,38,1.42757781,42.596749,7.00688125e-04
30,38,1.45795159,42.558735,2.36666559e-04
31,38,1.48832560,42.573253,3.11615984e-04
32,38,1.51869960,42.692545,3.34084319e-04
33,38,1.54907361,42.909646,3.43697972e-04
34,38,1.57944761,43.174411,3.30785970e-04
35,38,1.60982162,43.425910,3.63571008e-04
36,38,1.64019563,43.658135,2.03725290e-04
37,38,1.67056963,43.847466,4.76413327e-04
38,38,1.70094364,43.974090,6.30970756e-04
39,38,1.73131764,44.024680,4.19999942e-04
40,38,1.73131764,44.024680,4.17301337e-04
41,38,1.75279515,43.909468,1.53125403e-04
42,38,1.77427297,43.774251,1.24042273e-04
43,38,1.79575048,43.628002,8.92445479e-05
44,38,1.81722830,43.494343,5.32834841e-05
45,38,1.83870581,43.387420,3.24349935e-05
46,38,1.86018364,43.306763,3.46389602e-05
47,38,1.88166114,43.243249,5.48521430e-05
48,38,1.90313897,43.189705,8.80937210e-05
49,38,1.92461647,43.142419,1.33745386e-04
50,38,1.94609430,43.104022,1.98641364e-04
51,38,1.96757180,43.081220,3.06942404e-04
52,38,1.98904963,43.100128,4.96358454e-04
53,38,2.01052713,43.205275,7.09571670e-04
54,38,2.03200496,43.406528,7.62796595e-04
55,38,2.05348246,43.603095,1.52647093e-03
56,38,2.07496029,43.543165,1.60005849e-03
57,38,2.09643779,43.491592,1.65754603e-03
58,38,2.11791562,43.458008,1.69199502e-03
59,38,2.13939312,43.448306,1.69387546e-03
60,38,2.13939312,43.448306,1.69376617e-03
61,38,2.20382612,43.009387,1.61437548e-06
62,38,2.26825912,43.369392,7.35204510e-04
63,38,2.33269211,43.875435,3.49859263e-04
64,38,2.39712495,44.318381,7.48066279e-05
65,38,2.46155794,44.189354,2.61147648e-04
66,38,2.52599094,43.629951,3.27343550e-04
67,38,2.59042394,43.153484,4.06060596e-04
68,38,2.65485693,42.763925,4.85143197e-04
69,38,2.71928993,42.462367,5.57517365e-04
70,38,2.78372276,42.249839,6.18233268e-04
71,38,2.84815576,42.127588,6.66839886e-04
72,38,2.91258876,42.092505,7.07623443e-04
73,38,2.97702175,42.143841,7.51316512e-04
74,38,3.04145475,42.278522,8.15156219e-04
75,38,3.10588775,42.493001,9.32278706e-04
76,38,3.17032058,42.778783,1.16305134e-03
77,38,3.23475363,43.109981,1.64212166e-03
78,38,3.29918661,43.353191,6.07738609e-04
79,38,3.36361957,43.459504,4.23388249e-04
80,38,3.36361957,43.459510,3.49050613e-04
81,38,3.41622887,43.378166,2.74640068e-03
82,38,3.46883817,43.289824,3.01043497e-04
83,38,3.52144747,42.904913,2.29672163e-09
84,38,3.57405686,42.824320,1.71212526e-07
85,38,3.62666598,42.913254,4.50994142e-06
86,38,3.67927530,43.060327,7.89614466e-06
87,38,3.73188462,43.230812,1.20639515e-05
88,38,3.78449394,43.265389,2.21661312e-05
89,38,3.83710326,43.083214,2.24676897e-05
90,38,3.88971258,42.903059,1.92412602e-05
91,38,3.94232191,42.753520,1.42479381e-05
92,38,3.99493123,42.633827,9.46785542e-06
93,38,4.04754055,42.539438,5.64170873e-06
94,38,4.10014987,42.467421,2.84373150e-06
95,38,4.15275899,42.412354,1.10332181e-06
96,38,4.20536831,42.372490,2.04175031e-07
97,38,4.25797763,42.345581,2.36271700e-08
98,38,4.31058696,42.330056,4.75064579e-07
99,38,4.36319628,42.324425,1.52075141e-06
0,39,0.00000000,43.459527,4.31469101e-04
1,39,0.06074799,43.574858,6.98428121e-04
2,39,0.12149598,43.435709,1.33012938e-03
3,39,0.18224397,43.069482,1.05234931e-03
4,39,0.24299205,42.990504,1.46725846e-03
5,39,0.30373983,43.146614,8.94499844e-04
6,39,0.36448784,43.366754,1.29614471e-03
7,39,0.42523585,43.534603,2.39561358e-04
8,39,0.48598386,43.581922,2.83510944e-04
9,39,0.54673188,43.502539,8.10352595e-05
10,39,0.60747989,43.339806,1.71608769e-05
11,39,0.66822790,42.853687,2.54293228e-05
12,39,0.72897591,42.659812,2.98109606e-03
13,39,0.78972392,43.002992,1.28803755e-04
14,39,0.85047193,43.072309,1.46198742e-04
15,39,0.91121971,42.298733,6.78861892e-04
16,39,0.97196773,41.751340,4.07648890e-04
17,39,1.03271574,41.490637,2.48962740e-04
18,39,1.09346375,41.357826,1.68220137e-04
19,39,1.15421176,41.293846,8.21355399e-05
20,39,1.15421176,41.293846,8.94680876e-05
21,39,1.18458576,41.430173,2.16416339e-04
22,39,1.21495976,41.717966,1.19557913e-04
23,39,1.24533376,42.029580,1.09359483e-04
24,39,1.27570776,42.304501,2.80247543e-04
25,39,1.30608176,42.507870,3.44748421e-04
26,39,1.33645576,42.625710,3.16178603e-04
27,39,1.36682976,42.659282,1.29666219e-04
28,39,1.39720381,42.641646,4.09317096e-04
29,39,1.42757781,42.596749,5.94123296e-05
30,39,1.45795159,42.558735,5.29459439e-04
31,39,1.48832560,42.573253,3.42090226e-04
32,39,1.51869960,42.692548,1.60403775e-04
33,39,1.54907361,42.909647,1.01292627e-04
34,39,1.57944761,43.174411,1.38651966e-04
35,39,1.60982162,43.425910,1.52230789e-04
36,39,1.64019563,43.658135,3.68232562e-04
37,39,1.67056963,43.847466,1.48449650e-04
38,39,1.70094364,43.974090,3.15794124e-05
39,39,1.73131764,44.024680,2.58384592e-04
40,39,1.73131764,44.024680,2.61146768e-04
41,39,1.75279515,44.111105,5.70810460e-04
42,39,1.77427297,44.179411,6.38663324e-04
43,39,1.79575048,44.225248,7.00354841e-04
44,39,1.81722830,44.250503,7.62578178e-04
45,39,1.83870581,44.252894,8.23889248e-04
46,39,1.86018364,44.233977,8.85231358e-04
47,39,1.88166114,44.196470,9.47608423e-04
48,39,1.90313897,44.143222,1.01217236e-03
49,39,1.92461647,44.078548,1.07879925e-03
50,39,1.94609430,43.998788,1.14530092e-03
51,39,1.96757180,43.919860,1.21699287e-03
52,39,1.98904963,43.837989,1.29200463e-03
53,39,2.01052713,43.756570,1.37169747e-03
54,39,2.03200496,43.677108,1.44989226e-03
55,39,2.05348246,43.655579,6.88554752e-04
56,39,2.07496029,43.914620,5.54794421e-04
57,39,2.09643779,44.155635,3.79518479e-04
58,39,2.11791562,44.341980,1.83946737e-04
59,39,2.13939312,44.416442,6.73201393e-05
60,39,2.13939312,44.416442,6.72679224e-05
61,39,2.20382612,45.337411,7.31510387e-05
62,39,2.26825912,45.983013,3.97602886e-04
63,39,2.33269211,45.445458,2.18568593e-04
64,39,2.39712495,44.803816,2.15268222e-04
65,39,2.46155794,44.618890,6.97402005e-05
66,39,2.52599094,44.753459,3.39222498e-04
67,39,2.59042394,44.756075,7.56706542e-04
68,39,2.65485693,44.692230,1.19524618e-03
69,39,2.71928993,44.152431,8.16021640e-04
70,39,2.78372276,43.710189,6.20566090e-04
71,39,2.84815576,43.407615,4.29367387e-04
72,39,2.91258876,43.238319,2.73985536e-04
73,39,2.97702175,43.170746,1.65032683e-04
74,39,3.04145475,43.162652,1.09545385e-04
75,39,3.10588775,43.205924,1.26097835e-04
76,39,3.17032058,43.270193,8.91819397e-04
77,39,3.23475363,43.272135,2.48019878e-04
78,39,3.29918661,43.387146,2.55478446e-03
79,39,3.36361957,43.459517,1.54399426e-03
80,39,3.36361957,43.459564,1.79763702e-03
81,39,3.41622887,43.378227,3.15766241e-03
82,39,3.46883817,43.289825,5.04255765e-03
83,39,3.52144747,43.335927,3.49588899e-03
84,39,3.57405686,43.436034,8.09020464e-05
85,39,3.62666598,43.488899,7.66425694e-04
86,39,3.67927530,43.501095,2.66745854e-04
87,39,3.73188462,43.495209,1.30355036e-04
88,39,3.78449394,43.477097,1.13529170e-05
89,39,3.83710326,43.447673,2.30298915e-07
90,39,3.88971258,43.412209,1.36441718e-05
91,39,3.94232191,43.380377,1.06472702e-04
92,39,3.99493123,43.369746,1.64283333e-04
93,39,4.04754055,43.413829,5.52145637e-04
94,39,4.10014987,43.533392,6.85922031e-05
95,39,4.15275899,43.484884,6.65328524e-05
96,39,4.20536831,43.444873,6.46523943e-05
97,39,4.25797763,43.414395,6.30106675e-05
98,39,4.31058696,43.395252,6.16639747e-05
99,39,4.36319628,43.387981,6.06621423e-05
0,40,0.00000000,44.055217,4.34347889e-05
1,40,0.06074799,44.026444,1.23156924e-04
2,40,0.12149598,43.435710,7.96403888e-05
3,40,0.18224397,43.069482,7.17999278e-04
4,40,0.24299205,42.990504,3.19634170e-04
5,40,0.30373983,43.146615,7.78730011e-04
6,40,0.36448784,43.366754,2.29013025e-04
7,40,0.42523585,43.534604,1.01679903e-03
8,40,0.48598386,43.581922,5.93388532e-04
9,40,0.54673188,43.502539,4.40321301e-04
10,40,0.60747989,43.349509,1.97280226e-04
11,40,0.66822790,43.183732,1.76349095e-04
12,40,0.72897591,43.053609,1.38701822e-04
13,40,0.78972392,43.002992,1.12353970e-04
14,40,0.85047193,43.072309,2.36843896e-04
15,40,0.91121971,43.299610,1.78246570e-04
16,40,0.97196773,43.670413,2.00218153e-04
17,40,1.03271574,44.105297,1.97527087e-04
18,40,1.09346375,44.471858,1.79261955e-04
19,40,1.15421176,44.618596,1.64481992e-04
20,40,1.15421176,44.618596,1.64281237e-04
21,40,1.18458576,44.631218,1.59140263e-04
22,40,1.21495976,44.673207,1.44654446e-04
23,40,1.24533376,44.757275,1.29606382e-04
24,40,1.27570776,44.901361,1.27745720e-04
25,40,1.30608176,45.123291,1.62720059e-04
26,40,1.33645576,45.426761,2.66679548e-04
27,40,1.36682976,45.794940,4.09405764e-04
28,40,1.39720381,46.194554,5.14519160e-04
29,40,1.42757781,46.572076,5.76755424e-04
30,40,1.45795159,46.830485,8.25404528e-04
31,40,1.48832560,46.919709,9.43116623e-04
32,40,1.51869960,46.928674,4.24929825e-04
33,40,1.54907361,46.929468,1.50202413e-03
34,40,1.57944761,46.934498,9.95851696e-04
35,40,1.60982162,46.943392,6.80718818e-04
36,40,1.64019563,46.946316,8.97601321e-04
37,40,1.67056963,46.930855,4.80422382e-04
38,40,1.70094364,46.903326,2.14160100e-04
39,40,1.73131764,46.891396,2.57028855e-04
40,40,1.73131764,46.891396,1.97883829e-04
41,40,1.75279515,46.783733,7.72298167e-04
42,40,1.77427297,46.661342,7.96983285e-04
43,40,1.79575048,46.547114,7.94354096e-04
44,40,1.81722830,46.455213,7.68308701e-04
45,40,1.83870581,46.388907,7.26144625e-04
46,40,1.86018364,46.347983,6.73414938e-04
47,40,1.88166114,46.329617,6.14557949e-04
48,40,1.90313897,46.330484,5.52739578e-04
49,40,1.92461647,46.344702,4.91201456e-04
50,40,1.94609430,46.364279,4.34123270e-04
51,40,1.96757180,46.394361,3.76899999e-04
52,40,1.98904963,46.428026,3.23888574e-04
53,40,2.01052713,46.460009,2.75350769e-04
54,40,2.03200496,46.455636,1.75702032e-04
55,40,2.05348246,46.278148,3.17165651e-04
56,40,2.07496029,46.082126,4.95797345e-04
57,40,2.09643779,45.885067,7.07998218e-04
58,40,2.11791562,45.724659,9.35498933e-04
59,40,2.13939312,45.660911,1.07908314e-03
60,40,2.13939312,45.660911,1.07909674e-03
61,40,2.20382612,46.029351,8.81923552e-04
62,40,2.26825912,46.355325,1.05971293e-04
63,40,2.33269211,47.227316,2.71531488e-04
64,40,2.39712495,47.123874,2.74688466e-05
65,40,2.46155794,46.646710,3.64996645e-05
66,40,2.52599094,46.100380,1.00850496e-03
67,40,2.59042394,45.382139,1.02554816e-03
68,40,2.65485693,44.719252,9.63482049e-04
69,40,2.71928993,44.593560,1.57141842e-03
70,40,2.78372276,44.502145,1.83013998e-03
71,40,2.84815576,44.202830,2.06918374e-04
72,40,2.91258876,43.921318,2.75799895e-04
73,40,2.97702175,43.676102,3.69587796e-04
74,40,3.04145475,43.469650,5.00326620e-04
75,40,3.10588775,43.317010,6.79458644e-04
76,40,3.17032058,43.352153,2.71881709e-04
77,40,3.23475363,43.472073,9.45723583e-04
78,40,3.29918661,44.029195,5.63263635e-04
79,40,3.36361957,44.055113,4.15105254e-05
80,40,3.36361957,44.055259,4.09131710e-05
81,40,3.41622887,44.210258,1.24137698e-08
82,40,3.46883817,43.579454,1.30320886e-09
83,40,3.52144747,43.335928,6.73344815e-04
84,40,3.57405686,43.436034,2.23240372e-03
85,40,3.62666598,43.488899,1.78687786e-04
86,40,3.67927530,43.501096,1.09170694e-04
87,40,3.73188462,43.495209,8.73292317e-06
88,40,3.78449394,43.477097,2.38060249e-05
89,40,3.83710326,43.447673,4.72651535e-06
90,40,3.88971258,43.412209,2.38186666e-05
91,40,3.94232191,43.380377,4.24378516e-05
92,40,3.99493123,43.369746,2.27339414e-04
93,40,4.04754055,43.413829,3.36410528e-04
94,40,4.10014987,43.581721,1.58316309e-04
95,40,4.15275899,43.964536,2.70653513e-03
96,40,4.20536831,44.582456,1.54065870e-03
97,40,4.25797763,45.312283,2.60236808e-04
98,40,4.31058696,45.985014,1.13176172e-04
99,40,4.36319628,46.286398,5.62315071e-06
0,41,0.00000000,44.457719,2.08999259e-05
1,41,0.06074799,44.026471,6.67009813e-04
2,41,0.12149598,43.718511,3.56416372e-05
3,41,0.18224397,43.877393,4.01682349e-05
4,41,0.24299205,44.069438,2.19522375e-04
5,41,0.30373983,44.294635,4.55883402e-04
6,41,0.36448784,44.548053,7.00748754e-04
7,41,0.42523585,44.833587,9.27602875e-04
8,41,0.48598386,44.430764,1.55304314e-06
9,41,0.54673188,43.871748,8.68710544e-06
10,41,0.60747989,43.349509,8.98773374e-05
11,41,0.66822790,43.183732,7.38331512e-08
12,41,0.72897591,43.053609,2.77261292e-05
13,41,0.78972392,43.567846,2.83146782e-03
14,41,0.85047193,43.262536,8.85939993e-04
15,41,0.91121971,43.299610,3.62181966e-04
16,41,0.97196773,43.670413,3.98132884e-04
17,41,1.03271574,44.105297,3.00169701e-04
18,41,1.09346375,44.471858,1.24434329e-04
19,41,1.15421176,44.618596,5.59032032e-06
20,41,1.15421176,44.618596,5.79099973e-06
21,41,1.18458576,44.631218,7.57822154e-06
22,41,1.21495976,44.673207,3.53274325e-05
23,41,1.24533376,44.757275,7.89724286e-05
24,41,1.27570776,44.901361,1.21302906e-04
25,41,1.30608176,45.123291,1.33672016e-04
26,41,1.33645576,45.426761,8.16991847e-05
27,41,1.36682976,45.794940,5.55214007e-06
28,41,1.39720381,46.194554,1.96609959e-05
29,41,1.42757781,46.572076,2.48778807e-04
30,41,1.45795159,46.830485,5.79863974e-04
31,41,1.48832560,46.919709,8.68328374e-04
32,41,1.51869960,46.928674,1.48162290e-03
33,41,1.54907361,46.929468,3.87216352e-04
34,41,1.57944761,46.934498,8.13976787e-04
35,41,1.60982162,46.943392,9.86167215e-04
36,41,1.64019563,46.946316,5.56540937e-04
37,41,1.67056963,46.930855,7.33271620e-04
38,41,1.70094364,46.903326,8.25113530e-04
39,41,1.73131764,46.891396,7.13168161e-04
40,41,1.73131764,46.891396,7.72347467e-04
41,41,1.75279515,46.956188,2.82760595e-04
42,41,1.77427297,46.974615,3.49806866e-04
43,41,1.79575048,46.953507,4.18372319e-04
44,41,1.81722830,46.917178,4.39403842e-04
45,41,1.83870581,46.885635,4.09262296e-04
46,41,1.86018364,46.866238,3.46710615e-04
47,41,1.88166114,46.857520,2.68487204e-04
48,41,1.90313897,46.853908,1.86023077e-04
49,41,1.92461647,46.846854,1.09739233e-04
50,41,1.94609430,46.828503,4.90688450e-05
51,41,1.96757180,46.786892,1.62943502e-05
52,41,1.98904963,46.714665,2.29451744e-05
53,41,2.01052713,46.601555,7.57386699e-05
54,41,2.03200496,46.493311,2.33186363e-04
55,41,2.05348246,46.523395,1.97778605e-04
56,41,2.07496029,46.551232,1.68987302e-04
57,41,2.09643779,46.570208,1.49215732e-04
58,41,2.11791562,46.581991,1.37955889e-04
59,41,2.13939312,46.586622,1.35062401e-04
60,41,2.13939312,46.586622,1.35060964e-04
61,41,2.20382612,47.291777,6.99196729e-06
62,41,2.26825912,47.628057,5.87429138e-06
63,41,2.33269211,47.500515,1.84860507e-05
64,41,2.39712495,47.373107,7.58431610e-04
65,41,2.46155794,46.813327,9.41566150e-04
66,41,2.52599094,46.156227,4.86857451e-05
67,41,2.59042394,45.692798,6.54274494e-05
68,41,2.65485693,45.268315,8.71785784e-05
69,41,2.71928993,44.876431,1.16660825e-04
70,41,2.78372276,44.520984,1.55377779e-04
71,41,2.84815576,44.458406,1.90545259e-03
72,41,2.91258876,44.522764,1.70782239e-03
73,41,2.97702175,44.766706,1.19895257e-03
74,41,3.04145475,44.293751,4.37810373e-05
75,41,3.10588775,43.749975,1.62672868e-05
76,41,3.17032058,43.394486,1.55780711e-06
77,41,3.23475363,43.697235,3.05722188e-04
78,41,3.29918661,44.146887,3.86456934e-04
79,41,3.36361957,44.457719,1.12370639e-04
80,41,3.36361957,44.457719,2.53622664e-05
81,41,3.41622887,44.220783,7.79787350e-06
82,41,3.46883817,44.113848,5.03061279e-04
83,41,3.52144747,44.026532,8.48826414e-04
84,41,3.57405686,44.037930,5.07198486e-06
85,41,3.62666598,43.890950,2.63177904e-06
86,41,3.67927530,43.734925,2.04960462e-06
87,41,3.73188462,43.571163,2.46730311e-06
88,41,3.78449394,43.555163,2.11172287e-06
89,41,3.83710326,43.757223,3.46050074e-05
90,41,3.88971258,43.768663,7.57064580e-05
91,41,3.94232191,43.706290,7.58488301e-05
92,41,3.99493123,43.642100,7.34894211e-05
93,41,4.04754055,43.584237,7.09131723e-05
94,41,4.10014987,43.581721,1.68054365e-03
95,41,4.15275899,43.964536,2.80831474e-04
96,41,4.20536831,44.582456,1.76459820e-03
97,41,4.25797763,45.312283,2.24194998e-03
98,41,4.31058696,45.985014,9.25036838e-04
99,41,4.36319628,46.286398,4.50656094e-06
0,42,0.00000000,44.457759,1.60292411e-04
1,42,0.06074799,44.376500,1.07426338e-03
2,42,0.12149598,44.785348,2.36704431e-06
3,42,0.18224397,45.059763,1.01594727e-06
4,42,0.24299205,45.423838,8.77205294e-06
5,42,0.30373983,45.864570,1.88421349e-05
6,42,0.36448784,45.526353,2.81877891e-05
7,42,0.42523585,44.995256,1.68794863e-06
8,42,0.48598386,45.163284,1.11463770e-03
9,42,0.54673188,45.553727,1.26137248e-03
10,42,0.60747989,46.019452,1.40474034e-03
11,42,0.66822790,46.507251,1.88420594e-03
12,42,0.72897591,45.768992,1.17168949e-03
13,42,0.78972392,44.486434,9.84053472e-04
14,42,0.85047193,44.552042,2.59669230e-03
15,42,0.91121971,45.602763,2.31094068e-03
16,42,0.97196773,46.685515,1.99361709e-03
17,42,1.03271574,47.795935,1.66400439e-03
18,42,1.09346375,48.718888,1.69192264e-04
19,42,1.15421176,48.639918,2.49520561e-04
20,42,1.15421176,48.639918,4.43518254e-05
21,42,1.18458576,48.589416,4.83082733e-05
22,42,1.21495976,48.458555,4.93327733e-04
23,42,1.24533376,48.286073,1.18326858e-03
24,42,1.27570776,48.098877,7.88049347e-04
25,42,1.30608176,47.915739,5.81895305e-04
26,42,1.33645576,47.748338,1.26902708e-03
27,42,1.36682976,47.604536,2.03302298e-04
28,42,1.39720381,47.498739,1.52266266e-03
29,42,1.42757781,47.463183,8.87290380e-04
30,42,1.45795159,47.565904,7.18165823e-04
31,42,1.48832560,47.814609,3.25049573e-04
32,42,1.51869960,48.065351,2.15756660e-04
33,42,1.54907361,48.198176,3.01887071e-04
34,42,1.57944761,48.186668,2.18804273e-04
35,42,1.60982162,48.079584,8.75374861e-04
36,42,1.64019563,47.971743,3.18574053e-05
37,42,1.67056963,47.927156,1.46895224e-03
38,42,1.70094364,47.973600,1.63114999e-03
39,42,1.73131764,48.049360,9.81689121e-04
40,42,1.73131764,48.049360,1.46699054e-03
41,42,1.75279515,47.928170,1.20675806e-03
42,42,1.77427297,47.837072,1.09585312e-03
43,42,1.79575048,47.818014,9.16618498e-04
44,42,1.81722830,47.850263,7.59273975e-04
45,42,1.83870581,47.905022,6.42491081e-04
46,42,1.86018364,47.965092,5.58510803e-04
47,42,1.88166114,48.021208,4.99443404e-04
48,42,1.90313897,48.071205,4.61284558e-04
49,42,1.92461647,48.108690,4.42332045e-04
50,42,1.94609430,48.135462,4.40506857e-04
51,42,1.96757180,48.156973,4.47391233e-04
52,42,1.98904963,48.175078,4.56359519e-04
53,42,2.01052713,48.190790,4.59848391e-04
54,42,2.03200496,48.209410,4.51455235e-04
55,42,2.05348246,48.229030,4.32331995e-04
56,42,2.07496029,48.248792,4.05268506e-04
57,42,2.09643779,48.264730,3.77398994e-04
58,42,2.11791562,48.275306,3.53263418e-04
59,42,2.13939312,48.279768,3.35186790e-04
60,42,2.13939312,48.279768,3.35087654e-04
61,42,2.20382612,47.702028,4.60490197e-04
62,42,2.26825912,47.640966,8.78327149e-04
63,42,2.33269211,48.158050,1.00686142e-03
64,42,2.39712495,48.867383,9.55585971e-04
65,42,2.46155794,48.794881,6.07573256e-04
66,42,2.52599094,48.610262,2.88905803e-04
67,42,2.59042394,48.040020,1.41979669e-04
68,42,2.65485693,47.461413,1.95394450e-04
69,42,2.71928993,46.936363,2.23219744e-04
70,42,2.78372276,46.505812,2.04929609e-04
71,42,2.84815576,46.214137,1.09214794e-04
72,42,2.91258876,45.658818,1.50399217e-04
73,42,2.97702175,44.942810,9.60634389e-05
74,42,3.04145475,45.136714,1.95232136e-04
75,42,3.10588775,44.846931,2.48546178e-05
76,42,3.17032058,44.634019,8.23136894e-05
77,42,3.23475363,44.524499,1.20645123e-04
78,42,3.29918661,44.371198,2.15959110e-04
79,42,3.36361957,44.457759,1.26735182e-05
80,42,3.36361957,44.457740,3.08531503e-05
81,42,3.41622887,44.318530,1.00624710e-04
82,42,3.46883817,44.113851,2.76553818e-04
83,42,3.52144747,44.026534,5.96001590e-04
84,42,3.57405686,44.121797,1.20008500e-03
85,42,3.62666598,44.417916,2.77663581e-03
86,42,3.67927530,44.840803,1.80540028e-03
87,42,3.73188462,44.388463,9.01261887e-05
88,42,3.78449394,44.107830,8.38056631e-05
89,42,3.83710326,44.012583,4.78119277e-05
90,42,3.88971258,44.265309,5.14560482e-06
91,42,3.94232191,44.692380,1.21705955e-06
92,42,3.99493123,45.194371,4.64654383e-07
93,42,4.04754055,45.752868,2.04843395e-07
94,42,4.10014987,46.349818,1.10505939e-07
95,42,4.15275899,46.967430,6.30709677e-08
96,42,4.20536831,47.586034,3.91743341e-08
97,42,4.25797763,48.160004,3.23933688e-08
98,42,4.31058696,48.204701,1.65402101e-03
99,42,4.36319628,48.008729,2.48882016e-03
0,43,0.00000000,44.459044,3.63502659e-07
1,43,0.06074799,44.613329,2.02286792e-05
2,43,0.12149598,45.069687,3.86145822e-04
3,43,0.18224397,45.596193,5.28117689e-04
4,43,0.24299205,45.972935,4.15347205e-04
5,43,0.30373983,45.925633,1.47180942e-04
6,43,0.36448784,46.370619,2.83320012e-05
7,43,0.42523585,46.568384,7.87620276e-05
8,43,0.48598386,46.559520,5.68804717e-05
9,43,0.54673188,46.751535,4.29695196e-04
10,43,0.60747989,47.089305,2.84465142e-04
11,43,0.66822790,47.186019,1.20191294e-04
12,43,0.72897591,47.334428,8.25623162e-04
13,43,0.78972392,48.051762,9.87878116e-04
14,43,0.85047193,48.711448,6.97751764e-05
15,43,0.91121971,48.943142,3.49228238e-04
16,43,0.97196773,48.988188,2.91275538e-04
17,43,1.03271574,48.881537,2.30038951e-05
18,43,1.09346375,48.718888,5.37044376e-04
19,43,1.15421176,48.639918,5.40274946e-04
20,43,1.15421176,48.639918,7.45423807e-04
21,43,1.18458576,48.589416,8.41671222e-04
22,43,1.21495976,48.458555,5.97253056e-04
23,43,1.24533376,48.286073,1.13008255e-04
24,43,1.27570776,48.098877,6.81378475e-04
25,43,1.30608176,47.915739,1.01962543e-03
26,43,1.33645576,47.748338,4.18923615e-04
27,43,1.36682976,47.604536,1.51240004e-03
28,43,1.39720381,47.498739,1.29892047e-04
29,43,1.42757781,47.463183,4.93590569e-04
30,43,1.45795159,47.565905,7.05219127e-05
31,43,1.48832560,47.814609,4.35239497e-05
32,43,1.51869960,48.065352,6.73824432e-05
33,43,1.54907361,48.198177,9.39978895e-05
34,43,1.57944761,48.186668,4.16197147e-04
35,43,1.60982162,48.079585,4.41261091e-05
36,43,1.64019563,47.971745,1.18872777e-03
37,43,1.67056963,47.927156,2.90630473e-05
38,43,1.70094364,47.973600,3.85638383e-05
39,43,1.73131764,48.049360,7.15091683e-04
40,43,1.73131764,48.049360,2.29654337e-04
41,43,1.75279515,48.142144,8.79063266e-04
42,43,1.77427297,48.280583,1.14012267e-03
43,43,1.79575048,48.412201,1.56724162e-03
44,43,1.81722830,48.514945,1.42086854e-03
45,43,1.83870581,48.620451,1.30751292e-03
46,43,1.86018364,48.735407,1.23139175e-03
47,43,1.88166114,48.859852,1.17001295e-03
48,43,1.90313897,48.992590,1.11851293e-03
49,43,1.92461647,49.131387,1.07383474e-03
50,43,1.94609430,49.276455,1.03401124e-03
51,43,1.96757180,49.362592,7.62694965e-04
52,43,1.98904963,49.207711,6.85933024e-04
53,43,2.01052713,49.067574,6.03776357e-04
54,43,2.03200496,48.953401,5.19092368e-04
55,43,2.05348246,48.862629,4.39648991e-04
56,43,2.07496029,48.795390,3.70942923e-04
57,43,2.09643779,48.747971,3.16414397e-04
58,43,2.11791562,48.720047,2.76713271e-04
59,43,2.13939312,48.715449,2.52907404e-04
60,43,2.13939312,48.715449,2.52787492e-04
61,43,2.20382612,48.947226,3.74809111e-04
62,43,2.26825912,49.019375,6.47623871e-04
63,43,2.33269211,48.783342,7.03890185e-04
64,43,2.39712495,48.884492,2.85219113e-04
65,43,2.46155794,49.052505,1.07025916e-04
66,43,2.52599094,48.622085,9.39448228e-05
67,43,2.59042394,48.356829,8.75436910e-05
68,43,2.65485693,48.019840,1.65859081e-05
69,43,2.71928993,47.602136,1.93741057e-05
70,43,2.78372276,47.125805,4.03835575e-05
71,43,2.84815576,46.426818,3.68878716e-04
72,43,2.91258876,46.108510,3.77686039e-05
73,43,2.97702175,45.625512,1.27287964e-05
74,43,3.04145475,45.330376,4.11963119e-04
75,43,3.10588775,45.629906,6.02654692e-04
76,43,3.17032058,45.167563,4.32269614e-04
77,43,3.23475363,44.805446,2.40648886e-04
78,43,3.29918661,44.481331,1.01723296e-04
79,43,3.36361957,44.458258,5.81923975e-05
80,43,3.36361957,44.458312,1.30148177e-04
81,43,3.41622887,44.318835,3.60112991e-04
82,43,3.46883817,44.266707,6.50170661e-06
83,43,3.52144747,44.170710,8.18493205e-06
84,43,3.57405686,44.121797,1.54701406e-03
85,43,3.62666598,44.417917,8.47575401e-04
86,43,3.67927530,44.840804,1.95058743e-03
87,43,3.73188462,45.327068,6.56235819e-04
88,43,3.78449394,45.843542,3.09173103e-03
89,43,3.83710326,46.365212,2.09656457e-03
90,43,3.88971258,46.872028,8.32942406e-04
91,43,3.94232191,47.343085,1.38269787e-03
92,43,3.99493123,47.759554,8.88332192e-04
93,43,4.04754055,48.127265,2.07020877e-04
94,43,4.10014987,48.402072,3.02630765e-04
95,43,4.15275899,48.576600,4.19072653e-05
96,43,4.20536831,48.627761,8.60134630e-07
97,43,4.25797763,48.488878,2.40823344e-04
98,43,4.31058696,48.204702,4.87147540e-05
99,43,4.36319628,48.008729,1.79270973e-04
0,44,0.00000000,44.550056,2.19127117e-05
1,44,0.06074799,44.635952,1.49644832e-04
2,44,0.12149598,45.206781,1.44748732e-03
3,44,0.18224397,45.824997,6.99348502e-04
4,44,0.24299205,46.397748,7.74070423e-04
5,44,0.30373983,46.846824,1.69906698e-04
6,44,0.36448784,46.757925,3.84723899e-05
7,44,0.42523585,46.568510,3.40545624e-04
8,44,0.48598386,46.559523,6.60061722e-04
9,44,0.54673188,46.751536,5.30497976e-04
10,44,0.60747989,47.089310,7.79453555e-04
11,44,0.66822790,47.514828,7.75118331e-04
12,44,0.72897591,47.953723,6.06413561e-04
13,44,0.78972392,48.370028,5.21925280e-04
14,44,0.85047193,48.711448,4.83197533e-04
15,44,0.91121971,48.943143,7.15683473e-05
16,44,0.97196773,48.988188,1.13806795e-04
17,44,1.03271574,48.881537,5.01593600e-04
18,44,1.09346375,48.921605,1.33424753e-03
19,44,1.15421176,50.046804,1.26891728e-03
20,44,1.15421176,50.046804,1.69550112e-03
21,44,1.18458576,50.095754,1.93174283e-03
22,44,1.21495976,50.220610,1.47481699e-04
23,44,1.24533376,50.380543,9.50356423e-04
24,44,1.27570776,50.537695,6.36781602e-04
25,44,1.30608176,50.666232,9.29221760e-04
26,44,1.33645576,50.745024,3.86150268e-04
27,44,1.36682976,50.755553,9.52956839e-04
28,44,1.39720381,50.698412,3.37042220e-04
29,44,1.42757781,50.580230,8.96457186e-04
30,44,1.45795159,50.421775,4.63425157e-04
31,44,1.48832560,50.260221,1.01397936e-03
32,44,1.51869960,50.140707,9.90077449e-04
33,44,1.54907361,50.041465,6.83933176e-04
34,44,1.57944761,49.722123,1.19884799e-03
35,44,1.60982162,49.347957,6.50388265e-04
36,44,1.64019563,48.993232,7.64032456e-04
37,44,1.67056963,48.672136,1.38611578e-03
38,44,1.70094364,48.402631,1.50305883e-03
39,44,1.73131764,48.257026,8.36673545e-06
40,44,1.73131764,48.257026,1.24681338e-03
41,44,1.75279515,48.305315,8.97177824e-04
42,44,1.77427297,48.377481,5.83514002e-04
43,44,1.79575048,48.502381,1.02095456e-04
44,44,1.81722830,48.691633,1.90624455e-04
45,44,1.83870581,48.905119,2.38173711e-04
46,44,1.86018364,49.130614,2.43979291e-04
47,44,1.88166114,49.362954,2.28971631e-04
48,44,1.90313897,49.597754,2.07492055e-04
49,44,1.92461647,49.671844,1.02612111e-03
50,44,1.94609430,49.526633,8.53768795e-04
51,44,1.96757180,49.420319,9.97425581e-04
52,44,1.98904963,49.562115,9.64959755e-04
53,44,2.01052713,49.697795,9.37993521e-04
54,44,2.03200496,49.822698,9.15961490e-04
55,44,2.05348246,49.931628,8.94547329e-04
56,44,2.07496029,50.022194,8.75160206e-04
57,44,2.09643779,50.085770,8.53483570e-04
58,44,2.11791562,50.123838,8.30655498e-04
59,44,2.13939312,50.139678,8.13234567e-04
60,44,2.13939312,50.139721,8.15072967e-04
61,44,2.20382612,49.927362,9.33093435e-04
62,44,2.26825912,49.539610,1.01448778e-03
63,44,2.33269211,49.213608,1.03446743e-03
64,44,2.39712495,48.972073,9.00992980e-04
65,44,2.46155794,49.603562,8.02418677e-04
66,44,2.52599094,49.944824,7.73620277e-04
67,44,2.59042394,49.611399,8.34362865e-04
68,44,2.65485693,48.853988,6.53336210e-04
69,44,2.71928993,48.024207,5.55765839e-04
70,44,2.78372276,47.207839,4.36358369e-04
71,44,2.84815576,46.616121,4.91738726e-05
72,44,2.91258876,46.124360,1.59029208e-04
73,44,2.97702175,46.226066,6.68028750e-05
74,44,3.04145475,46.155538,7.29082582e-04
75,44,3.10588775,45.801523,2.92033372e-04
76,44,3.17032058,45.267601,3.64676713e-04
77,44,3.23475363,44.809150,3.85284035e-04
78,44,3.29918661,44.551386,1.78823742e-04
79,44,3.36361957,44.550056,5.97241431e-06
80,44,3.36361957,44.550056,5.19401788e-05
81,44,3.41622887,44.492681,8.10258327e-05
82,44,3.46883817,44.797075,5.57404328e-05
83,44,3.52144747,45.308831,3.04379434e-05
84,44,3.57405686,45.834350,2.04000539e-06
85,44,3.62666598,45.510294,5.40601846e-05
86,44,3.67927530,44.863711,8.15091185e-05
87,44,3.73188462,45.327074,2.90351153e-03
88,44,3.78449394,45.843552,1.28165253e-04
89,44,3.83710326,46.365212,6.86588047e-04
90,44,3.88971258,46.872030,1.44792140e-03
91,44,3.94232191,47.343086,3.58382524e-04
92,44,3.99493123,47.759558,3.19316054e-04
93,44,4.04754055,48.127265,5.21823693e-04
94,44,4.10014987,48.402073,2.84957022e-05
95,44,4.15275899,48.576601,1.31323419e-05
96,44,4.20536831,48.627762,4.12844140e-05
97,44,4.25797763,48.488878,2.99968319e-04
98,44,4.31058696,48.598220,3.34397740e-08
99,44,4.36319628,48.771833,4.18554007e-08
0,45,0.00000000,44.550161,8.23609942e-05
1,45,0.06074799,44.776612,2.92808209e-04
2,45,0.12149598,45.267967,6.99555496e-04
3,45,0.18224397,45.825112,1.16455338e-04
4,45,0.24299205,46.399179,9.57538581e-06
5,45,0.30373983,46.850970,3.53666904e-04
6,45,0.36448784,46.759207,1.95261937e-04
7,45,0.42523585,46.932438,3.14676689e-05
8,45,0.48598386,47.542188,3.39526761e-05
9,45,0.54673188,48.193766,3.17259476e-05
10,45,0.60747989,48.126111,4.79710898e-04
11,45,0.66822790,47.514829,2.60561715e-04
12,45,0.72897591,47.953738,3.07339850e-04
13,45,0.78972392,48.370028,2.16696528e-04
14,45,0.85047193,48.849783,1.00619570e-03
15,45,0.91121971,49.705009,9.95004946e-04
16,45,0.97196773,50.584141,9.65709168e-04
17,45,1.03271574,51.462967,9.21740017e-04
18,45,1.09346375,51.141597,7.27588478e-04
19,45,1.15421176,50.046805,7.86764905e-04
20,45,1.15421176,50.046806,3.60526718e-04
21,45,1.18458576,50.095754,3.48319641e-05
22,45,1.21495976,50.220610,1.62059321e-03
23,45,1.24533376,50.380545,6.04177169e-04
24,45,1.27570776,50.537698,7.26553756e-04
25,45,1.30608176,50.666234,2.76795577e-04
26,45,1.33645576,50.745033,7.03397931e-04
27,45,1.36682976,50.755586,6.86327704e-05
28,45,1.39720381,50.698491,6.63985589e-04
29,45,1.42757781,50.580293,1.28382949e-04
30,45,1.45795159,50.421779,6.11193670e-04
31,45,1.48832560,50.260232,1.22161817e-04
32,45,1.51869960,50.140786,1.50767148e-04
33,45,1.54907361,50.041620,4.07921698e-04
34,45,1.57944761,49.722144,1.06863340e-04
35,45,1.60982162,49.347959,7.64269316e-04
36,45,1.64019563,48.993237,7.33177481e-04
37,45,1.67056963,48.672137,1.86802092e-04
38,45,1.70094364,48.402631,1.36887298e-04
39,45,1.73131764,48.257027,1.69945280e-03
40,45,1.73131764,48.257026,4.60886840e-04
41,45,1.75279515,48.328372,2.89467177e-04
42,45,1.77427297,48.477299,2.59979673e-04
43,45,1.79575048,48.650464,2.77251038e-04
44,45,1.81722830,48.839018,3.11708076e-04
45,45,1.83870581,49.038490,3.62106886e-04
46,45,1.86018364,49.245429,4.35565814e-04
47,45,1.88166114,49.454532,5.57824036e-04
48,45,1.90313897,49.644383,8.40503414e-04
49,45,1.92461647,49.831030,1.76613817e-04
50,45,1.94609430,50.057481,1.37741979e-04
51,45,1.96757180,50.270057,1.01826356e-04
52,45,1.98904963,50.462462,6.93342348e-05
53,45,2.01052713,50.626555,4.52018461e-05
54,45,2.03200496,50.765493,3.00230409e-05
55,45,2.05348246,50.882684,2.54741273e-05
56,45,2.07496029,50.987595,2.37205833e-05
57,45,2.09643779,51.087292,2.35932331e-05
58,45,2.11791562,51.180334,1.91679396e-05
59,45,2.13939312,51.233653,1.23432924e-05
60,45,2.13939312,51.235037,1.10586850e-05
61,45,2.20382612,50.826994,8.08538701e-04
62,45,2.26825912,50.504114,4.37163775e-04
63,45,2.33269211,50.374302,1.63551430e-04
64,45,2.39712495,50.120158,8.59238700e-05
65,45,2.46155794,50.054155,1.85970162e-04
66,45,2.52599094,50.093147,3.64253888e-04
67,45,2.59042394,49.631560,6.48367708e-04
68,45,2.65485693,49.237148,8.66442944e-04
69,45,2.71928993,48.807088,8.84108779e-04
70,45,2.78372276,48.331437,8.89074881e-04
71,45,2.84815576,47.816182,8.80721164e-04
72,45,2.91258876,47.271961,8.56812469e-04
73,45,2.97702175,46.711975,8.08701708e-04
74,45,3.04145475,46.361744,2.20325581e-04
75,45,3.10588775,46.007098,2.32168461e-04
76,45,3.17032058,45.493283,2.68089463e-04
77,45,3.23475363,44.890865,3.52747343e-04
78,45,3.29918661,44.577434,7.49419222e-05
79,45,3.36361957,44.550223,2.97169124e-05
80,45,3.36361957,44.550132,3.98912771e-05
81,45,3.41622887,44.737081,3.44104345e-04
82,45,3.46883817,45.159185,2.21467291e-04
83,45,3.52144747,45.690821,1.34566750e-04
84,45,3.57405686,46.292325,1.55533481e-04
85,45,3.62666598,46.805112,5.16130617e-05
86,45,3.67927530,47.542549,3.60615767e-05
87,45,3.73188462,48.349262,5.38448469e-05
88,45,3.78449394,48.854125,2.34957067e-06
89,45,3.83710326,48.956891,1.31009344e-05
90,45,3.88971258,49.143436,3.24752928e-06
91,45,3.94232191,49.423121,5.18865964e-05
92,45,3.99493123,49.791332,2.17218775e-05
93,45,4.04754055,50.236780,2.37376455e-05
94,45,4.10014987,50.716217,1.71295690e-05
95,45,4.15275899,51.182695,1.59343469e-04
96,45,4.20536831,51.596755,4.75816823e-04
97,45,4.25797763,51.904576,6.94891202e-04
98,45,4.31058696,52.095108,5.23994041e-04
99,45,4.36319628,51.996956,5.02591198e-07
0,46,0.00000000,44.550637,3.63818751e-06
1,46,0.06074799,44.776709,1.75354577e-04
2,46,0.12149598,45.268009,3.52067437e-05
3,46,0.18224397,46.275984,1.24715964e-03
4,46,0.24299205,46.862179,7.76804504e-04
5,46,0.30373983,47.352417,6.84285158e-04
6,46,0.36448784,47.930114,9.78223483e-04
7,46,0.42523585,48.556626,1.44253283e-04
8,46,0.48598386,49.041937,1.70715511e-04
9,46,0.54673188,48.757037,3.91113524e-04
10,46,0.60747989,48.881408,2.56897706e-05
11,46,0.66822790,49.603934,1.99782035e-05
12,46,0.72897591,50.345215,1.26111797e-05
13,46,0.78972392,51.096425,4.05794264e-06
14,46,0.85047193,51.829430,1.88512979e-09
15,46,0.91121971,52.463413,1.87755204e-05
16,46,0.97196773,52.683810,1.52188450e-04
17,46,1.03271574,52.119455,4.35912378e-04
18,46,1.09346375,52.318586,8.63750621e-04
19,46,1.15421176,53.091118,6.46447666e-04
20,46,1.15421176,53.091065,1.96531977e-04
21,46,1.18458576,53.088025,1.14973827e-03
22,46,1.21495976,53.077568,8.69665321e-04
23,46,1.24533376,53.058452,1.03910152e-03
24,46,1.27570776,53.014910,4.66045776e-04
25,46,1.30608176,52.933056,2.78883822e-04
26,46,1.33645576,52.786067,8.50240039e-04
27,46,1.36682976,52.551818,4.97170580e-04
28,46,1.39720381,52.233899,8.28625387e-04
29,46,1.42757781,51.857097,1.41367787e-03
30,46,1.45795159,51.448350,3.13080950e-04
31,46,1.48832560,51.030393,1.26979170e-03
32,46,1.51869960,50.617408,4.26835182e-04
33,46,1.54907361,50.315107,2.17476493e-04
34,46,1.57944761,50.379882,8.77398308e-04
35,46,1.60982162,50.588433,6.95192187e-04
36,46,1.64019563,50.808839,2.12234861e-04
37,46,1.67056963,50.988841,1.97390096e-04
38,46,1.70094364,51.103920,7.74070924e-04
39,46,1.73131764,51.147692,9.63363416e-04
40,46,1.73131764,51.147682,9.41639421e-04
41,46,1.75279515,51.032106,3.42719992e-04
42,46,1.77427297,50.905908,3.81486128e-04
43,46,1.79575048,50.767454,4.16498881e-04
44,46,1.81722830,50.618538,4.47626587e-04
45,46,1.83870581,50.460623,4.68235804e-04
46,46,1.86018364,50.295620,4.69881535e-04
47,46,1.88166114,50.128099,4.22139126e-04
48,46,1.90313897,49.979741,2.17236061e-04
49,46,1.92461647,49.994784,9.06700989e-05
50,46,1.94609430,50.188293,3.34741415e-04
51,46,1.96757180,50.403319,4.82968378e-04
52,46,1.98904963,50.615476,5.92841458e-04
53,46,2.01052713,50.815055,7.04444247e-04
54,46,2.03200496,50.991368,8.16993553e-04
55,46,2.05348246,51.136124,8.96674530e-04
56,46,2.07496029,51.245677,9.89036619e-04
57,46,2.09643779,51.317426,1.03006591e-03
58,46,2.11791562,51.357790,1.05585958e-03
59,46,2.13939312,51.371305,1.05427620e-03
60,46,2.13939312,51.371428,1.05370551e-03
61,46,2.20382612,50.833036,8.88352288e-05
62,46,2.26825912,50.527420,1.88357632e-04
63,46,2.33269211,50.442787,3.73385602e-04
64,46,2.39712495,50.374032,5.56554404e-04
65,46,2.46155794,50.208832,6.91061960e-04
66,46,2.52599094,50.113037,4.46227257e-04
67,46,2.59042394,49.950751,3.51759949e-05
68,46,2.65485693,49.537434,4.63430911e-07
69,46,2.71928993,49.059840,1.66176728e-05
70,46,2.78372276,48.552491,4.60652463e-05
71,46,2.84815576,48.026381,8.16148032e-05
72,46,2.91258876,47.482047,1.21480660e-04
73,46,2.97702175,46.924748,1.66698419e-04
74,46,3.04145475,46.426977,7.68831695e-07
75,46,3.10588775,46.089706,1.38773413e-04
76,46,3.17032058,46.344884,1.29570243e-04
77,46,3.23475363,45.662277,1.91768450e-04
78,46,3.29918661,44.939181,2.35452264e-04
79,46,3.36361957,44.551926,7.72417370e-05
80,46,3.36361957,44.551392,1.34423252e-05
81,46,3.41622887,44.737548,4.30634754e-05
82,46,3.46883817,45.159287,2.25424158e-04
83,46,3.52144747,45.691273,2.34068723e-04
84,46,3.57405686,46.292491,1.10137896e-04
85,46,3.62666598,46.949654,1.57391266e-04
86,46,3.67927530,47.649915,1.14415792e-04
87,46,3.73188462,48.380319,1.62617875e-05
88,46,3.78449394,48.891322,5.77607878e-06
89,46,3.83710326,48.958420,1.40243280e-05
90,46,3.88971258,49.144039,5.17993581e-05
91,46,3.94232191,49.423268,1.87944261e-05
92,46,3.99493123,49.791584,4.03990210e-05
93,46,4.04754055,50.236802,7.06005209e-06
94,46,4.10014987,50.716233,5.28079303e-06
95,46,4.15275899,51.182752,1.74962331e-05
96,46,4.20536831,51.597436,1.95107264e-04
97,46,4.25797763,51.906408,8.20104406e-04
98,46,4.31058696,52.122218,1.80961027e-03
99,46,4.36319628,52.161236,2.19182797e-03
0,47,0.00000000,45.906459,1.63322785e-03
1,47,0.06074799,45.973595,1.10254054e-03
2,47,0.12149598,46.160084,9.80638141e-04
3,47,0.18224397,46.461124,8.70594232e-04
4,47,0.24299205,47.464320,8.22384276e-04
5,47,0.30373983,47.612756,2.63255313e-04
6,47,0.36448784,47.954030,2.16957451e-04
7,47,0.42523585,48.607183,7.05067834e-04
8,47,0.48598386,49.301816,4.87410178e-04
9,47,0.54673188,50.075262,2.88946195e-04
10,47,0.60747989,50.849673,1.13513554e-04
11,47,0.66822790,51.644705,1.35929762e-04
12,47,0.72897591,52.267156,3.62705983e-04
13,47,0.78972392,52.563690,2.87859888e-04
14,47,0.85047193,53.012464,3.15284823e-04
15,47,0.91121971,53.523490,4.70987666e-04
16,47,0.97196773,54.102715,1.42993569e-04
17,47,1.03271574,54.083951,4.26570092e-04
18,47,1.09346375,53.701802,3.36957063e-04
19,47,1.15421176,53.091830,4.81513199e-04
20,47,1.15421176,53.091198,9.40182847e-04
21,47,1.18458576,53.088239,8.32063445e-06
22,47,1.21495976,53.077953,3.64029181e-04
23,47,1.24533376,53.059403,2.81492061e-04
24,47,1.27570776,53.015403,9.95963925e-04
25,47,1.30608176,52.936641,1.27548135e-03
26,47,1.33645576,52.792725,8.03690695e-04
27,47,1.36682976,52.553536,1.12448400e-03
28,47,1.39720381,52.236382,7.42908664e-04
29,47,1.42757781,51.859958,3.35203549e-05
30,47,1.45795159,51.448639,1.07367007e-03
31,47,1.48832560,51.030422,1.31941389e-04
32,47,1.51869960,50.617476,1.03470032e-03
33,47,1.54907361,50.315138,1.29499993e-03
34,47,1.57944761,50.379900,3.61683897e-04
35,47,1.60982162,50.588557,4.12885187e-04
36,47,1.64019563,50.809113,8.28763795e-04
37,47,1.67056963,50.988893,8.17968739e-04
38,47,1.70094364,51.103929,2.38434394e-04
39,47,1.73131764,51.147860,5.58979425e-05
40,47,1.73131764,51.147746,7.69863090e-05
41,47,1.75279515,51.245262,6.70710362e-04
42,47,1.77427297,51.330826,6.27944155e-04
43,47,1.79575048,51.399449,5.87953038e-04
44,47,1.81722830,51.457887,5.46551245e-04
45,47,1.83870581,51.502681,5.06568111e-04
46,47,1.86018364,51.534060,4.81673490e-04
47,47,1.88166114,51.553967,4.50137037e-04
48,47,1.90313897,51.561503,4.06710062e-04
49,47,1.92461647,51.565652,3.81483130e-04
50,47,1.94609430,51.564812,3.48175526e-04
51,47,1.96757180,51.569505,3.17128741e-04
52,47,1.98904963,51.581183,2.79310607e-04
53,47,2.01052713,51.597238,1.85702401e-04
54,47,2.03200496,51.609172,1.30204934e-04
55,47,2.05348246,51.607703,8.04621526e-05
56,47,2.07496029,51.580322,3.77948810e-05
57,47,2.09643779,51.524715,1.45338136e-05
58,47,2.11791562,51.451805,1.72882572e-05
59,47,2.13939312,51.407179,2.52401533e-05
60,47,2.13939312,51.407420,2.60963228e-05
61,47,2.20382612,52.305661,1.90456923e-04
62,47,2.26825912,52.662135,4.14727774e-06
63,47,2.33269211,52.372609,8.30043499e-06
64,47,2.39712495,51.868753,2.02280995e-05
65,47,2.46155794,51.447228,1.14064052e-04
66,47,2.52599094,51.328163,4.94595675e-04
67,47,2.59042394,51.683242,2.69444276e-04
68,47,2.65485693,50.973205,2.62787532e-05
69,47,2.71928993,50.256470,9.52652849e-06
70,47,2.78372276,49.551677,3.54838489e-06
71,47,2.84815576,48.866999,9.82239058e-06
72,47,2.91258876,48.203291,3.18076108e-05
73,47,2.97702175,47.571720,8.02145937e-05
74,47,3.04145475,47.091598,1.46841832e-04
75,47,3.10588775,47.428124,2.14152683e-05
76,47,3.17032058,47.397818,4.36487702e-05
77,47,3.23475363,47.339785,3.37244115e-04
78,47,3.29918661,46.324890,1.43271802e-03
79,47,3.36361957,45.906459,6.32124298e-04
80,47,3.36361957,45.906459,1.78182531e-03
81,47,3.41622887,46.279766,5.89200059e-04
82,47,3.46883817,46.990750,7.03737601e-05
83,47,3.52144747,47.484642,9.45523407e-05
84,47,3.57405686,46.615087,9.20513521e-05
85,47,3.62666598,46.950211,2.09958298e-05
86,47,3.67927530,47.649954,3.10117949e-06
87,47,3.73188462,48.403256,4.16635642e-05
88,47,3.78449394,49.170716,2.28485037e-05
89,47,3.83710326,49.939385,4.70847894e-06
90,47,3.88971258,50.589750,8.41146899e-06
91,47,3.94232191,51.127829,1.74456535e-05
92,47,3.99493123,51.648099,5.37343391e-05
93,47,4.04754055,51.990652,3.44707109e-05
94,47,4.10014987,52.351192,2.70052423e-05
95,47,4.15275899,52.647572,2.33416861e-05
96,47,4.20536831,52.785129,1.08206705e-05
97,47,4.25797763,52.510153,3.71103761e-06
98,47,4.31058696,52.154456,2.76954610e-05
99,47,4.36319628,52.168843,4.38183385e-04
