k_index,band_index,k_distance,energy_eV,weight
0,0,0.00000000,-12.174008,8.56714757e-05
1,0,0.06074799,-12.161831,8.36551977e-04
2,0,0.12149598,-12.125518,2.34287289e-03
3,0,0.18224397,-12.065039,4.56071164e-03
4,0,0.24299205,-11.980516,7.42377377e-03
5,0,0.30373983,-11.871987,1.08439988e-02
6,0,0.36448784,-11.739760,1.47196467e-02
7,0,0.42523585,-11.583992,1.89309928e-02
8,0,0.48598386,-11.404888,2.33482055e-02
9,0,0.54673188,-11.202855,2.78375213e-02
10,0,0.60747989,-10.978205,3.22609532e-02
11,0,0.66822790,-10.731338,3.64822728e-02
12,0,0.72897591,-10.462806,4.03759600e-02
13,0,0.78972392,-10.173086,4.38243375e-02
14,0,0.85047193,-9.862951,4.67230516e-02
15,0,0.91121971,-9.532994,4.89854452e-02
16,0,0.97196773,-9.184204,5.05507783e-02
17,0,1.03271574,-8.817441,5.13780807e-02
18,0,1.09346375,-8.433770,5.14486729e-02
19,0,1.15421176,-8.034362,9.87388996e-02
20,0,1.15421176,-8.034362,9.87389463e-02
21,0,1.18458576,-8.033320,9.82417306e-02
22,0,1.21495976,-8.030216,9.64614704e-02
23,0,1.24533376,-8.025095,9.33548974e-02
24,0,1.27570776,-8.018102,8.91092533e-02
25,0,1.30608176,-8.009363,8.37806411e-02
26,0,1.33645576,-7.999066,7.74717158e-02
27,0,1.36682976,-7.987477,7.05654732e-02
28,0,1.39720381,-7.974810,6.32338079e-02
29,0,1.42757781,-7.961386,5.51181197e-02
30,0,1.45795159,-7.947528,4.88804705e-02
31,0,1.48832560,-7.933662,4.06903677e-02
32,0,1.51869960,-7.920150,3.26865491e-02
33,0,1.54907361,-7.907380,2.45897657e-02
34,0,1.57944761,-7.895736,1.64942084e-02
35,0,1.60982162,-7.885624,1.16716937e-02
36,0,1.64019563,-7.877365,2.20458025e-02
37,0,1.67056963,-7.871244,3.47928165e-02
38,0,1.70094364,-7.867476,4.04308277e-02
39,0,1.73131764,-7.866182,4.14004444e-02
40,0,1.73131764,-7.866182,4.14005409e-02
41,0,1.75279515,-7.924879,2.15770037e-02
42,0,1.77427297,-7.980461,2.13741828e-02
43,0,1.79575048,-8.032927,2.11746255e-02
44,0,1.81722830,-8.082250,2.09805396e-02
45,0,1.83870581,-8.128431,2.07927394e-02
46,0,1.86018364,-8.171462,2.06124317e-02
47,0,1.88166114,-8.211334,2.04407887e-02
48,0,1.90313897,-8.248035,2.02789565e-02
49,0,1.92461647,-8.281571,2.01277420e-02
50,0,1.94609430,-8.311938,1.99889501e-02
51,0,1.96757180,-8.339113,1.98618610e-02
52,0,1.98904963,-8.363101,1.97480085e-02
53,0,2.01052713,-8.383910,1.96473646e-02
54,0,2.03200496,-8.401513,1.95619207e-02
55,0,2.05348246,-8.415920,1.94914998e-02
56,0,2.07496029,-8.427121,1.94364003e-02
57,0,2.09643779,-8.435128,1.93971970e-02
58,0,2.11791562,-8.439933,1.93739950e-02
59,0,2.13939312,-8.441535,1.93670560e-02
60,0,2.13939312,-8.441535,1.93670509e-02
61,0,2.20382612,-8.639944,8.01720786e-03
62,0,2.26825912,-8.879154,1.84070406e-03
63,0,2.33269211,-9.149303,7.14170306e-06
64,0,2.39712495,-9.438544,9.60632837e-04
65,0,2.46155794,-9.736095,3.22291608e-03
66,0,2.52599094,-10.033039,5.73918750e-03
67,0,2.59042394,-10.322529,7.88518697e-03
68,0,2.65485693,-10.599298,9.35729430e-03
69,0,2.71928993,-10.859598,1.00611440e-02
70,0,2.78372276,-11.100614,1.00339002e-02
71,0,2.84815576,-11.320138,9.38464623e-03
72,0,2.91258876,-11.516590,8.26302176e-03
73,0,2.97702175,-11.688792,6.83513385e-03
74,0,3.04145475,-11.835792,5.26755848e-03
75,0,3.10588775,-11.956914,3.71768057e-03
76,0,3.17032058,-12.051610,2.32427923e-03
77,0,3.23475363,-12.119498,1.20212145e-03
78,0,3.29918661,-12.160320,4.37764172e-04
79,0,3.36361957,-12.174008,8.56714679e-05
80,0,3.36361957,-12.174008,8.56714823e-05
81,0,3.41622887,-12.164855,8.54873373e-05
82,0,3.46883817,-12.137635,8.50549046e-05
83,0,3.52144747,-12.092341,8.43647955e-05
84,0,3.57405686,-12.029118,8.33969264e-05
85,0,3.62666598,-11.948130,8.21299940e-05
86,0,3.67927530,-11.849741,8.05077134e-05
87,0,3.73188462,-11.734281,7.84859863e-05
88,0,3.78449394,-11.602234,7.59966878e-05
89,0,3.83710326,-11.454415,7.29550750e-05
90,0,3.88971258,-11.291718,6.92534687e-05
91,0,3.94232191,-11.115499,6.47559181e-05
92,0,3.99493123,-10.927719,5.92936800e-05
93,0,4.04754055,-10.731246,5.26541918e-05
94,0,4.10014987,-10.530251,4.46567061e-05
95,0,4.15275899,-10.331492,3.51251235e-05
96,0,4.20536831,-10.145155,2.42262081e-05
97,0,4.25797763,-9.986820,1.29031396e-05
98,0,4.31058696,-9.877355,3.62488203e-06
99,0,4.36319628,-9.837738,6.48999483e-09
0,1,0.00000000,-0.221237,3.56958934e-07
1,1,0.06074799,-0.304028,4.41495771e-04
2,1,0.12149598,-0.533108,1.63808962e-03
3,1,0.18224397,-0.861308,3.32659449e-03
4,1,0.24299205,-1.249585,5.35515149e-03
5,1,0.30373983,-1.673052,7.67193580e-03
6,1,0.36448784,-2.117453,1.02650327e-02
7,1,0.42523585,-2.574406,1.31303990e-02
8,1,0.48598386,-3.038851,1.62579442e-02
9,1,0.54673188,-3.507869,1.96154398e-02
10,1,0.60747989,-3.979083,2.31568526e-02
11,1,0.66822790,-4.451056,2.68241286e-02
12,1,0.72897591,-4.921378,3.05098164e-02
13,1,0.78972392,-5.388366,3.41220012e-02
14,1,0.85047193,-5.851013,3.75354884e-02
15,1,0.91121971,-6.307241,4.06422780e-02
16,1,0.97196773,-6.755448,4.33329113e-02
17,1,1.03271574,-7.193728,4.55058377e-02
18,1,1.09346375,-7.620536,4.70786808e-02
19,1,1.15421176,-8.034362,1.95583275e-05
20,1,1.15421176,-8.034362,1.95174980e-05
21,1,1.18458576,-8.033320,2.75330498e-04
22,1,1.21495976,-8.030216,1.39813417e-03
23,1,1.24533376,-8.025095,3.44196734e-03
24,1,1.27570776,-8.018102,6.22577784e-03
25,1,1.30608176,-8.009363,9.71633474e-03
26,1,1.33645576,-7.999066,1.38374008e-02
27,1,1.36682976,-7.987477,1.82388011e-02
28,1,1.39720381,-7.974810,2.27966912e-02
29,1,1.42757781,-7.961386,2.79226917e-02
30,1,1.45795159,-7.947528,3.10183183e-02
31,1,1.48832560,-7.933662,3.59989757e-02
32,1,1.51869960,-7.920150,4.08122391e-02
33,1,1.54907361,-7.907380,4.58361551e-02
34,1,1.57944761,-7.895736,5.10831120e-02
35,1,1.60982162,-7.885624,5.33855242e-02
36,1,1.64019563,-7.877365,4.09229177e-02
37,1,1.67056963,-7.871244,2.66087644e-02
38,1,1.70094364,-7.867476,1.99957779e-02
39,1,1.73131764,-7.866182,1.86896528e-02
40,1,1.73131764,-7.866182,1.86895509e-02
41,1,1.75279515,-7.808596,3.63112587e-02
42,1,1.77427297,-7.756296,3.44621136e-02
43,1,1.79575048,-7.709236,3.27843617e-02
44,1,1.81722830,-7.667276,3.12931448e-02
45,1,1.83870581,-7.630209,2.99936128e-02
46,1,1.86018364,-7.597762,2.88824072e-02
47,1,1.88166114,-7.569606,2.79490251e-02
48,1,1.90313897,-7.545351,2.71768195e-02
49,1,1.92461647,-7.524711,2.65503368e-02
50,1,1.94609430,-7.507363,2.60472813e-02
51,1,1.96757180,-7.492793,2.56510867e-02
52,1,1.98904963,-7.480754,2.53422287e-02
53,1,2.01052713,-7.470955,2.51039915e-02
54,1,2.03200496,-7.463114,2.49232723e-02
55,1,2.05348246,-7.457014,2.47880022e-02
56,1,2.07496029,-7.452412,2.46887145e-02
57,1,2.09643779,-7.449271,2.46188305e-02
58,1,2.11791562,-7.447428,2.45731597e-02
59,1,2.13939312,-7.446815,2.45491165e-02
60,1,2.13939312,-7.446815,2.45491114e-02
61,1,2.20382612,-7.247460,3.18516723e-02
62,1,2.26825912,-7.019417,3.95093598e-02
63,1,2.33269211,-6.762998,4.72635132e-02
64,1,2.39712495,-6.478367,5.48536925e-02
65,1,2.46155794,-6.166004,6.20214212e-02
66,1,2.52599094,-5.826264,6.85155476e-02
67,1,2.59042394,-5.459647,7.40992187e-02
68,1,2.65485693,-5.066690,7.85510875e-02
69,1,2.71928993,-4.648299,8.16776728e-02
70,1,2.78372276,-4.205520,8.32852935e-02
71,1,2.84815576,-3.739690,8.32111615e-02
72,1,2.91258876,-3.252868,8.12724318e-02
73,1,2.97702175,-2.748308,7.72344983e-02
74,1,3.04145475,-2.230417,7.08077960e-02
75,1,3.10588775,-1.707984,6.14677010e-02
76,1,3.17032058,-1.196202,4.84409899e-02
77,1,3.23475363,-0.726540,3.09055832e-02
78,1,3.29918661,-0.364477,1.06701627e-02
79,1,3.36361957,-0.221237,3.56961869e-07
80,1,3.36361957,-0.221237,3.56949276e-07
81,1,3.41622887,-0.329993,8.62162442e-07
82,1,3.46883817,-0.619918,2.97341102e-06
83,1,3.52144747,-1.018698,7.19368132e-06
84,1,3.57405686,-1.474774,1.32998070e-05
85,1,3.62666598,-1.958536,2.08440001e-05
86,1,3.67927530,-2.454449,2.94472801e-05
87,1,3.73188462,-2.952316,3.88131767e-05
88,1,3.78449394,-3.445848,4.87420469e-05
89,1,3.83710326,-3.930558,5.91106800e-05
90,1,3.88971258,-4.402823,6.98635956e-05
91,1,3.94232191,-4.859400,8.10092971e-05
92,1,3.99493123,-5.296989,9.26182721e-05
93,1,4.04754055,-5.711758,1.04851133e-04
94,1,4.10014987,-6.098368,1.17832940e-04
95,1,4.15275899,-6.449798,1.31672662e-04
96,1,4.20536831,-6.755259,1.46224473e-04
97,1,4.25797763,-6.998913,1.60464523e-04
98,1,4.31058696,-7.159679,1.71750162e-04
99,1,4.36319628,-7.216452,1.76133849e-04
0,2,0.00000000,-0.221237,1.20379413e-05
1,2,0.06074799,-0.273253,2.46311281e-03
2,2,0.12149598,-0.417348,7.99290515e-03
3,2,0.18224397,-0.620436,1.35180932e-02
4,2,0.24299205,-0.854281,1.75437897e-02
5,2,0.30373983,-1.099562,1.98576350e-02
6,2,0.36448784,-1.345517,2.06766055e-02
7,2,0.42523585,-1.584481,2.03331751e-02
8,2,0.48598386,-1.811733,1.91262153e-02
9,2,0.54673188,-2.024671,1.72956429e-02
10,2,0.60747989,-2.220993,1.50591093e-02
11,2,0.66822790,-2.399222,1.25986180e-02
12,2,0.72897591,-2.558338,1.00732288e-02
13,2,0.78972392,-2.697456,7.62313251e-03
14,2,0.85047193,-2.816014,5.36925871e-03
15,2,0.91121971,-2.913496,3.41634811e-03
16,2,0.97196773,-2.989660,1.84916812e-03
17,2,1.03271574,-3.044267,7.34040193e-04
18,2,1.09346375,-3.077078,1.18677094e-04
19,2,1.15421176,-3.088023,2.94872619e-05
20,2,1.15421176,-3.088023,2.94882456e-05
21,2,1.18458576,-3.097704,3.14292740e-03
22,2,1.21495976,-3.126067,1.11728911e-02
23,2,1.24533376,-3.171205,2.32924864e-02
24,2,1.27570776,-3.230427,3.83885961e-02
25,2,1.30608176,-3.300545,5.53533908e-02
26,2,1.33645576,-3.378349,7.32423998e-02
27,2,1.36682976,-3.460868,9.13631937e-02
28,2,1.39720381,-3.545310,1.09153286e-01
29,2,1.42757781,-3.629326,1.26278151e-01
30,2,1.45795159,-3.710912,1.42503520e-01
31,2,1.48832560,-3.788257,1.57614338e-01
32,2,1.51869960,-3.859926,1.71467970e-01
33,2,1.54907361,-3.924565,1.83897955e-01
34,2,1.57944761,-3.981093,1.94768242e-01
35,2,1.60982162,-4.028638,2.03923988e-01
36,2,1.64019563,-4.066409,2.11231023e-01
37,2,1.67056963,-4.093817,2.16564742e-01
38,2,1.70094364,-4.110419,2.19825461e-01
39,2,1.73131764,-4.115971,2.20957749e-01
40,2,1.73131764,-4.115971,2.20957910e-01
41,2,1.75279515,-4.160922,2.30357805e-01
42,2,1.77427297,-4.203776,2.31079569e-01
43,2,1.79575048,-4.244477,2.31741600e-01
44,2,1.81722830,-4.282950,2.32354964e-01
45,2,1.83870581,-4.319157,2.32913770e-01
46,2,1.86018364,-4.353049,2.33417747e-01
47,2,1.88166114,-4.384584,2.33866654e-01
48,2,1.90313897,-4.413723,2.34261056e-01
49,2,1.92461647,-4.440438,2.34599376e-01
50,2,1.94609430,-4.464692,2.34882858e-01
51,2,1.96757180,-4.486462,2.35110526e-01
52,2,1.98904963,-4.505724,2.35282953e-01
53,2,2.01052713,-4.522484,2.35396529e-01
54,2,2.03200496,-4.536669,2.35459250e-01
55,2,2.05348246,-4.548295,2.35467376e-01
56,2,2.07496029,-4.557325,2.35423475e-01
57,2,2.09643779,-4.563799,2.35323427e-01
58,2,2.11791562,-4.567686,2.35169961e-01
59,2,2.13939312,-4.568962,2.34962900e-01
60,2,2.13939312,-4.568962,2.34962899e-01
61,2,2.20382612,-4.667231,2.55269793e-01
62,2,2.26825912,-4.683691,2.65559730e-01
63,2,2.33269211,-4.625347,2.67309923e-01
64,2,2.39712495,-4.502100,2.62744770e-01
65,2,2.46155794,-4.323677,2.53903642e-01
66,2,2.52599094,-4.098907,2.42243226e-01
67,2,2.59042394,-3.834999,2.28709146e-01
68,2,2.65485693,-3.537912,2.13839841e-01
69,2,2.71928993,-3.213237,1.97919024e-01
70,2,2.78372276,-2.866140,1.81023002e-01
71,2,2.84815576,-2.501942,1.63106642e-01
72,2,2.91258876,-2.126895,1.43998138e-01
73,2,2.97702175,-1.748566,1.23435448e-01
74,2,3.04145475,-1.376798,1.01127493e-01
75,2,3.10588775,-1.024255,7.69491257e-02
76,2,3.17032058,-0.708614,5.13876906e-02
77,2,3.23475363,-0.451775,2.65808178e-02
78,2,3.29918661,-0.280740,7.28158010e-03
79,2,3.36361957,-0.221237,7.14224309e-06
80,2,3.36361957,-0.221237,5.75502531e-06
81,2,3.41622887,-0.236100,1.24585010e-02
82,2,3.46883817,-0.282174,4.80032508e-02
83,2,3.52144747,-0.352540,6.47108407e-03
84,2,3.57405686,-0.440122,6.44187670e-02
85,2,3.62666598,-0.538050,3.59722168e-02
86,2,3.67927530,-0.640874,6.73098719e-02
87,2,3.73188462,-0.744147,7.34254295e-02
88,2,3.78449394,-0.844362,2.84772454e-01
89,2,3.83710326,-0.939896,4.06055635e-01
90,2,3.88971258,-1.028758,1.38750476e-01
91,2,3.94232191,-1.109818,1.30440407e-01
92,2,3.99493123,-1.182323,5.04535888e-02
93,2,4.04754055,-1.245711,2.87846785e-01
94,2,4.10014987,-1.299418,3.36869206e-01
95,2,4.15275899,-1.343739,3.51765671e-02
96,2,4.20536831,-1.378237,2.56893293e-01
97,2,4.25797763,-1.402944,5.77088915e-03
98,2,4.31058696,-1.417777,1.74746238e-01
99,2,4.36319628,-1.422833,4.89604979e-01
0,3,0.00000000,-0.221237,5.08496210e-06
1,3,0.06074799,-0.273253,1.43088783e-02
2,3,0.12149598,-0.417348,5.02539978e-02
3,3,0.18224397,-0.620436,9.30039358e-02
4,3,0.24299205,-0.854280,1.34306979e-01
5,3,0.30373983,-1.099562,1.71771919e-01
6,3,0.36448784,-1.345517,2.05174371e-01
7,3,0.42523585,-1.584481,2.35055961e-01
8,3,0.48598386,-1.811733,2.61939965e-01
9,3,0.54673188,-2.024671,2.86135372e-01
10,3,0.60747989,-2.220993,3.07929454e-01
11,3,0.66822790,-2.399221,3.27476673e-01
12,3,0.72897591,-2.558338,3.44850591e-01
13,3,0.78972392,-2.697456,3.60097841e-01
14,3,0.85047193,-2.816014,3.73211564e-01
15,3,0.91121971,-2.913496,3.84191032e-01
16,3,0.97196773,-2.989660,3.92972608e-01
17,3,1.03271574,-3.044267,3.99526667e-01
18,3,1.09346375,-3.077077,4.03828930e-01
19,3,1.15421176,-3.088023,4.05845790e-01
20,3,1.15421176,-3.088023,4.05845790e-01
21,3,1.18458576,-3.097704,4.03681316e-01
22,3,1.21495976,-3.126067,3.98206671e-01
23,3,1.24533376,-3.171205,3.90083601e-01
24,3,1.27570776,-3.230427,3.80193013e-01
25,3,1.30608176,-3.300545,3.69392230e-01
26,3,1.33645576,-3.378349,3.58381009e-01
27,3,1.36682976,-3.460868,3.47631260e-01
28,3,1.39720381,-3.545310,3.37497212e-01
29,3,1.42757781,-3.629326,3.28140852e-01
30,3,1.45795159,-3.710911,3.19632269e-01
31,3,1.48832560,-3.788257,3.12016386e-01
32,3,1.51869960,-3.859926,3.05278026e-01
33,3,1.54907361,-3.924565,2.99440627e-01
34,3,1.57944761,-3.981093,2.94481248e-01
35,3,1.60982162,-4.028638,2.90404099e-01
36,3,1.64019563,-4.066409,2.87207129e-01
37,3,1.67056963,-4.093817,2.84896756e-01
38,3,1.70094364,-4.110419,2.83482027e-01
39,3,1.73131764,-4.115970,2.82961958e-01
40,3,1.73131764,-4.115970,2.82961800e-01
41,3,1.75279515,-4.065517,2.77581085e-01
42,3,1.77427297,-4.006250,2.80767609e-01
43,3,1.79575048,-3.938490,2.83911094e-01
44,3,1.81722830,-3.862762,2.87037222e-01
45,3,1.83870581,-3.779723,2.90188103e-01
46,3,1.86018364,-3.690187,2.93418890e-01
47,3,1.88166114,-3.595116,2.96795161e-01
48,3,1.90313897,-3.495610,3.00387149e-01
49,3,1.92461647,-3.393066,3.04266839e-01
50,3,1.94609430,-3.289015,3.08502483e-01
51,3,1.96757180,-3.185156,3.13119631e-01
52,3,1.98904963,-3.083567,3.18129258e-01
53,3,2.01052713,-2.986564,3.23483192e-01
54,3,2.03200496,-2.896860,3.29029374e-01
55,3,2.05348246,-2.817356,3.34529947e-01
56,3,2.07496029,-2.750976,3.39631269e-01
57,3,2.09643779,-2.700999,3.43873735e-01
58,3,2.11791562,-2.669834,3.46804549e-01
59,3,2.13939312,-2.659237,3.48066817e-01
60,3,2.13939312,-2.659237,3.48066816e-01
61,3,2.20382612,-2.519168,3.29177605e-01
62,3,2.26825912,-2.362696,3.08272796e-01
63,3,2.33269211,-2.191907,2.85616296e-01
64,3,2.39712495,-2.009155,2.61460793e-01
65,3,2.46155794,-1.817763,2.36191214e-01
66,3,2.52599094,-1.621230,2.10123049e-01
67,3,2.59042394,-1.423757,1.83648123e-01
68,3,2.65485693,-1.229855,1.57216474e-01
69,3,2.71928993,-1.044774,1.31371269e-01
70,3,2.78372276,-0.873833,1.06688082e-01
71,3,2.84815576,-0.720502,8.38131445e-02
72,3,2.91258876,-0.588153,6.32989400e-02
73,3,2.97702175,-0.478361,4.55775265e-02
74,3,3.04145475,-0.390914,3.08844854e-02
75,3,3.10588775,-0.324440,1.92497796e-02
76,3,3.17032058,-0.276357,1.05458119e-02
77,3,3.23475363,-0.244265,4.56428084e-03
78,3,3.29918661,-0.225970,1.09887444e-03
79,3,3.36361957,-0.221237,9.98064638e-06
80,3,3.36361957,-0.221237,1.13679298e-05
81,3,3.41622887,-0.236100,1.49579732e-03
82,3,3.46883817,-0.282174,5.66017155e-03
83,3,3.52144747,-0.352540,1.04419962e-01
84,3,3.57405686,-0.440122,1.12470753e-01
85,3,3.62666598,-0.538050,2.09139152e-01
86,3,3.67927530,-0.640874,2.44219187e-01
87,3,3.73188462,-0.744147,3.00666139e-01
88,3,3.78449394,-0.844362,1.47210003e-01
89,3,3.83710326,-0.939896,7.85722406e-02
90,3,3.88971258,-1.028758,3.93345790e-01
91,3,3.94232191,-1.109818,4.43998816e-01
92,3,3.99493123,-1.182323,5.61281336e-01
93,3,4.04754055,-1.245711,3.56214700e-01
94,3,4.10014987,-1.299418,3.34633928e-01
95,3,4.15275899,-1.343739,6.58823732e-01
96,3,4.20536831,-1.378237,4.54756571e-01
97,3,4.25797763,-1.402944,7.18604038e-01
98,3,4.31058696,-1.417777,5.57461357e-01
99,3,4.36319628,-1.422833,2.45539228e-01
0,4,0.00000000,2.274995,1.94833215e-07
1,4,0.06074799,2.244732,2.67866542e-01
2,4,0.12149598,2.154349,2.65882514e-01
3,4,0.18224397,2.016423,2.61277164e-01
4,4,0.24299205,1.845019,2.55196873e-01
5,4,0.30373983,1.653898,2.48483307e-01
6,4,0.36448784,1.454130,2.41610720e-01
7,4,0.42523585,1.254906,2.34766392e-01
8,4,0.48598386,1.063070,2.27986960e-01
9,4,0.54673188,0.883751,2.21247166e-01
10,4,0.60747989,0.720924,2.14499497e-01
11,4,0.66822790,0.577793,2.07703375e-01
12,4,0.72897591,0.456413,2.00833495e-01
13,4,0.78972392,0.359191,1.93883838e-01
14,4,0.85047193,0.287551,1.86854841e-01
15,4,0.91121971,0.243231,1.79765517e-01
16,4,0.97196773,0.226879,1.72647064e-01
17,4,1.03271574,0.240200,1.65521545e-01
18,4,1.09346375,0.284534,1.58426469e-01
19,4,1.15421176,0.360751,6.67472084e-04
20,4,1.15421176,0.360751,6.67562013e-04
21,4,1.18458576,0.378034,2.22353095e-02
22,4,1.21495976,0.429218,6.41574834e-02
23,4,1.24533376,0.512893,9.61567880e-02
24,4,1.27570776,0.625517,1.16912310e-01
25,4,1.30608176,0.764456,1.29594075e-01
26,4,1.33645576,0.926614,1.36458687e-01
27,4,1.36682976,1.109305,1.39097394e-01
28,4,1.39720381,1.309518,1.38899284e-01
29,4,1.42757781,1.525288,1.36601314e-01
30,4,1.45795159,1.754526,1.32840803e-01
31,4,1.48832560,1.995871,1.28156944e-01
32,4,1.51869960,2.247569,1.22786083e-01
33,4,1.54907361,2.508368,1.16914704e-01
34,4,1.57944761,2.777064,1.10601998e-01
35,4,1.60982162,3.050460,1.03723166e-01
36,4,1.64019563,3.325448,9.59261530e-02
37,4,1.67056963,3.593549,8.60952775e-02
38,4,1.70094364,3.828788,7.11587580e-02
39,4,1.73131764,3.942405,2.09620991e-02
40,4,1.73131764,3.942405,2.09683705e-02
41,4,1.75279515,3.837369,2.71298562e-02
42,4,1.77427297,3.652729,3.10071487e-02
43,4,1.79575048,3.435041,3.46654862e-02
44,4,1.81722830,3.206234,3.70117982e-02
45,4,1.83870581,2.975236,3.82356065e-02
46,4,1.86018364,2.746290,3.85583228e-02
47,4,1.88166114,2.521870,3.81101799e-02
48,4,1.90313897,2.303456,3.69582930e-02
49,4,1.92461647,2.093182,3.51230333e-02
50,4,1.94609430,1.891880,3.26203329e-02
51,4,1.96757180,1.702051,2.94671776e-02
52,4,1.98904963,1.525161,2.57057224e-02
53,4,2.01052713,1.363358,2.14251492e-02
54,4,2.03200496,1.219159,1.67918298e-02
55,4,2.05348246,1.095297,1.20673865e-02
56,4,2.07496029,0.995251,7.61766015e-03
57,4,2.09643779,0.920814,3.89779601e-03
58,4,2.11791562,0.875006,1.36142498e-03
59,4,2.13939312,0.859611,3.61194021e-04
60,4,2.13939312,0.859611,3.61193938e-04
61,4,2.20382612,1.022667,7.87183760e-04
62,4,2.26825912,1.205036,1.50234635e-03
63,4,2.33269211,1.403751,2.65661682e-03
64,4,2.39712495,1.615620,4.48907005e-03
65,4,2.46155794,1.834222,7.36112610e-03
66,4,2.52599094,2.052884,1.18329027e-02
67,4,2.59042394,2.261745,1.86841010e-02
68,4,2.65485693,2.448497,2.88176332e-02
69,4,2.71928993,2.598664,4.28264460e-02
70,4,2.78372276,2.700806,6.03036501e-02
71,4,2.84815576,2.751308,7.95158817e-02
72,4,2.91258876,2.756410,9.84212509e-02
73,4,2.97702175,2.728260,1.16069050e-01
74,4,3.04145475,2.624919,3.66326372e-01
75,4,3.10588775,2.499518,3.78680611e-01
76,4,3.17032058,2.401936,3.88490125e-01
77,4,3.23475363,2.332191,3.95579231e-01
78,4,3.29918661,2.290323,3.99820281e-01
79,4,3.36361957,2.274995,2.02555658e-07
80,4,3.36361957,2.274995,1.95495331e-07
81,4,3.41622887,2.299708,5.83121807e-01
82,4,3.46883817,2.333157,4.04150171e-05
83,4,3.52144747,2.315336,8.42409840e-05
84,4,3.57405686,2.255115,1.34375887e-04
85,4,3.62666598,2.169645,1.87323267e-04
86,4,3.67927530,2.070163,2.40447604e-04
87,4,3.73188462,1.964771,2.91950971e-04
88,4,3.78449394,1.858751,3.40698255e-04
89,4,3.83710326,1.755657,3.86026780e-04
90,4,3.88971258,1.658128,4.27605076e-04
91,4,3.94232191,1.568001,4.65263627e-04
92,4,3.99493123,1.486340,4.98907307e-04
93,4,4.04754055,1.414128,5.28599618e-04
94,4,4.10014987,1.352965,5.54115999e-04
95,4,4.15275899,1.302102,5.75494115e-04
96,4,4.20536831,1.262291,5.92702799e-04
97,4,4.25797763,1.233807,6.05709157e-04
98,4,4.31058696,1.216620,6.14453702e-04
99,4,4.36319628,1.210881,6.18897635e-04
0,5,0.00000000,2.274995,7.95188211e-01
1,5,0.06074799,2.344461,1.29947435e-01
2,5,0.12149598,2.532908,1.22356195e-01
3,5,0.18224397,2.809689,1.13877191e-01
4,5,0.24299205,3.146167,1.06084159e-01
5,5,0.30373983,3.523605,9.92716158e-02
6,5,0.36448784,3.928399,9.33091135e-02
7,5,0.42523585,3.766002,5.22148498e-02
8,5,0.48598386,3.391923,6.26354789e-02
9,5,0.54673188,2.987801,7.02173457e-02
10,5,0.60747989,2.587837,7.64849220e-02
11,5,0.66822790,2.207108,8.21091038e-02
12,5,0.72897591,1.854986,8.74233975e-02
13,5,0.78972392,1.536719,9.25720831e-02
14,5,0.85047193,1.252390,9.76763113e-02
15,5,0.91121971,1.003715,1.02797300e-01
16,5,0.97196773,0.790614,1.07986972e-01
17,5,1.03271574,0.612883,1.13284365e-01
18,5,1.09346375,0.469881,1.18713882e-01
19,5,1.15421176,0.360751,2.75007947e-01
20,5,1.15421176,0.360751,2.75007857e-01
21,5,1.18458576,0.378034,2.52487530e-01
22,5,1.21495976,0.429218,2.07979431e-01
23,5,1.24533376,0.512893,1.71916095e-01
24,5,1.27570776,0.625517,1.45838938e-01
25,5,1.30608176,0.764456,1.26804012e-01
26,5,1.33645576,0.926614,1.12768270e-01
27,5,1.36682976,1.109305,1.02316582e-01
28,5,1.39720381,1.309518,9.42143716e-02
29,5,1.42757781,1.525288,8.78279817e-02
30,5,1.45795159,1.754526,8.25869947e-02
31,5,1.48832560,1.995871,7.80077537e-02
32,5,1.51869960,2.247569,7.38445998e-02
33,5,1.54907361,2.508368,6.98792536e-02
34,5,1.57944761,2.777064,6.59197319e-02
35,5,1.60982162,3.050460,6.18277006e-02
36,5,1.64019563,3.325448,5.73617075e-02
37,5,1.67056963,3.593549,5.23350654e-02
38,5,1.70094364,3.828788,4.76912336e-02
39,5,1.73131764,3.942405,8.30009770e-02
40,5,1.73131764,3.942405,8.29947062e-02
41,5,1.75279515,3.977453,7.79318171e-02
42,5,1.77427297,3.993789,8.16722513e-02
43,5,1.79575048,3.995050,8.49277400e-02
44,5,1.81722830,3.987634,8.74921210e-02
45,5,1.83870581,3.974346,8.94622151e-02
46,5,1.86018364,3.957735,9.09660322e-02
47,5,1.88166114,3.939508,9.21194024e-02
48,5,1.90313897,3.920883,9.30085109e-02
49,5,1.92461647,3.902477,9.37008757e-02
50,5,1.94609430,3.884730,9.42349285e-02
51,5,1.96757180,3.868368,9.46501896e-02
52,5,1.98904963,3.853489,9.49645602e-02
53,5,2.01052713,3.839893,9.51970682e-02
54,5,2.03200496,3.828516,9.53519309e-02
55,5,2.05348246,3.819082,9.54414136e-02
56,5,2.07496029,3.811827,9.54697699e-02
57,5,2.09643779,3.806493,9.54438774e-02
58,5,2.11791562,3.803278,9.53647736e-02
59,5,2.13939312,3.802232,9.52356995e-02
60,5,2.13939312,3.802232,9.52357033e-02
61,5,2.20382612,4.605246,7.49062060e-02
62,5,2.26825912,5.396746,5.27354621e-02
63,5,2.33269211,5.788534,1.42147154e-01
64,5,2.39712495,5.371642,1.63541465e-01
65,5,2.46155794,4.979658,1.85608199e-01
66,5,2.52599094,4.611788,2.08095198e-01
67,5,2.59042394,4.269688,2.30725087e-01
68,5,2.65485693,3.954048,2.53194290e-01
69,5,2.71928993,3.664845,2.75176815e-01
70,5,2.78372276,3.402087,2.96339420e-01
71,5,2.84815576,3.166828,3.16355263e-01
72,5,2.91258876,2.958744,3.34893467e-01
73,5,2.97702175,2.778083,3.51645555e-01
74,5,3.04145475,2.679440,1.32974055e-01
75,5,3.10588775,2.619012,1.51315366e-01
76,5,3.17032058,2.496909,8.45292386e-02
77,5,3.23475363,2.381671,1.07482999e-01
78,5,3.29918661,2.304197,1.25991580e-01
79,5,3.36361957,2.274995,5.32939567e-01
80,5,3.36361957,2.274995,4.56565769e-01
81,5,3.41622887,2.299708,1.99176315e-01
82,5,3.46883817,2.366765,3.70172796e-01
83,5,3.52144747,2.469830,5.51685388e-01
84,5,3.57405686,2.598166,5.81999581e-01
85,5,3.62666598,2.739683,4.98949574e-01
86,5,3.67927530,2.881542,9.49606352e-02
87,5,3.73188462,3.011233,2.21060844e-02
88,5,3.78449394,3.117875,7.09154949e-02
89,5,3.83710326,3.192899,9.76186601e-02
90,5,3.88971258,3.234047,5.89636177e-02
91,5,3.94232191,3.244219,4.12011988e-02
92,5,3.99493123,3.230154,4.63443864e-02
93,5,4.04754055,3.200406,7.90092565e-03
94,5,4.10014987,3.162864,1.77625052e-03
95,5,4.15275899,3.124037,1.92270875e-04
96,5,4.20536831,3.089200,2.73312233e-04
97,5,4.25797763,3.061860,1.60628213e-03
98,5,4.31058696,3.044540,6.25515087e-04
99,5,4.36319628,3.037693,5.39928612e-04
0,6,0.00000000,2.274995,3.90209257e-03
1,6,0.06074799,2.344461,3.83527955e-01
2,6,0.12149598,2.532908,3.46175575e-01
3,6,0.18224397,2.809689,3.02489073e-01
4,6,0.24299205,3.146167,2.60836363e-01
5,6,0.30373983,3.523605,2.23611788e-01
6,6,0.36448784,3.928399,1.91036303e-01
7,6,0.42523585,4.353477,8.79716475e-02
8,6,0.48598386,4.794438,8.30815802e-02
9,6,0.54673188,5.246494,7.85264898e-02
10,6,0.60747989,5.707975,7.42314796e-02
11,6,0.66822790,6.178182,7.01688585e-02
12,6,0.72897591,6.653573,6.63170871e-02
13,6,0.78972392,7.135955,6.27383698e-02
14,6,0.85047193,7.623230,5.95033762e-02
15,6,0.91121971,8.117273,5.68335577e-02
16,6,0.97196773,8.610386,5.50556060e-02
17,6,1.03271574,9.095365,5.52438446e-02
18,6,1.09346375,9.540429,6.03006346e-02
19,6,1.15421176,9.778134,7.03556735e-02
20,6,1.15421176,9.778134,7.03556715e-02
21,6,1.18458576,9.751137,6.98010278e-02
22,6,1.21495976,9.664357,6.77083086e-02
23,6,1.24533376,9.507946,6.38340251e-02
24,6,1.27570776,9.284278,5.95793286e-02
25,6,1.30608176,9.010263,5.65828513e-02
26,6,1.33645576,8.704441,5.52388597e-02
27,6,1.36682976,8.378108,5.52454755e-02
28,6,1.39720381,8.042206,5.62761360e-02
29,6,1.42757781,7.701520,5.80679307e-02
30,6,1.45795159,7.358434,6.04461119e-02
31,6,1.48832560,7.015337,6.33288728e-02
32,6,1.51869960,6.672463,6.66709743e-02
33,6,1.54907361,6.334162,7.04379607e-02
34,6,1.57944761,6.000866,7.46671316e-02
35,6,1.60982162,5.673880,7.93923997e-02
36,6,1.64019563,5.357423,8.47410433e-02
37,6,1.67056963,5.059744,9.07823150e-02
38,6,1.70094364,4.807018,9.63527291e-02
39,6,1.73131764,4.688886,9.33295559e-02
40,6,1.73131764,4.688886,9.33296600e-02
41,6,1.75279515,4.699999,9.54035717e-02
42,6,1.77427297,4.799212,9.02792612e-02
43,6,1.79575048,4.939569,8.50324138e-02
44,6,1.81722830,5.065296,7.93165551e-02
45,6,1.83870581,5.195651,7.66131332e-02
46,6,1.86018364,5.333572,7.43547109e-02
47,6,1.88166114,5.477195,7.24438791e-02
48,6,1.90313897,5.625267,7.08091520e-02
49,6,1.92461647,5.776664,6.94122178e-02
50,6,1.94609430,5.930598,6.82361616e-02
51,6,1.96757180,6.086532,6.72848226e-02
52,6,1.98904963,6.243739,6.65958197e-02
53,6,2.01052713,6.401394,6.62541222e-02
54,6,2.03200496,6.558659,6.63807752e-02
55,6,2.05348246,6.713933,6.72338504e-02
56,6,2.07496029,6.864863,6.92742297e-02
57,6,2.09643779,7.004239,7.32913677e-02
58,6,2.11791562,7.116496,7.97783713e-02
59,6,2.13939312,7.164785,8.38955361e-02
60,6,2.13939312,7.164785,8.38955358e-02
61,6,2.20382612,6.686147,1.02188282e-01
62,6,2.26825912,6.227142,1.21640432e-01
63,6,2.33269211,5.881088,1.18630552e-02
64,6,2.39712495,5.666431,4.52556957e-04
65,6,2.46155794,5.304217,1.67128474e-04
66,6,2.52599094,4.938639,2.52653733e-04
67,6,2.59042394,4.591579,6.35057103e-04
68,6,2.65485693,4.267603,1.61729744e-03
69,6,2.71928993,3.966560,3.54610507e-03
70,6,2.78372276,3.688152,6.83602119e-03
71,6,2.84815576,3.434025,1.19598564e-02
72,6,2.91258876,3.203003,1.94904700e-02
73,6,2.97702175,2.994195,3.00724326e-02
74,6,3.04145475,2.806825,4.43377707e-02
75,6,3.10588775,2.640663,6.26492168e-02
76,6,3.17032058,2.548351,1.75318186e-01
77,6,3.23475363,2.458214,2.10645304e-01
78,6,3.29918661,2.342919,2.49578811e-01
79,6,3.36361957,2.274995,2.66150723e-01
80,6,3.36361957,2.274995,3.42524527e-01
81,6,3.41622887,2.303229,9.50888923e-06
82,6,3.46883817,2.366765,3.65693549e-01
83,6,3.52144747,2.469830,1.16374225e-01
84,6,3.57405686,2.598166,5.59299520e-03
85,6,3.62666598,2.739683,2.18884138e-03
86,6,3.67927530,2.881542,3.18427145e-01
87,6,3.73188462,3.011233,3.05925727e-01
88,6,3.78449394,3.117875,1.77824615e-01
89,6,3.83710326,3.192899,8.21119468e-02
90,6,3.88971258,3.234047,6.47907078e-02
91,6,3.94232191,3.244219,4.03497618e-02
92,6,3.99493123,3.230154,5.32656412e-03
93,6,4.04754055,3.200406,2.35949653e-02
94,6,4.10014987,3.162864,1.65777257e-02
95,6,4.15275899,3.124037,9.84788613e-03
96,6,4.20536831,3.089200,4.68731247e-03
97,6,4.25797763,3.061860,4.69002523e-04
98,6,4.31058696,3.044540,1.08606635e-04
99,6,4.36319628,3.037693,5.64729641e-05
0,7,0.00000000,3.020503,2.40555927e-07
1,7,0.06074799,3.103032,2.29097204e-05
2,7,0.12149598,3.322531,3.52352257e-04
3,7,0.18224397,3.618009,1.83847065e-03
4,7,0.24299205,3.911187,6.49552052e-03
5,7,0.30373983,4.090297,1.82289114e-02
6,7,0.36448784,4.036068,3.66057289e-02
7,7,0.42523585,4.353477,1.62529645e-01
8,7,0.48598386,4.794438,1.37510259e-01
9,7,0.54673188,5.246494,1.15625464e-01
10,7,0.60747989,5.707975,9.64790421e-02
11,7,0.66822790,6.178182,7.97816778e-02
12,7,0.72897591,6.653573,6.53113873e-02
13,7,0.78972392,7.135955,5.27814093e-02
14,7,0.85047193,7.623230,4.19791197e-02
15,7,0.91121971,8.117273,3.25560056e-02
16,7,0.97196773,8.610387,2.42203631e-02
17,7,1.03271574,9.095365,1.62569384e-02
18,7,1.09346375,9.540429,7.29910659e-03
19,7,1.15421176,9.778135,4.98843860e-05
20,7,1.15421176,9.778135,4.98831762e-05
21,7,1.18458576,9.751137,1.31617838e-03
22,7,1.21495976,9.664358,4.45140865e-03
23,7,1.24533376,9.507946,9.10012656e-03
24,7,1.27570776,9.284278,1.40641556e-02
25,7,1.30608176,9.010263,1.84575536e-02
26,7,1.33645576,8.704441,2.22173915e-02
27,7,1.36682976,8.378108,2.55795731e-02
28,7,1.39720381,8.042206,2.87305482e-02
29,7,1.42757781,7.701520,3.18206630e-02
30,7,1.45795159,7.358434,3.49389158e-02
31,7,1.48832560,7.015337,3.81369850e-02
32,7,1.51869960,6.672463,4.14716037e-02
33,7,1.54907361,6.334162,4.50285907e-02
34,7,1.57944761,6.000866,4.89129518e-02
35,7,1.60982162,5.673880,5.33392505e-02
36,7,1.64019563,5.357423,5.87624733e-02
37,7,1.67056963,5.059744,6.63249268e-02
38,7,1.70094364,4.807018,7.90479415e-02
39,7,1.73131764,4.688886,9.58948460e-02
40,7,1.73131764,4.688886,9.58947370e-02
41,7,1.75279515,4.752448,9.07679361e-02
42,7,1.77427297,4.839416,8.64538432e-02
43,7,1.79575048,4.945198,8.25732115e-02
44,7,1.81722830,5.099288,8.07389670e-02
45,7,1.83870581,5.269835,7.72256786e-02
46,7,1.86018364,5.447473,7.42602249e-02
47,7,1.88166114,5.630333,7.16851060e-02
48,7,1.90313897,5.817656,6.94035410e-02
49,7,1.92461647,6.008183,6.73566367e-02
50,7,1.94609430,6.201417,6.55049735e-02
51,7,1.96757180,6.397613,6.38482832e-02
52,7,1.98904963,6.596115,6.23849110e-02
53,7,2.01052713,6.797382,6.11351686e-02
54,7,2.03200496,6.999308,6.01731658e-02
55,7,2.05348246,7.202049,5.96218359e-02
56,7,2.07496029,7.405057,5.97941459e-02
57,7,2.09643779,7.603816,6.14419068e-02
58,7,2.11791562,7.748707,1.28229447e-02
59,7,2.13939312,7.702336,8.81953214e-03
60,7,2.13939312,7.702336,8.81953224e-03
61,7,2.20382612,7.215723,1.03444967e-02
62,7,2.26825912,6.799880,1.61071886e-02
63,7,2.33269211,6.732269,4.15235195e-02
64,7,2.39712495,6.440299,9.23347524e-02
65,7,2.46155794,6.139456,9.45412776e-02
66,7,2.52599094,5.875243,9.50812091e-02
67,7,2.59042394,5.655426,9.29905767e-02
68,7,2.65485693,5.488431,8.70589331e-02
69,7,2.71928993,5.380580,7.62168856e-02
70,7,2.78372276,5.329732,6.02869891e-02
71,7,2.84815576,5.315887,4.05057056e-02
72,7,2.91258876,5.287425,1.96966002e-02
73,7,2.97702175,5.157682,3.82427363e-03
74,7,3.04145475,4.851312,3.87380100e-04
75,7,3.10588775,4.393370,6.11731609e-03
76,7,3.17032058,3.882557,1.07738545e-02
77,7,3.23475363,3.423254,7.78863483e-03
78,7,3.29918661,3.119101,1.12403489e-03
79,7,3.36361957,3.020503,2.40555911e-07
80,7,3.36361957,3.020503,2.40554065e-07
81,7,3.41622887,3.086656,1.53621768e-08
82,7,3.46883817,3.296273,4.58677548e-07
83,7,3.52144747,3.633642,3.71789989e-06
84,7,3.57405686,4.047656,1.07613913e-05
85,7,3.62666598,4.499263,2.04554582e-05
86,7,3.67927530,4.965141,3.11297350e-05
87,7,3.73188462,5.433911,4.13547153e-05
88,7,3.78449394,5.897802,4.97996689e-05
89,7,3.83710326,6.348814,5.52052870e-05
90,7,3.88971258,6.772653,5.58527643e-05
91,7,3.94232191,7.135813,4.86048529e-05
92,7,3.99493123,7.373992,3.19601939e-05
93,7,4.04754055,7.454108,1.66476507e-05
94,7,4.10014987,7.437108,9.24301215e-06
95,7,4.15275899,7.387328,6.04179857e-06
96,7,4.20536831,7.335059,4.43141254e-06
97,7,4.25797763,7.292487,3.45492444e-06
98,7,4.31058696,7.265248,2.74748892e-06
99,7,4.36319628,7.255859,2.16150214e-06
0,8,0.00000000,7.439846,8.59171151e-04
1,8,0.06074799,7.358478,5.88539472e-02
2,8,0.12149598,7.083810,5.68183695e-02
3,8,0.18224397,6.723670,5.42763402e-02
4,8,0.24299205,6.374932,4.91144536e-02
5,8,0.30373983,6.161960,3.70663306e-02
6,8,0.36448784,6.211337,2.03962411e-02
7,8,0.42523585,6.510669,9.14909215e-03
8,8,0.48598386,6.951435,3.78466218e-03
9,8,0.54673188,7.459296,1.34007752e-03
10,8,0.60747989,8.000236,2.89056485e-04
11,8,0.66822790,8.557251,2.88710125e-07
12,8,0.72897591,9.118172,1.93148161e-04
13,8,0.78972392,9.678603,7.21777996e-04
14,8,0.85047193,10.073465,3.21838420e-02
15,8,0.91121971,10.459379,2.89330572e-02
16,8,0.97196773,10.873249,2.57383330e-02
17,8,1.03271574,11.308836,2.26394742e-02
18,8,1.09346375,10.962063,1.03902333e-02
19,8,1.15421176,10.719854,3.62866629e-05
20,8,1.15421176,10.719854,3.63041365e-05
21,8,1.18458576,10.676350,2.33027950e-03
22,8,1.21495976,10.576012,2.39435405e-03
23,8,1.24533376,10.472638,2.56731908e-02
24,8,1.27570776,10.395856,3.13232216e-02
25,8,1.30608176,10.346946,3.55703412e-02
26,8,1.33645576,10.317337,3.84640615e-02
27,8,1.36682976,10.298527,4.03243069e-02
28,8,1.39720381,10.287642,4.14341843e-02
29,8,1.42757781,10.281729,4.20568573e-02
30,8,1.45795159,10.278302,4.23482973e-02
31,8,1.48832560,10.277010,4.24490026e-02
32,8,1.51869960,10.276169,4.24342917e-02
33,8,1.54907361,10.276772,4.23185265e-02
34,8,1.57944761,10.277770,4.21597369e-02
35,8,1.60982162,10.278861,4.19908639e-02
36,8,1.64019563,10.279888,4.18322427e-02
37,8,1.67056963,10.280718,4.17004208e-02
38,8,1.70094364,10.281969,4.16025321e-02
39,8,1.73131764,10.282995,4.15405847e-02
40,8,1.73131764,10.282995,4.15405976e-02
41,8,1.75279515,10.167889,1.58872519e-02
42,8,1.77427297,10.045536,1.71400079e-02
43,8,1.79575048,9.918268,1.83383890e-02
44,8,1.81722830,9.786249,1.94876482e-02
45,8,1.83870581,9.649955,2.05922300e-02
46,8,1.86018364,9.509888,2.16511841e-02
47,8,1.88166114,9.366472,2.26594030e-02
48,8,1.90313897,9.220458,2.36087798e-02
49,8,1.92461647,9.071449,2.44800421e-02
50,8,1.94609430,8.920199,2.52504561e-02
51,8,1.96757180,8.767125,2.58843467e-02
52,8,1.98904963,8.612697,2.63254356e-02
53,8,2.01052713,8.455845,2.64755418e-02
54,8,2.03200496,8.300848,2.62047853e-02
55,8,2.05348246,8.147483,2.52521509e-02
56,8,2.07496029,7.998617,2.31606092e-02
57,8,2.09643779,7.860322,1.91698217e-02
58,8,2.11791562,7.787577,6.70520358e-02
59,8,2.13939312,7.889672,7.79121571e-02
60,8,2.13939312,7.889672,7.79121573e-02
61,8,2.20382612,7.501657,8.16327951e-02
62,8,2.26825912,7.127311,8.54670965e-02
63,8,2.33269211,6.771575,8.91526109e-02
64,8,2.39712495,6.737550,3.16600153e-02
65,8,2.46155794,6.455206,3.48715593e-02
66,8,2.52599094,6.214921,3.85434692e-02
67,8,2.59042394,6.022615,4.26132479e-02
68,8,2.65485693,5.885740,4.69521673e-02
69,8,2.71928993,5.804898,5.12936627e-02
70,8,2.78372276,5.783720,5.53477851e-02
71,8,2.84815576,5.826822,5.87224515e-02
72,8,2.91258876,5.934049,6.11289098e-02
73,8,2.97702175,6.102644,6.23876947e-02
74,8,3.04145475,6.326262,6.25422904e-02
75,8,3.10588775,6.593194,6.18832750e-02
76,8,3.17032058,6.883560,6.09197152e-02
77,8,3.23475363,7.163689,6.02496160e-02
78,8,3.29918661,7.379632,6.02189061e-02
79,8,3.36361957,7.439846,8.59171201e-04
80,8,3.36361957,7.439846,8.59171229e-04
81,8,3.41622887,7.428910,1.10817001e-01
82,8,3.46883817,7.334219,1.11676570e-01
83,8,3.52144747,7.202059,1.08589272e-01
84,8,3.57405686,7.057679,1.13529809e-01
85,8,3.62666598,6.923868,5.37561926e-02
86,8,3.67927530,6.819811,1.49466482e-01
87,8,3.73188462,6.762105,1.71338346e-01
88,8,3.78449394,6.765239,2.26277670e-01
89,8,3.83710326,6.836767,1.51659022e-01
90,8,3.88971258,6.980951,1.47796325e-01
91,8,3.94232191,7.195369,1.94078039e-01
92,8,3.99493123,7.473271,1.22443346e-01
93,8,4.04754055,7.808703,3.64288521e-02
94,8,4.10014987,8.190079,1.03479992e-01
95,8,4.15275899,8.608903,1.25332412e-01
96,8,4.20536831,9.063518,1.39754356e-01
97,8,4.25797763,9.535658,1.32259229e-01
98,8,4.31058696,10.003533,5.04149820e-02
99,8,4.36319628,10.290997,5.86486938e-02
0,9,0.00000000,7.456025,1.15693780e-01
1,9,0.06074799,7.477038,6.02863295e-02
2,9,0.12149598,7.517033,5.99527642e-02
3,9,0.18224397,7.583765,5.92313062e-02
4,9,0.24299205,7.677220,5.81313675e-02
5,9,0.30373983,7.797374,5.66684982e-02
6,9,0.36448784,7.944199,5.48639860e-02
7,9,0.42523585,8.117658,5.27446232e-02
8,9,0.48598386,8.317712,5.03420271e-02
9,9,0.54673188,8.544302,4.76921142e-02
10,9,0.60747989,8.797372,4.48342212e-02
11,9,0.66822790,9.077530,4.18095842e-02
12,9,0.72897591,9.383311,3.86635714e-02
13,9,0.78972392,9.715326,3.54401217e-02
14,9,0.85047193,10.228431,1.50287386e-03
15,9,0.91121971,10.765232,2.47993634e-03
16,9,0.97196773,11.282688,3.62162017e-03
17,9,1.03271574,11.418463,1.55777816e-02
18,9,1.09346375,10.962063,2.52095583e-02
19,9,1.15421176,10.719854,3.24622365e-02
20,9,1.15421176,10.719854,3.24622188e-02
21,9,1.18458576,10.676350,2.99646126e-02
22,9,1.21495976,10.576012,3.05952851e-02
23,9,1.24533376,10.472638,9.30900202e-03
24,9,1.27570776,10.395856,6.50418992e-03
25,9,1.30608176,10.346946,5.02146063e-03
26,9,1.33645576,10.317337,4.38969934e-03
27,9,1.36682976,10.298527,4.32930874e-03
28,9,1.39720381,10.287642,4.64185348e-03
29,9,1.42757781,10.281729,5.17193515e-03
30,9,1.45795159,10.278302,5.85814275e-03
31,9,1.48832560,10.277010,6.58571177e-03
32,9,1.51869960,10.276169,7.33259754e-03
33,9,1.54907361,10.276772,8.05694850e-03
34,9,1.57944761,10.277771,8.72714511e-03
35,9,1.60982162,10.278861,9.31523535e-03
36,9,1.64019563,10.279888,9.79935495e-03
37,9,1.67056963,10.280718,1.01620107e-02
38,9,1.70094364,10.281969,1.03921213e-02
39,9,1.73131764,10.282995,1.04764228e-02
40,9,1.73131764,10.282995,1.04764101e-02
41,9,1.75279515,10.385342,3.84174979e-02
42,9,1.77427297,10.466852,3.96279886e-02
43,9,1.79575048,10.520452,4.09453128e-02
44,9,1.81722830,10.538206,4.21406483e-02
45,9,1.83870581,10.514916,4.29837335e-02
46,9,1.86018364,10.450343,4.33948806e-02
47,9,1.88166114,10.349022,4.34831530e-02
48,9,1.90313897,10.218542,4.34214360e-02
49,9,1.92461647,10.064740,4.33726154e-02
50,9,1.94609430,9.893144,4.34056386e-02
51,9,1.96757180,9.710458,4.35272205e-02
52,9,1.98904963,9.519077,4.37220633e-02
53,9,2.01052713,9.319986,4.39422286e-02
54,9,2.03200496,9.118471,4.41044833e-02
55,9,2.05348246,8.914771,4.40570087e-02
56,9,2.07496029,8.711371,4.34542846e-02
57,9,2.09643779,8.511147,4.15063575e-02
58,9,2.11791562,8.326354,3.54998956e-02
59,9,2.13939312,8.224283,2.37469820e-02
60,9,2.13939312,8.224283,2.37469843e-02
61,9,2.20382612,7.807405,2.49674814e-02
62,9,2.26825912,7.418616,2.66827650e-02
63,9,2.33269211,7.061166,2.88935155e-02
64,9,2.39712495,7.397290,4.09999410e-02
65,9,2.46155794,8.228929,3.08351359e-02
66,9,2.52599094,9.040115,2.15020014e-02
67,9,2.59042394,9.734722,1.29206240e-02
68,9,2.65485693,10.178476,5.51912817e-03
69,9,2.71928993,10.294186,1.21613232e-03
70,9,2.78372276,9.525204,3.77814174e-02
71,9,2.84815576,8.749934,5.14032838e-02
72,9,2.91258876,8.084559,6.74867843e-02
73,9,2.97702175,7.595495,8.19633043e-02
74,9,3.04145475,7.341954,8.61746111e-02
75,9,3.10588775,7.284385,8.03405239e-02
76,9,3.17032058,7.326265,7.23512481e-02
77,9,3.23475363,7.392862,6.60061579e-02
78,9,3.29918661,7.444525,6.19293157e-02
79,9,3.36361957,7.456025,7.49143828e-03
80,9,3.36361957,7.456025,6.88148747e-02
81,9,3.41622887,7.428910,1.27180846e-02
82,9,3.46883817,7.334219,1.87387906e-02
83,9,3.52144747,7.202059,3.27932728e-02
84,9,3.57405686,7.057679,4.30606737e-02
85,9,3.62666598,6.923868,1.22100275e-01
86,9,3.67927530,6.819811,4.88718419e-02
87,9,3.73188462,6.762105,5.08063619e-02
88,9,3.78449394,6.765239,1.78174318e-02
89,9,3.83710326,6.836767,1.08642524e-01
90,9,3.88971258,6.980951,1.19905022e-01
91,9,3.94232191,7.195369,7.13286691e-02
92,9,3.99493123,7.473271,1.32341014e-01
93,9,4.04754055,7.808703,2.02033389e-01
94,9,4.10014987,8.190079,1.15550735e-01
95,9,4.15275899,8.608903,7.38364944e-02
96,9,4.20536831,9.063518,4.12936501e-02
97,9,4.25797763,9.535658,3.59398107e-02
98,9,4.31058696,10.003533,1.19419902e-01
99,9,4.36319628,10.290997,1.38510664e-01
0,10,0.00000000,7.456025,4.75013671e-03
1,10,0.06074799,7.495489,3.55491262e-05
2,10,0.12149598,7.657169,1.47421895e-03
3,10,0.18224397,7.913552,4.33789236e-03
4,10,0.24299205,8.249913,7.66900229e-03
5,10,0.30373983,8.651824,1.07694657e-02
6,10,0.36448784,9.105844,1.32671252e-02
7,10,0.42523585,9.600887,1.50505677e-02
8,10,0.48598386,10.126813,1.61535097e-02
9,10,0.54673188,10.673041,1.66785329e-02
10,10,0.60747989,11.227907,1.67543478e-02
11,10,0.66822790,11.776296,1.65068958e-02
12,10,0.72897591,12.296502,1.60283903e-02
13,10,0.78972392,12.757777,1.53632232e-02
14,10,0.85047193,12.824583,1.14712087e-02
15,10,0.91121971,12.400700,1.41702828e-02
16,10,0.97196773,11.915740,1.58434394e-02
17,10,1.03271574,11.418463,1.82397279e-02
18,10,1.09346375,11.769927,1.96679809e-02
19,10,1.15421176,12.256298,2.01722772e-05
20,10,1.15421176,12.256298,2.01880767e-05
21,10,1.18458576,12.289874,6.51317826e-03
22,10,1.21495976,12.351798,4.69638930e-03
23,10,1.24533376,12.398739,2.66237923e-03
24,10,1.27570776,12.429150,2.65504405e-03
25,10,1.30608176,12.453178,3.41399789e-03
26,10,1.33645576,12.475427,4.50495202e-03
27,10,1.36682976,12.497270,5.67211150e-03
28,10,1.39720381,12.519539,6.84942547e-03
29,10,1.42757781,12.543216,8.03280888e-03
30,10,1.45795159,12.567286,9.08402031e-03
31,10,1.48832560,12.591549,1.00634290e-02
32,10,1.51869960,12.615304,1.09519583e-02
33,10,1.54907361,12.637992,1.16806647e-02
34,10,1.57944761,12.661070,1.22651253e-02
35,10,1.60982162,12.678304,1.27021466e-02
36,10,1.64019563,12.693327,1.30796361e-02
37,10,1.67056963,12.704531,1.33362088e-02
38,10,1.70094364,12.712000,1.34553719e-02
39,10,1.73131764,12.715142,1.34778260e-02
40,10,1.73131764,12.715142,1.34776598e-02
41,10,1.75279515,12.604635,1.10730998e-02
42,10,1.77427297,12.509566,9.86641862e-03
43,10,1.79575048,12.439568,8.58849915e-03
44,10,1.81722830,12.402184,7.46147529e-03
45,10,1.83870581,12.403074,6.71158490e-03
46,10,1.86018364,12.443153,6.42090866e-03
47,10,1.88166114,12.518517,6.48717017e-03
48,10,1.90313897,12.623087,6.73342296e-03
49,10,1.92461647,12.749617,7.00747800e-03
50,10,1.94609430,12.892086,7.23351756e-03
51,10,1.96757180,13.047807,7.36439052e-03
52,10,1.98904963,13.212775,7.39561763e-03
53,10,2.01052713,13.384773,7.32257004e-03
54,10,2.03200496,13.560909,7.14551550e-03
55,10,2.05348246,13.739177,6.84128139e-03
56,10,2.07496029,13.917630,6.33710130e-03
57,10,2.09643779,14.088133,5.48816492e-03
58,10,2.11791562,14.236996,3.89840787e-03
59,10,2.13939312,14.310373,2.23729350e-03
60,10,2.13939312,14.310373,2.23729356e-03
61,10,2.20382612,14.326600,1.96120559e-03
62,10,2.26825912,13.987909,1.54159141e-03
63,10,2.33269211,13.562116,1.34857391e-03
64,10,2.39712495,13.135326,1.17883731e-03
65,10,2.46155794,12.727055,8.91391989e-04
66,10,2.52599094,12.335868,3.27637330e-04
67,10,2.59042394,11.918516,9.17643731e-04
68,10,2.65485693,11.219374,1.52189845e-02
69,10,2.71928993,10.362869,2.64647213e-02
70,10,2.78372276,10.162406,4.18584447e-05
71,10,2.84815576,9.891680,5.66254897e-04
72,10,2.91258876,9.540361,1.85111167e-03
73,10,2.97702175,9.141487,3.21018151e-03
74,10,3.04145475,8.724592,4.03609166e-03
75,10,3.10588775,8.321355,3.96910619e-03
76,10,3.17032058,7.964033,3.04570896e-03
77,10,3.23475363,7.682671,1.72196789e-03
78,10,3.29918661,7.502275,7.53392551e-04
79,10,3.36361957,7.456025,1.12952476e-01
80,10,3.36361957,7.456025,5.16290413e-02
81,10,3.41622887,7.481654,8.46255628e-04
82,10,3.46883817,7.603432,8.07504465e-04
83,10,3.52144747,7.796201,7.44627766e-04
84,10,3.57405686,8.042624,6.57506492e-04
85,10,3.62666598,8.310864,5.40120368e-04
86,10,3.67927530,8.542050,3.84793230e-04
87,10,3.73188462,8.659973,2.20535820e-04
88,10,3.78449394,8.647300,1.12771415e-04
89,10,3.83710326,8.563165,6.42478093e-05
90,10,3.88971258,8.472282,4.73803927e-05
91,10,3.94232191,8.435490,4.85912112e-05
92,10,3.99493123,8.530259,6.17831212e-05
93,10,4.04754055,8.797496,7.41822902e-05
94,10,4.10014987,9.178371,8.01097622e-05
95,10,4.15275899,9.605455,8.33810186e-05
96,10,4.20536831,10.043164,8.72920039e-05
97,10,4.25797763,10.459301,9.43618832e-05
98,10,4.31058696,10.797734,1.06201250e-04
99,10,4.36319628,10.941567,1.15364266e-04
0,11,0.00000000,10.822728,3.95749626e-05
1,11,0.06074799,10.846622,7.65277996e-05
2,11,0.12149598,10.910313,3.96599420e-05
3,11,0.18224397,11.016333,1.40197667e-05
4,11,0.24299205,11.164296,1.09729250e-06
5,11,0.30373983,11.355910,3.30904667e-06
6,11,0.36448784,11.584741,2.61417605e-05
7,11,0.42523585,11.850341,8.17327830e-05
8,11,0.48598386,12.150350,1.95094008e-04
9,11,0.54673188,12.468299,4.31153043e-04
10,11,0.60747989,12.785547,9.39218692e-04
11,11,0.66822790,13.057650,2.07102602e-03
12,11,0.72897591,13.198087,4.42678236e-03
13,11,0.78972392,13.122071,7.95948473e-03
14,11,0.85047193,12.824583,1.15222854e-02
15,11,0.91121971,12.400700,1.22162847e-02
16,11,0.97196773,11.915740,1.43291886e-02
17,11,1.03271574,11.775185,4.91860908e-03
18,11,1.09346375,12.234754,6.39097173e-03
19,11,1.15421176,12.256298,3.20817594e-02
20,11,1.15421176,12.256298,3.20817445e-02
21,11,1.18458576,12.289874,2.51437309e-02
22,11,1.21495976,12.351798,2.50253588e-02
23,11,1.24533376,12.398739,2.46799296e-02
24,11,1.27570776,12.429150,2.29919516e-02
25,11,1.30608176,12.453178,2.10696643e-02
26,11,1.33645576,12.475427,1.90802112e-02
27,11,1.36682976,12.497270,1.71389529e-02
28,11,1.39720381,12.519539,1.52456841e-02
29,11,1.42757781,12.543216,1.33723704e-02
30,11,1.45795159,12.567286,1.16514188e-02
31,11,1.48832560,12.591549,1.00236824e-02
32,11,1.51869960,12.615304,8.51603774e-03
33,11,1.54907361,12.637992,7.20821428e-03
34,11,1.57944761,12.661070,6.09104337e-03
35,11,1.60982162,12.678304,5.19987331e-03
36,11,1.64019563,12.693327,4.44727314e-03
37,11,1.67056963,12.704531,3.91075109e-03
38,11,1.70094364,12.712000,3.61648801e-03
39,11,1.73131764,12.715142,3.53028724e-03
40,11,1.73131764,12.715142,3.53045336e-03
41,11,1.75279515,12.833813,4.38433654e-03
42,11,1.77427297,12.958591,3.92803795e-03
43,11,1.79575048,13.087967,3.54206007e-03
44,11,1.81722830,13.221856,3.21621121e-03
45,11,1.83870581,13.358965,2.93809300e-03
46,11,1.86018364,13.498644,2.69961835e-03
47,11,1.88166114,13.640320,2.49432261e-03
48,11,1.90313897,13.783566,2.31816626e-03
49,11,1.92461647,13.927639,2.16460051e-03
50,11,1.94609430,14.073285,2.03280796e-03
51,11,1.96757180,14.217594,1.91758482e-03
52,11,1.98904963,14.361086,1.81822807e-03
53,11,2.01052713,14.500257,1.73077806e-03
54,11,2.03200496,14.639514,1.66081493e-03
55,11,2.05348246,14.774935,1.60752520e-03
56,11,2.07496029,14.860824,6.82840857e-03
57,11,2.09643779,14.781619,8.66604933e-03
58,11,2.11791562,14.689321,1.11072208e-02
59,11,2.13939312,14.634897,1.31979965e-02
60,11,2.13939312,14.634897,1.31979973e-02
61,11,2.20382612,14.991442,3.04546960e-05
62,11,2.26825912,14.529700,1.01450081e-05
63,11,2.33269211,14.089122,1.35156245e-04
64,11,2.39712495,13.684470,4.58804283e-04
65,11,2.46155794,13.334839,1.14050482e-03
66,11,2.52599094,13.071446,2.50141454e-03
67,11,2.59042394,12.318770,1.62602642e-02
68,11,2.65485693,11.781289,7.95121116e-03
69,11,2.71928993,11.467761,4.57435959e-03
70,11,2.78372276,11.215014,3.42538908e-03
71,11,2.84815576,11.007548,2.71231659e-03
72,11,2.91258876,10.845867,2.12222623e-03
73,11,2.97702175,10.731252,1.56261195e-03
74,11,3.04145475,10.667642,1.02164934e-03
75,11,3.10588775,10.653806,5.53836128e-04
76,11,3.17032058,10.684899,2.11872337e-04
77,11,3.23475363,10.743953,3.80923846e-05
78,11,3.29918661,10.801488,3.12366762e-05
79,11,3.36361957,10.822728,3.95752965e-05
80,11,3.36361957,10.822728,3.95754367e-05
81,11,3.41622887,10.784795,4.45577837e-05
82,11,3.46883817,10.673344,5.41249769e-05
83,11,3.52144747,10.516833,7.07055901e-05
84,11,3.57405686,10.349258,1.00080608e-04
85,11,3.62666598,10.216837,1.53895837e-04
86,11,3.67927530,10.179490,2.44082142e-04
87,11,3.73188462,10.318658,3.41854417e-04
88,11,3.78449394,10.652245,3.84294804e-04
89,11,3.83710326,11.121407,3.74162552e-04
90,11,3.88971258,11.666553,3.41701495e-04
91,11,3.94232191,12.245464,3.02444450e-04
92,11,3.99493123,12.815947,2.60534226e-04
93,11,4.04754055,13.311784,2.12344231e-04
94,11,4.10014987,13.602422,1.30078516e-02
95,11,4.15275899,13.015949,2.16172135e-02
96,11,4.20536831,12.426351,2.82833581e-02
97,11,4.25797763,11.851412,2.45557090e-02
98,11,4.31058696,11.321113,1.17443349e-02
99,11,4.36319628,11.010095,2.88867263e-05
0,12,0.00000000,10.822728,2.02045866e-04
1,12,0.06074799,10.846622,1.42331376e-03
2,12,0.12149598,10.910313,2.48180979e-03
3,12,0.18224397,11.016333,3.76808583e-03
4,12,0.24299205,11.164296,5.22306164e-03
5,12,0.30373983,11.355910,6.78277033e-03
6,12,0.36448784,11.584741,8.35842307e-03
7,12,0.42523585,11.850341,9.87464499e-03
8,12,0.48598386,12.150350,1.12573103e-02
9,12,0.54673188,12.468299,1.24197567e-02
10,12,0.60747989,12.785547,1.32730205e-02
11,12,0.66822790,13.057650,1.36425296e-02
12,12,0.72897591,13.198087,1.31947757e-02
13,12,0.78972392,13.122071,1.21071853e-02
14,12,0.85047193,13.118528,1.44774176e-02
15,12,0.91121971,13.334138,1.32917460e-02
16,12,0.97196773,13.376436,1.18140299e-02
17,12,1.03271574,13.253234,1.02139147e-02
18,12,1.09346375,12.767689,1.29140911e-02
19,12,1.15421176,12.648925,1.17105403e-05
20,12,1.15421176,12.648925,1.16757235e-05
21,12,1.18458576,12.688796,3.14447476e-03
22,12,1.21495976,12.822789,4.95139058e-03
23,12,1.24533376,13.051138,6.21948705e-03
24,12,1.27570776,13.341012,6.79863860e-03
25,12,1.30608176,13.664647,6.83272307e-03
26,12,1.33645576,14.006766,6.56870795e-03
27,12,1.36682976,14.358662,6.16810884e-03
28,12,1.39720381,14.713812,5.71534043e-03
29,12,1.42757781,15.068216,5.28354221e-03
30,12,1.45795159,15.415296,4.92328229e-03
31,12,1.48832560,15.735894,4.68480398e-03
32,12,1.51869960,15.992078,4.53872180e-03
33,12,1.54907361,16.124975,4.31605538e-03
34,12,1.57944761,16.142470,5.64489034e-03
35,12,1.60982162,16.112061,7.04893334e-03
36,12,1.64019563,16.073330,6.90717965e-03
37,12,1.67056963,16.040432,6.86353349e-03
38,12,1.70094364,16.019954,6.87459925e-03
39,12,1.73131764,16.013269,6.88037443e-03
40,12,1.73131764,16.013269,6.88031797e-03
41,12,1.75279515,15.904599,2.77411451e-03
42,12,1.77427297,15.798912,2.68415253e-03
43,12,1.79575048,15.698660,2.63274622e-03
44,12,1.81722830,15.604185,2.61342034e-03
45,12,1.83870581,15.515978,2.62285249e-03
46,12,1.86018364,15.434221,2.65881456e-03
47,12,1.88166114,15.358880,2.72052844e-03
48,12,1.90313897,15.289687,2.80902144e-03
49,12,1.92461647,15.226486,2.92820512e-03
50,12,1.94609430,15.168468,3.08788911e-03
51,12,1.96757180,15.115463,3.29905668e-03
52,12,1.98904963,15.066300,3.58794376e-03
53,12,2.01052713,15.019534,3.99527749e-03
54,12,2.03200496,14.972687,4.59459083e-03
55,12,2.05348246,14.921601,5.49321122e-03
56,12,2.07496029,14.905886,1.57828279e-03
57,12,2.09643779,15.025974,1.59157734e-03
58,12,2.11791562,15.126305,1.69050765e-03
59,12,2.13939312,15.172913,1.82469819e-03
60,12,2.13939312,15.172913,1.82469818e-03
61,12,2.20382612,15.029316,1.30574033e-02
62,12,2.26825912,15.333100,2.99141198e-05
63,12,2.33269211,15.484666,2.63647654e-04
64,12,2.39712495,15.022681,3.30600057e-03
65,12,2.46155794,14.131803,6.92238539e-03
66,12,2.52599094,13.195347,1.14791695e-02
67,12,2.59042394,12.963624,5.02371916e-03
68,12,2.65485693,13.117862,8.77937501e-03
69,12,2.71928993,13.470587,1.46221202e-02
70,12,2.78372276,13.274738,1.56177291e-02
71,12,2.84815576,12.742649,1.31182338e-02
72,12,2.91258876,12.241778,1.09109850e-02
73,12,2.97702175,11.822122,8.58098149e-03
74,12,3.04145475,11.488964,6.31360894e-03
75,12,3.10588775,11.235044,4.34744828e-03
76,12,3.17032058,11.048081,2.78666486e-03
77,12,3.23475363,10.922229,1.63017542e-03
78,12,3.29918661,10.849111,8.38302286e-04
79,12,3.36361957,10.822728,2.82448297e-04
80,12,3.36361957,10.822728,2.73255368e-04
81,12,3.41622887,10.889489,4.67306183e-05
82,12,3.46883817,11.072575,1.93346216e-04
83,12,3.52144747,11.353993,5.19482006e-04
84,12,3.57405686,11.711286,9.75001287e-05
85,12,3.62666598,12.125878,1.02575821e-04
86,12,3.67927530,12.582440,1.58455635e-04
87,12,3.73188462,13.068289,4.45682861e-04
88,12,3.78449394,13.570550,3.70536376e-04
89,12,3.83710326,14.061474,1.28972497e-03
90,12,3.88971258,14.487827,1.07055860e-03
91,12,3.94232191,14.715523,4.71651678e-03
92,12,3.99493123,14.577287,1.01066626e-03
93,12,4.04754055,14.148369,6.26514905e-03
94,12,4.10014987,13.602422,8.93913099e-03
95,12,4.15275899,13.015949,6.14162101e-03
96,12,4.20536831,12.426351,5.18158685e-03
97,12,4.25797763,11.851412,1.21180715e-02
98,12,4.31058696,11.321113,1.72520343e-02
99,12,4.36319628,11.010095,9.23149806e-05
0,13,0.00000000,10.822728,5.45549296e-04
1,13,0.06074799,10.898141,1.03343619e-03
2,13,0.12149598,11.083295,2.67367483e-03
3,13,0.18224397,11.325101,3.96263964e-03
4,13,0.24299205,11.587036,4.67722532e-03
5,13,0.30373983,11.857184,4.95726150e-03
6,13,0.36448784,12.136838,4.96726763e-03
7,13,0.42523585,12.432266,4.81137430e-03
8,13,0.48598386,12.750070,4.54509799e-03
9,13,0.54673188,13.095972,4.19580431e-03
10,13,0.60747989,13.474745,3.77902209e-03
11,13,0.66822790,13.893457,3.31060314e-03
12,13,0.72897591,14.347145,2.79786992e-03
13,13,0.78972392,14.842557,2.27025130e-03
14,13,0.85047193,15.055748,5.61563340e-03
15,13,0.91121971,14.448588,7.12636225e-03
16,13,0.97196773,13.864237,8.84696051e-03
17,13,1.03271574,13.303791,1.07778774e-02
18,13,1.09346375,12.998182,8.66652767e-03
19,13,1.15421176,12.648925,1.53248785e-02
20,13,1.15421176,12.648925,1.53249134e-02
21,13,1.18458576,12.688796,1.23227856e-02
22,13,1.21495976,12.822789,1.12914885e-02
23,13,1.24533376,13.051138,1.07954461e-02
24,13,1.27570776,13.341012,1.01694420e-02
25,13,1.30608176,13.664647,9.50234353e-03
26,13,1.33645576,14.006766,8.87259953e-03
27,13,1.36682976,14.358662,8.31726108e-03
28,13,1.39720381,14.713812,7.87684457e-03
29,13,1.42757781,15.068216,7.58112424e-03
30,13,1.45795159,15.415296,7.48613214e-03
31,13,1.48832560,15.735894,7.66464708e-03
32,13,1.51869960,15.992078,7.95108092e-03
33,13,1.54907361,16.124975,7.38167269e-03
34,13,1.57944761,16.142470,4.67961906e-03
35,13,1.60982162,16.112061,2.41950162e-03
36,13,1.64019563,16.073330,2.14262842e-03
37,13,1.67056963,16.040432,1.99817749e-03
38,13,1.70094364,16.019954,1.92252620e-03
39,13,1.73131764,16.013269,1.90304287e-03
40,13,1.73131764,16.013269,1.90309975e-03
41,13,1.75279515,16.116076,5.35928120e-03
42,13,1.77427297,16.203064,4.77768221e-03
43,13,1.79575048,16.270627,4.13774685e-03
44,13,1.81722830,16.313717,3.46095223e-03
45,13,1.83870581,16.329602,2.80153416e-03
46,13,1.86018364,16.319182,2.22107690e-03
47,13,1.88166114,16.286583,1.75648757e-03
48,13,1.90313897,16.237449,1.40911515e-03
49,13,1.92461647,16.177153,1.15955283e-03
50,13,1.94609430,16.109825,9.83475439e-04
51,13,1.96757180,16.038345,8.60468941e-04
52,13,1.98904963,15.964180,7.76729990e-04
53,13,2.01052713,15.887602,7.20535104e-04
54,13,2.03200496,15.808921,6.89095794e-04
55,13,2.05348246,15.699235,2.66790267e-03
56,13,2.07496029,15.544713,1.99602979e-03
57,13,2.09643779,15.424969,1.13868388e-03
58,13,2.11791562,15.351456,4.24810371e-04
59,13,2.13939312,15.328357,1.35382043e-04
60,13,2.13939312,15.328357,1.35382118e-04
61,13,2.20382612,15.153339,1.92195281e-05
62,13,2.26825912,15.409789,1.25391200e-02
63,13,2.33269211,15.772961,1.17168842e-02
64,13,2.39712495,16.110075,1.06588892e-02
65,13,2.46155794,16.429155,9.42751730e-03
66,13,2.52599094,16.496413,7.16276419e-03
67,13,2.59042394,15.724878,7.73849238e-03
68,13,2.65485693,14.989507,7.13069648e-03
69,13,2.71928993,14.447326,2.43990688e-03
70,13,2.78372276,14.766306,5.65577306e-04
71,13,2.84815576,15.362452,2.82992152e-04
72,13,2.91258876,14.613544,6.65119672e-05
73,13,2.97702175,13.858646,1.97816242e-04
74,13,3.04145475,13.126806,5.52042971e-04
75,13,3.10588775,12.440528,9.80698876e-04
76,13,3.17032058,11.823754,1.26862721e-03
77,13,3.23475363,11.310862,1.16672439e-03
78,13,3.29918661,10.955625,6.37798768e-04
79,13,3.36361957,10.822728,4.65146509e-04
80,13,3.36361957,10.822728,4.74339500e-04
81,13,3.41622887,10.889489,5.73349241e-04
82,13,3.46883817,11.072575,4.24997650e-04
83,13,3.52144747,11.353993,8.19057079e-05
84,13,3.57405686,11.711286,4.16577322e-04
85,13,3.62666598,12.125878,3.03221028e-04
86,13,3.67927530,12.582440,2.10257253e-04
87,13,3.73188462,13.068289,5.45111605e-05
88,13,3.78449394,13.570550,5.44082460e-04
89,13,3.83710326,14.061474,5.08692550e-04
90,13,3.88971258,14.487827,2.52804033e-03
91,13,3.94232191,14.715523,2.37321522e-03
92,13,3.99493123,14.577287,1.08102943e-02
93,13,4.04754055,14.148369,1.03614578e-02
94,13,4.10014987,13.613470,1.51830950e-04
95,13,4.15275899,13.616008,9.21920797e-05
96,13,4.20536831,13.381619,5.32041299e-05
97,13,4.25797763,13.050858,2.92613145e-05
98,13,4.31058696,12.745836,1.06210718e-05
99,13,4.36319628,12.610695,4.50587772e-08
0,14,0.00000000,14.790353,2.27450057e-06
1,14,0.06074799,14.881885,4.87445487e-06
2,14,0.12149598,15.151778,1.21331996e-05
3,14,0.18224397,15.586005,1.91819705e-05
4,14,0.24299205,16.160873,1.62380434e-05
5,14,0.30373983,16.847476,4.16506143e-06
6,14,0.36448784,17.614560,2.38286485e-06
7,14,0.42523585,18.433157,4.16051285e-05
8,14,0.48598386,17.966993,3.63330349e-03
9,14,0.54673188,17.325598,4.64754965e-03
10,14,0.60747989,16.745566,5.60523110e-03
11,14,0.66822790,16.272650,6.14540348e-03
12,14,0.72897591,15.989634,5.65882414e-03
13,14,0.78972392,15.686110,4.31478072e-03
14,14,0.85047193,15.379398,1.75416580e-03
15,14,0.91121971,15.957133,1.28097281e-03
16,14,0.97196773,16.569050,8.79313741e-04
17,14,1.03271574,17.207193,5.73640006e-04
18,14,1.09346375,17.849333,3.81147080e-04
19,14,1.15421176,18.436794,2.47186869e-04
20,14,1.15421176,18.436794,2.47186674e-04
21,14,1.18458576,18.386747,2.35235030e-04
22,14,1.21495976,18.258969,2.32749594e-04
23,14,1.24533376,18.091153,2.48552896e-04
24,14,1.27570776,17.906013,2.82636406e-04
25,14,1.30608176,17.717266,3.33921724e-04
26,14,1.33645576,17.531983,3.99606856e-04
27,14,1.36682976,17.355232,4.72150094e-04
28,14,1.39720381,17.189594,5.36199719e-04
29,14,1.42757781,17.040050,5.59609284e-04
30,14,1.45795159,16.912552,4.89328794e-04
31,14,1.48832560,16.823962,2.87921033e-04
32,14,1.51869960,16.809962,1.49117735e-04
33,14,1.54907361,16.933630,4.17923775e-04
34,14,1.57944761,17.184375,7.29911145e-04
35,14,1.60982162,17.486592,8.20780412e-04
36,14,1.64019563,17.789953,8.63615970e-04
37,14,1.67056963,18.023803,1.69573331e-03
38,14,1.70094364,18.102944,2.74323113e-03
39,14,1.73131764,18.114348,2.45301979e-03
40,14,1.73131764,18.114348,2.45304347e-03
41,14,1.75279515,17.992803,2.67004890e-03
42,14,1.77427297,17.884294,3.17118524e-03
43,14,1.79575048,17.795154,3.72525871e-03
44,14,1.81722830,17.727069,4.31004673e-03
45,14,1.83870581,17.676019,4.82918394e-03
46,14,1.86018364,17.562552,2.30709998e-03
47,14,1.88166114,17.349514,2.51351823e-03
48,14,1.90313897,17.132930,2.71358319e-03
49,14,1.92461647,16.916780,2.89914944e-03
50,14,1.94609430,16.699418,3.05733438e-03
51,14,1.96757180,16.485997,3.18457628e-03
52,14,1.98904963,16.276297,3.25421831e-03
53,14,2.01052713,16.073230,3.23396102e-03
54,14,2.03200496,15.878761,3.06316810e-03
55,14,2.05348246,15.727432,6.72576779e-04
56,14,2.07496029,15.643006,6.58943467e-04
57,14,2.09643779,15.557078,6.22532388e-04
58,14,2.11791562,15.478065,5.15044756e-04
59,14,2.13939312,15.438804,3.82987227e-04
60,14,2.13939312,15.438804,3.82987392e-04
61,14,2.20382612,15.725243,7.08437454e-04
62,14,2.26825912,16.266058,1.64969725e-04
63,14,2.33269211,16.550898,2.06410235e-03
64,14,2.39712495,16.358283,9.25344301e-04
65,14,2.46155794,16.624232,2.76748220e-04
66,14,2.52599094,16.700570,8.03911174e-03
67,14,2.59042394,16.879563,6.42177369e-03
68,14,2.65485693,16.879334,4.46942588e-03
69,14,2.71928993,16.600906,2.45169803e-03
70,14,2.78372276,16.055238,1.01109507e-03
71,14,2.84815576,15.642135,9.48475643e-04
72,14,2.91258876,16.651118,5.40975399e-04
73,14,2.97702175,17.415825,1.03248887e-05
74,14,3.04145475,16.781749,1.45786005e-05
75,14,3.10588775,16.166137,1.33475887e-05
76,14,3.17032058,15.619451,1.00874304e-05
77,14,3.23475363,15.181082,6.49654077e-06
78,14,3.29918661,14.892178,3.54443785e-06
79,14,3.36361957,14.790353,2.27450720e-06
80,14,3.36361957,14.790353,2.27450507e-06
81,14,3.41622887,14.858479,2.01988559e-06
82,14,3.46883817,15.053277,1.77947841e-06
83,14,3.52144747,15.352848,1.60960778e-06
84,14,3.57405686,15.732201,1.50272516e-06
85,14,3.62666598,16.170095,1.41074158e-06
86,14,3.67927530,16.640360,1.26878688e-06
87,14,3.73188462,17.111318,9.53780977e-07
88,14,3.78449394,17.507857,3.47299443e-07
89,14,3.83710326,17.655505,5.96075924e-08
90,14,3.88971258,17.239492,9.47619789e-04
91,14,3.94232191,16.923703,2.72227295e-04
92,14,3.99493123,16.675766,9.93214221e-06
93,14,4.04754055,16.364977,2.41095058e-05
94,14,4.10014987,16.279373,5.31243478e-05
95,14,4.15275899,16.517682,8.51498055e-05
96,14,4.20536831,17.032274,1.00103991e-04
97,14,4.25797763,17.701132,1.02126382e-04
98,14,4.31058696,18.434742,1.04133538e-04
99,14,4.36319628,19.007652,1.35291053e-04
0,15,0.00000000,22.719198,3.42485360e-06
1,15,0.06074799,22.546671,8.32213514e-05
2,15,0.12149598,22.065225,2.57403957e-04
3,15,0.18224397,21.442135,5.05057134e-04
4,15,0.24299205,20.757139,8.50241280e-04
5,15,0.30373983,20.054746,1.31902237e-03
6,15,0.36448784,19.342403,1.93712630e-03
7,15,0.42523585,18.641315,2.71242672e-03
8,15,0.48598386,17.966993,8.23525433e-04
9,15,0.54673188,17.325598,7.86278000e-04
10,15,0.60747989,16.745566,8.95059111e-04
11,15,0.66822790,16.272650,1.33652312e-03
12,15,0.72897591,15.989635,2.47539780e-03
13,15,0.78972392,15.992210,4.09057080e-03
14,15,0.85047193,16.273939,2.52056587e-03
15,15,0.91121971,16.747693,1.51436173e-03
16,15,0.97196773,17.337832,9.32902759e-04
17,15,1.03271574,18.003016,5.81114781e-04
18,15,1.09346375,18.711444,3.37527379e-04
19,15,1.15421176,18.436794,9.74836684e-05
20,15,1.15421176,18.436794,9.74838478e-05
21,15,1.18458576,18.386747,2.17898802e-04
22,15,1.21495976,18.258969,5.69007821e-04
23,15,1.24533376,18.091153,9.11194418e-04
24,15,1.27570776,17.906013,1.18393399e-03
25,15,1.30608176,17.717266,1.39043689e-03
26,15,1.33645576,17.531983,1.53669806e-03
27,15,1.36682976,17.355232,1.62226361e-03
28,15,1.39720381,17.189594,1.64200148e-03
29,15,1.42757781,17.040050,1.58414554e-03
30,15,1.45795159,16.912552,1.42006367e-03
31,15,1.48832560,16.823962,1.08837148e-03
32,15,1.51869960,16.809962,6.17756613e-04
33,15,1.54907361,16.933630,8.06680960e-04
34,15,1.57944761,17.184375,1.58772883e-03
35,15,1.60982162,17.486592,2.13857166e-03
36,15,1.64019563,17.789953,2.42762261e-03
37,15,1.67056963,18.023803,1.89592126e-03
38,15,1.70094364,18.102944,1.01890969e-03
39,15,1.73131764,18.114348,1.33709376e-03
40,15,1.73131764,18.114348,1.33706982e-03
41,15,1.75279515,18.243378,1.73917817e-03
42,15,1.77427297,18.333372,9.75922537e-04
43,15,1.79575048,18.162267,1.63219900e-03
44,15,1.81722830,17.972497,1.87531998e-03
45,15,1.83870581,17.771179,2.09498022e-03
46,15,1.86018364,17.632356,5.13805372e-03
47,15,1.88166114,17.583590,5.13088396e-03
48,15,1.90313897,17.521006,4.84522408e-03
49,15,1.92461647,17.442721,4.43181588e-03
50,15,1.94609430,17.352514,4.01579407e-03
51,15,1.96757180,17.255580,3.65391747e-03
52,15,1.98904963,17.156821,3.35583030e-03
53,15,2.01052713,17.059382,3.11640587e-03
54,15,2.03200496,16.969591,2.92288199e-03
55,15,2.05348246,16.889843,2.76936332e-03
56,15,2.07496029,16.823822,2.65310270e-03
57,15,2.09643779,16.774022,2.57107561e-03
58,15,2.11791562,16.743130,2.52669924e-03
59,15,2.13939312,16.734622,2.52076600e-03
60,15,2.13939312,16.734622,2.52076621e-03
61,15,2.20382612,17.413512,1.41283373e-03
62,15,2.26825912,17.390007,1.12236657e-03
63,15,2.33269211,16.780357,2.99195465e-06
64,15,2.39712495,17.270579,8.56876936e-05
65,15,2.46155794,17.248218,5.97956199e-03
66,15,2.52599094,16.967113,6.99407777e-05
67,15,2.59042394,17.326962,5.22974054e-06
68,15,2.65485693,17.685157,5.73887596e-06
69,15,2.71928993,18.018601,3.03354680e-05
70,15,2.78372276,18.266586,4.30042971e-05
71,15,2.84815576,18.301537,1.84781599e-05
72,15,2.91258876,17.983229,2.97624439e-06
73,15,2.97702175,17.714571,1.68890587e-04
74,15,3.04145475,18.799180,1.21863428e-05
75,15,3.10588775,19.879223,5.21716593e-05
76,15,3.17032058,20.911364,1.97196485e-04
77,15,3.23475363,21.837410,3.14186273e-04
78,15,3.29918661,22.503265,2.56450974e-04
79,15,3.36361957,22.719198,3.41684574e-06
80,15,3.36361957,22.719198,3.42348378e-06
81,15,3.41622887,22.621420,3.40590850e-06
82,15,3.46883817,22.306203,3.14202684e-06
83,15,3.52144747,21.858488,3.41017787e-04
84,15,3.57405686,21.235373,2.37721503e-04
85,15,3.62666598,20.552574,3.84850787e-05
86,15,3.67927530,19.842388,3.85883677e-05
87,15,3.73188462,19.130628,4.17866623e-05
88,15,3.78449394,18.440632,3.93194757e-05
89,15,3.83710326,17.789934,3.45937174e-04
90,15,3.88971258,17.239492,3.69331268e-04
91,15,3.94232191,16.923703,6.44845959e-04
92,15,3.99493123,17.008209,1.58463369e-04
93,15,4.04754055,17.421751,9.47979326e-05
94,15,4.10014987,17.989504,6.78433930e-04
95,15,4.15275899,18.626343,1.36661625e-03
96,15,4.20536831,19.301538,1.30450365e-03
97,15,4.25797763,19.989633,2.53910809e-03
98,15,4.31058696,20.157782,3.32353493e-05
99,15,4.36319628,19.554761,2.42252894e-07
0,16,0.00000000,22.719198,3.97672402e-05
1,16,0.06074799,22.546671,6.80953862e-04
2,16,0.12149598,22.065225,1.09106425e-03
3,16,0.18224397,21.442135,1.26312005e-03
4,16,0.24299205,20.757139,1.27138864e-03
5,16,0.30373983,20.054746,1.18860878e-03
6,16,0.36448784,19.342403,1.06242859e-03
7,16,0.42523585,18.641315,9.30434262e-04
8,16,0.48598386,19.137204,6.07465388e-04
9,16,0.54673188,18.412211,1.02170629e-03
10,16,0.60747989,17.702257,1.58329218e-03
11,16,0.66822790,17.009889,2.30964711e-03
12,16,0.72897591,16.336952,3.21591481e-03
13,16,0.78972392,15.992210,4.26152846e-03
14,16,0.85047193,16.273939,5.72109075e-03
15,16,0.91121971,16.747693,6.31810951e-03
16,16,0.97196773,17.337832,6.24710040e-03
17,16,1.03271574,18.003016,5.84834858e-03
18,16,1.09346375,18.711444,5.56257326e-03
19,16,1.15421176,19.255671,1.82863612e-05
20,16,1.15421176,19.255671,1.82866031e-05
21,16,1.18458576,19.256795,9.08939990e-05
22,16,1.21495976,19.241778,2.01479189e-04
23,16,1.24533376,19.194951,3.25256114e-04
24,16,1.27570776,19.122315,4.48249753e-04
25,16,1.30608176,19.034741,5.65564993e-04
26,16,1.33645576,18.940225,6.76536716e-04
27,16,1.36682976,18.843777,7.81186081e-04
28,16,1.39720381,18.749089,8.81641263e-04
29,16,1.42757781,18.658716,9.77774659e-04
30,16,1.45795159,18.574507,1.06934709e-03
31,16,1.48832560,18.496961,1.15253900e-03
32,16,1.51869960,18.426123,1.22530693e-03
33,16,1.54907361,18.365897,1.27994035e-03
34,16,1.57944761,18.316741,1.30443190e-03
35,16,1.60982162,18.280500,1.24503603e-03
36,16,1.64019563,18.267413,6.87516922e-04
37,16,1.67056963,18.322540,1.39287630e-03
38,16,1.70094364,18.497276,9.51715383e-04
39,16,1.73131764,18.601261,8.42307479e-04
40,16,1.73131764,18.601261,8.42302116e-04
41,16,1.75279515,18.487621,1.40732858e-03
42,16,1.77427297,18.385029,2.50266560e-03
43,16,1.79575048,18.532224,2.14615366e-03
44,16,1.81722830,18.519350,5.17595530e-04
45,16,1.83870581,18.463471,2.16962840e-04
46,16,1.86018364,18.428678,9.83031459e-05
47,16,1.88166114,18.426012,2.10996621e-04
48,16,1.90313897,18.460181,5.09869998e-04
49,16,1.92461647,18.527892,8.71169200e-04
50,16,1.94609430,18.621337,1.19914475e-03
51,16,1.96757180,18.732932,1.45670409e-03
52,16,1.98904963,18.855398,1.65020827e-03
53,16,2.01052713,18.984317,1.79641917e-03
54,16,2.03200496,19.111169,1.91590734e-03
55,16,2.05348246,19.231832,2.02301467e-03
56,16,2.07496029,19.332430,3.90686878e-05
57,16,2.09643779,19.333768,3.59087494e-05
58,16,2.11791562,19.334540,3.40803501e-05
59,16,2.13939312,19.335132,3.34767890e-05
60,16,2.13939312,19.335132,3.34768020e-05
61,16,2.20382612,18.358093,3.53520419e-04
62,16,2.26825912,18.031916,1.60415179e-04
63,16,2.33269211,18.266697,1.02687085e-03
64,16,2.39712495,17.901353,4.04687872e-03
65,16,2.46155794,17.753136,3.06028671e-04
66,16,2.52599094,18.226331,5.91088013e-04
67,16,2.59042394,18.691476,8.93945611e-04
68,16,2.65485693,19.159061,1.17992219e-03
69,16,2.71928993,19.631417,1.43120721e-03
70,16,2.78372276,19.964691,1.60822524e-03
71,16,2.84815576,20.203211,1.49488930e-03
72,16,2.91258876,20.423671,6.43042604e-04
73,16,2.97702175,20.650020,6.82326846e-04
74,16,3.04145475,21.018323,6.99235059e-04
75,16,3.10588775,21.437804,6.82419684e-04
76,16,3.17032058,21.873957,6.11036609e-04
77,16,3.23475363,22.287136,4.64378845e-04
78,16,3.29918661,22.611051,2.40433932e-04
79,16,3.36361957,22.719198,1.63670091e-05
80,16,3.36361957,22.719198,3.96542929e-05
81,16,3.41622887,22.651069,1.16388762e-04
82,16,3.46883817,22.354804,1.74618168e-04
83,16,3.52144747,21.858488,2.68887913e-04
84,16,3.57405686,21.235373,2.23788853e-04
85,16,3.62666598,20.552574,1.93980629e-04
86,16,3.67927530,19.842388,3.73699341e-05
87,16,3.73188462,19.130628,7.02348964e-05
88,16,3.78449394,18.440632,3.68180372e-04
89,16,3.83710326,17.789934,5.72190431e-04
90,16,3.88971258,17.453136,1.30464280e-06
91,16,3.94232191,17.075878,4.03704409e-06
92,16,3.99493123,17.008209,6.25065311e-05
93,16,4.04754055,17.421751,2.82959589e-04
94,16,4.10014987,17.989504,2.87391949e-04
95,16,4.15275899,18.626343,2.68829869e-04
96,16,4.20536831,19.301538,9.55877643e-04
97,16,4.25797763,19.989633,2.63633171e-04
98,16,4.31058696,20.676291,1.40274903e-03
99,16,4.36319628,21.237225,6.06119205e-05
0,17,0.00000000,22.719198,1.44241577e-04
1,17,0.06074799,22.757619,5.84536923e-05
2,17,0.12149598,22.802377,1.20125496e-04
3,17,0.18224397,22.749868,1.20638903e-08
4,17,0.24299205,22.070749,6.82661053e-06
5,17,0.30373983,21.350066,4.52410569e-05
6,17,0.36448784,20.611371,1.41827509e-04
7,17,0.42523585,19.869806,3.21666258e-04
8,17,0.48598386,19.275570,1.51652279e-04
9,17,0.54673188,20.106565,3.53147939e-04
10,17,0.60747989,19.768662,1.86875970e-03
11,17,0.66822790,19.338188,1.57118862e-03
12,17,0.72897591,18.956024,1.18549691e-03
13,17,0.78972392,18.660009,7.41024501e-04
14,17,0.85047193,18.481510,3.31158798e-04
15,17,0.91121971,18.458478,7.01046844e-05
16,17,0.97196773,18.588426,3.37699043e-09
17,17,1.03271574,18.782752,1.74376823e-05
18,17,1.09346375,18.805466,1.41391060e-05
19,17,1.15421176,19.255671,6.75786975e-03
20,17,1.15421176,19.255671,6.75786845e-03
21,17,1.18458576,19.256795,6.51424517e-03
22,17,1.21495976,19.241778,5.88794886e-03
23,17,1.24533376,19.194951,5.22359525e-03
24,17,1.27570776,19.122315,4.67689578e-03
25,17,1.30608176,19.034741,4.24764691e-03
26,17,1.33645576,18.940225,3.90471203e-03
27,17,1.36682976,18.843777,3.62081056e-03
28,17,1.39720381,18.749089,3.38047849e-03
29,17,1.42757781,18.658716,3.17265202e-03
30,17,1.45795159,18.574507,2.99131930e-03
31,17,1.48832560,18.496961,2.83277265e-03
32,17,1.51869960,18.426123,2.69771206e-03
33,17,1.54907361,18.365897,2.59232438e-03
34,17,1.57944761,18.316741,2.52786594e-03
35,17,1.60982162,18.280500,2.55039995e-03
36,17,1.64019563,18.267413,3.06162093e-03
37,17,1.67056963,18.322540,2.26849341e-03
38,17,1.70094364,18.497276,2.84085125e-03
39,17,1.73131764,18.601261,3.20145568e-03
40,17,1.73131764,18.601261,3.20146088e-03
41,17,1.75279515,18.653473,2.16931935e-03
42,17,1.77427297,18.635102,1.49205987e-03
43,17,1.79575048,18.582307,9.44779435e-04
44,17,1.81722830,18.686335,2.15465518e-03
45,17,1.83870581,18.843321,2.12401645e-03
46,17,1.86018364,18.997641,1.98004909e-03
47,17,1.88166114,19.135727,1.55981996e-03
48,17,1.90313897,19.231484,8.36527735e-04
49,17,1.92461647,19.278167,3.62983716e-04
50,17,1.94609430,19.299490,1.85258092e-04
51,17,1.96757180,19.311451,1.14729771e-04
52,17,1.98904963,19.319058,8.12008784e-05
53,17,2.01052713,19.323532,6.27029241e-05
54,17,2.03200496,19.327342,5.13299706e-05
55,17,2.05348246,19.330124,4.39519469e-05
56,17,2.07496029,19.339949,2.12630549e-03
57,17,2.09643779,19.426919,2.23214547e-03
58,17,2.11791562,19.484272,2.33100927e-03
59,17,2.13939312,19.504431,2.40741302e-03
60,17,2.13939312,19.504431,2.40741288e-03
61,17,2.20382612,19.527816,3.70446111e-03
62,17,2.26825912,19.502083,5.59457396e-03
63,17,2.33269211,19.592485,5.41174533e-03
64,17,2.39712495,19.990740,2.89068998e-03
65,17,2.46155794,20.434301,1.41033740e-03
66,17,2.52599094,20.814819,6.69414884e-04
67,17,2.59042394,20.757774,1.30255674e-04
68,17,2.65485693,20.182791,5.99472606e-04
69,17,2.71928993,19.922526,1.28285606e-03
70,17,2.78372276,20.103186,1.63773326e-03
71,17,2.84815576,20.501799,5.64243129e-04
72,17,2.91258876,20.545085,1.18102029e-03
73,17,2.97702175,20.937993,8.36399980e-04
74,17,3.04145475,21.348109,5.40316968e-04
75,17,3.10588775,21.756071,3.19781722e-04
76,17,3.17032058,22.134300,1.76305373e-04
77,17,3.23475363,22.449371,9.69078192e-05
78,17,3.29918661,22.663129,6.20186606e-05
79,17,3.36361957,22.719198,1.67649916e-04
80,17,3.36361957,22.719198,1.44355775e-04
81,17,3.41622887,22.651069,2.21089657e-04
82,17,3.46883817,22.354804,3.70022679e-04
83,17,3.52144747,21.876955,2.87979255e-06
84,17,3.57405686,21.388782,2.71998286e-06
85,17,3.62666598,20.883735,2.69958719e-06
86,17,3.67927530,20.366915,2.86556509e-06
87,17,3.73188462,19.883572,3.32708051e-06
88,17,3.78449394,19.509986,4.22997440e-06
89,17,3.83710326,19.422835,5.09788028e-06
90,17,3.88971258,19.728694,4.96443840e-06
91,17,3.94232191,20.263325,4.50435078e-06
92,17,3.99493123,20.894339,3.99430888e-06
93,17,4.04754055,21.569207,3.20740875e-06
94,17,4.10014987,22.251457,1.38742832e-06
95,17,4.15275899,22.582660,1.13054735e-05
96,17,4.20536831,21.834481,2.85321060e-05
97,17,4.25797763,20.986569,3.42226514e-05
98,17,4.31058696,20.676291,1.66959711e-03
99,17,4.36319628,21.237225,9.00186476e-05
0,18,0.00000000,23.904286,1.51461186e-05
1,18,0.06074799,23.770166,3.49861094e-07
2,18,0.12149598,23.341940,8.74071181e-07
3,18,0.18224397,22.878537,1.98757612e-04
4,18,0.24299205,22.680461,1.65365375e-03
5,18,0.30373983,22.214128,1.90831677e-03
6,18,0.36448784,21.720467,2.07569409e-03
7,18,0.42523585,21.222174,2.15906140e-03
8,18,0.48598386,20.724569,2.15634138e-03
9,18,0.54673188,20.236504,2.06175044e-03
10,18,0.60747989,20.892446,6.41701018e-04
11,18,0.66822790,21.603377,9.72597435e-04
12,18,0.72897591,22.215292,1.27946232e-03
13,18,0.78972392,22.759297,1.51450819e-03
14,18,0.85047193,23.197409,1.66661682e-03
15,18,0.91121971,22.418063,9.96954694e-04
16,18,0.97196773,21.671107,8.05838817e-04
17,18,1.03271574,21.046985,6.44186004e-04
18,18,1.09346375,20.406554,1.44793607e-04
19,18,1.15421176,19.823427,3.61479329e-04
20,18,1.15421176,19.823427,3.61479309e-04
21,18,1.18458576,19.861330,3.91849792e-04
22,18,1.21495976,19.973614,4.55426478e-04
23,18,1.24533376,20.145405,5.13556144e-04
24,18,1.27570776,20.350702,5.16427017e-04
25,18,1.30608176,20.569305,4.83257765e-04
26,18,1.33645576,20.786233,4.45721239e-04
27,18,1.36682976,20.987480,4.23117380e-04
28,18,1.39720381,21.162713,4.14294621e-04
29,18,1.42757781,21.296627,3.96584819e-04
30,18,1.45795159,21.366234,3.45610817e-04
31,18,1.48832560,21.348880,2.45634729e-04
32,18,1.51869960,21.233750,1.36901220e-04
33,18,1.54907361,21.036860,6.24222516e-05
34,18,1.57944761,20.784679,2.85183354e-05
35,18,1.60982162,20.497436,2.96439001e-05
36,18,1.64019563,20.196849,5.85046940e-05
37,18,1.67056963,19.901103,1.10110833e-04
38,18,1.70094364,19.647607,1.86068817e-04
39,18,1.73131764,19.539497,5.33044213e-04
40,18,1.73131764,19.539497,5.33048033e-04
41,18,1.75279515,19.465319,4.00688605e-04
42,18,1.77427297,19.417472,3.56505873e-04
43,18,1.79575048,19.388742,3.29777127e-04
44,18,1.81722830,19.377808,3.31562305e-04
45,18,1.83870581,19.378523,3.81114652e-04
46,18,1.86018364,19.392186,5.36655073e-04
47,18,1.88166114,19.429540,9.52217692e-04
48,18,1.90313897,19.515005,1.65084211e-03
49,18,1.92461647,19.653313,2.10497710e-03
50,18,1.94609430,19.818218,2.26724691e-03
51,18,1.96757180,19.995636,2.32157689e-03
52,18,1.98904963,20.177747,2.33816914e-03
53,18,2.01052713,20.361252,2.34191578e-03
54,18,2.03200496,20.542006,2.34352912e-03
55,18,2.05348246,20.716263,2.34913744e-03
56,18,2.07496029,20.877906,2.36116065e-03
57,18,2.09643779,21.015398,2.37081601e-03
58,18,2.11791562,21.112143,2.34929553e-03
59,18,2.13939312,21.130204,1.24430140e-05
60,18,2.13939312,21.130204,1.24430406e-05
61,18,2.20382612,21.593024,7.15458213e-06
62,18,2.26825912,21.912212,1.21139227e-03
63,18,2.33269211,21.834523,3.86715314e-04
64,18,2.39712495,22.057560,3.92211591e-05
65,18,2.46155794,22.392271,7.82990638e-05
66,18,2.52599094,21.540739,3.32381056e-05
67,18,2.59042394,21.149312,3.08838751e-04
68,18,2.65485693,21.462892,1.34384439e-04
69,18,2.71928993,21.748735,4.03936688e-04
70,18,2.78372276,20.991935,4.65215467e-04
71,18,2.84815576,20.588906,1.78451347e-03
72,18,2.91258876,21.076065,1.87327043e-03
73,18,2.97702175,21.567693,1.89361771e-03
74,18,3.04145475,22.061206,1.83670917e-03
75,18,3.10588775,22.545950,1.68317051e-03
76,18,3.17032058,23.016082,1.41033735e-03
77,18,3.23475363,23.448373,9.78963011e-04
78,18,3.29918661,23.789966,3.84842435e-04
79,18,3.36361957,23.904286,1.06064424e-05
80,18,3.36361957,23.904286,3.26090595e-06
81,18,3.41622887,23.839318,1.94350649e-05
82,18,3.46883817,23.679982,4.35274373e-04
83,18,3.52144747,23.584189,5.04299381e-04
84,18,3.57405686,23.552556,2.68226262e-04
85,18,3.62666598,23.558663,7.21957010e-04
86,18,3.67927530,23.584252,2.62667279e-04
87,18,3.73188462,23.621558,1.09859149e-03
88,18,3.78449394,23.667048,2.23250852e-04
89,18,3.83710326,23.710107,1.29078706e-03
90,18,3.88971258,23.747057,1.02304058e-03
91,18,3.94232191,23.769544,9.83155723e-04
92,18,3.99493123,23.764498,4.10125311e-04
93,18,4.04754055,23.708332,3.16259644e-03
94,18,4.10014987,23.599735,1.57533393e-03
95,18,4.15275899,23.200300,2.06134176e-05
96,18,4.20536831,23.042441,3.21352258e-03
97,18,4.25797763,22.576414,3.15372006e-03
98,18,4.31058696,22.011466,3.01316861e-03
99,18,4.36319628,21.482021,4.47259300e-03
0,19,0.00000000,23.904286,2.70767074e-06
1,19,0.06074799,23.812018,3.25610560e-04
2,19,0.12149598,23.514475,8.54873458e-04
3,19,0.18224397,23.122950,1.30744032e-03
4,19,0.24299205,22.988149,2.87358469e-04
5,19,0.30373983,23.136752,3.76173155e-04
6,19,0.36448784,23.325332,4.52097201e-04
7,19,0.42523585,23.564749,4.98949520e-04
8,19,0.48598386,23.873360,4.97867473e-04
9,19,0.54673188,24.258848,4.34503792e-04
10,19,0.60747989,24.749818,3.08754485e-04
11,19,0.66822790,25.320811,8.46172207e-04
12,19,0.72897591,24.696175,1.12310711e-03
13,19,0.78972392,23.976616,1.22003041e-03
14,19,0.85047193,23.201610,1.15671200e-03
15,19,0.91121971,22.997339,1.01913073e-04
16,19,0.97196773,22.102161,8.96337209e-05
17,19,1.03271574,21.233279,9.91257363e-05
18,19,1.09346375,20.406554,1.55142217e-03
19,19,1.15421176,19.823427,4.29167465e-06
20,19,1.15421176,19.823427,4.29152076e-06
21,19,1.18458576,19.861330,9.30223392e-06
22,19,1.21495976,19.973614,1.57214746e-05
23,19,1.24533376,20.145405,1.89934583e-05
24,19,1.27570776,20.350702,2.18638752e-05
25,19,1.30608176,20.569305,2.68157675e-05
26,19,1.33645576,20.786233,3.67388775e-05
27,19,1.36682976,20.987480,5.90632430e-05
28,19,1.39720381,21.162713,1.05619581e-04
29,19,1.42757781,21.296627,2.07248184e-04
30,19,1.45795159,21.366234,3.99466393e-04
31,19,1.48832560,21.348880,6.80794873e-04
32,19,1.51869960,21.233750,9.60925658e-04
33,19,1.54907361,21.036860,1.14739558e-03
34,19,1.57944761,20.784679,1.23033117e-03
35,19,1.60982162,20.497436,1.23157252e-03
36,19,1.64019563,20.196849,1.15247350e-03
37,19,1.67056963,19.901103,9.65102995e-04
38,19,1.70094364,19.647607,6.04467291e-04
39,19,1.73131764,19.539497,6.46506178e-06
40,19,1.73131764,19.539497,6.46116890e-06
41,19,1.75279515,19.669297,4.37689088e-04
42,19,1.77427297,19.880595,8.21832548e-04
43,19,1.79575048,20.130891,1.09362512e-03
44,19,1.81722830,20.396279,1.26964123e-03
45,19,1.83870581,20.664106,1.38564009e-03
46,19,1.86018364,20.926954,1.46367836e-03
47,19,1.88166114,21.179433,1.51172108e-03
48,19,1.90313897,21.421144,1.52205255e-03
49,19,1.92461647,21.636295,1.43851073e-03
50,19,1.94609430,21.812326,9.82045258e-04
51,19,1.96757180,21.855615,7.17123432e-05
52,19,1.98904963,21.759773,1.32785698e-04
53,19,2.01052713,21.636248,2.04746349e-04
54,19,2.03200496,21.512599,2.24727792e-04
55,19,2.05348246,21.394792,2.09973528e-04
56,19,2.07496029,21.290383,1.71674836e-04
57,19,2.09643779,21.205374,1.14189565e-04
58,19,2.11791562,21.149296,5.45225867e-05
59,19,2.13939312,21.147891,2.24954189e-03
60,19,2.13939312,21.147891,2.24954196e-03
61,19,2.20382612,21.753653,1.47205635e-03
62,19,2.26825912,22.130549,1.52296880e-05
63,19,2.33269211,22.727573,4.16279997e-05
64,19,2.39712495,23.054225,3.27755318e-05
65,19,2.46155794,22.565209,1.49279299e-05
66,19,2.52599094,23.269552,2.80056978e-05
67,19,2.59042394,23.586761,3.38970871e-04
68,19,2.65485693,22.634420,3.68566950e-04
69,19,2.71928993,21.759253,5.14190343e-05
70,19,2.78372276,22.044705,1.49617022e-05
71,19,2.84815576,22.322167,3.40861630e-06
72,19,2.91258876,22.584411,4.48239352e-06
73,19,2.97702175,22.825610,1.03204858e-05
74,19,3.04145475,23.043890,1.54660959e-05
75,19,3.10588775,23.241787,1.66543663e-05
76,19,3.17032058,23.419010,1.43895097e-05
77,19,3.23475363,23.592197,1.65682317e-05
78,19,3.29918661,23.794538,2.29305265e-05
79,19,3.36361957,23.904286,7.24731918e-06
80,19,3.36361957,23.904286,1.45926223e-05
81,19,3.41622887,23.839318,3.02606742e-04
82,19,3.46883817,23.679982,2.27447279e-04
83,19,3.52144747,23.584189,2.56578689e-04
84,19,3.57405686,23.552556,5.65381653e-04
85,19,3.62666598,23.558663,2.27632297e-04
86,19,3.67927530,23.584252,8.43839495e-04
87,19,3.73188462,23.621558,2.03163094e-04
88,19,3.78449394,23.667048,1.30630966e-03
89,19,3.83710326,23.710107,4.99763192e-04
90,19,3.88971258,23.747057,1.05966657e-03
91,19,3.94232191,23.769544,1.42483414e-03
92,19,3.99493123,23.764498,2.35998512e-03
93,19,4.04754055,23.708332,2.33259423e-05
94,19,4.10014987,23.599735,2.03430099e-03
95,19,4.15275899,23.382357,3.50048984e-03
96,19,4.20536831,23.042441,1.01493499e-03
97,19,4.25797763,22.576414,1.14943287e-03
98,19,4.31058696,22.011466,1.36443366e-03
99,19,4.36319628,21.482021,2.91153949e-03
0,20,0.00000000,25.363618,4.99539249e-08
1,20,0.06074799,25.459118,2.01195315e-03
2,20,0.12149598,25.652306,1.51372515e-03
3,20,0.18224397,25.870517,1.05308783e-03
4,20,0.24299205,26.070125,6.70547624e-04
5,20,0.30373983,26.237942,3.62908938e-04
6,20,0.36448784,26.333801,1.41538399e-04
7,20,0.42523585,26.360505,1.75770789e-05
8,20,0.48598386,26.295064,1.73313288e-05
9,20,0.54673188,26.114002,1.70346382e-04
10,20,0.60747989,25.791732,4.75333329e-04
11,20,0.66822790,25.362800,1.54182678e-04
12,20,0.72897591,25.657553,5.22049338e-04
13,20,0.78972392,24.797155,2.56263501e-04
14,20,0.85047193,23.898869,1.47466771e-04
15,20,0.91121971,22.997339,7.73237984e-04
16,20,0.97196773,22.102161,1.16023044e-03
17,20,1.03271574,21.233279,1.50868914e-03
18,20,1.09346375,20.781035,5.27988964e-04
19,20,1.15421176,21.046957,1.48718475e-03
20,20,1.15421176,21.046957,1.48718753e-03
21,20,1.18458576,21.073704,1.18293775e-03
22,20,1.21495976,21.151135,9.56387633e-04
23,20,1.24533376,21.272787,8.69611063e-04
24,20,1.27570776,21.431236,8.60527037e-04
25,20,1.30608176,21.620872,8.98317020e-04
26,20,1.33645576,21.836738,9.69424491e-04
27,20,1.36682976,22.071762,1.07293178e-03
28,20,1.39720381,22.313546,1.21228548e-03
29,20,1.42757781,22.536639,1.36181018e-03
30,20,1.45795159,22.691833,1.37480726e-03
31,20,1.48832560,22.769124,1.15104604e-03
32,20,1.51869960,22.821543,8.42597230e-04
33,20,1.54907361,22.889667,5.87827240e-04
34,20,1.57944761,22.973538,4.22223737e-04
35,20,1.60982162,23.060279,3.20815503e-04
36,20,1.64019563,23.138866,2.59596831e-04
37,20,1.67056963,23.200885,2.23494094e-04
38,20,1.70094364,23.240748,2.05001834e-04
39,20,1.73131764,23.257778,2.01936512e-04
40,20,1.73131764,23.257778,2.01939641e-04
41,20,1.75279515,23.144313,3.65079095e-04
42,20,1.77427297,23.031485,4.05317815e-04
43,20,1.79575048,22.916389,4.44102751e-04
44,20,1.81722830,22.801538,4.84920024e-04
45,20,1.83870581,22.685230,5.27452297e-04
46,20,1.86018364,22.567244,5.74515686e-04
47,20,1.88166114,22.447584,6.32663208e-04
48,20,1.90313897,22.326893,7.18953402e-04
49,20,1.92461647,22.207979,8.91683160e-04
50,20,1.94609430,22.102741,1.43113312e-03
51,20,1.96757180,22.107284,2.41735211e-03
52,20,1.98904963,22.225119,2.42344304e-03
53,20,2.01052713,22.344077,2.40260921e-03
54,20,2.03200496,22.443599,2.41556051e-03
55,20,2.05348246,22.521548,2.43954660e-03
56,20,2.07496029,22.588488,2.46582201e-03
57,20,2.09643779,22.556157,2.94926694e-04
58,20,2.11791562,22.459848,2.67376047e-04
59,20,2.13939312,22.424274,3.10000402e-04
60,20,2.13939312,22.424274,3.10000356e-04
61,20,2.20382612,22.239753,2.05174475e-03
62,20,2.26825912,22.397044,8.17489341e-04
63,20,2.33269211,22.972455,2.64696368e-04
64,20,2.39712495,23.371008,8.03293946e-05
65,20,2.46155794,24.045996,1.11917861e-04
66,20,2.52599094,24.562750,2.99892977e-04
67,20,2.59042394,24.088913,2.76390724e-05
68,20,2.65485693,24.960679,4.61965197e-05
69,20,2.71928993,25.749004,7.96664586e-05
70,20,2.78372276,26.201840,6.83264802e-05
71,20,2.84815576,26.283940,4.72473797e-05
72,20,2.91258876,26.234138,4.51580706e-05
73,20,2.97702175,26.148182,5.65676100e-05
74,20,3.04145475,26.052810,8.51945870e-05
75,20,3.10588775,25.954687,1.41789722e-04
76,20,3.17032058,25.838914,2.51543906e-04
77,20,3.23475363,25.680137,2.34667235e-03
78,20,3.29918661,25.469669,3.02624745e-03
79,20,3.36361957,25.363618,4.64434229e-08
80,20,3.36361957,25.363618,4.64956525e-08
81,20,3.41622887,25.447532,5.71894792e-04
82,20,3.46883817,25.594530,2.39598951e-04
83,20,3.52144747,25.733949,2.36374896e-03
84,20,3.57405686,25.848360,2.66631160e-03
85,20,3.62666598,25.944110,2.00606563e-03
86,20,3.67927530,26.028329,1.78181223e-03
87,20,3.73188462,26.106734,1.08904768e-03
88,20,3.78449394,26.183305,7.36011476e-04
89,20,3.83710326,26.255734,6.68630917e-04
90,20,3.88971258,26.324500,9.51358702e-05
91,20,3.94232191,26.350719,1.06425470e-05
92,20,3.99493123,25.468043,1.50086597e-05
93,20,4.04754055,24.567893,1.97047791e-05
94,20,4.10014987,23.701789,2.57871286e-05
95,20,4.15275899,23.382357,4.84824884e-04
96,20,4.20536831,23.782665,7.64802172e-06
97,20,4.25797763,24.434896,4.90114613e-06
98,20,4.31058696,24.968068,2.60254216e-06
99,20,4.36319628,25.194597,4.67263208e-07
0,21,0.00000000,25.363619,1.35990159e-04
1,21,0.06074799,25.503351,1.17731886e-03
2,21,0.12149598,25.787483,1.35085971e-03
3,21,0.18224397,26.087826,1.63583582e-03
4,21,0.24299205,26.347003,1.95830420e-03
5,21,0.30373983,26.562253,2.28568859e-03
6,21,0.36448784,26.737882,2.56184373e-03
7,21,0.42523585,26.883133,2.78995636e-03
8,21,0.48598386,26.993302,2.92106218e-03
9,21,0.54673188,27.025880,2.82959123e-03
10,21,0.60747989,26.876965,2.21961641e-03
11,21,0.66822790,26.405737,1.16719251e-03
12,21,0.72897591,25.657553,1.74968773e-05
13,21,0.78972392,24.797155,1.64402668e-04
14,21,0.85047193,23.898869,4.26737502e-04
15,21,0.91121971,23.498860,1.71544407e-03
16,21,0.97196773,23.152693,9.71939489e-04
17,21,1.03271574,22.383900,8.94520696e-04
18,21,1.09346375,21.644234,1.03995415e-03
19,21,1.15421176,21.046957,8.98206698e-05
20,21,1.15421176,21.046957,8.98181046e-05
21,21,1.18458576,21.073704,4.51968256e-04
22,21,1.21495976,21.151135,8.11444741e-04
23,21,1.24533376,21.272787,1.07147466e-03
24,21,1.27570776,21.431236,1.26325088e-03
25,21,1.30608176,21.620872,1.39959922e-03
26,21,1.33645576,21.836738,1.48827917e-03
27,21,1.36682976,22.071762,1.53695125e-03
28,21,1.39720381,22.313546,1.56469282e-03
29,21,1.42757781,22.536639,1.57883253e-03
30,21,1.45795159,22.691833,1.52588489e-03
31,21,1.48832560,22.769124,1.35340769e-03
32,21,1.51869960,22.821543,1.20397807e-03
33,21,1.54907361,22.889667,1.13370889e-03
34,21,1.57944761,22.973538,1.10049741e-03
35,21,1.60982162,23.060279,1.08180184e-03
36,21,1.64019563,23.138866,1.06955257e-03
37,21,1.67056963,23.200885,1.05974394e-03
38,21,1.70094364,23.240748,1.05021085e-03
39,21,1.73131764,23.257778,1.03884640e-03
40,21,1.73131764,23.257778,1.03884335e-03
41,21,1.75279515,23.363574,8.51949528e-04
42,21,1.77427297,23.460692,7.92717907e-04
43,21,1.79575048,23.545156,7.40171931e-04
44,21,1.81722830,23.615361,6.94866156e-04
45,21,1.83870581,23.668453,6.57805115e-04
46,21,1.86018364,23.701726,6.29140349e-04
47,21,1.88166114,23.711972,6.08234863e-04
48,21,1.90313897,23.696751,5.94920304e-04
49,21,1.92461647,23.650097,5.82606957e-04
50,21,1.94609430,23.571672,5.69008718e-04
51,21,1.96757180,23.462903,5.50798671e-04
52,21,1.98904963,23.328636,5.26275342e-04
53,21,2.01052713,23.175980,4.94574028e-04
54,21,2.03200496,23.012961,4.55090831e-04
55,21,2.05348246,22.848150,4.06741214e-04
56,21,2.07496029,22.692025,3.50654931e-04
57,21,2.09643779,22.626957,2.48659897e-03
58,21,2.11791562,22.649126,2.50183722e-03
59,21,2.13939312,22.656596,2.51170903e-03
60,21,2.13939312,22.656596,2.51170910e-03
61,21,2.20382612,22.911679,2.80516069e-04
62,21,2.26825912,23.455868,2.24119533e-04
63,21,2.33269211,24.043157,1.54848163e-04
64,21,2.39712495,24.660444,9.57115125e-05
65,21,2.46155794,25.173926,1.35760958e-04
66,21,2.52599094,24.717697,1.11242723e-04
67,21,2.59042394,25.343338,6.91489891e-05
68,21,2.65485693,25.863116,1.28023867e-05
69,21,2.71928993,26.228472,9.16721741e-06
70,21,2.78372276,26.418898,9.37565637e-05
71,21,2.84815576,26.486913,2.45128274e-04
72,21,2.91258876,26.464948,4.36384189e-04
73,21,2.97702175,26.385902,6.65167756e-04
74,21,3.04145475,26.259967,9.48041638e-04
75,21,3.10588775,26.099173,1.30456085e-03
76,21,3.17032058,25.902922,1.76254466e-03
77,21,3.23475363,25.689537,4.57563558e-04
78,21,3.29918661,25.495657,8.13016754e-04
79,21,3.36361957,25.363619,5.04054730e-03
80,21,3.36361957,25.363619,4.59511106e-03
81,21,3.41622887,25.447532,5.49039589e-03
82,21,3.46883817,25.594530,4.59949001e-03
83,21,3.52144747,25.733949,1.45879886e-03
84,21,3.57405686,25.848360,3.96196839e-04
85,21,3.62666598,25.944110,4.71929848e-04
86,21,3.67927530,26.028329,2.26761244e-04
87,21,3.73188462,26.106734,5.21502140e-04
88,21,3.78449394,26.183305,5.28402370e-04
89,21,3.83710326,26.255734,2.94095796e-04
90,21,3.88971258,26.324500,6.07326173e-04
91,21,3.94232191,26.387080,1.71683698e-04
92,21,3.99493123,26.437494,1.43724756e-04
93,21,4.04754055,26.474462,1.06732537e-04
94,21,4.10014987,26.480839,7.42140460e-05
95,21,4.15275899,26.430445,2.01523769e-05
96,21,4.20536831,26.320427,1.48974457e-05
97,21,4.25797763,26.192302,1.63153901e-05
98,21,4.31058696,26.101870,5.75399543e-05
99,21,4.36319628,26.067566,1.04553395e-04
0,22,0.00000000,25.363619,6.71781281e-03
1,22,0.06074799,25.503351,2.86599899e-03
2,22,0.12149598,25.787483,2.26084577e-03
3,22,0.18224397,26.087826,1.76783337e-03
4,22,0.24299205,26.347003,1.39384604e-03
5,22,0.30373983,26.562253,1.09314293e-03
6,22,0.36448784,26.737882,8.69399653e-04
7,22,0.42523585,26.883133,6.86439142e-04
8,22,0.48598386,26.993302,5.40017545e-04
9,22,0.54673188,27.025880,4.01618863e-04
10,22,0.60747989,26.876965,2.01216314e-04
11,22,0.66822790,26.405737,2.85799427e-05
12,22,0.72897591,26.034017,2.68048550e-05
13,22,0.78972392,26.014247,2.71639239e-06
14,22,0.85047193,25.178366,2.31951455e-07
15,22,0.91121971,24.374642,4.87482647e-05
16,22,0.97196773,24.215365,9.02598330e-04
17,22,1.03271574,24.514305,1.09473115e-03
18,22,1.09346375,24.859204,1.01240942e-03
19,22,1.15421176,25.211164,3.88159849e-05
20,22,1.15421176,25.211164,3.86742727e-05
21,22,1.18458576,25.178431,2.51950604e-05
22,22,1.21495976,25.083573,1.30774997e-05
23,22,1.24533376,24.936273,5.60868888e-06
24,22,1.27570776,24.746664,1.96842971e-06
25,22,1.30608176,24.528516,9.44395408e-07
26,22,1.33645576,24.295400,1.04708268e-06
27,22,1.36682976,24.055358,4.41176692e-06
28,22,1.39720381,23.841194,2.20387752e-05
29,22,1.42757781,23.700900,5.21421260e-05
30,22,1.45795159,23.692700,9.68029036e-06
31,22,1.48832560,23.855653,6.60539977e-05
32,22,1.51869960,24.140703,2.34621971e-04
33,22,1.54907361,24.491723,3.89279101e-04
34,22,1.57944761,24.882486,5.13494754e-04
35,22,1.60982162,25.295801,6.17368406e-04
36,22,1.64019563,25.727328,7.08286339e-04
37,22,1.67056963,26.172742,7.88783934e-04
38,22,1.70094364,26.629800,8.44064396e-04
39,22,1.73131764,27.024139,4.38369221e-04
40,22,1.73131764,27.024139,4.38333161e-04
41,22,1.75279515,26.838394,4.92557716e-05
42,22,1.77427297,26.603535,5.12890063e-05
43,22,1.79575048,26.366862,6.07344068e-05
44,22,1.81722830,26.134892,6.66052142e-05
45,22,1.83870581,25.910882,6.77385537e-05
46,22,1.86018364,25.698555,6.38167800e-05
47,22,1.88166114,25.502116,5.50541937e-05
48,22,1.90313897,25.326365,4.24337637e-05
49,22,1.92461647,25.175715,2.87916644e-05
50,22,1.94609430,25.050418,1.67547570e-05
51,22,1.96757180,24.956432,9.16104027e-06
52,22,1.98904963,24.887718,5.70964168e-06
53,22,2.01052713,24.839081,5.01179291e-06
54,22,2.03200496,24.805864,5.52337072e-06
55,22,2.05348246,24.783482,6.24065426e-06
56,22,2.07496029,24.772327,7.01240611e-06
57,22,2.09643779,24.763110,7.22192307e-06
58,22,2.11791562,24.758058,7.23136440e-06
59,22,2.13939312,24.756516,7.22073782e-06
60,22,2.13939312,24.756516,7.22073880e-06
61,22,2.20382612,25.522379,1.35644929e-05
62,22,2.26825912,26.259932,1.31833737e-03
63,22,2.33269211,25.318197,1.24253082e-03
64,22,2.39712495,24.977049,9.25223953e-04
65,22,2.46155794,25.495073,4.33898173e-04
66,22,2.52599094,26.172390,3.19516319e-05
67,22,2.59042394,26.862656,9.21246049e-05
68,22,2.65485693,27.208603,4.56243585e-05
69,22,2.71928993,27.242286,8.23269650e-05
70,22,2.78372276,27.641812,2.08158232e-04
71,22,2.84815576,28.441738,3.78932057e-04
72,22,2.91258876,28.828195,1.38158490e-03
73,22,2.97702175,28.257150,1.37127518e-03
74,22,3.04145475,27.636578,1.42557454e-03
75,22,3.10588775,27.012338,1.52003614e-03
76,22,3.17032058,26.425725,1.65896391e-03
77,22,3.23475363,25.909233,1.84747445e-03
78,22,3.29918661,25.523749,2.08006790e-03
79,22,3.36361957,25.363619,1.81325656e-03
80,22,3.36361957,25.363619,2.25869186e-03
81,22,3.41622887,25.479985,7.62686005e-08
82,22,3.46883817,25.753881,4.23689423e-07
83,22,3.52144747,26.116222,8.57262889e-07
84,22,3.57405686,26.513705,1.27710485e-06
85,22,3.62666598,26.931057,1.64783093e-06
86,22,3.67927530,27.319888,1.84595533e-06
87,22,3.73188462,27.670269,1.66138847e-06
88,22,3.78449394,27.920407,6.02622086e-07
89,22,3.83710326,27.820326,8.73901349e-07
90,22,3.88971258,27.183725,6.04574726e-06
91,22,3.94232191,26.387080,3.12798954e-04
92,22,3.99493123,26.437494,1.66567638e-04
93,22,4.04754055,26.474462,6.98866332e-05
94,22,4.10014987,26.480839,2.01219454e-05
95,22,4.15275899,26.430445,2.86109505e-05
96,22,4.20536831,26.320427,2.03673255e-05
97,22,4.25797763,26.192302,3.65466705e-05
98,22,4.31058696,26.101870,3.51442722e-05
99,22,4.36319628,26.067566,1.71489603e-05
0,23,0.00000000,28.862843,2.99145990e-03
1,23,0.06074799,28.960004,3.62820099e-03
2,23,0.12149598,29.239397,3.43707921e-03
3,23,0.18224397,29.697813,3.16541016e-03
4,23,0.24299205,30.310506,2.86274924e-03
5,23,0.30373983,31.053175,2.64894430e-03
6,23,0.36448784,31.691542,1.93709997e-03
7,23,0.42523585,30.992835,1.44305140e-07
8,23,0.48598386,30.176855,5.65079904e-05
9,23,0.54673188,29.394471,3.67384857e-04
10,23,0.60747989,28.772326,1.26352501e-03
11,23,0.66822790,28.339023,2.10989505e-04
12,23,0.72897591,27.415327,1.02225905e-04
13,23,0.78972392,27.359483,1.25717210e-05
14,23,0.85047193,27.020546,4.44691389e-05
15,23,0.91121971,26.651309,2.44345777e-07
16,23,0.97196773,26.280733,4.41778018e-05
17,23,1.03271574,25.920249,1.43442232e-04
18,23,1.09346375,25.565110,2.73443676e-04
19,23,1.15421176,25.211164,1.22858374e-03
20,23,1.15421176,25.211164,1.22872653e-03
21,23,1.18458576,25.178431,1.18417976e-03
22,23,1.21495976,25.083573,1.16848440e-03
23,23,1.24533376,24.936273,1.16496540e-03
24,23,1.27570776,24.746664,1.15197550e-03
25,23,1.30608176,24.528517,1.11320713e-03
26,23,1.33645576,24.295400,1.03281002e-03
27,23,1.36682976,24.055358,8.87004924e-04
28,23,1.39720381,23.841194,6.40921100e-04
29,23,1.42757781,23.700900,3.17094329e-04
30,23,1.45795159,23.692700,2.05657863e-04
31,23,1.48832560,23.855653,3.32537097e-04
32,23,1.51869960,24.140703,4.21533549e-04
33,23,1.54907361,24.491723,4.46583815e-04
34,23,1.57944761,24.882486,4.35644751e-04
35,23,1.60982162,25.295801,4.10502373e-04
36,23,1.64019563,25.727328,3.80203719e-04
37,23,1.67056963,26.172742,3.48864425e-04
38,23,1.70094364,26.629800,3.14517134e-04
39,23,1.73131764,27.024139,2.44908538e-04
40,23,1.73131764,27.024139,2.44944675e-04
41,23,1.75279515,26.872088,8.81093341e-04
42,23,1.77427297,26.661498,8.74016821e-04
43,23,1.79575048,26.459189,8.31671401e-04
44,23,1.81722830,26.269853,7.79250716e-04
45,23,1.83870581,26.094810,7.23059274e-04
46,23,1.86018364,25.936081,6.64355497e-04
47,23,1.88166114,25.795638,6.03320853e-04
48,23,1.90313897,25.675696,5.39171944e-04
49,23,1.92461647,25.577271,4.73410442e-04
50,23,1.94609430,25.501174,4.06561170e-04
51,23,1.96757180,25.448710,3.39621523e-04
52,23,1.98904963,25.418224,2.75452425e-04
53,23,2.01052713,25.406383,2.17524543e-04
54,23,2.03200496,25.410721,1.66942284e-04
55,23,2.05348246,25.425140,1.26019790e-04
56,23,2.07496029,25.447643,9.32849070e-05
57,23,2.09643779,25.465617,7.23606867e-05
58,23,2.11791562,25.478248,6.04529991e-05
59,23,2.13939312,25.483119,5.73704995e-05
60,23,2.13939312,25.483119,5.73704828e-05
61,23,2.20382612,26.185011,1.85665990e-04
62,23,2.26825912,26.332487,2.48114821e-05
63,23,2.33269211,27.162505,4.45642014e-05
64,23,2.39712495,26.798946,1.67447510e-04
65,23,2.46155794,25.898424,1.43068583e-04
66,23,2.52599094,26.331204,1.79062965e-04
67,23,2.59042394,27.276904,6.07222052e-05
68,23,2.65485693,27.596942,2.33178786e-04
69,23,2.71928993,28.311669,4.88144478e-04
70,23,2.78372276,28.918208,9.20418436e-04
71,23,2.84815576,29.147188,1.36447584e-03
72,23,2.91258876,29.387188,5.49076329e-04
73,23,2.97702175,30.320205,3.69815668e-04
74,23,3.04145475,30.036131,7.32574655e-04
75,23,3.10588775,29.687085,1.00294167e-03
76,23,3.17032058,29.357556,1.16103127e-03
77,23,3.23475363,29.093574,1.22688010e-03
78,23,3.29918661,28.924367,1.23924378e-03
79,23,3.36361957,28.862843,4.48094660e-03
80,23,3.36361957,28.862843,4.28746672e-03
81,23,3.41622887,28.874768,4.74396533e-12
82,23,3.46883817,28.899725,4.21204513e-11
83,23,3.52144747,28.941168,1.15773307e-10
84,23,3.57405686,28.998800,2.26668675e-10
85,23,3.62666598,29.072198,3.74044006e-10
86,23,3.67927530,29.160729,5.56710739e-10
87,23,3.73188462,29.263596,7.71941866e-10
88,23,3.78449394,29.380314,1.02237017e-09
89,23,3.83710326,29.036216,1.35496469e-05
90,23,3.88971258,29.070822,1.15774360e-05
91,23,3.94232191,29.251610,1.06602686e-05
92,23,3.99493123,29.410280,1.03865482e-05
93,23,4.04754055,28.710297,2.65500641e-04
94,23,4.10014987,28.078537,8.79321676e-05
95,23,4.15275899,27.601533,1.64108217e-04
96,23,4.20536831,27.315426,6.53228674e-05
97,23,4.25797763,27.181962,1.77100544e-05
98,23,4.31058696,27.129888,2.33008001e-05
99,23,4.36319628,27.115447,1.89011913e-05
0,24,0.00000000,28.862843,4.39888544e-03
1,24,0.06074799,28.960004,1.21531489e-03
2,24,0.12149598,29.239397,1.34093170e-03
3,24,0.18224397,29.697813,1.54144289e-03
4,24,0.24299205,30.310506,1.76818065e-03
5,24,0.30373983,31.053175,1.93714792e-03
6,24,0.36448784,31.691542,1.27405918e-03
7,24,0.42523585,30.992835,8.07393199e-04
8,24,0.48598386,30.176855,3.29007619e-04
9,24,0.54673188,29.394471,6.63549586e-05
10,24,0.60747989,28.772326,2.31376290e-06
11,24,0.66822790,28.350921,1.15841134e-03
12,24,0.72897591,27.842838,5.89742705e-04
13,24,0.78972392,27.411034,2.23317975e-04
14,24,0.85047193,28.261352,9.97709600e-06
15,24,0.91121971,28.796354,5.06939240e-03
16,24,0.97196773,28.931455,5.45368507e-03
17,24,1.03271574,29.038756,5.76839185e-03
18,24,1.09346375,29.111063,5.98045986e-03
19,24,1.15421176,29.136372,6.04664545e-03
20,24,1.15421176,29.136372,6.04686104e-03
21,24,1.18458576,29.162416,6.00011768e-03
22,24,1.21495976,29.236950,5.71407585e-03
23,24,1.24533376,29.350410,5.34547295e-03
24,24,1.27570776,29.489349,4.93174105e-03
25,24,1.30608176,29.638639,4.51951242e-03
26,24,1.33645576,29.781450,4.40196699e-03
27,24,1.36682976,29.895117,2.61692313e-03
28,24,1.39720381,29.962737,1.77514610e-03
29,24,1.42757781,29.964432,1.55588962e-03
30,24,1.45795159,29.894462,1.40146735e-03
31,24,1.48832560,29.766048,1.26061243e-03
32,24,1.51869960,29.599505,1.15429841e-03
33,24,1.54907361,29.410687,1.04236784e-03
34,24,1.57944761,29.193485,7.97997749e-04
35,24,1.60982162,28.902836,1.54405753e-04
36,24,1.64019563,28.506547,1.00350992e-03
37,24,1.67056963,28.052925,9.98930370e-04
38,24,1.70094364,27.585367,9.40164845e-04
39,24,1.73131764,27.187755,1.23427291e-03
40,24,1.73131764,27.187755,1.23426581e-03
41,24,1.75279515,27.194277,9.08539526e-04
42,24,1.77427297,27.251582,9.38880454e-04
43,24,1.79575048,27.321718,9.55616396e-04
44,24,1.81722830,27.398215,9.71598009e-04
45,24,1.83870581,27.480000,9.88051709e-04
46,24,1.86018364,27.566510,1.00563885e-03
47,24,1.88166114,27.657198,1.02499483e-03
48,24,1.90313897,27.751504,1.04583094e-03
49,24,1.92461647,27.848299,1.07043447e-03
50,24,1.94609430,27.948349,1.09816429e-03
51,24,1.96757180,28.046753,1.12960559e-03
52,24,1.98904963,28.143582,1.16456748e-03
53,24,2.01052713,28.236651,1.20320917e-03
54,24,2.03200496,28.323752,1.24359890e-03
55,24,2.05348246,28.401877,1.28443425e-03
56,24,2.07496029,28.468742,1.32250087e-03
57,24,2.09643779,28.519072,1.35499349e-03
58,24,2.11791562,28.550746,1.37719678e-03
59,24,2.13939312,28.561970,1.38525608e-03
60,24,2.13939312,28.561970,1.38525624e-03
61,24,2.20382612,27.375306,1.37276588e-03
62,24,2.26825912,26.931171,2.76012291e-04
63,24,2.33269211,27.566799,2.48044418e-04
64,24,2.39712495,27.716405,8.17240865e-05
65,24,2.46155794,27.599945,4.25016398e-05
66,24,2.52599094,27.446804,3.59839191e-05
67,24,2.59042394,27.306253,3.71398965e-05
68,24,2.65485693,28.290491,2.12346147e-05
69,24,2.71928993,29.343464,3.21553059e-05
70,24,2.78372276,29.933308,3.36269683e-04
71,24,2.84815576,30.294030,4.51049617e-05
72,24,2.91258876,30.437136,5.58816725e-05
73,24,2.97702175,30.366711,7.10629263e-04
74,24,3.04145475,30.944938,2.89351460e-03
75,24,3.10588775,30.285539,2.82754587e-03
76,24,3.17032058,29.716686,2.71349760e-03
77,24,3.23475363,29.266051,2.59490791e-03
78,24,3.29918661,28.971073,2.50687793e-03
79,24,3.36361957,28.862843,2.90940041e-03
80,24,3.36361957,28.862843,3.10287930e-03
81,24,3.41622887,28.996058,4.91899010e-03
82,24,3.46883817,29.358471,3.50702560e-03
83,24,3.52144747,29.896097,4.75392539e-03
84,24,3.57405686,30.542130,8.22610425e-04
85,24,3.62666598,31.242488,4.92617617e-03
86,24,3.67927530,31.093611,5.65055916e-06
87,24,3.73188462,30.265120,7.87800271e-06
88,24,3.78449394,29.495746,1.12877679e-05
89,24,3.83710326,29.508301,1.30108160e-09
90,24,3.88971258,29.646337,1.61048657e-09
91,24,3.94232191,29.792050,1.94819732e-09
92,24,3.99493123,29.446258,2.65938522e-04
93,24,4.04754055,28.710297,1.94379636e-04
94,24,4.10014987,28.078537,3.17083506e-04
95,24,4.15275899,27.601533,1.01148654e-04
96,24,4.20536831,27.315426,6.40492420e-05
97,24,4.25797763,27.181962,4.08273550e-05
98,24,4.31058696,27.129888,1.56315994e-05
99,24,4.36319628,27.115447,2.96015517e-05
0,25,0.00000000,28.862843,4.78669392e-12
1,25,0.06074799,29.038018,2.48316877e-03
2,25,0.12149598,29.488888,2.42804915e-03
3,25,0.18224397,30.114103,2.31734968e-03
4,25,0.24299205,30.829552,2.14564426e-03
5,25,0.30373983,31.583733,1.89862755e-03
6,25,0.36448784,31.983872,3.32567674e-03
7,25,0.42523585,31.219780,3.20666347e-03
8,25,0.48598386,30.430381,2.92440424e-03
9,25,0.54673188,29.660967,2.46215514e-03
10,25,0.60747989,28.956807,1.83885241e-03
11,25,0.66822790,28.466331,2.60582558e-03
12,25,0.72897591,28.428536,3.56404742e-03
13,25,0.78972392,28.520940,4.17353522e-03
14,25,0.85047193,28.652034,4.64913882e-03
15,25,0.91121971,28.796354,2.51385695e-05
16,25,0.97196773,28.931455,1.09627985e-05
17,25,1.03271574,29.038756,4.55972606e-06
18,25,1.09346375,29.111063,9.78293587e-08
19,25,1.15421176,29.136372,2.94843877e-07
20,25,1.15421176,29.136372,7.77747010e-08
21,25,1.18458576,29.162416,9.99300195e-05
22,25,1.21495976,29.236950,3.59059098e-04
23,25,1.24533376,29.350410,6.31817402e-04
24,25,1.27570776,29.489349,8.93636298e-04
25,25,1.30608176,29.638639,1.10382199e-03
26,25,1.33645576,29.781450,9.61908853e-04
27,25,1.36682976,29.895117,2.40257828e-03
28,25,1.39720381,29.962737,2.79229398e-03
29,25,1.42757781,29.964432,2.45631969e-03
30,25,1.45795159,29.894462,2.03554498e-03
31,25,1.48832560,29.766048,1.70011593e-03
32,25,1.51869960,29.599505,1.46590845e-03
33,25,1.54907361,29.410687,1.36278138e-03
34,25,1.57944761,29.193485,1.47643268e-03
35,25,1.60982162,28.902836,1.90214545e-03
36,25,1.64019563,28.506547,6.93353729e-04
37,25,1.67056963,28.052925,4.49568315e-04
38,25,1.70094364,27.585367,3.87655135e-04
39,25,1.73131764,27.187755,5.25993292e-04
40,25,1.73131764,27.187755,5.26000267e-04
41,25,1.75279515,27.524002,6.26344844e-04
42,25,1.77427297,27.928547,6.13531155e-04
43,25,1.79575048,28.321513,5.65944709e-04
44,25,1.81722830,28.530189,1.41458460e-04
45,25,1.83870581,28.495874,7.90501357e-05
46,25,1.86018364,28.442060,7.17655900e-05
47,25,1.88166114,28.394493,6.76979539e-05
48,25,1.90313897,28.358390,6.48195972e-05
49,25,1.92461647,28.334094,6.37250467e-05
50,25,1.94609430,28.324166,6.45145415e-05
51,25,1.96757180,28.330203,6.67264706e-05
52,25,1.98904963,28.353989,7.07016660e-05
53,25,2.01052713,28.397191,7.65519273e-05
54,25,2.03200496,28.461600,8.43674550e-05
55,25,2.05348246,28.548423,9.43179756e-05
56,25,2.07496029,28.663635,1.07474129e-04
57,25,2.09643779,28.797085,1.23716930e-04
58,25,2.11791562,28.950793,1.49106425e-04
59,25,2.13939312,29.086369,2.11858836e-04
60,25,2.13939312,29.086369,2.11860032e-04
61,25,2.20382612,28.815053,2.20418711e-05
62,25,2.26825912,28.547008,3.94908373e-05
63,25,2.33269211,27.855770,8.60143479e-05
64,25,2.39712495,28.017786,4.49872116e-05
65,25,2.46155794,28.854504,6.10500417e-05
66,25,2.52599094,28.915760,6.72914108e-04
67,25,2.59042394,28.998441,7.61583684e-04
68,25,2.65485693,29.193820,7.79465736e-04
69,25,2.71928993,29.523370,6.40626108e-04
70,25,2.78372276,30.420690,7.08860958e-05
71,25,2.84815576,30.790386,2.93711614e-05
72,25,2.91258876,31.223279,4.19278213e-04
73,25,2.97702175,31.656134,2.80495147e-03
74,25,3.04145475,31.337131,8.39906504e-04
75,25,3.10588775,31.582464,2.88262821e-03
76,25,3.17032058,30.603558,3.38768962e-03
77,25,3.23475363,29.735297,3.61653890e-03
78,25,3.29918661,29.104092,3.66752452e-03
79,25,3.36361957,28.862843,5.07335626e-12
80,25,3.36361957,28.862843,2.11253082e-11
81,25,3.41622887,28.996058,2.54568950e-03
82,25,3.46883817,29.358471,4.12595739e-03
83,25,3.52144747,29.896097,2.88811325e-03
84,25,3.57405686,30.542130,6.49330870e-03
85,25,3.62666598,31.242488,1.65012458e-03
86,25,3.67927530,31.900709,2.17690387e-03
87,25,3.73188462,32.376224,3.24036147e-03
88,25,3.78449394,32.354343,8.74888617e-04
89,25,3.83710326,31.804075,1.45292467e-04
90,25,3.88971258,31.048898,1.01326090e-05
91,25,3.94232191,30.241970,4.58905854e-05
92,25,3.99493123,29.446258,1.13329602e-04
93,25,4.04754055,29.489367,1.02540458e-05
94,25,4.10014987,29.445315,9.99170936e-06
95,25,4.15275899,29.234076,9.56129555e-06
96,25,4.20536831,28.867004,9.26677975e-06
97,25,4.25797763,28.402247,9.56162054e-06
98,25,4.31058696,27.963766,1.07829385e-05
99,25,4.36319628,27.765535,1.24200643e-05
0,26,0.00000000,34.511773,5.30689033e-03
1,26,0.06074799,34.458467,2.89154706e-03
2,26,0.12149598,34.194862,9.11239041e-04
3,26,0.18224397,33.774737,1.16509431e-03
4,26,0.24299205,33.223151,7.20892554e-04
5,26,0.30373983,32.568430,5.18470002e-04
6,26,0.36448784,32.004451,2.11061025e-03
7,26,0.42523585,32.592182,1.05537164e-03
8,26,0.48598386,31.510244,7.99941364e-04
9,26,0.54673188,30.434592,5.68781207e-04
10,26,0.60747989,29.375039,3.69406793e-04
11,26,0.66822790,28.466331,5.86733619e-05
12,26,0.72897591,28.428536,8.07721016e-05
13,26,0.78972392,28.520940,6.69254903e-05
14,26,0.85047193,28.652034,4.54169418e-05
15,26,0.91121971,29.336263,6.57749583e-05
16,26,0.97196773,30.476652,1.39080595e-04
17,26,1.03271574,31.639578,2.01346909e-04
18,26,1.09346375,32.774841,2.25665040e-04
19,26,1.15421176,33.718480,5.91841695e-06
20,26,1.15421176,33.718480,2.47447275e-06
21,26,1.18458576,33.482166,1.48349087e-04
22,26,1.21495976,33.206008,3.37677106e-04
23,26,1.24533376,32.927413,1.08491596e-03
24,26,1.27570776,32.652498,1.08047891e-03
25,26,1.30608176,32.389063,1.00818888e-03
26,26,1.33645576,32.147210,9.31353561e-04
27,26,1.36682976,31.939772,8.59455169e-04
28,26,1.39720381,31.785389,7.97933858e-04
29,26,1.42757781,31.693960,6.63743695e-04
30,26,1.45795159,31.610463,1.98035089e-04
31,26,1.48832560,31.229248,9.28098104e-04
32,26,1.51869960,30.742621,9.08754018e-04
33,26,1.54907361,30.257652,7.63226580e-04
34,26,1.57944761,29.806466,5.19872654e-04
35,26,1.60982162,29.441301,3.09260726e-04
36,26,1.64019563,29.213696,6.58930661e-04
37,26,1.67056963,29.080602,1.02091655e-03
38,26,1.70094364,29.007643,1.13007525e-03
39,26,1.73131764,28.983956,1.15969186e-03
40,26,1.73131764,28.983956,1.15975485e-03
41,26,1.75279515,28.878086,1.79382540e-04
42,26,1.77427297,28.784048,1.75683382e-04
43,26,1.79575048,28.717795,2.42813186e-04
44,26,1.81722830,28.849012,7.06197847e-04
45,26,1.83870581,29.235294,8.31919308e-04
46,26,1.86018364,29.652323,8.99150953e-04
47,26,1.88166114,30.072605,9.67076844e-04
48,26,1.90313897,30.455125,9.22728570e-04
49,26,1.92461647,30.640356,8.61151222e-04
50,26,1.94609430,30.781739,7.68072935e-04
51,26,1.96757180,30.863676,6.61618603e-04
52,26,1.98904963,30.692553,2.05867683e-04
53,26,2.01052713,30.463305,1.69729426e-04
54,26,2.03200496,30.229615,1.44989341e-04
55,26,2.05348246,29.995671,1.25736219e-04
56,26,2.07496029,29.766921,1.08597947e-04
57,26,2.09643779,29.545612,9.22967289e-05
58,26,2.11791562,29.338089,7.03906793e-05
59,26,2.13939312,29.185799,1.71558536e-05
60,26,2.13939312,29.185799,1.71559801e-05
61,26,2.20382612,29.054437,2.69334821e-04
62,26,2.26825912,28.899742,2.14466591e-05
63,26,2.33269211,28.471490,1.41113653e-04
64,26,2.39712495,28.920721,3.60678652e-04
65,26,2.46155794,28.905683,5.69749388e-04
66,26,2.52599094,29.667882,7.43129191e-05
67,26,2.59042394,30.413969,9.21261171e-05
68,26,2.65485693,30.972555,1.31893584e-04
69,26,2.71928993,31.089831,1.72776902e-04
70,26,2.78372276,30.845718,8.66744414e-05
71,26,2.84815576,31.506866,8.20550997e-05
72,26,2.91258876,32.290367,1.22753910e-03
73,26,2.97702175,31.860454,8.77277139e-04
74,26,3.04145475,32.512197,2.25070188e-03
75,26,3.10588775,32.267749,1.08619153e-03
76,26,3.17032058,33.120756,1.15204168e-03
77,26,3.23475363,33.845097,1.24384233e-03
78,26,3.29918661,34.358796,1.32708394e-03
79,26,3.36361957,34.511773,2.63884345e-03
80,26,3.36361957,34.511773,7.65448712e-03
81,26,3.41622887,34.401500,4.08938310e-07
82,26,3.46883817,33.992336,1.16148750e-06
83,26,3.52144747,33.401549,2.00300552e-06
84,26,3.57405686,32.693703,2.94078155e-06
85,26,3.62666598,31.913848,4.10271683e-06
86,26,3.67927530,31.900709,3.19106485e-03
87,26,3.73188462,32.376224,5.34709770e-04
88,26,3.78449394,32.354343,7.82464204e-04
89,26,3.83710326,31.804075,8.04428523e-05
90,26,3.88971258,31.048898,6.89564702e-06
91,26,3.94232191,30.241970,1.47204647e-04
92,26,3.99493123,29.942367,2.30437553e-09
93,26,4.04754055,30.093334,2.68247172e-09
94,26,4.10014987,30.244057,3.06398643e-09
95,26,4.15275899,30.379970,3.44050734e-09
96,26,4.20536831,30.498004,3.79098034e-09
97,26,4.25797763,30.590270,4.08260691e-09
98,26,4.31058696,30.649333,4.29205073e-09
99,26,4.36319628,30.669515,4.39135164e-09
0,27,0.00000000,34.511773,2.94901635e-03
1,27,0.06074799,34.460322,2.98511857e-03
2,27,0.12149598,34.194862,3.62418407e-03
3,27,0.18224397,33.774737,2.52892090e-03
4,27,0.24299205,33.223151,2.04487254e-03
5,27,0.30373983,32.568430,1.30888957e-03
6,27,0.36448784,32.004451,1.97300536e-04
7,27,0.42523585,32.777105,2.22297888e-03
8,27,0.48598386,33.668907,7.44637601e-04
9,27,0.54673188,34.182476,3.68067039e-04
10,27,0.60747989,34.576303,1.12521232e-04
11,27,0.66822790,34.579116,1.28933778e-05
12,27,0.72897591,34.579021,2.50292774e-06
13,27,0.78972392,34.643305,3.58537613e-07
14,27,0.85047193,34.723939,2.65529158e-03
15,27,0.91121971,34.390600,5.20988748e-04
16,27,0.97196773,34.109945,2.25193004e-04
17,27,1.03271574,33.897408,3.61526805e-04
18,27,1.09346375,33.764042,7.22074607e-05
19,27,1.15421176,33.718480,2.17882797e-03
20,27,1.15421176,33.718480,2.18227709e-03
21,27,1.18458576,33.482166,1.30185180e-03
22,27,1.21495976,33.206008,9.99394576e-04
23,27,1.24533376,32.927413,1.71844569e-04
24,27,1.27570776,32.652498,1.03581762e-04
25,27,1.30608176,32.389063,1.12928427e-04
26,27,1.33645576,32.147210,1.48498310e-04
27,27,1.36682976,31.939772,2.24343338e-04
28,27,1.39720381,31.785389,3.50184816e-04
29,27,1.42757781,31.693960,5.52679080e-04
30,27,1.45795159,31.610463,6.57321258e-04
31,27,1.48832560,31.229248,2.02482620e-05
32,27,1.51869960,30.742621,7.09960946e-05
33,27,1.54907361,30.257652,1.35135859e-04
34,27,1.57944761,29.806466,2.70962054e-04
35,27,1.60982162,29.441301,5.21992435e-04
36,27,1.64019563,29.213696,3.67502198e-04
37,27,1.67056963,29.080602,1.17444536e-04
38,27,1.70094364,29.007643,4.97155105e-05
39,27,1.73131764,28.983956,3.27798118e-05
40,27,1.73131764,28.983956,3.27169069e-05
41,27,1.75279515,29.107996,9.85701025e-04
42,27,1.77427297,29.256555,9.80123365e-04
43,27,1.79575048,29.426621,9.77491008e-04
44,27,1.81722830,29.614860,9.76787773e-04
45,27,1.83870581,29.817575,9.75722763e-04
46,27,1.86018364,30.030051,9.70692539e-04
47,27,1.88166114,30.245574,9.56014302e-04
48,27,1.90313897,30.488355,1.03183894e-03
49,27,1.92461647,30.865333,1.03221153e-03
50,27,1.94609430,31.031888,5.78612808e-04
51,27,1.96757180,30.900793,2.84798982e-04
52,27,1.98904963,30.888122,5.66830788e-04
53,27,2.01052713,30.872018,4.90634257e-04
54,27,2.03200496,30.832960,4.27906273e-04
55,27,2.05348246,30.785112,3.73545908e-04
56,27,2.07496029,30.739356,3.25985867e-04
57,27,2.09643779,30.700471,2.88050458e-04
58,27,2.11791562,30.674952,2.62594480e-04
59,27,2.13939312,30.666272,2.52952574e-04
60,27,2.13939312,30.666272,2.52952989e-04
61,27,2.20382612,29.872566,1.08632839e-05
62,27,2.26825912,29.017302,3.32463276e-04
63,27,2.33269211,28.974984,4.01830287e-04
64,27,2.39712495,28.931165,4.78808637e-04
65,27,2.46155794,29.678888,4.35938431e-04
66,27,2.52599094,30.482209,4.49445474e-04
67,27,2.59042394,31.274662,4.21380146e-04
68,27,2.65485693,32.031174,3.47966492e-04
69,27,2.71928993,32.713333,2.23423698e-04
70,27,2.78372276,33.274220,7.00457180e-05
71,27,2.84815576,33.286959,3.12397798e-03
72,27,2.91258876,32.821679,2.33684365e-03
73,27,2.97702175,33.263482,1.23550929e-03
74,27,3.04145475,32.521286,1.29655254e-03
75,27,3.10588775,33.152416,1.69503560e-03
76,27,3.17032058,33.709250,2.05961862e-03
77,27,3.23475363,34.152758,2.37327150e-03
78,27,3.29918661,34.443120,2.60982825e-03
79,27,3.36361957,34.511773,5.54715820e-03
80,27,3.36361957,34.511773,5.80461509e-04
81,27,3.41622887,34.524829,4.16226287e-03
82,27,3.46883817,34.444721,5.81256429e-03
83,27,3.52144747,34.317124,2.86876885e-03
84,27,3.57405686,34.147650,3.93664191e-04
85,27,3.62666598,33.943632,2.66341708e-04
86,27,3.67927530,33.715177,8.46015657e-04
87,27,3.73188462,33.503080,1.28353567e-03
88,27,3.78449394,33.412873,1.90338748e-03
89,27,3.83710326,33.235522,1.66143925e-03
90,27,3.88971258,32.979007,3.51864915e-03
91,27,3.94232191,32.738187,3.25485370e-03
92,27,3.99493123,32.525081,9.34092193e-04
93,27,4.04754055,32.344407,3.47950379e-03
94,27,4.10014987,32.195695,4.91828112e-03
95,27,4.15275899,32.079845,4.71473533e-03
96,27,4.20536831,32.004916,5.29372226e-03
97,27,4.25797763,31.957067,5.42599545e-03
98,27,4.31058696,31.935305,4.60268643e-04
99,27,4.36319628,31.928747,6.71417518e-03
0,28,0.00000000,34.511773,1.26268115e-05
1,28,0.06074799,34.460322,2.19054500e-03
2,28,0.12149598,34.198104,2.99390534e-03
3,28,0.18224397,33.803314,3.10015242e-03
4,28,0.24299205,33.295155,3.21726381e-03
5,28,0.30373983,32.684738,3.31123807e-03
6,28,0.36448784,32.325538,1.56791331e-03
7,28,0.42523585,32.777105,1.76119913e-03
8,28,0.48598386,33.695163,2.08247271e-03
9,28,0.54673188,34.612575,1.48971826e-03
10,28,0.60747989,34.650706,3.06348822e-05
11,28,0.66822790,34.856237,5.58326972e-06
12,28,0.72897591,35.042882,2.48885224e-05
13,28,0.78972392,35.105654,2.61880448e-03
14,28,0.85047193,34.723939,1.18828318e-03
15,28,0.91121971,34.390600,2.84677379e-03
16,28,0.97196773,34.109945,2.68701452e-03
17,28,1.03271574,33.897408,2.16558950e-03
18,28,1.09346375,33.764042,2.19665333e-03
19,28,1.15421176,33.792977,2.50512806e-05
20,28,1.15421176,33.792977,3.59077887e-05
21,28,1.18458576,34.018990,6.88234819e-04
22,28,1.21495976,34.264924,7.02747528e-04
23,28,1.24533376,34.495166,6.23400293e-04
24,28,1.27570776,34.547114,1.43615746e-03
25,28,1.30608176,34.170726,1.57775315e-03
26,28,1.33645576,33.735839,1.56253929e-03
27,28,1.36682976,33.272462,1.49448339e-03
28,28,1.39720381,32.786991,1.43606498e-03
29,28,1.42757781,32.303053,1.36304764e-03
30,28,1.45795159,31.878186,1.42357636e-03
31,28,1.48832560,31.806267,1.44267910e-03
32,28,1.51869960,31.875952,1.25208002e-03
33,28,1.54907361,31.972568,1.08850974e-03
34,28,1.57944761,32.073371,9.79006937e-04
35,28,1.60982162,32.166291,7.99083197e-04
36,28,1.64019563,32.245126,7.34283362e-04
37,28,1.67056963,32.305028,5.98009358e-04
38,28,1.70094364,32.351586,6.83022756e-04
39,28,1.73131764,32.373828,3.01557994e-04
40,28,1.73131764,32.373828,4.96521186e-04
41,28,1.75279515,32.329042,1.08706913e-03
42,28,1.77427297,32.269182,1.05642991e-03
43,28,1.79575048,32.214922,1.03096772e-03
44,28,1.81722830,32.159778,1.00867606e-03
45,28,1.83870581,32.104051,9.91408029e-04
46,28,1.86018364,31.986948,2.03158376e-04
47,28,1.88166114,31.831377,1.90191043e-04
48,28,1.90313897,31.665530,1.81775567e-04
49,28,1.92461647,31.519815,2.37721166e-04
50,28,1.94609430,31.568741,7.48851088e-04
51,28,1.96757180,31.903940,1.11264571e-03
52,28,1.98904963,32.304351,1.26509141e-03
53,28,2.01052713,32.605453,1.37372732e-03
54,28,2.03200496,32.883209,1.41578779e-03
55,28,2.05348246,33.181535,1.44835468e-03
56,28,2.07496029,33.495461,1.47283142e-03
57,28,2.09643779,33.807049,1.49303864e-03
58,28,2.11791562,34.101581,1.54015213e-03
59,28,2.13939312,34.276019,1.73731032e-03
60,28,2.13939312,34.276019,1.73730934e-03
61,28,2.20382612,34.238794,2.08267493e-03
62,28,2.26825912,34.101032,2.13103569e-03
63,28,2.33269211,33.991910,2.19397041e-03
64,28,2.39712495,33.913977,2.24649241e-03
65,28,2.46155794,33.883303,2.29211145e-03
66,28,2.52599094,33.882325,2.29811930e-03
67,28,2.59042394,33.452410,9.09420885e-05
68,28,2.65485693,33.113562,1.08508191e-04
69,28,2.71928993,33.196963,7.52540140e-05
70,28,2.78372276,33.709205,6.84658985e-05
71,28,2.84815576,33.638981,9.64923915e-06
72,28,2.91258876,33.667590,3.48489636e-04
73,28,2.97702175,33.794802,1.03586663e-03
74,28,3.04145475,34.257888,1.88140686e-03
75,28,3.10588775,34.377060,2.81992133e-03
76,28,3.17032058,34.457441,3.46259926e-03
77,28,3.23475363,34.509254,3.86327487e-03
78,28,3.29918661,34.538801,4.08169259e-03
79,28,3.36361957,34.511773,8.25816740e-05
80,28,3.36361957,34.511773,3.35836772e-05
81,28,3.41622887,34.524829,3.92407817e-03
82,28,3.46883817,34.444721,1.94639964e-03
83,28,3.52144747,34.317124,4.41193571e-03
84,28,3.57405686,34.147650,6.23897677e-03
85,28,3.62666598,33.943633,5.47814265e-03
86,28,3.67927530,33.715177,3.64443989e-03
87,28,3.73188462,33.503080,1.51703420e-03
88,28,3.78449394,33.412873,7.48597250e-04
89,28,3.83710326,33.235522,3.20328062e-03
90,28,3.88971258,32.979007,2.00245642e-03
91,28,3.94232191,32.738187,2.21466730e-03
92,28,3.99493123,32.525081,4.37045420e-03
93,28,4.04754055,32.344408,1.70743319e-03
94,28,4.10014987,32.195695,2.66904362e-04
95,28,4.15275899,32.079845,6.21343383e-04
96,28,4.20536831,32.004916,3.37154838e-04
97,28,4.25797763,31.957067,7.16111450e-04
98,28,4.31058696,31.935305,6.29328428e-03
99,28,4.36319628,31.928747,4.94551241e-04
0,29,0.00000000,37.687382,3.45518575e-05
1,29,0.06074799,37.755726,9.35124879e-06
2,29,0.12149598,37.521813,2.58345888e-03
3,29,0.18224397,36.703250,2.25449919e-03
4,29,0.24299205,35.753144,1.92927114e-03
5,29,0.30373983,34.730768,1.62106419e-03
6,29,0.36448784,33.670225,1.32985074e-03
7,29,0.42523585,33.023397,1.16791288e-03
8,29,0.48598386,33.695163,1.81713418e-03
9,29,0.54673188,34.612575,2.22972489e-03
10,29,0.60747989,35.486501,2.36568270e-03
11,29,0.66822790,35.868751,4.14025706e-03
12,29,0.72897591,35.516184,4.31964301e-03
13,29,0.78972392,35.105654,1.67673623e-03
14,29,0.85047193,34.744721,9.44364506e-06
15,29,0.91121971,34.861266,3.56815309e-05
16,29,0.97196773,34.942586,9.14100670e-05
17,29,1.03271574,34.887789,1.99727028e-04
18,29,1.09346375,34.537368,3.53895172e-04
19,29,1.15421176,33.792977,6.15334852e-04
20,29,1.15421176,33.792977,6.04474511e-04
21,29,1.18458576,34.018990,7.07708992e-04
22,29,1.21495976,34.264924,8.28141569e-04
23,29,1.24533376,34.495166,1.06053624e-03
24,29,1.27570776,34.547114,7.27595556e-04
25,29,1.30608176,34.170726,3.76406021e-04
26,29,1.33645576,33.735839,2.96906711e-04
27,29,1.36682976,33.272462,2.99034148e-04
28,29,1.39720381,32.786991,3.23621621e-04
29,29,1.42757781,32.303053,4.49185567e-04
30,29,1.45795159,31.878186,8.92227649e-04
31,29,1.48832560,31.806267,8.09792795e-04
32,29,1.51869960,31.875952,8.82964473e-04
33,29,1.54907361,31.972568,9.33065047e-04
34,29,1.57944761,32.073371,9.00307844e-04
35,29,1.60982162,32.166291,9.23398632e-04
36,29,1.64019563,32.245126,8.37106547e-04
37,29,1.67056963,32.305028,8.44913896e-04
38,29,1.70094364,32.351586,6.69361516e-04
39,29,1.73131764,32.373828,1.00485586e-03
40,29,1.73131764,32.373828,8.09893138e-04
41,29,1.75279515,32.387599,2.04479412e-04
42,29,1.77427297,32.366121,2.16104853e-04
43,29,1.79575048,32.315694,2.20503109e-04
44,29,1.81722830,32.233616,2.19661866e-04
45,29,1.83870581,32.122723,2.13568241e-04
46,29,1.86018364,32.050987,9.82103627e-04
47,29,1.88166114,32.006061,9.85680012e-04
48,29,1.90313897,31.979058,1.00974943e-03
49,29,1.92461647,31.984284,1.06340279e-03
50,29,1.94609430,32.041533,1.14708335e-03
51,29,1.96757180,32.168170,1.23936259e-03
52,29,1.98904963,32.361644,1.31645887e-03
53,29,2.01052713,32.708941,1.38384886e-03
54,29,2.03200496,33.108819,1.49899840e-03
55,29,2.05348246,33.490717,1.62125600e-03
56,29,2.07496029,33.844575,1.75324022e-03
57,29,2.09643779,34.139148,1.89172139e-03
58,29,2.11791562,34.343976,2.00795469e-03
59,29,2.13939312,34.419050,2.04773976e-03
60,29,2.13939312,34.419050,2.04775777e-03
61,29,2.20382612,34.454535,1.67401560e-03
62,29,2.26825912,34.657328,1.57829056e-03
63,29,2.33269211,34.702877,1.74820833e-04
64,29,2.39712495,34.606711,4.98810188e-05
65,29,2.46155794,34.337596,7.20471314e-06
66,29,2.52599094,33.920748,3.83243784e-05
67,29,2.59042394,33.899380,2.17922069e-03
68,29,2.65485693,33.929344,1.84740471e-03
69,29,2.71928993,33.939668,1.18012121e-03
70,29,2.78372276,33.898920,4.00417115e-04
71,29,2.84815576,33.860923,9.83262237e-05
72,29,2.91258876,33.928581,1.81782915e-04
73,29,2.97702175,34.098997,8.06146294e-04
74,29,3.04145475,34.866468,1.19522033e-03
75,29,3.10588775,35.892243,1.52002031e-03
76,29,3.17032058,36.823312,1.93291594e-03
77,29,3.23475363,37.598256,2.38006073e-03
78,29,3.29918661,37.762244,2.54717298e-05
79,29,3.36361957,37.687382,3.45555095e-05
80,29,3.36361957,37.687382,3.45598142e-05
81,29,3.41622887,37.738415,3.48987681e-05
82,29,3.46883817,37.863728,3.71193009e-05
83,29,3.52144747,37.509347,3.03228923e-04
84,29,3.57405686,36.912894,2.88278234e-04
85,29,3.62666598,36.194556,1.37085515e-05
86,29,3.67927530,35.419730,1.08238755e-04
87,29,3.73188462,34.690716,1.68718452e-04
88,29,3.78449394,34.194303,1.46150690e-03
89,29,3.83710326,34.072792,2.37544077e-04
90,29,3.88971258,34.019882,8.21533612e-05
91,29,3.94232191,33.875856,4.48577157e-04
92,29,3.99493123,33.666079,7.60262457e-04
93,29,4.04754055,33.425778,1.33162948e-03
94,29,4.10014987,33.190857,5.77273578e-04
95,29,4.15275899,32.967394,1.25166491e-03
96,29,4.20536831,32.773799,7.88066163e-04
97,29,4.25797763,32.617263,1.33512739e-03
98,29,4.31058696,32.513765,5.12620341e-04
99,29,4.36319628,32.473527,2.85520843e-04
0,30,0.00000000,38.292740,1.82875962e-03
1,30,0.06074799,38.108767,2.85278086e-03
2,30,0.12149598,37.908492,1.29426086e-05
3,30,0.18224397,37.837468,2.11439143e-04
4,30,0.24299205,37.212410,4.04636424e-04
5,30,0.30373983,36.516808,3.54513475e-04
6,30,0.36448784,35.910319,2.50876169e-04
7,30,0.42523585,35.428184,1.60252388e-04
8,30,0.48598386,35.065020,9.75788325e-05
9,30,0.54673188,34.809610,5.71561194e-05
10,30,0.60747989,35.486501,1.19549714e-03
11,30,0.66822790,35.868751,4.05901560e-04
12,30,0.72897591,35.516184,3.40016837e-04
13,30,0.78972392,35.169561,1.26873736e-04
14,30,0.85047193,35.244066,2.72233278e-04
15,30,0.91121971,35.298717,4.34915676e-04
16,30,0.97196773,35.334876,6.00927581e-04
17,30,1.03271574,35.368700,7.62811578e-04
18,30,1.09346375,35.406918,9.17506843e-04
19,30,1.15421176,35.454259,2.09686886e-03
20,30,1.15421176,35.454259,2.09368443e-03
21,30,1.18458576,35.391111,2.05728394e-03
22,30,1.21495976,35.211567,1.96662159e-03
23,30,1.24533376,34.943695,1.81972346e-03
24,30,1.27570776,34.765584,9.14163634e-04
25,30,1.30608176,34.953206,6.94422446e-04
26,30,1.33645576,35.154457,5.40308307e-04
27,30,1.36682976,35.354784,8.25862692e-04
28,30,1.39720381,35.551699,7.22792019e-04
29,30,1.42757781,35.749261,7.72405842e-04
30,30,1.45795159,35.949680,8.06892280e-04
31,30,1.48832560,36.147257,1.22567831e-03
32,30,1.51869960,36.336386,1.00178344e-03
33,30,1.54907361,36.492133,8.11466504e-04
34,30,1.57944761,36.549464,5.22117871e-04
35,30,1.60982162,36.499752,7.49972693e-04
36,30,1.64019563,36.427596,8.35276628e-04
37,30,1.67056963,36.366748,3.62312160e-04
38,30,1.70094364,36.329032,2.80651414e-04
39,30,1.73131764,36.318339,4.63406962e-04
40,30,1.73131764,36.318339,3.32268942e-04
41,30,1.75279515,36.184536,1.66585855e-03
42,30,1.77427297,36.041345,1.62357384e-03
43,30,1.79575048,35.896575,1.57836626e-03
44,30,1.81722830,35.753623,1.53094140e-03
45,30,1.83870581,35.614671,1.48518514e-03
46,30,1.86018364,35.481949,1.44229504e-03
47,30,1.88166114,35.357068,1.40268794e-03
48,30,1.90313897,35.241337,1.36696940e-03
49,30,1.92461647,35.135144,1.33389433e-03
50,30,1.94609430,35.038427,1.30390587e-03
51,30,1.96757180,34.952821,1.27597715e-03
52,30,1.98904963,34.877673,1.24948277e-03
53,30,2.01052713,34.812913,1.22386691e-03
54,30,2.03200496,34.758204,1.19475816e-03
55,30,2.05348246,34.713149,1.15684044e-03
56,30,2.07496029,34.677305,1.09582326e-03
57,30,2.09643779,34.647096,9.59894539e-04
58,30,2.11791562,34.611459,5.80607406e-04
59,30,2.13939312,34.561549,6.43454364e-05
60,30,2.13939312,34.561549,6.43474716e-05
61,30,2.20382612,34.590781,4.63979636e-04
62,30,2.26825912,34.667416,3.41770285e-04
63,30,2.33269211,34.880947,1.43948780e-03
64,30,2.39712495,35.116912,1.23049183e-03
65,30,2.46155794,35.359313,9.22151762e-04
66,30,2.52599094,35.572776,4.68442282e-04
67,30,2.59042394,35.662912,1.85547062e-05
68,30,2.65485693,35.431311,5.16489905e-04
69,30,2.71928993,34.837499,1.73891992e-03
70,30,2.78372276,34.069882,2.58329545e-03
71,30,2.84815576,34.381574,1.08432593e-04
72,30,2.91258876,35.087384,2.04427383e-04
73,30,2.97702175,35.727128,7.66259345e-03
74,30,3.04145475,36.435608,5.97871343e-03
75,30,3.10588775,37.044321,1.09857127e-03
76,30,3.17032058,37.566135,1.65598356e-03
77,30,3.23475363,37.933476,2.88143731e-05
78,30,3.29918661,38.133658,2.76439706e-03
79,30,3.36361957,38.292740,3.93406389e-03
80,30,3.36361957,38.292740,3.48939117e-03
81,30,3.41622887,38.233394,9.46707189e-04
82,30,3.46883817,37.953650,4.27252613e-03
83,30,3.52144747,37.509347,2.20854368e-03
84,30,3.57405686,36.912895,4.87854717e-04
85,30,3.62666598,36.194557,6.90135525e-08
86,30,3.67927530,35.419730,3.08915816e-04
87,30,3.73188462,34.690716,1.45545846e-03
88,30,3.78449394,34.194303,4.87204541e-04
89,30,3.83710326,34.072792,3.87993892e-05
90,30,3.88971258,34.019882,2.21569345e-04
91,30,3.94232191,33.875856,7.15569020e-04
92,30,3.99493123,33.666079,1.18564952e-03
93,30,4.04754055,33.425778,1.06684500e-03
94,30,4.10014987,33.190857,1.98224789e-03
95,30,4.15275899,32.967394,1.18013011e-03
96,30,4.20536831,32.773799,1.29619572e-03
97,30,4.25797763,32.617263,1.64261468e-04
98,30,4.31058696,32.513765,3.09941433e-04
99,30,4.36319628,32.473527,5.05954820e-05
0,31,0.00000000,38.292740,4.03769001e-03
1,31,0.06074799,38.297954,2.87951255e-03
2,31,0.12149598,38.203820,2.81777725e-03
3,31,0.18224397,38.059507,2.73980630e-03
4,31,0.24299205,37.877699,2.65529836e-03
5,31,0.30373983,37.671076,2.57035568e-03
6,31,0.36448784,37.450662,2.48747169e-03
7,31,0.42523585,37.225310,2.40651532e-03
8,31,0.48598386,37.001818,2.32606606e-03
9,31,0.54673188,36.785267,2.24418582e-03
10,31,0.60747989,36.579406,2.15895127e-03
11,31,0.66822790,36.387553,2.06806765e-03
12,31,0.72897591,36.210316,1.97060925e-03
13,31,0.78972392,36.049763,1.86542909e-03
14,31,0.85047193,35.906633,1.75126366e-03
15,31,0.91121971,35.782994,1.62811685e-03
16,31,0.97196773,35.679420,1.49348135e-03
17,31,1.03271574,35.588574,1.35013534e-03
18,31,1.09346375,35.514041,1.19736876e-03
19,31,1.15421176,35.454259,3.11507895e-06
20,31,1.15421176,35.454259,6.35222664e-06
21,31,1.18458576,35.391111,1.74915569e-05
22,31,1.21495976,35.211567,4.14032965e-05
23,31,1.24533376,34.943695,4.90647972e-05
24,31,1.27570776,34.765584,4.81182038e-04
25,31,1.30608176,34.953206,9.06031268e-04
26,31,1.33645576,35.154457,1.15450141e-03
27,31,1.36682976,35.354784,9.43804085e-04
28,31,1.39720381,35.551699,1.11725934e-03
29,31,1.42757781,35.749261,1.13202711e-03
30,31,1.45795159,35.949680,1.15345066e-03
31,31,1.48832560,36.147257,7.71663681e-04
32,31,1.51869960,36.336386,9.98122861e-04
33,31,1.54907361,36.492133,1.12425822e-03
34,31,1.57944761,36.549464,1.35493388e-03
35,31,1.60982162,36.499752,1.22613566e-03
36,31,1.64019563,36.427596,1.26463464e-03
37,31,1.67056963,36.366748,1.83733159e-03
38,31,1.70094364,36.329032,1.98604143e-03
39,31,1.73131764,36.318339,1.83201105e-03
40,31,1.73131764,36.318339,1.96316087e-03
41,31,1.75279515,36.447590,6.54041529e-04
42,31,1.77427297,36.579584,7.57502304e-04
43,31,1.79575048,36.698143,9.14990485e-04
44,31,1.81722830,36.781266,1.09528173e-03
45,31,1.83870581,36.808147,1.22200248e-03
46,31,1.86018364,36.781640,1.26223421e-03
47,31,1.88166114,36.721372,1.25687758e-03
48,31,1.90313897,36.645481,1.24120230e-03
49,31,1.92461647,36.564700,1.22857979e-03
50,31,1.94609430,36.484385,1.22062237e-03
51,31,1.96757180,36.410499,1.21684851e-03
52,31,1.98904963,36.343734,1.21580197e-03
53,31,2.01052713,36.284380,1.21777055e-03
54,31,2.03200496,36.115301,2.03852271e-03
55,31,2.05348246,35.834114,2.08799346e-03
56,31,2.07496029,35.540907,2.15405438e-03
57,31,2.09643779,35.244530,2.28622782e-03
58,31,2.11791562,34.976530,2.61593537e-03
59,31,2.13939312,34.849955,2.91749520e-03
60,31,2.13939312,34.849955,2.91752759e-03
61,31,2.20382612,35.135030,2.19141200e-03
62,31,2.26825912,35.513560,1.80200654e-03
63,31,2.33269211,35.916169,1.48481300e-03
64,31,2.39712495,36.340154,1.23803094e-03
65,31,2.46155794,36.764561,7.26643628e-04
66,31,2.52599094,36.887307,3.65818349e-03
67,31,2.59042394,36.320350,4.34913103e-03
68,31,2.65485693,35.792193,5.28687751e-03
69,31,2.71928993,35.355054,6.59489854e-03
70,31,2.78372276,35.092486,8.01068671e-03
71,31,2.84815576,35.064851,8.77589395e-03
72,31,2.91258876,35.269764,8.70982935e-03
73,31,2.97702175,35.782470,3.81207076e-04
74,31,3.04145475,36.439927,6.72690861e-04
75,31,3.10588775,37.316120,4.35667645e-03
76,31,3.17032058,38.107269,1.14120042e-04
77,31,3.23475363,37.974459,2.26774516e-03
78,31,3.29918661,38.237826,2.75867928e-03
79,31,3.36361957,38.292740,1.93258976e-03
80,31,3.36361957,38.292741,2.37784370e-03
81,31,3.41622887,38.233394,4.53337510e-03
82,31,3.46883817,37.953651,3.89311560e-05
83,31,3.52144747,38.018243,4.13902632e-05
84,31,3.57405686,38.169883,4.78521954e-05
85,31,3.62666598,38.098262,7.01611823e-03
86,31,3.67927530,37.711718,5.74386771e-03
87,31,3.73188462,37.459214,1.08560234e-02
88,31,3.78449394,37.402834,1.40950866e-02
89,31,3.83710326,37.612894,1.12050235e-02
90,31,3.88971258,37.383798,2.44204180e-05
91,31,3.94232191,36.509679,1.17481413e-05
92,31,3.99493123,35.678136,7.10793751e-06
93,31,4.04754055,34.934897,5.00202421e-06
94,31,4.10014987,34.330532,4.02031303e-06
95,31,4.15275899,33.897366,3.37543130e-06
96,31,4.20536831,33.641749,2.57536628e-06
97,31,4.25797763,33.524221,1.45212235e-06
98,31,4.31058696,33.481980,3.80017731e-07
99,31,4.36319628,33.473123,1.00730384e-08
0,32,0.00000000,40.168744,8.13368144e-05
1,32,0.06074799,39.864176,1.79294805e-04
2,32,0.12149598,39.187590,4.68286364e-04
3,32,0.18224397,38.724671,3.77869448e-04
4,32,0.24299205,38.904158,1.81431617e-04
5,32,0.30373983,39.283066,1.27711461e-04
6,32,0.36448784,39.130216,5.21616103e-03
7,32,0.42523585,38.425622,3.69665742e-03
8,32,0.48598386,37.779389,2.03996101e-03
9,32,0.54673188,37.193249,2.19111760e-03
10,32,0.60747989,36.701514,4.30042789e-03
11,32,0.66822790,36.737823,3.77705729e-03
12,32,0.72897591,37.506551,1.51812176e-03
13,32,0.78972392,38.309716,1.05661406e-03
14,32,0.85047193,39.010050,1.74686284e-04
15,32,0.91121971,38.740429,1.37678499e-04
16,32,0.97196773,38.395950,1.63864498e-04
17,32,1.03271574,38.081268,2.03863479e-04
18,32,1.09346375,37.841650,2.70149785e-04
19,32,1.15421176,37.762476,9.65962043e-05
20,32,1.15421176,37.762476,1.15251039e-04
21,32,1.18458576,37.786746,9.50406926e-05
22,32,1.21495976,37.858187,2.88431938e-05
23,32,1.24533376,37.972460,2.14434201e-05
24,32,1.27570776,38.117140,1.67432435e-04
25,32,1.30608176,38.257832,2.79279276e-04
26,32,1.33645576,38.276329,5.90180110e-04
27,32,1.36682976,38.106838,7.27234824e-04
28,32,1.39720381,37.881260,7.12543367e-04
29,32,1.42757781,37.654736,7.37388882e-04
30,32,1.45795159,37.441227,7.34299128e-04
31,32,1.48832560,37.248144,6.86979354e-04
32,32,1.51869960,37.082438,1.40922867e-03
33,32,1.54907361,36.972253,3.24515877e-04
34,32,1.57944761,36.980414,1.87924805e-04
35,32,1.60982162,37.105728,3.20173917e-04
36,32,1.64019563,37.260191,1.87794415e-03
37,32,1.67056963,37.397567,1.52845910e-03
38,32,1.70094364,37.493348,1.41624649e-03
39,32,1.73131764,37.531444,1.36696627e-03
40,32,1.73131764,37.531444,1.35939982e-03
41,32,1.75279515,37.482682,8.69445365e-04
42,32,1.77427297,37.447900,8.99510968e-04
43,32,1.79575048,37.420767,9.47899173e-04
44,32,1.81722830,37.396045,1.01234028e-03
45,32,1.83870581,37.368152,1.09253491e-03
46,32,1.86018364,37.331716,1.18911813e-03
47,32,1.88166114,37.280994,1.30230269e-03
48,32,1.90313897,37.207548,1.43078077e-03
49,32,1.92461647,37.109429,1.56653147e-03
50,32,1.94609430,36.977466,1.70047049e-03
51,32,1.96757180,36.811573,1.81880323e-03
52,32,1.98904963,36.610367,1.91435347e-03
53,32,2.01052713,36.375783,1.98399906e-03
54,32,2.03200496,36.234575,1.21945365e-03
55,32,2.05348246,36.193734,1.22178653e-03
56,32,2.07496029,36.162570,1.22467277e-03
57,32,2.09643779,36.139855,1.22845805e-03
58,32,2.11791562,36.126184,1.23225427e-03
59,32,2.13939312,36.121709,1.23312414e-03
60,32,2.13939312,36.121709,1.23312481e-03
61,32,2.20382612,36.319558,1.33506005e-03
62,32,2.26825912,36.490231,1.41112517e-03
63,32,2.33269211,36.590627,1.24698808e-03
64,32,2.39712495,36.660976,9.62191457e-04
65,32,2.46155794,36.794337,1.08664810e-03
66,32,2.52599094,36.924109,5.31881833e-04
67,32,2.59042394,37.145959,3.62020126e-04
68,32,2.65485693,37.427301,2.14976163e-04
69,32,2.71928993,37.532363,4.38848742e-03
70,32,2.78372276,37.849929,3.53048839e-03
71,32,2.84815576,38.269645,2.96132573e-03
72,32,2.91258876,38.106812,3.86673229e-03
73,32,2.97702175,37.959847,3.20500205e-03
74,32,3.04145475,38.069466,1.98751401e-03
75,32,3.10588775,38.178802,6.57113383e-04
76,32,3.17032058,38.265970,2.94846928e-03
77,32,3.23475363,39.177469,1.67693216e-03
78,32,3.29918661,39.895885,5.58901756e-04
79,32,3.36361957,40.168744,6.26054154e-05
80,32,3.36361957,40.168744,6.17388548e-05
81,32,3.41622887,40.047032,6.75528688e-04
82,32,3.46883817,39.663171,1.08531790e-04
83,32,3.52144747,39.135250,1.57130268e-03
84,32,3.57405686,38.585417,1.06181865e-02
85,32,3.62666598,38.098262,7.33713334e-03
86,32,3.67927530,37.711718,1.09908741e-02
87,32,3.73188462,37.459214,7.92718854e-03
88,32,3.78449394,37.402834,6.27624005e-03
89,32,3.83710326,37.612894,9.39526974e-03
90,32,3.88971258,38.094965,7.94413262e-03
91,32,3.94232191,37.937833,1.16842141e-04
92,32,3.99493123,37.675961,1.26700255e-04
93,32,4.04754055,37.288675,1.19953313e-09
94,32,4.10014987,36.915857,9.66360596e-10
95,32,4.15275899,36.594656,7.22298658e-10
96,32,4.20536831,36.332457,4.67048684e-10
97,32,4.25797763,36.137189,2.43258645e-10
98,32,4.31058696,36.016318,8.03597193e-11
99,32,4.36319628,35.974999,3.99864823e-12
0,33,0.00000000,40.168744,1.08487386e-05
1,33,0.06074799,40.168969,2.78473539e-04
2,33,0.12149598,40.117760,5.79631723e-04
3,33,0.18224397,40.049402,9.60607593e-04
4,33,0.24299205,39.984419,1.40095088e-03
5,33,0.30373983,39.893912,4.44437359e-03
6,33,0.36448784,39.130216,1.93970897e-04
7,33,0.42523585,38.425622,1.95361955e-03
8,33,0.48598386,37.779389,3.70625208e-03
9,33,0.54673188,37.193249,3.50259082e-03
10,33,0.60747989,36.701514,1.13207036e-03
11,33,0.66822790,36.737823,1.13424628e-04
12,33,0.72897591,37.506552,1.53666373e-03
13,33,0.78972392,38.309716,1.50479732e-03
14,33,0.85047193,39.010050,1.78910378e-03
15,33,0.91121971,39.293499,1.41826516e-04
16,33,0.97196773,39.203800,4.55245411e-04
17,33,1.03271574,38.628276,3.27447357e-04
18,33,1.09346375,37.992059,1.88118188e-04
19,33,1.15421176,37.762476,3.49784318e-04
20,33,1.15421176,37.762476,3.31126339e-04
21,33,1.18458576,37.786746,3.10461779e-04
22,33,1.21495976,37.858187,3.42483799e-04
23,33,1.24533376,37.972460,3.26421640e-04
24,33,1.27570776,38.117140,1.70718539e-04
25,33,1.30608176,38.257832,9.70869278e-05
26,33,1.33645576,38.276329,4.44252693e-05
27,33,1.36682976,38.106838,2.04831254e-04
28,33,1.39720381,37.881260,4.05947830e-04
29,33,1.42757781,37.654736,5.38482501e-04
30,33,1.45795159,37.441227,6.96150870e-04
31,33,1.48832560,37.248144,9.07941963e-04
32,33,1.51869960,37.082438,3.73159080e-04
33,33,1.54907361,36.972254,1.69192248e-03
34,33,1.57944761,36.980414,2.03108293e-03
35,33,1.60982162,37.105728,1.91341969e-03
36,33,1.64019563,37.260191,3.08771115e-04
37,33,1.67056963,37.397567,6.03597250e-04
38,33,1.70094364,37.493348,6.76196964e-04
39,33,1.73131764,37.531444,7.25768398e-04
40,33,1.73131764,37.531444,7.33336896e-04
41,33,1.75279515,37.568443,9.88283769e-04
42,33,1.77427297,37.581013,7.29108589e-04
43,33,1.79575048,37.587528,4.58280389e-04
44,33,1.81722830,37.619425,2.08662758e-04
45,33,1.83870581,37.702387,4.92641562e-05
46,33,1.86018364,37.837979,2.50279745e-06
47,33,1.88166114,38.008611,1.84427178e-05
48,33,1.90313897,38.196230,5.36304972e-05
49,33,1.92461647,38.387360,8.75325421e-05
50,33,1.94609430,38.572547,1.08606573e-04
51,33,1.96757180,38.730146,1.07890716e-04
52,33,1.98904963,38.821464,1.11483864e-04
53,33,2.01052713,38.745516,3.01854777e-04
54,33,2.03200496,38.485115,5.25267929e-04
55,33,2.05348246,38.156514,5.73553488e-04
56,33,2.07496029,37.830534,5.20441532e-04
57,33,2.09643779,37.547394,4.18793405e-04
58,33,2.11791562,37.347907,3.14342069e-04
59,33,2.13939312,37.274717,2.70306220e-04
60,33,2.13939312,37.274717,2.70305104e-04
61,33,2.20382612,37.107432,1.40064999e-04
62,33,2.26825912,37.056260,6.14499154e-06
63,33,2.33269211,37.160875,9.54658415e-05
64,33,2.39712495,37.389491,2.80490994e-04
65,33,2.46155794,37.461609,3.11184609e-03
66,33,2.52599094,37.289841,1.05379077e-03
67,33,2.59042394,37.735316,5.96961314e-03
68,33,2.65485693,37.429798,5.56909596e-03
69,33,2.71928993,37.756346,9.97862102e-05
70,33,2.78372276,38.109365,2.90224558e-05
71,33,2.84815576,38.438250,1.65694156e-04
72,33,2.91258876,38.712832,2.07240302e-04
73,33,2.97702175,38.854946,4.27584852e-04
74,33,3.04145475,38.915315,9.11794797e-04
75,33,3.10588775,39.051007,1.58601211e-03
76,33,3.17032058,39.376233,1.59162941e-03
77,33,3.23475363,39.766229,1.08139879e-03
78,33,3.29918661,40.071600,4.67877601e-04
79,33,3.36361957,40.168744,2.95492056e-05
80,33,3.36361957,40.168744,3.04490601e-05
81,33,3.41622887,40.047032,4.81696952e-04
82,33,3.46883817,39.663171,3.64429718e-03
83,33,3.52144747,39.135250,5.85017868e-03
84,33,3.57405686,38.585417,6.29295265e-04
85,33,3.62666598,38.300205,5.67246441e-05
86,33,3.67927530,38.389770,6.84634923e-05
87,33,3.73188462,38.422865,8.32906663e-05
88,33,3.78449394,38.382042,1.02042584e-04
89,33,3.83710326,38.166405,9.91453463e-05
90,33,3.88971258,38.094965,1.11871793e-02
91,33,3.94232191,38.165362,1.65321828e-09
92,33,3.99493123,37.706896,1.45532318e-09
93,33,4.04754055,37.394430,1.33081381e-04
94,33,4.10014987,37.110292,1.37668729e-04
95,33,4.15275899,36.837528,1.41300481e-04
96,33,4.20536831,36.593709,1.44536968e-04
97,33,4.25797763,36.397027,1.47491405e-04
98,33,4.31058696,36.267800,1.49758702e-04
99,33,4.36319628,36.222245,1.50646879e-04
0,34,0.00000000,41.694681,7.44534359e-05
1,34,0.06074799,41.687792,2.02421043e-05
2,34,0.12149598,41.641482,8.87705108e-06
3,34,0.18224397,41.552269,5.94310421e-04
4,34,0.24299205,40.712203,4.38254504e-03
5,34,0.30373983,39.893913,6.01642665e-04
6,34,0.36448784,39.694328,9.57743195e-05
7,34,0.42523585,40.069312,2.92465879e-03
8,34,0.48598386,40.290964,3.40426484e-03
9,34,0.54673188,40.421484,4.94049844e-04
10,34,0.60747989,40.168790,1.71485630e-04
11,34,0.66822790,39.942439,5.36782095e-04
12,34,0.72897591,39.724529,8.45955062e-05
13,34,0.78972392,39.418373,1.00829923e-04
14,34,0.85047193,39.086730,1.17809386e-04
15,34,0.91121971,39.293499,2.93736366e-04
16,34,0.97196773,39.203801,1.23838006e-04
17,34,1.03271574,39.137316,5.24469462e-04
18,34,1.09346375,39.097360,1.14667702e-04
19,34,1.15421176,39.084028,2.30439982e-04
20,34,1.15421176,39.084028,3.30841464e-04
21,34,1.18458576,39.128412,9.13123250e-05
22,34,1.21495976,39.243603,1.39935421e-05
23,34,1.24533376,39.321831,5.04123190e-05
24,34,1.27570776,39.143750,1.36951932e-04
25,34,1.30608176,38.916647,3.47959988e-06
26,34,1.33645576,38.841835,4.06750245e-05
27,34,1.36682976,38.990383,1.44525750e-04
28,34,1.39720381,39.223687,2.22071197e-04
29,34,1.42757781,39.477470,2.86607202e-04
30,34,1.45795159,39.725841,3.97176525e-04
31,34,1.48832560,39.941008,5.51896911e-04
32,34,1.51869960,40.094752,3.24919694e-04
33,34,1.54907361,40.176147,8.04013222e-04
34,34,1.57944761,40.178843,6.79773344e-04
35,34,1.60982162,40.115924,1.24736849e-03
36,34,1.64019563,40.019094,1.02119857e-03
37,34,1.67056963,39.918996,2.21324703e-03
38,34,1.70094364,39.845074,9.42990634e-04
39,34,1.73131764,39.831247,1.20958059e-03
40,34,1.73131764,39.831247,1.22519472e-03
41,34,1.75279515,39.819584,1.17973106e-03
42,34,1.77427297,39.792522,1.19509470e-03
43,34,1.79575048,39.744394,1.18230309e-03
44,34,1.81722830,39.681002,1.14348135e-03
45,34,1.83870581,39.598009,1.07580857e-03
46,34,1.86018364,39.497159,9.80239019e-04
47,34,1.88166114,39.382449,8.60051437e-04
48,34,1.90313897,39.259953,7.20343729e-04
49,34,1.92461647,39.137917,5.72832927e-04
50,34,1.94609430,39.021195,4.26473780e-04
51,34,1.96757180,38.922275,3.00292246e-04
52,34,1.98904963,38.841131,1.99785449e-04
53,34,2.01052713,38.780275,1.27214943e-04
54,34,2.03200496,38.732751,7.85672210e-05
55,34,2.05348246,38.698687,4.81838440e-05
56,34,2.07496029,38.675557,3.04183466e-05
57,34,2.09643779,38.660448,2.08239309e-05
58,34,2.11791562,38.652052,1.64404818e-05
59,34,2.13939312,38.649451,1.55719772e-05
60,34,2.13939312,38.649451,1.55708735e-05
61,34,2.20382612,38.502458,9.31922433e-05
62,34,2.26825912,38.232441,2.48304570e-04
63,34,2.33269211,37.933888,4.49722597e-04
64,34,2.39712495,37.735710,6.36647060e-04
65,34,2.46155794,37.684276,3.99671320e-04
66,34,2.52599094,37.877340,7.18748866e-04
67,34,2.59042394,37.832214,1.21325734e-03
68,34,2.65485693,38.389257,1.75866892e-03
69,34,2.71928993,38.833874,1.44607716e-03
70,34,2.78372276,39.172404,3.03740670e-03
71,34,2.84815576,38.598883,3.73269157e-03
72,34,2.91258876,38.754485,2.51144814e-03
73,34,2.97702175,39.291579,2.09204122e-03
74,34,3.04145475,39.871717,1.64914442e-03
75,34,3.10588775,40.486018,1.14491991e-03
76,34,3.17032058,41.081896,5.83209516e-04
77,34,3.23475363,41.520050,1.36135934e-04
78,34,3.29918661,41.682386,1.63409756e-05
79,34,3.36361957,41.694681,8.43794584e-06
80,34,3.36361957,41.694681,2.08962851e-05
81,34,3.41622887,41.706912,3.52679744e-05
82,34,3.46883817,41.690228,6.59466218e-06
83,34,3.52144747,41.611560,8.60728340e-06
84,34,3.57405686,41.482661,1.54283674e-05
85,34,3.62666598,41.279020,9.11665286e-05
86,34,3.67927530,40.719730,6.16045284e-05
87,34,3.73188462,40.018444,3.47125233e-05
88,34,3.78449394,39.216854,1.18979039e-05
89,34,3.83710326,38.453795,1.86348472e-05
90,34,3.88971258,38.169403,9.83973938e-05
91,34,3.94232191,38.765785,1.14909504e-02
92,34,3.99493123,39.509117,8.18566004e-03
93,34,4.04754055,40.137266,5.78056745e-03
94,34,4.10014987,40.354583,1.44424281e-03
95,34,4.15275899,40.382208,4.52995339e-04
96,34,4.20536831,40.382192,8.03629089e-05
97,34,4.25797763,40.377367,3.27527048e-05
98,34,4.31058696,40.373685,2.35843312e-05
99,34,4.36319628,40.371869,1.88567718e-06
0,35,0.00000000,41.694681,4.00902335e-05
1,35,0.06074799,41.742891,8.16238930e-05
2,35,0.12149598,41.833660,1.48176127e-04
3,35,0.18224397,41.552269,3.45518009e-03
4,35,0.24299205,40.712203,2.27501149e-04
5,35,0.30373983,39.947205,1.88649614e-03
6,35,0.36448784,39.965335,2.40292483e-03
7,35,0.42523585,40.098219,6.94456011e-05
8,35,0.48598386,40.461687,4.65922107e-05
9,35,0.54673188,40.421484,1.56594514e-04
10,35,0.60747989,40.168790,4.84648225e-04
11,35,0.66822790,39.942439,1.23535971e-04
12,35,0.72897591,39.741761,3.25297371e-04
13,35,0.78972392,39.568965,1.30795162e-04
14,35,0.85047193,39.424342,3.55140669e-04
15,35,0.91121971,39.579322,1.44544980e-03
16,35,0.97196773,39.521156,3.46480092e-04
17,35,1.03271574,39.137316,9.63077449e-05
18,35,1.09346375,39.097360,5.35343098e-04
19,35,1.15421176,39.084028,4.47363722e-04
20,35,1.15421176,39.084028,3.46941484e-04
21,35,1.18458576,39.128412,6.25065408e-04
22,35,1.21495976,39.243603,7.64690575e-04
23,35,1.24533376,39.321831,8.15388487e-04
24,35,1.27570776,39.143750,7.43118787e-04
25,35,1.30608176,38.916647,8.88598984e-04
26,35,1.33645576,38.841835,6.84133402e-04
27,35,1.36682976,38.990383,4.16328644e-04
28,35,1.39720381,39.223687,3.03848419e-04
29,35,1.42757781,39.477470,2.60247752e-04
30,35,1.45795159,39.725841,2.16161889e-04
31,35,1.48832560,39.941008,1.92245398e-04
32,35,1.51869960,40.094753,6.42900824e-04
33,35,1.54907361,40.176147,4.80226519e-04
34,35,1.57944761,40.178843,9.69061048e-04
35,35,1.60982162,40.115924,7.53102801e-04
36,35,1.64019563,40.019094,1.27862657e-03
37,35,1.67056963,39.918996,3.16674644e-04
38,35,1.70094364,39.845074,1.72935160e-03
39,35,1.73131764,39.831247,1.50141265e-03
40,35,1.73131764,39.831247,1.48582431e-03
41,35,1.75279515,39.848874,1.76394540e-03
42,35,1.77427297,39.932085,1.93686892e-03
43,35,1.79575048,40.061167,2.08221136e-03
44,35,1.81722830,40.224797,2.20126547e-03
45,35,1.83870581,40.406233,2.31203781e-03
46,35,1.86018364,40.584061,2.43538736e-03
47,35,1.88166114,40.718355,2.55965429e-03
48,35,1.90313897,40.734326,2.51747498e-03
49,35,1.92461647,40.571619,2.20406636e-03
50,35,1.94609430,40.281533,1.91304440e-03
51,35,1.96757180,39.956151,1.74762240e-03
52,35,1.98904963,39.661028,1.64069892e-03
53,35,2.01052713,39.507896,1.37673329e-03
54,35,2.03200496,39.528382,1.08651643e-03
55,35,2.05348246,39.611056,9.61576001e-04
56,35,2.07496029,39.699871,9.18517362e-04
57,35,2.09643779,39.769206,9.07028238e-04
58,35,2.11791562,39.813594,9.05217880e-04
59,35,2.13939312,39.834394,9.05601219e-04
60,35,2.13939312,39.834394,9.05591150e-04
61,35,2.20382612,39.464423,1.30184167e-03
62,35,2.26825912,39.040571,1.72640882e-03
63,35,2.33269211,38.559585,2.16431129e-03
64,35,2.39712495,38.013338,2.62782822e-03
65,35,2.46155794,37.721694,7.35958131e-04
66,35,2.52599094,38.014582,4.75780488e-04
67,35,2.59042394,38.154913,5.44917536e-04
68,35,2.65485693,38.547172,1.69460001e-05
69,35,2.71928993,39.091398,1.00685446e-03
70,35,2.78372276,39.249757,1.28564310e-03
71,35,2.84815576,39.673780,1.25554092e-03
72,35,2.91258876,40.102858,1.26310083e-03
73,35,2.97702175,40.531605,1.25367501e-03
74,35,3.04145475,40.951361,1.15110448e-03
75,35,3.10588775,41.352772,8.40005231e-04
76,35,3.17032058,41.675555,2.64705859e-04
77,35,3.23475363,41.784605,5.90641112e-05
78,35,3.29918661,41.736733,8.97207183e-05
79,35,3.36361957,41.694681,3.36231461e-05
80,35,3.36361957,41.694681,1.26502732e-05
81,35,3.41622887,41.706912,1.34083792e-05
82,35,3.46883817,41.690230,3.53396529e-05
83,35,3.52144747,41.611560,3.43852902e-05
84,35,3.57405686,41.482661,3.07166146e-05
85,35,3.62666598,41.335423,1.08029875e-05
86,35,3.67927530,40.942045,2.21247509e-09
87,35,3.73188462,40.330570,2.13036531e-09
88,35,3.78449394,39.744998,2.05715018e-09
89,35,3.83710326,39.187376,1.95323530e-09
90,35,3.88971258,38.659946,1.82101534e-09
91,35,3.94232191,38.765785,5.23695591e-03
92,35,3.99493123,39.509117,5.53712618e-03
93,35,4.04754055,40.137267,2.18291008e-03
94,35,4.10014987,40.354583,6.11937163e-04
95,35,4.15275899,40.382208,2.91290490e-04
96,35,4.20536831,40.382192,2.61972810e-04
97,35,4.25797763,40.377367,1.25440757e-04
98,35,4.31058696,40.373685,3.81012624e-05
99,35,4.36319628,40.371869,1.64490537e-05
0,36,0.00000000,41.694682,2.63133919e-05
1,36,0.06074799,41.742891,5.95458351e-06
2,36,0.12149598,41.833664,1.84105150e-04
3,36,0.18224397,41.555752,6.97227202e-06
4,36,0.24299205,41.433946,8.17477209e-06
5,36,0.30373983,41.283300,1.11246469e-05
6,36,0.36448784,41.110093,1.55715566e-05
7,36,0.42523585,40.919768,2.18760436e-05
8,36,0.48598386,40.698686,9.08087350e-06
9,36,0.54673188,40.497869,4.10471597e-05
10,36,0.60747989,40.265068,5.40436011e-05
11,36,0.66822790,40.003347,6.88086002e-05
12,36,0.72897591,39.741761,3.45251312e-04
13,36,0.78972392,39.568965,5.67313021e-04
14,36,0.85047193,39.424342,4.70793112e-04
15,36,0.91121971,39.579322,4.23092150e-04
16,36,0.97196773,39.936509,1.24622586e-03
17,36,1.03271574,40.142125,6.71410608e-06
18,36,1.09346375,40.242470,2.90574493e-04
19,36,1.15421176,40.271838,1.24641586e-04
20,36,1.15421176,40.271838,4.28213099e-04
21,36,1.18458576,40.143634,5.75540657e-04
22,36,1.21495976,39.884896,4.23250127e-04
23,36,1.24533376,39.698424,6.57846795e-05
24,36,1.27570776,39.826880,6.84924350e-05
25,36,1.30608176,40.087796,3.20697153e-04
26,36,1.33645576,40.383734,3.51718748e-04
27,36,1.36682976,40.693361,4.46843252e-04
28,36,1.39720381,41.008183,5.82217075e-04
29,36,1.42757781,41.318273,8.89189804e-04
30,36,1.45795159,41.610784,1.00824215e-03
31,36,1.48832560,41.855345,4.36852230e-04
32,36,1.51869960,42.021060,5.11877807e-04
33,36,1.54907361,42.142113,2.28964545e-04
34,36,1.57944761,42.270632,7.74746160e-04
35,36,1.60982162,42.416963,7.38961849e-04
36,36,1.64019563,42.566680,5.17951270e-04
37,36,1.67056963,42.694847,3.30452824e-04
38,36,1.70094364,42.781184,2.84666485e-04
39,36,1.73131764,42.813245,9.73757946e-05
40,36,1.73131764,42.813245,2.37663057e-04
41,36,1.75279515,42.774663,2.85784158e-04
42,36,1.77427297,42.724202,2.96780937e-04
43,36,1.79575048,42.664647,3.37493648e-04
44,36,1.81722830,42.601608,4.02773294e-04
45,36,1.83870581,42.436645,2.82451602e-04
46,36,1.86018364,42.208539,2.08864597e-04
47,36,1.88166114,41.991691,8.18752822e-05
48,36,1.90313897,41.874665,8.19640918e-05
49,36,1.92461647,41.922994,3.18144990e-04
50,36,1.94609430,42.087437,4.98585104e-04
51,36,1.96757180,42.294771,5.09342669e-04
52,36,1.98904963,42.414592,9.95414871e-04
53,36,2.01052713,42.444002,1.00588426e-03
54,36,2.03200496,42.477001,9.98841100e-04
55,36,2.05348246,42.512976,9.74292023e-04
56,36,2.07496029,42.549706,9.32569935e-04
57,36,2.09643779,42.580065,8.83775366e-04
58,36,2.11791562,42.577504,2.81421437e-07
59,36,2.13939312,42.573228,5.03187367e-08
60,36,2.13939312,42.573228,5.07885462e-08
61,36,2.20382612,42.715409,2.30444862e-03
62,36,2.26825912,41.884461,2.82648232e-03
63,36,2.33269211,41.013420,3.36097490e-03
64,36,2.39712495,40.099075,3.92605302e-03
65,36,2.46155794,39.226011,4.56760882e-03
66,36,2.52599094,38.403040,5.30888970e-03
67,36,2.59042394,38.369025,5.45609426e-04
68,36,2.65485693,38.737805,6.57654839e-04
69,36,2.71928993,39.147932,4.54281797e-04
70,36,2.78372276,39.747295,2.01717308e-04
71,36,2.84815576,39.979162,6.93065268e-05
72,36,2.91258876,40.333909,1.23233161e-04
73,36,2.97702175,40.729347,1.02578727e-04
74,36,3.04145475,41.151991,6.88336446e-05
75,36,3.10588775,41.555182,5.49138590e-05
76,36,3.17032058,41.815864,6.57638032e-05
77,36,3.23475363,41.836908,6.30351867e-05
78,36,3.29918661,41.745777,4.33845767e-05
79,36,3.36361957,41.694682,9.90961138e-05
80,36,3.36361957,41.694684,1.07290371e-04
81,36,3.41622887,41.736836,1.06797899e-04
82,36,3.46883817,41.810882,1.16044775e-04
83,36,3.52144747,41.829885,1.26171868e-04
84,36,3.57405686,41.663372,1.17514677e-04
85,36,3.62666598,41.335423,3.36331631e-05
86,36,3.67927530,41.189897,1.16158238e-05
87,36,3.73188462,41.055813,1.62598005e-05
88,36,3.78449394,40.937448,1.25087227e-05
89,36,3.83710326,40.836659,1.52295026e-05
90,36,3.88971258,40.755278,8.13430776e-06
91,36,3.94232191,40.697690,2.68763488e-05
92,36,3.99493123,40.682117,4.66656592e-04
93,36,4.04754055,40.810974,3.24236178e-04
94,36,4.10014987,41.290111,3.32695337e-03
95,36,4.15275899,41.757432,2.47763370e-03
96,36,4.20536831,42.024924,1.13615520e-03
97,36,4.25797763,42.140962,6.19891511e-04
98,36,4.31058696,42.186208,7.44839450e-04
99,36,4.36319628,42.196188,1.93250229e-04
0,37,0.00000000,43.459501,2.84647455e-03
1,37,0.06074799,43.154709,1.66439596e-03
2,37,0.12149598,42.467361,2.12331418e-03
3,37,0.18224397,41.980951,1.76813810e-04
4,37,0.24299205,41.879552,1.97629352e-05
5,37,0.30373983,41.624510,1.84409722e-04
6,37,0.36448784,41.311844,3.94501187e-04
7,37,0.42523585,40.997278,1.91221395e-04
8,37,0.48598386,40.698686,6.30693653e-04
9,37,0.54673188,40.657420,3.76672537e-03
10,37,0.60747989,40.958696,1.65452118e-05
11,37,0.66822790,41.069647,1.07343493e-05
12,37,0.72897591,41.079092,1.08879261e-05
13,37,0.78972392,40.995298,2.10813627e-05
14,37,0.85047193,40.779983,6.54197834e-05
15,37,0.91121971,40.317027,2.02028943e-04
16,37,0.97196773,39.936509,5.29895645e-05
17,37,1.03271574,40.142126,9.57062324e-04
18,37,1.09346375,40.242470,4.84851591e-04
19,37,1.15421176,40.271838,5.78308348e-04
20,37,1.15421176,40.271838,2.74813945e-04
21,37,1.18458576,40.143634,1.12432704e-04
22,37,1.21495976,39.884896,2.42368292e-04
23,37,1.24533376,39.698424,5.83232256e-04
24,37,1.27570776,39.826880,6.49558672e-04
25,37,1.30608176,40.087796,4.38767269e-04
26,37,1.33645576,40.383734,4.32166418e-04
27,37,1.36682976,40.693361,3.62271047e-04
28,37,1.39720381,41.008183,2.63493326e-04
29,37,1.42757781,41.318273,2.18658089e-05
30,37,1.45795159,41.610784,2.12221955e-05
31,37,1.48832560,41.855345,7.74448876e-04
32,37,1.51869960,42.021062,8.04474368e-04
33,37,1.54907361,42.142113,9.77157126e-04
34,37,1.57944761,42.270632,2.16592445e-04
35,37,1.60982162,42.416963,3.30013033e-05
36,37,1.64019563,42.566681,7.37368809e-05
37,37,1.67056963,42.694848,1.30788978e-04
38,37,1.70094364,42.781184,1.00565312e-04
39,37,1.73131764,42.813245,2.70766337e-04
40,37,1.73131764,42.813245,1.30471077e-04
41,37,1.75279515,42.829057,9.91447269e-05
42,37,1.77427297,42.811606,1.54018361e-04
43,37,1.79575048,42.747601,2.20914498e-04
44,37,1.81722830,42.623853,2.77421557e-04
45,37,1.83870581,42.540179,4.86350409e-04
46,37,1.86018364,42.485295,5.80346767e-04
47,37,1.88166114,42.440810,6.76758405e-04
48,37,1.90313897,42.408365,7.68158907e-04
49,37,1.92461647,42.390627,8.49135350e-04
50,37,1.94609430,42.388240,9.15272228e-04
51,37,1.96757180,42.396125,9.64523628e-04
52,37,1.98904963,42.489069,3.55079838e-04
53,37,2.01052713,42.610575,1.31858808e-04
54,37,2.03200496,42.646447,2.61756197e-05
55,37,2.05348246,42.637796,3.21884286e-06
56,37,2.07496029,42.615545,4.18062319e-07
57,37,2.09643779,42.593208,4.32828275e-07
58,37,2.11791562,42.600918,8.36077033e-04
59,37,2.13939312,42.608410,8.01885053e-04
60,37,2.13939312,42.608410,8.01897377e-04
61,37,2.20382612,42.899903,7.20081339e-04
62,37,2.26825912,43.146798,2.62625344e-06
63,37,2.33269211,43.072091,8.54750852e-06
64,37,2.39712495,42.848127,3.21179206e-05
65,37,2.46155794,42.526377,1.00062196e-04
66,37,2.52599094,42.102683,2.54936140e-04
67,37,2.59042394,41.572417,5.48651630e-04
68,37,2.65485693,40.944610,9.98684978e-04
69,37,2.71928993,40.240760,1.40642381e-03
70,37,2.78372276,39.846683,8.42453539e-04
71,37,2.84815576,40.572298,1.21519258e-03
72,37,2.91258876,41.273705,1.69611267e-03
73,37,2.97702175,41.860485,2.29479109e-03
74,37,3.04145475,42.236605,2.82159353e-03
75,37,3.10588775,42.400333,3.13439348e-03
76,37,3.17032058,42.487425,3.33422563e-03
77,37,3.23475363,42.737740,2.93069992e-03
78,37,3.29918661,43.168488,2.30726024e-03
79,37,3.36361957,43.459501,1.29146705e-03
80,37,3.36361957,43.459501,6.56640621e-04
81,37,3.41622887,43.314191,9.31568126e-06
82,37,3.46883817,43.064564,1.14004709e-05
83,37,3.52144747,42.871380,2.31846887e-06
84,37,3.57405686,42.233250,2.22346452e-09
85,37,3.62666598,41.577239,2.24319434e-09
86,37,3.67927530,41.189897,3.08255033e-05
87,37,3.73188462,41.055813,2.38950229e-05
88,37,3.78449394,40.937448,2.26874886e-05
89,37,3.83710326,40.836659,1.23282003e-05
90,37,3.88971258,40.755278,1.87806250e-05
91,37,3.94232191,40.697690,5.63012133e-05
92,37,3.99493123,40.682117,4.03943125e-05
93,37,4.04754055,40.810975,3.17462078e-03
94,37,4.10014987,41.290112,2.92486440e-03
95,37,4.15275899,41.757432,1.79925319e-03
96,37,4.20536831,42.024924,1.18412166e-03
97,37,4.25797763,42.140962,7.07273234e-04
98,37,4.31058696,42.186208,1.67272702e-04
99,37,4.36319628,42.196188,6.00605558e-04
0,38,0.00000000,43.459506,1.83812543e-03
1,38,0.06074799,43.154710,2.11645606e-03
2,38,0.12149598,42.467364,1.42065657e-03
3,38,0.18224397,41.980951,4.69703549e-06
4,38,0.24299205,41.879553,2.22000076e-04
5,38,0.30373983,41.624511,2.67397967e-04
6,38,0.36448784,41.311844,1.68849370e-04
7,38,0.42523585,40.997278,4.24043058e-04
8,38,0.48598386,40.715535,3.03404239e-05
9,38,0.54673188,40.755001,2.84790222e-05
10,38,0.60747989,41.181287,3.94476394e-03
11,38,0.66822790,41.855937,3.91853051e-03
12,38,0.72897591,42.422839,1.94373535e-06
13,38,0.78972392,42.061062,2.18119376e-07
14,38,0.85047193,41.772938,5.54052386e-06
15,38,0.91121971,41.558036,1.76695684e-05
16,38,0.97196773,41.408736,3.53821348e-05
17,38,1.03271574,41.318848,5.78012607e-05
18,38,1.09346375,41.281737,8.51569294e-05
19,38,1.15421176,41.293846,1.28467336e-04
20,38,1.15421176,41.293846,1.33734816e-04
21,38,1.18458576,41.430173,1.99508757e-05
22,38,1.21495976,41.717965,2.17127346e-04
23,38,1.24533376,42.029580,2.02029304e-04
24,38,1.27570776,42.304499,1.64674321e-04
25,38,1.30608176,42.507870,3.64590276e-05
26,38,1.33645576,42.625710,2.36343925e-05
27,38,1.36682976,42.659282,1.37718137e-04
28,38,1.39720381,42.641645,4.15617605e-04
29,38,1.42757781,42.596749,1.62842759e-04
30,38,1.45795159,42.558735,6.59313221e-04
31,38,1.48832560,42.573253,4.05405583e-04
32,38,1.51869960,42.692545,1.60160039e-04
33,38,1.54907361,42.909646,1.78465466e-04
34,38,1.57944761,43.174411,4.33680579e-04
35,38,1.60982162,43.425910,7.29515822e-07
36,38,1.64019563,43.658135,9.02523150e-05
37,38,1.67056963,43.847466,1.30429017e-05
38,38,1.70094364,43.974090,1.43026414e-04
39,38,1.73131764,44.024680,3.69191315e-04
40,38,1.73131764,44.024680,7.13139887e-04
41,38,1.75279515,43.909468,2.21816318e-04
42,38,1.77427297,43.774251,1.94835117e-04
43,38,1.79575048,43.628002,1.49486176e-04
44,38,1.81722830,43.494343,9.67364551e-05
45,38,1.83870581,43.387420,6.24674068e-05
46,38,1.86018364,43.306763,5.75338879e-05
47,38,1.88166114,43.243249,7.42823872e-05
48,38,1.90313897,43.189705,1.05098937e-04
49,38,1.92461647,43.142419,1.47885183e-04
50,38,1.94609430,43.104022,2.08440185e-04
51,38,1.96757180,43.081220,3.09162289e-04
52,38,1.98904963,43.100128,4.82842575e-04
53,38,2.01052713,43.205275,6.69804766e-04
54,38,2.03200496,43.406528,6.99919718e-04
55,38,2.05348246,43.603095,1.47439654e-03
56,38,2.07496029,43.543165,1.55865401e-03
57,38,2.09643779,43.491592,1.63329696e-03
58,38,2.11791562,43.458008,1.69242919e-03
59,38,2.13939312,43.448306,1.72342558e-03
60,38,2.13939312,43.448306,1.72346825e-03
61,38,2.20382612,43.009387,1.09218799e-06
62,38,2.26825912,43.369392,4.99553468e-04
63,38,2.33269211,43.875435,2.27227980e-04
64,38,2.39712495,44.318381,4.50761023e-05
65,38,2.46155794,44.189354,2.65034703e-04
66,38,2.52599094,43.629951,3.31086340e-04
67,38,2.59042394,43.153484,4.09674790e-04
68,38,2.65485693,42.763925,4.88310384e-04
69,38,2.71928993,42.462367,5.59883190e-04
70,38,2.78372276,42.249839,6.19538067e-04
71,38,2.84815576,42.127588,6.66777644e-04
72,38,2.91258876,42.092505,7.05915644e-04
73,38,2.97702175,42.143841,7.47856527e-04
74,38,3.04145475,42.278522,8.09653522e-04
75,38,3.10588775,42.493001,9.24218479e-04
76,38,3.17032058,42.778783,1.15151142e-03
77,38,3.23475363,43.109981,1.63031277e-03
78,38,3.29918661,43.353191,6.10106712e-04
79,38,3.36361957,43.459504,3.36654686e-03
80,38,3.36361957,43.459510,2.96017812e-03
81,38,3.41622887,43.378166,3.24154710e-03
82,38,3.46883817,43.289824,5.32896230e-03
83,38,3.52144747,42.904913,2.04768464e-09
84,38,3.57405686,42.824320,1.77447507e-06
85,38,3.62666598,42.913254,9.38005329e-06
86,38,3.67927530,43.060327,1.45138397e-05
87,38,3.73188462,43.230812,2.20175072e-05
88,38,3.78449394,43.265389,4.25503819e-05
89,38,3.83710326,43.083214,4.36216263e-05
90,38,3.88971258,42.903059,3.99658583e-05
91,38,3.94232191,42.753520,3.36822049e-05
92,38,3.99493123,42.633827,2.69994515e-05
93,38,4.04754055,42.539438,2.08657741e-05
94,38,4.10014987,42.467421,1.57858229e-05
95,38,4.15275899,42.412354,1.14934000e-05
96,38,4.20536831,42.372490,8.05646957e-06
97,38,4.25797763,42.345581,5.29388189e-06
98,38,4.31058696,42.330056,3.13401297e-06
99,38,4.36319628,42.324425,1.52078852e-06
0,39,0.00000000,43.459527,1.55711886e-03
1,39,0.06074799,43.574858,1.22902214e-03
2,39,0.12149598,43.435709,5.86787257e-04
3,39,0.18224397,43.069482,5.69412777e-04
4,39,0.24299205,42.990504,2.88703600e-04
5,39,0.30373983,43.146614,6.34491731e-04
6,39,0.36448784,43.366754,2.09183399e-04
7,39,0.42523585,43.534603,5.51314380e-04
8,39,0.48598386,43.581922,2.86244629e-04
9,39,0.54673188,43.502539,2.44200243e-04
10,39,0.60747989,43.339806,2.51340092e-05
11,39,0.66822790,42.853687,1.02666022e-05
12,39,0.72897591,42.659812,3.71959741e-03
13,39,0.78972392,43.002992,6.88287442e-05
14,39,0.85047193,43.072309,9.13462168e-05
15,39,0.91121971,42.298733,5.39029652e-04
16,39,0.97196773,41.751340,3.17421391e-04
17,39,1.03271574,41.490637,1.94428823e-04
18,39,1.09346375,41.357826,1.35622480e-04
19,39,1.15421176,41.293846,9.48242603e-05
20,39,1.15421176,41.293846,8.95905883e-05
21,39,1.18458576,41.430173,2.14257249e-04
22,39,1.21495976,41.717966,4.69341033e-05
23,39,1.24533376,42.029580,8.53000761e-05
24,39,1.27570776,42.304501,1.51807578e-04
25,39,1.30608176,42.507870,3.29251217e-04
26,39,1.33645576,42.625710,4.17821073e-04
27,39,1.36682976,42.659282,3.99877129e-04
28,39,1.39720381,42.641646,2.20105818e-04
29,39,1.42757781,42.596749,5.42567094e-04
30,39,1.45795159,42.558735,4.29725153e-05
31,39,1.48832560,42.573253,1.78979018e-04
32,39,1.51869960,42.692548,2.92038091e-04
33,39,1.54907361,42.909647,2.67753394e-04
34,39,1.57944761,43.174411,6.90747819e-05
35,39,1.60982162,43.425910,5.72373668e-04
36,39,1.64019563,43.658135,5.56212162e-04
37,39,1.67056963,43.847466,7.00861403e-04
38,39,1.70094364,43.974090,6.20290866e-04
39,39,1.73131764,44.024680,4.16061870e-04
40,39,1.73131764,44.024680,7.20532650e-05
41,39,1.75279515,44.111105,5.96748561e-04
42,39,1.77427297,44.179411,6.37582537e-04
43,39,1.79575048,44.225248,6.74940680e-04
44,39,1.81722830,44.250503,7.18002977e-04
45,39,1.83870581,44.252894,7.66108655e-04
46,39,1.86018364,44.233977,8.20752465e-04
47,39,1.88166114,44.196470,8.81251728e-04
48,39,1.90313897,44.143222,9.47067851e-04
49,39,1.92461647,44.078548,1.01589392e-03
50,39,1.94609430,43.998788,1.08441878e-03
51,39,1.96757180,43.919860,1.15758431e-03
52,39,1.98904963,43.837989,1.23279176e-03
53,39,2.01052713,43.756570,1.31391573e-03
54,39,2.03200496,43.677108,1.39359755e-03
55,39,2.05348246,43.655579,6.10313506e-04
56,39,2.07496029,43.914620,4.66387703e-04
57,39,2.09643779,44.155635,2.87145966e-04
58,39,2.11791562,44.341980,9.89198165e-05
59,39,2.13939312,44.416442,6.68609506e-06
60,39,2.13939312,44.416442,6.68053421e-06
61,39,2.20382612,45.337411,1.22655592e-05
62,39,2.26825912,45.983013,4.01997234e-04
63,39,2.33269211,45.445458,2.21793384e-04
64,39,2.39712495,44.803816,2.18909121e-04
65,39,2.46155794,44.618890,6.31554313e-05
66,39,2.52599094,44.753459,2.75727842e-04
67,39,2.59042394,44.756075,5.85622941e-04
68,39,2.65485693,44.692230,8.98391291e-04
69,39,2.71928993,44.152431,8.51981363e-04
70,39,2.78372276,43.710189,6.72329091e-04
71,39,2.84815576,43.407615,4.82471622e-04
72,39,2.91258876,43.238319,3.12818402e-04
73,39,2.97702175,43.170746,1.83011791e-04
74,39,3.04145475,43.162652,1.11772032e-04
75,39,3.10588775,43.205924,1.15195714e-04
76,39,3.17032058,43.270193,8.73639285e-04
77,39,3.23475363,43.272135,1.90133322e-04
78,39,3.29918661,43.387146,2.54257539e-03
79,39,3.36361957,43.459517,1.57816960e-03
80,39,3.36361957,43.459564,2.62362191e-03
81,39,3.41622887,43.378227,2.87120596e-03
82,39,3.46883817,43.289825,3.30263416e-04
83,39,3.52144747,43.335927,7.61853904e-04
84,39,3.57405686,43.436034,2.67334028e-03
85,39,3.62666598,43.488899,2.53389576e-04
86,39,3.67927530,43.501095,1.41821924e-04
87,39,3.73188462,43.495209,1.75519497e-05
88,39,3.78449394,43.477097,3.79403715e-05
89,39,3.83710326,43.447673,2.97244613e-06
90,39,3.88971258,43.412209,1.22441891e-05
91,39,3.94232191,43.380377,3.58798451e-05
92,39,3.99493123,43.369746,2.17319916e-04
93,39,4.04754055,43.413829,3.42378593e-04
94,39,4.10014987,43.533392,6.17182898e-05
95,39,4.15275899,43.484884,6.05899769e-05
96,39,4.20536831,43.444873,5.99799097e-05
97,39,4.25797763,43.414395,5.98043165e-05
98,39,4.31058696,43.395252,6.00186566e-05
99,39,4.36319628,43.387981,6.06734878e-05
0,40,0.00000000,44.055217,4.18423106e-05
1,40,0.06074799,44.026444,3.60106745e-04
2,40,0.12149598,43.435710,1.53194122e-04
3,40,0.18224397,43.069482,4.17400132e-04
4,40,0.24299205,42.990504,7.08759252e-04
5,40,0.30373983,43.146615,2.67487433e-04
6,40,0.36448784,43.366754,5.88731016e-04
7,40,0.42523585,43.534604,9.00567864e-05
8,40,0.48598386,43.581922,1.50259959e-04
9,40,0.54673188,43.502539,7.18744424e-06
10,40,0.60747989,43.349509,1.01302241e-04
11,40,0.66822790,43.183732,6.67705170e-05
12,40,0.72897591,43.053609,6.07171689e-05
13,40,0.78972392,43.002992,4.14457247e-05
14,40,0.85047193,43.072309,1.11111571e-04
15,40,0.91121971,43.299610,1.28779620e-04
16,40,0.97196773,43.670413,1.58779971e-04
17,40,1.03271574,44.105297,1.67782144e-04
18,40,1.09346375,44.471858,1.63409776e-04
19,40,1.15421176,44.618596,1.64484212e-04
20,40,1.15421176,44.618596,1.64286872e-04
21,40,1.18458576,44.631218,1.53252693e-04
22,40,1.21495976,44.673207,1.33671978e-04
23,40,1.24533376,44.757275,1.13029715e-04
24,40,1.27570776,44.901361,1.05823880e-04
25,40,1.30608176,45.123291,1.42544825e-04
26,40,1.33645576,45.426761,2.76603941e-04
27,40,1.36682976,45.794940,4.95317921e-04
28,40,1.39720381,46.194554,6.65375294e-04
29,40,1.42757781,46.572076,8.15769698e-04
30,40,1.45795159,46.830485,1.00651096e-03
31,40,1.48832560,46.919709,1.19282066e-03
32,40,1.51869960,46.928674,6.58940546e-04
33,40,1.54907361,46.929468,1.26987662e-03
34,40,1.57944761,46.934498,1.10752005e-03
35,40,1.60982162,46.943392,6.94889682e-04
36,40,1.64019563,46.946316,1.10533236e-03
37,40,1.67056963,46.930855,5.39501071e-04
38,40,1.70094364,46.903326,8.08647818e-05
39,40,1.73131764,46.891396,7.43506427e-04
40,40,1.73131764,46.891396,3.31898395e-06
41,40,1.75279515,46.783733,1.03252465e-03
42,40,1.77427297,46.661342,1.03038819e-03
43,40,1.79575048,46.547114,1.00838359e-03
44,40,1.81722830,46.455213,9.68624249e-04
45,40,1.83870581,46.388907,9.13833226e-04
46,40,1.86018364,46.347983,8.46679290e-04
47,40,1.88166114,46.329617,7.70902555e-04
48,40,1.90313897,46.330484,6.90533588e-04
49,40,1.92461647,46.344702,6.09550467e-04
50,40,1.94609430,46.364279,5.33636042e-04
51,40,1.96757180,46.394361,4.58419160e-04
52,40,1.98904963,46.428026,3.88941145e-04
53,40,2.01052713,46.460009,3.26585785e-04
54,40,2.03200496,46.455636,3.46664716e-04
55,40,2.05348246,46.278148,4.81828934e-04
56,40,2.07496029,46.082126,6.40387400e-04
57,40,2.09643779,45.885067,8.20861864e-04
58,40,2.11791562,45.724659,1.00298969e-03
59,40,2.13939312,45.660911,1.08407197e-03
60,40,2.13939312,45.660911,1.08407657e-03
61,40,2.20382612,46.029351,8.86027796e-04
62,40,2.26825912,46.355325,3.19093445e-05
63,40,2.33269211,47.227316,1.54398919e-04
64,40,2.39712495,47.123874,2.55581218e-05
65,40,2.46155794,46.646710,3.42011276e-05
66,40,2.52599094,46.100380,9.62257371e-04
67,40,2.59042394,45.382139,1.00821814e-03
68,40,2.65485693,44.719252,9.74678155e-04
69,40,2.71928993,44.593560,1.15460856e-03
70,40,2.78372276,44.502145,1.31322024e-03
71,40,2.84815576,44.202830,1.99796502e-04
72,40,2.91258876,43.921318,2.67529871e-04
73,40,2.97702175,43.676102,3.59964238e-04
74,40,3.04145475,43.469650,4.89188880e-04
75,40,3.10588775,43.317010,6.65710511e-04
76,40,3.17032058,43.352153,1.80977286e-04
77,40,3.23475363,43.472073,9.25645231e-04
78,40,3.29918661,44.029195,5.44509210e-04
79,40,3.36361957,44.055113,4.21128051e-05
80,40,3.36361957,44.055259,4.01997717e-05
81,40,3.41622887,44.210258,4.20408929e-08
82,40,3.46883817,43.579454,2.30897337e-09
83,40,3.52144747,43.335928,3.84599843e-03
84,40,3.57405686,43.436034,8.68913536e-05
85,40,3.62666598,43.488899,9.91562550e-04
86,40,3.67927530,43.501096,4.05890425e-04
87,40,3.73188462,43.495209,2.11490217e-04
88,40,3.78449394,43.477097,3.45098240e-05
89,40,3.83710326,43.447673,5.44140775e-06
90,40,3.88971258,43.412209,8.66472932e-06
91,40,3.94232191,43.380377,8.86181142e-05
92,40,3.99493123,43.369746,1.56072980e-04
93,40,4.04754055,43.413829,5.56660907e-04
94,40,4.10014987,43.581721,1.75502152e-03
95,40,4.15275899,43.964536,3.04026553e-04
96,40,4.20536831,44.582456,1.90360801e-03
97,40,4.25797763,45.312283,2.49727497e-03
98,40,4.31058696,45.985014,1.11353139e-03
99,40,4.36319628,46.286398,4.88226393e-06
0,41,0.00000000,44.457719,3.86419503e-05
1,41,0.06074799,44.026471,7.22483894e-05
2,41,0.12149598,43.718511,3.16758139e-04
3,41,0.18224397,43.877393,4.24299261e-05
4,41,0.24299205,44.069438,2.12617153e-06
5,41,0.30373983,44.294635,5.72647911e-05
6,41,0.36448784,44.548053,1.51337817e-04
7,41,0.42523585,44.833587,2.54467782e-04
8,41,0.48598386,44.430764,7.57111127e-05
9,41,0.54673188,43.871748,4.60237214e-05
10,41,0.60747989,43.349509,2.86245446e-05
11,41,0.66822790,43.183732,4.74583642e-06
12,41,0.72897591,43.053609,5.17229272e-06
13,41,0.78972392,43.567846,3.40184653e-03
14,41,0.85047193,43.262536,7.22399746e-04
15,41,0.91121971,43.299610,1.87387776e-04
16,41,0.97196773,43.670413,2.12192816e-04
17,41,1.03271574,44.105297,1.48020328e-04
18,41,1.09346375,44.471858,3.93729924e-05
19,41,1.15421176,44.618596,5.58781083e-06
20,41,1.15421176,44.618596,5.78503287e-06
21,41,1.18458576,44.631218,3.72820783e-05
22,41,1.21495976,44.673207,9.41825417e-05
23,41,1.24533376,44.757275,1.67188233e-04
24,41,1.27570776,44.901361,2.35684885e-04
25,41,1.30608176,45.123291,2.61591808e-04
26,41,1.33645576,45.426761,1.89348485e-04
27,41,1.36682976,45.794940,4.54150257e-05
28,41,1.39720381,46.194554,7.26624868e-06
29,41,1.42757781,46.572076,1.62071872e-04
30,41,1.45795159,46.830485,5.14117462e-04
31,41,1.48832560,46.919709,6.43170510e-04
32,41,1.51869960,46.928674,1.22058838e-03
33,41,1.54907361,46.929468,5.82472428e-04
34,41,1.57944761,46.934498,6.90219849e-04
35,41,1.60982162,46.943392,1.01795625e-03
36,41,1.64019563,46.946316,4.74617619e-04
37,41,1.67056963,46.930855,8.63929571e-04
38,41,1.70094364,46.903326,1.17341251e-03
39,41,1.73131764,46.891396,4.65434482e-04
40,41,1.73131764,46.891396,1.20552590e-03
41,41,1.75279515,46.956188,1.29849395e-04
42,41,1.77427297,46.974615,7.84409667e-05
43,41,1.79575048,46.953507,6.66539304e-05
44,41,1.81722830,46.917178,6.88972606e-05
45,41,1.83870581,46.885635,6.54631150e-05
46,41,1.86018364,46.866238,5.52174559e-05
47,41,1.88166114,46.857520,4.31303512e-05
48,41,1.90313897,46.853908,3.46052271e-05
49,41,1.92461647,46.846854,3.50593331e-05
50,41,1.94609430,46.828503,5.01409418e-05
51,41,1.96757180,46.786892,8.59845566e-05
52,41,1.98904963,46.714665,1.47082974e-04
53,41,2.01052713,46.601555,2.33982069e-04
54,41,2.03200496,46.493311,2.71581339e-04
55,41,2.05348246,46.523395,2.25056545e-04
56,41,2.07496029,46.551232,1.86862274e-04
57,41,2.09643779,46.570208,1.59084605e-04
58,41,2.11791562,46.581991,1.41298925e-04
59,41,2.13939312,46.586622,1.33445256e-04
60,41,2.13939312,46.586622,1.33435240e-04
61,41,2.20382612,47.291777,7.02187381e-06
62,41,2.26825912,47.628057,5.39185447e-06
63,41,2.33269211,47.500515,1.70697393e-05
64,41,2.39712495,47.373107,6.27408406e-04
65,41,2.46155794,46.813327,8.61081907e-04
66,41,2.52599094,46.156227,4.57447481e-05
67,41,2.59042394,45.692798,6.17855866e-05
68,41,2.65485693,45.268315,8.27903643e-05
69,41,2.71928993,44.876431,1.11430000e-04
70,41,2.78372276,44.520984,1.49250335e-04
71,41,2.84815576,44.458406,1.32709167e-03
72,41,2.91258876,44.522764,1.13801023e-03
73,41,2.97702175,44.766706,7.59221833e-04
74,41,3.04145475,44.293751,2.17350604e-04
75,41,3.10588775,43.749975,8.38625430e-05
76,41,3.17032058,43.394486,9.78462085e-06
77,41,3.23475363,43.697235,1.87352565e-04
78,41,3.29918661,44.146887,1.66699380e-04
79,41,3.36361957,44.457719,5.06791212e-05
80,41,3.36361957,44.457719,1.09362438e-04
81,41,3.41622887,44.220783,8.68439797e-06
82,41,3.46883817,44.113848,1.38479114e-04
83,41,3.52144747,44.026532,4.73691619e-04
84,41,3.57405686,44.037930,1.02914403e-05
85,41,3.62666598,43.890950,7.67074889e-06
86,41,3.67927530,43.734925,7.37475623e-06
87,41,3.73188462,43.571163,7.89278980e-06
88,41,3.78449394,43.555163,1.83584177e-06
89,41,3.83710326,43.757223,3.48646952e-05
90,41,3.88971258,43.768663,6.90224836e-05
91,41,3.94232191,43.706290,6.76600827e-05
92,41,3.99493123,43.642100,6.52349611e-05
93,41,4.04754055,43.584237,6.30895954e-05
94,41,4.10014987,43.581721,1.65194168e-04
95,41,4.15275899,43.964536,2.87842045e-03
96,41,4.20536831,44.582456,1.68261029e-03
97,41,4.25797763,45.312283,2.95444779e-04
98,41,4.31058696,45.985014,1.40309319e-04
99,41,4.36319628,46.286398,5.24743883e-06
0,42,0.00000000,44.457759,4.37403237e-07
1,42,0.06074799,44.376500,5.13945071e-04
2,42,0.12149598,44.785348,1.97883388e-04
3,42,0.18224397,45.059763,2.72621380e-04
4,42,0.24299205,45.423838,3.37556465e-04
5,42,0.30373983,45.864570,3.84994840e-04
6,42,0.36448784,45.526353,1.98957094e-04
7,42,0.42523585,44.995256,1.20990251e-04
8,42,0.48598386,45.163284,3.48669083e-04
9,42,0.54673188,45.553727,4.30137629e-04
10,42,0.60747989,46.019452,5.21936979e-04
11,42,0.66822790,46.507251,8.93155303e-04
12,42,0.72897591,45.768992,9.24495171e-04
13,42,0.78972392,44.486434,8.11657720e-04
14,42,0.85047193,44.552042,3.01611399e-03
15,42,0.91121971,45.602763,2.60439406e-03
16,42,0.97196773,46.685515,2.18327572e-03
17,42,1.03271574,47.795935,1.77564693e-03
18,42,1.09346375,48.718888,2.22709807e-04
19,42,1.15421176,48.639918,2.50168701e-04
20,42,1.15421176,48.639918,4.45152722e-05
21,42,1.18458576,48.589416,4.55452886e-05
22,42,1.21495976,48.458555,4.66096237e-04
23,42,1.24533376,48.286073,1.10085904e-03
24,42,1.27570776,48.098877,6.89840449e-04
25,42,1.30608176,47.915739,7.03921659e-04
26,42,1.33645576,47.748338,1.12005247e-03
27,42,1.36682976,47.604536,3.08540336e-04
28,42,1.39720381,47.498739,1.19899652e-03
29,42,1.42757781,47.463183,8.47534458e-04
30,42,1.45795159,47.565904,4.51238302e-04
31,42,1.48832560,47.814609,1.63226968e-04
32,42,1.51869960,48.065351,8.03036922e-05
33,42,1.54907361,48.198176,6.90078130e-05
34,42,1.57944761,48.186668,1.39702264e-04
35,42,1.60982162,48.079584,2.42361456e-04
36,42,1.64019563,47.971743,3.58670303e-05
37,42,1.67056963,47.927156,6.51753956e-04
38,42,1.70094364,47.973600,7.28934504e-04
39,42,1.73131764,48.049360,4.81179325e-04
40,42,1.73131764,48.049360,2.98702602e-06
41,42,1.75279515,47.928170,9.83101721e-04
42,42,1.77427297,47.837072,9.66395686e-04
43,42,1.79575048,47.818014,8.88574400e-04
44,42,1.81722830,47.850263,7.92679308e-04
45,42,1.83870581,47.905022,7.04643189e-04
46,42,1.86018364,47.965092,6.31210271e-04
47,42,1.88166114,48.021208,5.72102406e-04
48,42,1.90313897,48.071205,5.25232884e-04
49,42,1.92461647,48.108690,4.91191047e-04
50,42,1.94609430,48.135462,4.67255756e-04
51,42,1.96757180,48.156973,4.46961276e-04
52,42,1.98904963,48.175078,4.27984527e-04
53,42,2.01052713,48.190790,4.08559972e-04
54,42,2.03200496,48.209410,3.86108636e-04
55,42,2.05348246,48.229030,3.63491545e-04
56,42,2.07496029,48.248792,3.43226800e-04
57,42,2.09643779,48.264730,3.29900891e-04
58,42,2.11791562,48.275306,3.24977636e-04
59,42,2.13939312,48.279768,3.28917136e-04
60,42,2.13939312,48.279768,3.28959164e-04
61,42,2.20382612,47.702028,4.53668215e-04
62,42,2.26825912,47.640966,8.70229440e-04
63,42,2.33269211,48.158050,9.99261053e-04
64,42,2.39712495,48.867383,9.46773121e-04
65,42,2.46155794,48.794881,1.85461478e-04
66,42,2.52599094,48.610262,4.02403023e-05
67,42,2.59042394,48.040020,1.73052248e-05
68,42,2.65485693,47.461413,4.07977218e-05
69,42,2.71928993,46.936363,5.85523880e-05
70,42,2.78372276,46.505812,5.17808034e-05
71,42,2.84815576,46.214137,6.20888427e-06
72,42,2.91258876,45.658818,5.03596377e-04
73,42,2.97702175,44.942810,3.64499980e-04
74,42,3.04145475,45.136714,3.91329181e-04
75,42,3.10588775,44.846931,1.01579708e-04
76,42,3.17032058,44.634019,4.49157883e-05
77,42,3.23475363,44.524499,3.39704943e-05
78,42,3.29918661,44.371198,1.36301085e-04
79,42,3.36361957,44.457759,1.84142679e-05
80,42,3.36361957,44.457740,4.02442087e-05
81,42,3.41622887,44.318530,1.88558686e-04
82,42,3.46883817,44.113851,3.35660682e-04
83,42,3.52144747,44.026534,6.22080191e-04
84,42,3.57405686,44.121797,1.39360404e-03
85,42,3.62666598,44.417916,8.14317506e-04
86,42,3.67927530,44.840803,1.96734630e-03
87,42,3.73188462,44.388463,8.71654695e-05
88,42,3.78449394,44.107830,7.67003466e-05
89,42,3.83710326,44.012583,3.94873446e-05
90,42,3.88971258,44.265309,2.78746663e-06
91,42,3.94232191,44.692380,3.22046101e-07
92,42,3.99493123,45.194371,4.48955142e-08
93,42,4.04754055,45.752868,1.42609570e-08
94,42,4.10014987,46.349818,2.54303307e-08
95,42,4.15275899,46.967430,4.11329722e-08
96,42,4.20536831,47.586034,5.57931441e-08
97,42,4.25797763,48.160004,5.60048663e-08
98,42,4.31058696,48.204701,4.85191894e-05
99,42,4.36319628,48.008729,1.83663049e-04
0,43,0.00000000,44.459044,1.48087216e-04
1,43,0.06074799,44.613329,1.22905127e-04
2,43,0.12149598,45.069687,2.64107554e-04
3,43,0.18224397,45.596193,4.59089304e-04
4,43,0.24299205,45.972935,5.06839051e-04
5,43,0.30373983,45.925633,3.44130168e-04
6,43,0.36448784,46.370619,4.15780340e-04
7,43,0.42523585,46.568384,2.57734905e-04
8,43,0.48598386,46.559520,3.51389663e-04
9,43,0.54673188,46.751535,2.74925275e-04
10,43,0.60747989,47.089305,3.19595728e-04
11,43,0.66822790,47.186019,2.56216869e-04
12,43,0.72897591,47.334428,2.35026042e-04
13,43,0.78972392,48.051762,3.31848314e-04
14,43,0.85047193,48.711448,3.51414272e-05
15,43,0.91121971,48.943142,2.12895631e-05
16,43,0.97196773,48.988188,4.60578599e-05
17,43,1.03271574,48.881537,2.52635795e-04
18,43,1.09346375,48.718888,4.45579377e-04
19,43,1.15421176,48.639918,5.39599325e-04
20,43,1.15421176,48.639918,7.45252938e-04
21,43,1.18458576,48.589416,8.16904976e-04
22,43,1.21495976,48.458555,5.71913653e-04
23,43,1.24533376,48.286073,1.19373783e-04
24,43,1.27570776,48.098877,6.80216763e-04
25,43,1.30608176,47.915739,7.72998250e-04
26,43,1.33645576,47.748338,4.15122499e-04
27,43,1.36682976,47.604536,1.22147213e-03
28,43,1.39720381,47.498739,2.28736425e-04
29,43,1.42757781,47.463183,2.68002403e-04
30,43,1.45795159,47.565905,8.29449535e-05
31,43,1.48832560,47.814609,1.02195970e-05
32,43,1.51869960,48.065352,6.65720699e-06
33,43,1.54907361,48.198177,4.96618873e-05
34,43,1.57944761,48.186668,8.27651354e-05
35,43,1.60982162,48.079585,1.12656816e-04
36,43,1.64019563,47.971745,4.76708442e-04
37,43,1.67056963,47.927156,4.27296276e-05
38,43,1.70094364,47.973600,1.13952095e-04
39,43,1.73131764,48.049360,4.34764068e-04
40,43,1.73131764,48.049360,9.13011378e-04
41,43,1.75279515,48.142144,2.53626626e-04
42,43,1.77427297,48.280583,4.58731988e-04
43,43,1.79575048,48.412201,8.12704794e-04
44,43,1.81722830,48.514945,7.64670713e-04
45,43,1.83870581,48.620451,6.91442448e-04
46,43,1.86018364,48.735407,6.33067057e-04
47,43,1.88166114,48.859852,5.84115981e-04
48,43,1.90313897,48.992590,5.41434335e-04
49,43,1.92461647,49.131387,5.03898336e-04
50,43,1.94609430,49.276455,4.71727281e-04
51,43,1.96757180,49.362592,2.42707828e-04
52,43,1.98904963,49.207711,1.97761780e-04
53,43,2.01052713,49.067574,1.58574865e-04
54,43,2.03200496,48.953401,1.26280589e-04
55,43,2.05348246,48.862629,1.02364737e-04
56,43,2.07496029,48.795390,8.75439340e-05
57,43,2.09643779,48.747971,8.24474412e-05
58,43,2.11791562,48.720047,8.67395693e-05
59,43,2.13939312,48.715449,1.00715679e-04
60,43,2.13939312,48.715449,1.00652526e-04
61,43,2.20382612,48.947226,1.88420652e-04
62,43,2.26825912,49.019375,4.63498321e-04
63,43,2.33269211,48.783342,6.43539929e-04
64,43,2.39712495,48.884492,2.80126953e-04
65,43,2.46155794,49.052505,3.00806814e-05
66,43,2.52599094,48.622085,6.95251186e-06
67,43,2.59042394,48.356829,3.33853089e-06
68,43,2.65485693,48.019840,5.61435778e-05
69,43,2.71928993,47.602136,1.39613032e-04
70,43,2.78372276,47.125805,2.10517535e-04
71,43,2.84815576,46.426818,7.51361896e-04
72,43,2.91258876,46.108510,2.38397229e-04
73,43,2.97702175,45.625512,1.75103934e-04
74,43,3.04145475,45.330376,6.88320480e-05
75,43,3.10588775,45.629906,6.13982068e-04
76,43,3.17032058,45.167563,4.34545321e-04
77,43,3.23475363,44.805446,2.51662372e-04
78,43,3.29918661,44.481331,5.50153615e-05
79,43,3.36361957,44.458258,1.03632844e-04
80,43,3.36361957,44.458312,3.03676662e-05
81,43,3.41622887,44.318835,2.80943620e-05
82,43,3.46883817,44.266707,8.55185512e-06
83,43,3.52144747,44.170710,1.27524951e-05
84,43,3.57405686,44.121797,1.06458535e-03
85,43,3.62666598,44.417917,2.70465269e-03
86,43,3.67927530,44.840804,1.82454070e-03
87,43,3.73188462,45.327068,3.00621402e-03
88,43,3.78449394,45.843542,1.39888288e-04
89,43,3.83710326,46.365212,7.33558995e-04
90,43,3.88971258,46.872028,1.52294146e-03
91,43,3.94232191,47.343085,3.75470803e-04
92,43,3.99493123,47.759554,3.31727678e-04
93,43,4.04754055,48.127265,5.51508231e-04
94,43,4.10014987,48.402072,2.96467086e-05
95,43,4.15275899,48.576600,1.75510709e-05
96,43,4.20536831,48.627761,2.82872970e-05
97,43,4.25797763,48.488878,2.66809636e-04
98,43,4.31058696,48.204702,1.57051099e-03
99,43,4.36319628,48.008729,2.48447619e-03
0,44,0.00000000,44.550056,4.18599990e-06
1,44,0.06074799,44.635952,6.40440416e-05
2,44,0.12149598,45.206781,9.90782069e-04
3,44,0.18224397,45.824997,9.53410726e-04
4,44,0.24299205,46.397748,1.21834799e-03
5,44,0.30373983,46.846824,1.19562423e-04
6,44,0.36448784,46.757925,7.36456137e-05
7,44,0.42523585,46.568510,2.82585214e-05
8,44,0.48598386,46.559523,3.69057520e-05
9,44,0.54673188,46.751536,1.97288359e-04
10,44,0.60747989,47.089310,1.70070141e-04
11,44,0.66822790,47.514828,2.13290509e-04
12,44,0.72897591,47.953723,6.44631524e-05
13,44,0.78972392,48.370028,2.57736410e-04
14,44,0.85047193,48.711448,1.38825726e-04
15,44,0.91121971,48.943143,1.25919130e-04
16,44,0.97196773,48.988188,1.86226430e-04
17,44,1.03271574,48.881537,1.78620067e-04
18,44,1.09346375,48.921605,1.39369645e-03
19,44,1.15421176,50.046804,1.27928184e-03
20,44,1.15421176,50.046804,1.68666502e-03
21,44,1.18458576,50.095754,1.94133019e-03
22,44,1.21495976,50.220610,2.37002490e-04
23,44,1.24533376,50.380543,7.78403469e-04
24,44,1.27570776,50.537695,6.08897275e-04
25,44,1.30608176,50.666232,6.85880691e-04
26,44,1.33645576,50.745024,3.99437332e-04
27,44,1.36682976,50.755553,7.85724778e-04
28,44,1.39720381,50.698412,3.48196158e-05
29,44,1.42757781,50.580230,4.72312722e-04
30,44,1.45795159,50.421775,2.32997808e-05
31,44,1.48832560,50.260221,4.32971825e-04
32,44,1.51869960,50.140707,2.21024286e-04
33,44,1.54907361,50.041465,5.25128105e-05
34,44,1.57944761,49.722123,7.90181718e-04
35,44,1.60982162,49.347957,6.38159990e-04
36,44,1.64019563,48.993232,9.70692885e-04
37,44,1.67056963,48.672136,1.05235390e-03
38,44,1.70094364,48.402631,1.03878166e-03
39,44,1.73131764,48.257026,1.02870104e-03
40,44,1.73131764,48.257026,6.41821972e-04
41,44,1.75279515,48.305315,6.36531769e-04
42,44,1.77427297,48.377481,4.05797438e-04
43,44,1.79575048,48.502381,2.22796566e-05
44,44,1.81722830,48.691633,3.60375670e-05
45,44,1.83870581,48.905119,6.77701737e-05
46,44,1.86018364,49.130614,7.99562324e-05
47,44,1.88166114,49.362954,7.99851840e-05
48,44,1.90313897,49.597754,7.30773022e-05
49,44,1.92461647,49.671844,4.93095352e-04
50,44,1.94609430,49.526633,3.12723062e-04
51,44,1.96757180,49.420319,4.45513579e-04
52,44,1.98904963,49.562115,4.20951348e-04
53,44,2.01052713,49.697795,4.06373325e-04
54,44,2.03200496,49.822698,3.97350481e-04
55,44,2.05348246,49.931628,3.94226522e-04
56,44,2.07496029,50.022194,4.00561745e-04
57,44,2.09643779,50.085770,4.10524754e-04
58,44,2.11791562,50.123838,4.22386935e-04
59,44,2.13939312,50.139678,4.35125267e-04
60,44,2.13939312,50.139721,4.35021448e-04
61,44,2.20382612,49.927362,4.20865352e-04
62,44,2.26825912,49.539610,4.55620242e-04
63,44,2.33269211,49.213608,4.53525613e-04
64,44,2.39712495,48.972073,3.58082427e-04
65,44,2.46155794,49.603562,7.89572387e-04
66,44,2.52599094,49.944824,7.89605941e-04
67,44,2.59042394,49.611399,8.39515980e-04
68,44,2.65485693,48.853988,1.21149510e-03
69,44,2.71928993,48.024207,1.09021081e-03
70,44,2.78372276,47.207839,9.19301142e-04
71,44,2.84815576,46.616121,2.45623737e-04
72,44,2.91258876,46.124360,5.76571379e-05
73,44,2.97702175,46.226066,1.12595149e-05
74,44,3.04145475,46.155538,7.40450339e-04
75,44,3.10588775,45.801523,2.96287116e-04
76,44,3.17032058,45.267601,3.78091176e-04
77,44,3.23475363,44.809150,3.91380368e-04
78,44,3.29918661,44.551386,1.90998769e-04
79,44,3.36361957,44.550056,2.07440830e-05
80,44,3.36361957,44.550056,2.58383210e-05
81,44,3.41622887,44.492681,8.86983465e-05
82,44,3.46883817,44.797075,6.46279844e-05
83,44,3.52144747,45.308831,3.60814868e-05
84,44,3.57405686,45.834350,3.12000579e-06
85,44,3.62666598,45.510294,5.35269470e-05
86,44,3.67927530,44.863711,8.12376396e-05
87,44,3.73188462,45.327074,6.67588233e-04
88,44,3.78449394,45.843552,3.22714550e-03
89,44,3.83710326,46.365212,2.19843380e-03
90,44,3.88971258,46.872030,8.87884635e-04
91,44,3.94232191,47.343086,1.46493900e-03
92,44,3.99493123,47.759558,9.44084095e-04
93,44,4.04754055,48.127265,2.21397116e-04
94,44,4.10014987,48.402073,3.30781432e-04
95,44,4.15275899,48.576601,5.18124918e-05
96,44,4.20536831,48.627762,6.32533053e-07
97,44,4.25797763,48.488878,2.17311641e-04
98,44,4.31058696,48.598220,5.25755661e-08
99,44,4.36319628,48.771833,4.33651367e-08
0,45,0.00000000,44.550161,7.51605315e-05
1,45,0.06074799,44.776612,2.47674586e-04
2,45,0.12149598,45.267967,8.98893118e-04
3,45,0.18224397,45.825112,3.03879031e-04
4,45,0.24299205,46.399179,3.14834812e-05
5,45,0.30373983,46.850970,7.83486651e-04
6,45,0.36448784,46.759207,2.23626248e-04
7,45,0.42523585,46.932438,4.25848035e-04
8,45,0.48598386,47.542188,4.09829090e-04
9,45,0.54673188,48.193766,3.85076501e-04
10,45,0.60747989,48.126111,5.38151326e-04
11,45,0.66822790,47.514829,2.33422846e-04
12,45,0.72897591,47.953738,2.97840279e-04
13,45,0.78972392,48.370028,3.55909423e-06
14,45,0.85047193,48.849783,3.59670485e-04
15,45,0.91121971,49.705009,3.71302272e-04
16,45,0.97196773,50.584141,3.74745576e-04
17,45,1.03271574,51.462967,3.73250756e-04
18,45,1.09346375,51.141597,6.94753873e-04
19,45,1.15421176,50.046805,7.76349871e-04
20,45,1.15421176,50.046806,3.68933900e-04
21,45,1.18458576,50.095754,1.98134528e-05
22,45,1.21495976,50.220610,1.51437362e-03
23,45,1.24533376,50.380545,7.43684463e-04
24,45,1.27570776,50.537698,7.00553338e-04
25,45,1.30608176,50.666234,4.37303940e-04
26,45,1.33645576,50.745033,5.70007936e-04
27,45,1.36682976,50.755586,7.11784541e-05
28,45,1.39720381,50.698491,7.49291122e-04
29,45,1.42757781,50.580293,2.85570962e-04
30,45,1.45795159,50.421779,7.34172725e-04
31,45,1.48832560,50.260232,3.39107989e-04
32,45,1.51869960,50.140786,5.38264592e-04
33,45,1.54907361,50.041620,7.13003497e-04
34,45,1.57944761,49.722144,2.36248269e-04
35,45,1.60982162,49.347959,4.69561943e-04
36,45,1.64019563,48.993237,1.80313760e-04
37,45,1.67056963,48.672137,1.25513330e-04
38,45,1.70094364,48.402631,1.51653469e-04
39,45,1.73131764,48.257027,1.43102549e-04
40,45,1.73131764,48.257026,5.30007436e-04
41,45,1.75279515,48.328372,2.13344779e-04
42,45,1.77427297,48.477299,2.31334142e-04
43,45,1.79575048,48.650464,2.67280009e-04
44,45,1.81722830,48.839018,3.11548817e-04
45,45,1.83870581,49.038490,3.65872721e-04
46,45,1.86018364,49.245429,4.33640482e-04
47,45,1.88166114,49.454532,5.25017718e-04
48,45,1.90313897,49.644383,6.57823906e-04
49,45,1.92461647,49.831030,6.06468623e-05
50,45,1.94609430,50.057481,4.67164653e-05
51,45,1.96757180,50.270057,3.43055106e-05
52,45,1.98904963,50.462462,2.64242209e-05
53,45,2.01052713,50.626555,2.92873741e-05
54,45,2.03200496,50.765493,4.17023080e-05
55,45,2.05348246,50.882684,5.16827282e-05
56,45,2.07496029,50.987595,5.98185671e-05
57,45,2.09643779,51.087292,5.88554622e-05
58,45,2.11791562,51.180334,4.91209144e-05
59,45,2.13939312,51.233653,1.84321085e-05
60,45,2.13939312,51.235037,1.92525919e-05
61,45,2.20382612,50.826994,1.20621599e-03
62,45,2.26825912,50.504114,8.66839990e-04
63,45,2.33269211,50.374302,5.54949044e-04
64,45,2.39712495,50.120158,4.43581047e-04
65,45,2.46155794,50.054155,6.01197123e-04
66,45,2.52599094,50.093147,3.48639098e-04
67,45,2.59042394,49.631560,1.21226192e-03
68,45,2.65485693,49.237148,8.74236446e-04
69,45,2.71928993,48.807088,8.92467238e-04
70,45,2.78372276,48.331437,8.97831393e-04
71,45,2.84815576,47.816182,8.92255158e-04
72,45,2.91258876,47.271961,8.67709210e-04
73,45,2.97702175,46.711975,8.21448555e-04
74,45,3.04145475,46.361744,2.27089876e-04
75,45,3.10588775,46.007098,6.28885694e-05
76,45,3.17032058,45.493283,1.00831237e-04
77,45,3.23475363,44.890865,1.68624708e-04
78,45,3.29918661,44.577434,7.95220172e-05
79,45,3.36361957,44.550223,3.29414337e-06
80,45,3.36361957,44.550132,4.07704831e-05
81,45,3.41622887,44.737081,7.87576015e-05
82,45,3.46883817,45.159185,1.58031020e-04
83,45,3.52144747,45.690821,4.38246323e-05
84,45,3.57405686,46.292325,9.53303341e-05
85,45,3.62666598,46.805112,5.59508850e-05
86,45,3.67927530,47.542549,3.69052017e-05
87,45,3.73188462,48.349262,2.47468785e-05
88,45,3.78449394,48.854125,1.63880676e-05
89,45,3.83710326,48.956891,4.68138574e-05
90,45,3.88971258,49.143436,9.35750647e-05
91,45,3.94232191,49.423121,3.76642598e-05
92,45,3.99493123,49.791332,1.10098382e-04
93,45,4.04754055,50.236780,3.51668467e-05
94,45,4.10014987,50.716217,1.46333758e-05
95,45,4.15275899,51.182695,8.16604959e-06
96,45,4.20536831,51.596755,1.58435151e-04
97,45,4.25797763,51.904576,7.26097646e-04
98,45,4.31058696,52.095108,1.70859126e-03
99,45,4.36319628,51.996956,8.92523951e-07
0,46,0.00000000,44.550637,2.90191404e-05
1,46,0.06074799,44.776709,4.96924146e-04
2,46,0.12149598,45.268009,2.45390983e-04
3,46,0.18224397,46.275984,9.21617172e-04
4,46,0.24299205,46.862179,4.67886691e-04
5,46,0.30373983,47.352417,3.90736737e-04
6,46,0.36448784,47.930114,9.05589360e-04
7,46,0.42523585,48.556626,6.42731463e-05
8,46,0.48598386,49.041937,3.22019377e-04
9,46,0.54673188,48.757037,4.40075606e-04
10,46,0.60747989,48.881408,3.44178689e-04
11,46,0.66822790,49.603934,2.93652309e-04
12,46,0.72897591,50.345215,2.38028181e-04
13,46,0.78972392,51.096425,1.65152274e-04
14,46,0.85047193,51.829430,8.43907500e-05
15,46,0.91121971,52.463413,1.38153203e-05
16,46,0.97196773,52.683810,6.07474250e-05
17,46,1.03271574,52.119455,3.62440823e-04
18,46,1.09346375,52.318586,3.63939155e-04
19,46,1.15421176,53.091118,7.47882288e-04
20,46,1.15421176,53.091065,7.27124009e-05
21,46,1.18458576,53.088025,9.02729906e-04
22,46,1.21495976,53.077568,3.57931562e-04
23,46,1.24533376,53.058452,6.97460482e-04
24,46,1.27570776,53.014910,1.50488878e-04
25,46,1.30608176,52.933056,7.63972486e-04
26,46,1.33645576,52.786067,1.25511619e-04
27,46,1.36682976,52.551818,2.65949966e-04
28,46,1.39720381,52.233899,1.25448861e-03
29,46,1.42757781,51.857097,6.22373928e-04
30,46,1.45795159,51.448350,9.66489172e-04
31,46,1.48832560,51.030393,7.87349246e-04
32,46,1.51869960,50.617408,1.15707857e-03
33,46,1.54907361,50.315107,4.68171894e-04
34,46,1.57944761,50.379882,3.41422913e-04
35,46,1.60982162,50.588433,1.72510236e-04
36,46,1.64019563,50.808839,9.60760787e-05
37,46,1.67056963,50.988841,5.06251654e-04
38,46,1.70094364,51.103920,8.88470711e-05
39,46,1.73131764,51.147692,4.72798829e-04
40,46,1.73131764,51.147682,2.64733889e-04
41,46,1.75279515,51.032106,1.36264816e-04
42,46,1.77427297,50.905908,1.46955276e-04
43,46,1.79575048,50.767454,1.54370069e-04
44,46,1.81722830,50.618538,1.56181858e-04
45,46,1.83870581,50.460623,1.52121832e-04
46,46,1.86018364,50.295620,1.37230405e-04
47,46,1.88166114,50.128099,1.02672597e-04
48,46,1.90313897,49.979741,2.90151462e-05
49,46,1.92461647,49.994784,2.54134198e-04
50,46,1.94609430,50.188293,5.08469467e-04
51,46,1.96757180,50.403319,6.50621980e-04
52,46,1.98904963,50.615476,7.65002944e-04
53,46,2.01052713,50.815055,8.89685683e-04
54,46,2.03200496,50.991368,1.01291082e-03
55,46,2.05348246,51.136124,1.11722896e-03
56,46,2.07496029,51.245677,1.20857821e-03
57,46,2.09643779,51.317426,1.27469788e-03
58,46,2.11791562,51.357790,1.32214046e-03
59,46,2.13939312,51.371305,1.32967717e-03
60,46,2.13939312,51.371428,1.34029384e-03
61,46,2.20382612,50.833036,7.09634789e-05
62,46,2.26825912,50.527420,2.03481292e-04
63,46,2.33269211,50.442787,3.84272911e-04
64,46,2.39712495,50.374032,5.69303923e-04
65,46,2.46155794,50.208832,7.00482239e-04
66,46,2.52599094,50.113037,9.31969750e-04
67,46,2.59042394,49.950751,3.11789973e-05
68,46,2.65485693,49.537434,6.95384305e-07
69,46,2.71928993,49.059840,1.86999474e-05
70,46,2.78372276,48.552491,4.92282963e-05
71,46,2.84815576,48.026381,8.56729075e-05
72,46,2.91258876,47.482047,1.26329196e-04
73,46,2.97702175,46.924748,1.72810264e-04
74,46,3.04145475,46.426977,1.35006444e-06
75,46,3.10588775,46.089706,4.01493631e-05
76,46,3.17032058,46.344884,1.56557238e-05
77,46,3.23475363,45.662277,6.27250041e-05
78,46,3.29918661,44.939181,8.04318387e-05
79,46,3.36361957,44.551926,6.51317529e-05
80,46,3.36361957,44.551392,4.39251419e-05
81,46,3.41622887,44.737548,8.85758052e-05
82,46,3.46883817,45.159287,3.01323261e-05
83,46,3.52144747,45.691273,1.10333777e-04
84,46,3.57405686,46.292491,2.62817912e-05
85,46,3.62666598,46.949654,6.79150630e-05
86,46,3.67927530,47.649915,5.55910944e-05
87,46,3.73188462,48.380319,1.42309140e-04
88,46,3.78449394,48.891322,1.05434934e-05
89,46,3.83710326,48.958420,1.83509263e-05
90,46,3.88971258,49.144039,1.97854956e-05
91,46,3.94232191,49.423268,1.09070060e-04
92,46,3.99493123,49.791584,2.46639073e-05
93,46,4.04754055,50.236802,4.08034601e-05
94,46,4.10014987,50.716233,1.32831670e-06
95,46,4.15275899,51.182752,9.35521837e-05
96,46,4.20536831,51.597436,3.71878028e-04
97,46,4.25797763,51.906408,6.12605217e-04
98,46,4.31058696,52.122218,5.15254773e-04
99,46,4.36319628,52.161236,4.32061407e-04
0,47,0.00000000,45.906459,1.17662334e-04
1,47,0.06074799,45.973595,8.54079473e-04
2,47,0.12149598,46.160084,7.88939347e-04
3,47,0.18224397,46.461124,6.43247047e-04
4,47,0.24299205,47.464320,5.60620152e-04
5,47,0.30373983,47.612756,2.81599639e-04
6,47,0.36448784,47.954030,2.37586189e-04
7,47,0.42523585,48.607183,9.32436780e-04
8,47,0.48598386,49.301816,6.41165765e-04
9,47,0.54673188,50.075262,1.35728671e-04
10,47,0.60747989,50.849673,4.57183709e-04
11,47,0.66822790,51.644705,1.21154894e-05
12,47,0.72897591,52.267156,2.70716705e-04
13,47,0.78972392,52.563690,2.71923720e-04
14,47,0.85047193,53.012464,2.60111077e-04
15,47,0.91121971,53.523490,4.42713961e-04
16,47,0.97196773,54.102715,1.83346109e-04
17,47,1.03271574,54.083951,7.26183519e-04
18,47,1.09346375,53.701802,6.99776126e-04
19,47,1.15421176,53.091830,3.77201628e-04
20,47,1.15421176,53.091198,1.06030469e-03
21,47,1.18458576,53.088239,2.20832903e-04
22,47,1.21495976,53.077953,8.13824431e-04
23,47,1.24533376,53.059403,5.35492117e-04
24,47,1.27570776,53.015403,1.18274872e-03
25,47,1.30608176,52.936641,6.75673084e-04
26,47,1.33645576,52.792725,1.40093851e-03
27,47,1.36682976,52.553536,1.19265322e-03
28,47,1.39720381,52.236382,6.57864183e-05
29,47,1.42757781,51.859958,6.48730232e-04
30,47,1.45795159,51.448639,2.39766082e-04
31,47,1.48832560,51.030422,4.10468777e-04
32,47,1.51869960,50.617476,8.03111279e-05
33,47,1.54907361,50.315138,7.54316360e-04
34,47,1.57944761,50.379900,5.82021621e-04
35,47,1.60982162,50.588557,6.33725263e-04
36,47,1.64019563,50.809113,6.59637074e-04
37,47,1.67056963,50.988893,2.15568776e-04
38,47,1.70094364,51.103929,6.14166458e-04
39,47,1.73131764,51.147860,2.13182179e-04
40,47,1.73131764,51.147746,4.25354223e-04
41,47,1.75279515,51.245262,5.42625874e-04
42,47,1.77427297,51.330826,5.17519303e-04
43,47,1.79575048,51.399449,4.96251355e-04
44,47,1.81722830,51.457887,4.70665252e-04
45,47,1.83870581,51.502681,4.50451990e-04
46,47,1.86018364,51.534060,4.35098285e-04
47,47,1.88166114,51.553967,4.06469362e-04
48,47,1.90313897,51.561503,3.95778616e-04
49,47,1.92461647,51.565652,3.74379229e-04
50,47,1.94609430,51.564812,3.47686221e-04
51,47,1.96757180,51.569505,3.17375278e-04
52,47,1.98904963,51.581183,2.80846572e-04
53,47,2.01052713,51.597238,2.01239074e-04
54,47,2.03200496,51.609172,1.34591325e-04
55,47,2.05348246,51.607703,7.49522186e-05
56,47,2.07496029,51.580322,2.50567680e-05
57,47,2.09643779,51.524715,4.19628200e-06
58,47,2.11791562,51.451805,4.26962250e-06
59,47,2.13939312,51.407179,3.28842341e-05
60,47,2.13939312,51.407420,3.34071370e-05
61,47,2.20382612,52.305661,2.62524074e-04
62,47,2.26825912,52.662135,2.00692947e-05
63,47,2.33269211,52.372609,1.45399588e-05
64,47,2.39712495,51.868753,2.39611646e-05
65,47,2.46155794,51.447228,1.14870540e-04
66,47,2.52599094,51.328163,4.90911959e-04
67,47,2.59042394,51.683242,5.55115098e-05
68,47,2.65485693,50.973205,1.15900066e-04
69,47,2.71928993,50.256470,7.04610739e-05
70,47,2.78372276,49.551677,4.78339607e-05
71,47,2.84815576,48.866999,2.89372456e-05
72,47,2.91258876,48.203291,1.14830359e-05
73,47,2.97702175,47.571720,3.08019626e-06
74,47,3.04145475,47.091598,5.33670102e-06
75,47,3.10588775,47.428124,1.76699816e-05
76,47,3.17032058,47.397818,3.17513425e-05
77,47,3.23475363,47.339785,8.01567235e-04
78,47,3.29918661,46.324890,1.05538074e-03
79,47,3.36361957,45.906459,6.87611716e-04
80,47,3.36361957,45.906459,5.89056478e-04
81,47,3.41622887,46.279766,1.26322608e-03
82,47,3.46883817,46.990750,1.58963579e-04
83,47,3.52144747,47.484642,4.27440162e-05
84,47,3.57405686,46.615087,9.55709413e-05
85,47,3.62666598,46.950211,4.56284423e-05
86,47,3.67927530,47.649954,7.53579432e-05
87,47,3.73188462,48.403256,4.23512775e-05
88,47,3.78449394,49.170716,3.64842772e-05
89,47,3.83710326,49.939385,6.61057997e-05
90,47,3.88971258,50.589750,3.20699445e-05
91,47,3.94232191,51.127829,5.23222629e-05
92,47,3.99493123,51.648099,2.51360678e-05
93,47,4.04754055,51.990652,1.84978499e-05
94,47,4.10014987,52.351192,2.19142961e-05
95,47,4.15275899,52.647572,2.70675539e-05
96,47,4.20536831,52.785129,1.06764578e-05
97,47,4.25797763,52.510153,2.46453699e-06
98,47,4.31058696,52.154456,7.65962433e-06
99,47,4.36319628,52.168843,2.16723346e-03
