k_index,band_index,k_distance,energy_eV,weight
0,0,0.00000000,-12.174008,1.97820957e-02
1,0,0.06074799,-12.161831,1.98826862e-02
2,0,0.12149598,-12.125518,2.01794732e-02
3,0,0.18224397,-12.065039,2.06774289e-02
4,0,0.24299205,-11.980516,2.13812731e-02
5,0,0.30373983,-11.871987,2.22988212e-02
6,0,0.36448784,-11.739760,2.34353812e-02
7,0,0.42523585,-11.583992,2.48018186e-02
8,0,0.48598386,-11.404888,2.64101492e-02
9,0,0.54673188,-11.202855,2.82689667e-02
10,0,0.60747989,-10.978205,3.03920785e-02
11,0,0.66822790,-10.731338,3.27923289e-02
12,0,0.72897591,-10.462806,3.54831925e-02
13,0,0.78972392,-10.173086,3.84795518e-02
14,0,0.85047193,-9.862951,4.17930776e-02
15,0,0.91121971,-9.532994,4.54406608e-02
16,0,0.97196773,-9.184204,4.94348545e-02
17,0,1.03271574,-8.817441,5.37916684e-02
18,0,1.09346375,-8.433770,5.85278342e-02
19,0,1.15421176,-8.034362,1.11354283e-09
20,0,1.15421176,-8.034362,2.11284795e-09
21,0,1.18458576,-8.033320,7.60678295e-05
22,0,1.21495976,-8.030216,3.03044603e-04
23,0,1.24533376,-8.025095,7.24733499e-04
24,0,1.27570776,-8.018102,1.26415344e-03
25,0,1.30608176,-8.009363,1.94224327e-03
26,0,1.33645576,-7.999066,2.76743377e-03
27,0,1.36682976,-7.987477,3.59773235e-03
28,0,1.39720381,-7.974810,4.43116424e-03
29,0,1.42757781,-7.961386,5.64456229e-03
30,0,1.45795159,-7.947528,5.49867469e-03
31,0,1.48832560,-7.933662,6.96119262e-03
32,0,1.51869960,-7.920150,8.94373980e-03
33,0,1.54907361,-7.907380,1.29674489e-02
34,0,1.57944761,-7.895736,2.28438460e-02
35,0,1.60982162,-7.885624,5.06721755e-02
36,0,1.64019563,-7.877365,1.00567358e-01
37,0,1.67056963,-7.871244,1.20771017e-01
38,0,1.70094364,-7.867476,1.24790015e-01
39,0,1.73131764,-7.866182,1.24968953e-01
40,0,1.73131764,-7.866182,1.24968939e-01
41,0,1.75279515,-7.924879,1.80634982e-02
42,0,1.77427297,-7.980461,1.78525659e-02
43,0,1.79575048,-8.032927,1.76573067e-02
44,0,1.81722830,-8.082250,1.74800288e-02
45,0,1.83870581,-8.128431,1.73180782e-02
46,0,1.86018364,-8.171462,1.71705915e-02
47,0,1.88166114,-8.211334,1.70367853e-02
48,0,1.90313897,-8.248035,1.69162408e-02
49,0,1.92461647,-8.281571,1.68078204e-02
50,0,1.94609430,-8.311938,1.67110673e-02
51,0,1.96757180,-8.339113,1.66258898e-02
52,0,1.98904963,-8.363101,1.65516805e-02
53,0,2.01052713,-8.383910,1.64884089e-02
54,0,2.03200496,-8.401513,1.64351448e-02
55,0,2.05348246,-8.415920,1.63919280e-02
56,0,2.07496029,-8.427121,1.63590740e-02
57,0,2.09643779,-8.435128,1.63353762e-02
58,0,2.11791562,-8.439933,1.63212815e-02
59,0,2.13939312,-8.441535,1.63165038e-02
60,0,2.13939312,-8.441535,1.63165064e-02
61,0,2.20382612,-8.639944,2.33144100e-02
62,0,2.26825912,-8.879154,2.99865166e-02
63,0,2.33269211,-9.149303,3.52947021e-02
64,0,2.39712495,-9.438544,3.87533963e-02
65,0,2.46155794,-9.736095,4.03816282e-02
66,0,2.52599094,-10.033039,4.04711982e-02
67,0,2.59042394,-10.322529,3.94163714e-02
68,0,2.65485693,-10.599298,3.75956941e-02
69,0,2.71928993,-10.859598,3.53292753e-02
70,0,2.78372276,-11.100614,3.28666123e-02
71,0,2.84815576,-11.320138,3.03970926e-02
72,0,2.91258876,-11.516590,2.80536207e-02
73,0,2.97702175,-11.688792,2.59266839e-02
74,0,3.04145475,-11.835792,2.40786194e-02
75,0,3.10588775,-11.956914,2.25419252e-02
76,0,3.17032058,-12.051610,2.13356015e-02
77,0,3.23475363,-12.119498,2.04737695e-02
78,0,3.29918661,-12.160320,1.99564787e-02
79,0,3.36361957,-12.174008,1.97820946e-02
80,0,3.36361957,-12.174008,1.97820952e-02
81,0,3.41622887,-12.164855,1.99397936e-02
82,0,3.46883817,-12.137635,2.04072795e-02
83,0,3.52144747,-12.092341,2.11851056e-02
84,0,3.57405686,-12.029118,2.22684992e-02
85,0,3.62666598,-11.948130,2.36533088e-02
86,0,3.67927530,-11.849741,2.53029193e-02
87,0,3.73188462,-11.734281,2.71840984e-02
88,0,3.78449394,-11.602234,2.92302420e-02
89,0,3.83710326,-11.454415,3.13318352e-02
90,0,3.88971258,-11.291718,3.33283754e-02
91,0,3.94232191,-11.115499,3.49819319e-02
92,0,3.99493123,-10.927719,3.59534427e-02
93,0,4.04754055,-10.731246,3.57734944e-02
94,0,4.10014987,-10.530251,3.38567861e-02
95,0,4.15275899,-10.331492,2.95298677e-02
96,0,4.20536831,-10.145155,2.23547762e-02
97,0,4.25797763,-9.986820,1.29056667e-02
98,0,4.31058696,-9.877355,3.89209033e-03
99,0,4.36319628,-9.837738,5.97790652e-10
0,1,0.00000000,-0.221237,9.06144442e-01
1,1,0.06074799,-0.304028,2.91543977e-01
2,1,0.12149598,-0.533108,2.67600540e-01
3,1,0.18224397,-0.861308,2.41377433e-01
4,1,0.24299205,-1.249585,2.17952083e-01
5,1,0.30373983,-1.673052,1.98077746e-01
6,1,0.36448784,-2.117453,1.81189414e-01
7,1,0.42523585,-2.574406,1.66561602e-01
8,1,0.48598386,-3.038851,1.53616227e-01
9,1,0.54673188,-3.507869,1.41959608e-01
10,1,0.60747989,-3.979083,1.31310103e-01
11,1,0.66822790,-4.451056,1.21484469e-01
12,1,0.72897591,-4.921378,1.12359803e-01
13,1,0.78972392,-5.388366,1.03849705e-01
14,1,0.85047193,-5.851013,9.59190975e-02
15,1,0.91121971,-6.307241,8.85161118e-02
16,1,0.97196773,-6.755448,8.16128755e-02
17,1,1.03271574,-7.193728,7.51831958e-02
18,1,1.09346375,-7.620536,6.92054736e-02
19,1,1.15421176,-8.034362,1.27319815e-01
20,1,1.15421176,-8.034362,1.27319814e-01
21,1,1.18458576,-8.033320,1.27235032e-01
22,1,1.21495976,-8.030216,1.26981681e-01
23,1,1.24533376,-8.025095,1.26515436e-01
24,1,1.27570776,-8.018102,1.25912110e-01
25,1,1.30608176,-8.009363,1.25149885e-01
26,1,1.33645576,-7.999066,1.24219351e-01
27,1,1.36682976,-7.987477,1.23261231e-01
28,1,1.39720381,-7.974810,1.22280187e-01
29,1,1.42757781,-7.961386,1.20897151e-01
30,1,1.45795159,-7.947528,1.20856558e-01
31,1,1.48832560,-7.933662,1.19192030e-01
32,1,1.51869960,-7.920150,1.16996994e-01
33,1,1.54907361,-7.907380,1.12762088e-01
34,1,1.57944761,-7.895736,1.02682972e-01
35,1,1.60982162,-7.885624,7.46699687e-02
36,1,1.64019563,-7.877365,2.46186512e-02
37,1,1.67056963,-7.871244,4.29684914e-03
38,1,1.70094364,-7.867476,2.04539413e-04
39,1,1.73131764,-7.866182,2.62091298e-06
40,1,1.73131764,-7.866182,2.63861431e-06
41,1,1.75279515,-7.808596,1.11293094e-01
42,1,1.77427297,-7.756296,1.15781031e-01
43,1,1.79575048,-7.709236,1.20088372e-01
44,1,1.81722830,-7.667276,1.24168828e-01
45,1,1.83870581,-7.630209,1.27986782e-01
46,1,1.86018364,-7.597762,1.31515948e-01
47,1,1.88166114,-7.569606,1.34740431e-01
48,1,1.90313897,-7.545351,1.37653559e-01
49,1,1.92461647,-7.524711,1.40255581e-01
50,1,1.94609430,-7.507363,1.42553059e-01
51,1,1.96757180,-7.492793,1.44557538e-01
52,1,1.98904963,-7.480754,1.46281892e-01
53,1,2.01052713,-7.470955,1.47739343e-01
54,1,2.03200496,-7.463114,1.48945740e-01
55,1,2.05348246,-7.457014,1.49913302e-01
56,1,2.07496029,-7.452412,1.50653374e-01
57,1,2.09643779,-7.449271,1.51175224e-01
58,1,2.11791562,-7.447428,1.51485691e-01
59,1,2.13939312,-7.446815,1.51591456e-01
60,1,2.13939312,-7.446815,1.51591462e-01
61,1,2.20382612,-7.247460,1.59886994e-01
62,1,2.26825912,-7.019417,1.69414425e-01
63,1,2.33269211,-6.762998,1.80164696e-01
64,1,2.39712495,-6.478367,1.92126208e-01
65,1,2.46155794,-6.166004,2.05257122e-01
66,1,2.52599094,-5.826264,2.19538821e-01
67,1,2.59042394,-5.459647,2.34944210e-01
68,1,2.65485693,-5.066690,2.51464627e-01
69,1,2.71928993,-4.648299,2.69104847e-01
70,1,2.78372276,-4.205520,2.87955663e-01
71,1,2.84815576,-3.739690,3.08174261e-01
72,1,2.91258876,-3.252868,3.30101872e-01
73,1,2.97702175,-2.748308,3.54401090e-01
74,1,3.04145475,-2.230417,3.82148090e-01
75,1,3.10588775,-1.707984,4.15320173e-01
76,1,3.17032058,-1.196202,4.56929646e-01
77,1,3.23475363,-0.726540,5.10382689e-01
78,1,3.29918661,-0.364477,5.71301218e-01
79,1,3.36361957,-0.221237,9.06144441e-01
80,1,3.36361957,-0.221237,9.06144439e-01
81,1,3.41622887,-0.329993,8.71760307e-01
82,1,3.46883817,-0.619918,8.00933694e-01
83,1,3.52144747,-1.018698,7.32945683e-01
84,1,3.57405686,-1.474774,6.78536914e-01
85,1,3.62666598,-1.958536,6.35936882e-01
86,1,3.67927530,-2.454449,6.01967426e-01
87,1,3.73188462,-2.952316,5.73870306e-01
88,1,3.78449394,-3.445848,5.49929475e-01
89,1,3.83710326,-3.930558,5.29121649e-01
90,1,3.88971258,-4.402823,5.10910598e-01
91,1,3.94232191,-4.859400,4.95123689e-01
92,1,3.99493123,-5.296989,4.81887571e-01
93,1,4.04754055,-5.711758,4.71536991e-01
94,1,4.10014987,-6.098368,4.64701899e-01
95,1,4.15275899,-6.449798,4.62112176e-01
96,1,4.20536831,-6.755259,4.64240142e-01
97,1,4.25797763,-6.998913,4.70530256e-01
98,1,4.31058696,-7.159679,4.78018693e-01
99,1,4.36319628,-7.216452,4.81501537e-01
0,2,0.00000000,-0.221237,9.28965040e-10
1,2,0.06074799,-0.273253,5.93300738e-01
2,2,0.12149598,-0.417348,5.68804510e-01
3,2,0.18224397,-0.620436,5.43125144e-01
4,2,0.24299205,-0.854281,5.22289796e-01
5,2,0.30373983,-1.099562,5.07096051e-01
6,2,0.36448784,-1.345517,4.96726462e-01
7,2,0.42523585,-1.584481,4.89926903e-01
8,2,0.48598386,-1.811733,4.85662553e-01
9,2,0.54673188,-2.024671,4.83255272e-01
10,2,0.60747989,-2.220993,4.82103316e-01
11,2,0.66822790,-2.399222,4.81795423e-01
12,2,0.72897591,-2.558338,4.82038125e-01
13,2,0.78972392,-2.697456,4.82587922e-01
14,2,0.85047193,-2.816014,4.83284928e-01
15,2,0.91121971,-2.913496,4.83976974e-01
16,2,0.97196773,-2.989660,4.84604003e-01
17,2,1.03271574,-3.044267,4.85113814e-01
18,2,1.09346375,-3.077078,4.85434442e-01
19,2,1.15421176,-3.088023,4.85544093e-01
20,2,1.15421176,-3.088023,4.85544090e-01
21,2,1.18458576,-3.097704,4.83870793e-01
22,2,1.21495976,-3.126067,4.79099360e-01
23,2,1.24533376,-3.171205,4.71881333e-01
24,2,1.27570776,-3.230427,4.63079318e-01
25,2,1.30608176,-3.300545,4.53525372e-01
26,2,1.33645576,-3.378349,4.43901203e-01
27,2,1.36682976,-3.460868,4.34681833e-01
28,2,1.39720381,-3.545310,4.26186016e-01
29,2,1.42757781,-3.629326,4.18560057e-01
30,2,1.45795159,-3.710912,4.11854762e-01
31,2,1.48832560,-3.788257,4.06091113e-01
32,2,1.51869960,-3.859926,4.01226244e-01
33,2,1.54907361,-3.924565,3.97188070e-01
34,2,1.57944761,-3.981093,3.93912970e-01
35,2,1.60982162,-4.028638,3.91344800e-01
36,2,1.64019563,-4.066409,3.89417504e-01
37,2,1.67056963,-4.093817,3.88079007e-01
38,2,1.70094364,-4.110419,3.87288745e-01
39,2,1.73131764,-4.115971,3.87013400e-01
40,2,1.73131764,-4.115971,3.87013387e-01
41,2,1.75279515,-4.160922,3.29882576e-01
42,2,1.77427297,-4.203776,3.29498854e-01
43,2,1.79575048,-4.244477,3.29163472e-01
44,2,1.81722830,-4.282950,3.28859200e-01
45,2,1.83870581,-4.319157,3.28590434e-01
46,2,1.86018364,-4.353049,3.28354232e-01
47,2,1.88166114,-4.384584,3.28147725e-01
48,2,1.90313897,-4.413723,3.27967325e-01
49,2,1.92461647,-4.440438,3.27812395e-01
50,2,1.94609430,-4.464692,3.27678131e-01
51,2,1.96757180,-4.486462,3.27565395e-01
52,2,1.98904963,-4.505724,3.27470702e-01
53,2,2.01052713,-4.522484,3.27403421e-01
54,2,2.03200496,-4.536669,3.27339645e-01
55,2,2.05348246,-4.548295,3.27289369e-01
56,2,2.07496029,-4.557325,3.27248052e-01
57,2,2.09643779,-4.563799,3.27221976e-01
58,2,2.11791562,-4.567686,3.27206978e-01
59,2,2.13939312,-4.568962,3.27194347e-01
60,2,2.13939312,-4.568962,3.27194347e-01
61,2,2.20382612,-4.667231,3.08558510e-01
62,2,2.26825912,-4.683691,2.92192452e-01
63,2,2.33269211,-4.625347,2.78841030e-01
64,2,2.39712495,-4.502100,2.68745307e-01
65,2,2.46155794,-4.323677,2.61620458e-01
66,2,2.52599094,-4.098907,2.57009412e-01
67,2,2.59042394,-3.834999,2.54350294e-01
68,2,2.65485693,-3.537912,2.53179140e-01
69,2,2.71928993,-3.213237,2.53104160e-01
70,2,2.78372276,-2.866140,2.53925191e-01
71,2,2.84815576,-2.501942,2.55541528e-01
72,2,2.91258876,-2.126895,2.58007361e-01
73,2,2.97702175,-1.748566,2.61512271e-01
74,2,3.04145475,-1.376798,2.66355988e-01
75,2,3.10588775,-1.024255,2.72867193e-01
76,2,3.17032058,-0.708614,2.81183756e-01
77,2,3.23475363,-0.451775,2.90539116e-01
78,2,3.29918661,-0.280740,2.98689816e-01
79,2,3.36361957,-0.221237,1.41812595e-09
80,2,3.36361957,-0.221237,1.78744837e-09
81,2,3.41622887,-0.236100,1.22221144e-06
82,2,3.46883817,-0.282174,1.63774981e-06
83,2,3.52144747,-0.352540,9.94893314e-06
84,2,3.57405686,-0.440122,3.41949029e-06
85,2,3.62666598,-0.538050,5.97917378e-06
86,2,3.67927530,-0.640874,4.23717517e-06
87,2,3.73188462,-0.744147,2.33671711e-05
88,2,3.78449394,-0.844362,1.32820403e-05
89,2,3.83710326,-0.939896,2.38332387e-05
90,2,3.88971258,-1.028758,4.65726730e-05
91,2,3.94232191,-1.109818,8.23623736e-06
92,2,3.99493123,-1.182323,1.69637974e-05
93,2,4.04754055,-1.245711,1.20511408e-05
94,2,4.10014987,-1.299418,6.69883561e-05
95,2,4.15275899,-1.343739,4.27311422e-05
96,2,4.20536831,-1.378237,8.05157070e-05
97,2,4.25797763,-1.402944,4.75224711e-05
98,2,4.31058696,-1.417777,7.34982262e-06
99,2,4.36319628,-1.422833,3.27403730e-05
0,3,0.00000000,-0.221237,1.09057130e-09
1,3,0.06074799,-0.273253,3.47811655e-06
2,3,0.12149598,-0.417348,1.18139449e-05
3,3,0.18224397,-0.620436,2.15324556e-05
4,3,0.24299205,-0.854280,3.07480690e-05
5,3,0.30373983,-1.099562,3.89096290e-05
6,3,0.36448784,-1.345517,4.59703096e-05
7,3,0.42523585,-1.584481,5.21327154e-05
8,3,0.48598386,-1.811733,5.74902311e-05
9,3,0.54673188,-2.024671,6.21754806e-05
10,3,0.60747989,-2.220993,6.62627649e-05
11,3,0.66822790,-2.399221,6.98408825e-05
12,3,0.72897591,-2.558338,7.29143398e-05
13,3,0.78972392,-2.697456,7.55402927e-05
14,3,0.85047193,-2.816014,7.77410468e-05
15,3,0.91121971,-2.913496,7.95319419e-05
16,3,0.97196773,-2.989660,8.09052065e-05
17,3,1.03271574,-3.044267,8.18872088e-05
18,3,1.09346375,-3.077077,8.24791808e-05
19,3,1.15421176,-3.088023,8.26610666e-05
20,3,1.15421176,-3.088023,8.26628354e-05
21,3,1.18458576,-3.097704,1.28817530e-04
22,3,1.21495976,-3.126067,2.56669598e-04
23,3,1.24533376,-3.171205,4.38627575e-04
24,3,1.27570776,-3.230427,6.40249185e-04
25,3,1.30608176,-3.300545,8.29082538e-04
26,3,1.33645576,-3.378349,9.81400368e-04
27,3,1.36682976,-3.460868,1.08944503e-03
28,3,1.39720381,-3.545310,1.13657913e-03
29,3,1.42757781,-3.629326,1.12662703e-03
30,3,1.45795159,-3.710911,1.06890517e-03
31,3,1.48832560,-3.788257,9.67390529e-04
32,3,1.51869960,-3.859926,8.37605333e-04
33,3,1.54907361,-3.924565,6.85367697e-04
34,3,1.57944761,-3.981093,5.26617726e-04
35,3,1.60982162,-4.028638,3.73795379e-04
36,3,1.64019563,-4.066409,2.39621761e-04
37,3,1.67056963,-4.093817,1.34412473e-04
38,3,1.70094364,-4.110419,6.60277511e-05
39,3,1.73131764,-4.115970,4.14706993e-05
40,3,1.73131764,-4.115970,4.14731187e-05
41,3,1.75279515,-4.065517,5.13137990e-02
42,3,1.77427297,-4.006250,4.60390330e-02
43,3,1.79575048,-3.938490,4.09729868e-02
44,3,1.81722830,-3.862762,3.61607357e-02
45,3,1.83870581,-3.779723,3.16360243e-02
46,3,1.86018364,-3.690187,2.74208530e-02
47,3,1.88166114,-3.595116,2.35254710e-02
48,3,1.90313897,-3.495610,1.99500751e-02
49,3,1.92461647,-3.393066,1.66881515e-02
50,3,1.94609430,-3.289015,1.37264619e-02
51,3,1.96757180,-3.185156,1.10527054e-02
52,3,1.98904963,-3.083567,8.65344961e-03
53,3,2.01052713,-2.986564,6.51893425e-03
54,3,2.03200496,-2.896860,4.65335915e-03
55,3,2.05348246,-2.817356,3.06517042e-03
56,3,2.07496029,-2.750976,1.77593727e-03
57,3,2.09643779,-2.700999,8.17818536e-04
58,3,2.11791562,-2.669834,2.23988733e-04
59,3,2.13939312,-2.659237,2.10910200e-05
60,3,2.13939312,-2.659237,2.10909970e-05
61,3,2.20382612,-2.519168,1.99327310e-05
62,3,2.26825912,-2.362696,1.86525447e-05
63,3,2.33269211,-2.191907,1.72675782e-05
64,3,2.39712495,-2.009155,1.57946207e-05
65,3,2.46155794,-1.817763,1.42573825e-05
66,3,2.52599094,-1.621230,1.26759396e-05
67,3,2.59042394,-1.423757,1.10743938e-05
68,3,2.65485693,-1.229855,9.47975524e-06
69,3,2.71928993,-1.044774,7.92401799e-06
70,3,2.78372276,-0.873833,6.44064158e-06
71,3,2.84815576,-0.720502,5.06693473e-06
72,3,2.91258876,-0.588153,3.83471636e-06
73,3,2.97702175,-0.478361,2.76887197e-06
74,3,3.04145475,-0.390914,1.88307103e-06
75,3,3.10588775,-0.324440,1.17934082e-06
76,3,3.17032058,-0.276357,6.50663918e-07
77,3,3.23475363,-0.244265,2.85326651e-07
78,3,3.29918661,-0.225970,7.16455610e-08
79,3,3.36361957,-0.221237,8.22703913e-10
80,3,3.36361957,-0.221237,3.99851469e-10
81,3,3.41622887,-0.236100,5.25222353e-07
82,3,3.46883817,-0.282174,4.92484952e-06
83,3,3.52144747,-0.352540,3.51633741e-06
84,3,3.57405686,-0.440122,1.79958443e-05
85,3,3.62666598,-0.538050,2.36544994e-05
86,3,3.67927530,-0.640874,3.34024788e-05
87,3,3.73188462,-0.744147,2.18193851e-05
88,3,3.78449394,-0.844362,3.88920160e-05
89,3,3.83710326,-0.939896,3.46975831e-05
90,3,3.88971258,-1.028758,1.76895675e-05
91,3,3.94232191,-1.109818,6.11357813e-05
92,3,3.99493123,-1.182323,5.69037599e-05
93,3,4.04754055,-1.245711,6.57054574e-05
94,3,4.10014987,-1.299418,1.40599915e-05
95,3,4.15275899,-1.343739,4.10049158e-05
96,3,4.20536831,-1.378237,5.31493802e-06
97,3,4.25797763,-1.402944,3.98014414e-05
98,3,4.31058696,-1.417777,8.08703376e-05
99,3,4.36319628,-1.422833,5.57793125e-05
0,4,0.00000000,2.274995,2.05227013e-07
1,4,0.06074799,2.244732,3.61510825e-04
2,4,0.12149598,2.154349,1.33956826e-03
3,4,0.18224397,2.016423,2.68739640e-03
4,4,0.24299205,1.845019,4.14513151e-03
5,4,0.30373983,1.653898,5.52168844e-03
6,4,0.36448784,1.454130,6.70113789e-03
7,4,0.42523585,1.254906,7.63306965e-03
8,4,0.48598386,1.063070,8.30427893e-03
9,4,0.54673188,0.883751,8.72192666e-03
10,4,0.60747989,0.720924,8.90783580e-03
11,4,0.66822790,0.577793,8.89083510e-03
12,4,0.72897591,0.456413,8.70175368e-03
13,4,0.78972392,0.359191,8.37639214e-03
14,4,0.85047193,0.287551,7.95033977e-03
15,4,0.91121971,0.243231,7.45942058e-03
16,4,0.97196773,0.226879,6.93320796e-03
17,4,1.03271574,0.240200,6.40424642e-03
18,4,1.09346375,0.284534,5.90386007e-03
19,4,1.15421176,0.360751,1.09116156e-02
20,4,1.15421176,0.360751,1.09116180e-02
21,4,1.18458576,0.378034,1.24691808e-02
22,4,1.21495976,0.429218,1.67502320e-02
23,4,1.24533376,0.512893,2.29956126e-02
24,4,1.27570776,0.625517,3.04601451e-02
25,4,1.30608176,0.764456,3.85254244e-02
26,4,1.33645576,0.926614,4.66709754e-02
27,4,1.36682976,1.109305,5.45046473e-02
28,4,1.39720381,1.309518,6.17885283e-02
29,4,1.42757781,1.525288,6.83586191e-02
30,4,1.45795159,1.754526,7.41539986e-02
31,4,1.48832560,1.995871,7.91817625e-02
32,4,1.51869960,2.247569,8.34637363e-02
33,4,1.54907361,2.508368,8.70499988e-02
34,4,1.57944761,2.777064,9.00190620e-02
35,4,1.60982162,3.050460,9.23801061e-02
36,4,1.64019563,3.325448,9.41547697e-02
37,4,1.67056963,3.593549,9.49072710e-02
38,4,1.70094364,3.828788,9.13889129e-02
39,4,1.73131764,3.942405,1.13505061e-05
40,4,1.73131764,3.942405,1.15412981e-05
41,4,1.75279515,3.837369,6.07554429e-03
42,4,1.77427297,3.652729,1.02468571e-03
43,4,1.79575048,3.435041,2.54248556e-05
44,4,1.81722830,3.206234,1.75581101e-04
45,4,1.83870581,2.975236,6.52406342e-04
46,4,1.86018364,2.746290,1.22715495e-03
47,4,1.88166114,2.521870,1.83436244e-03
48,4,1.90313897,2.303456,2.45778624e-03
49,4,1.92461647,2.093182,3.09335297e-03
50,4,1.94609430,1.891880,3.74377108e-03
51,4,1.96757180,1.702051,4.40824711e-03
52,4,1.98904963,1.525161,5.08424516e-03
53,4,2.01052713,1.363358,5.76407087e-03
54,4,2.03200496,1.219159,6.42948732e-03
55,4,2.05348246,1.095297,7.05631863e-03
56,4,2.07496029,0.995251,7.61309591e-03
57,4,2.09643779,0.920814,8.05251520e-03
58,4,2.11791562,0.875006,8.33719586e-03
59,4,2.13939312,0.859611,8.43937152e-03
60,4,2.13939312,0.859611,8.43937176e-03
61,4,2.20382612,1.022667,7.75511640e-03
62,4,2.26825912,1.205036,7.08246516e-03
63,4,2.33269211,1.403751,6.45188882e-03
64,4,2.39712495,1.615620,5.90505374e-03
65,4,2.46155794,1.834222,5.47680956e-03
66,4,2.52599094,2.052884,5.20865547e-03
67,4,2.59042394,2.261745,5.12772827e-03
68,4,2.65485693,2.448497,5.22503756e-03
69,4,2.71928993,2.598664,5.38835803e-03
70,4,2.78372276,2.700806,5.35855613e-03
71,4,2.84815576,2.751308,4.79923748e-03
72,4,2.91258876,2.756410,3.56078965e-03
73,4,2.97702175,2.728260,1.87582012e-03
74,4,3.04145475,2.624919,2.13943849e-05
75,4,3.10588775,2.499518,2.21650186e-05
76,4,3.17032058,2.401936,2.27799971e-05
77,4,3.23475363,2.332191,2.32277264e-05
78,4,3.29918661,2.290323,2.34998087e-05
79,4,3.36361957,2.274995,2.05258203e-07
80,4,3.36361957,2.274995,2.05232233e-07
81,4,3.41622887,2.299708,5.23530505e-05
82,4,3.46883817,2.333157,1.46262486e-02
83,4,3.52144747,2.315336,9.55432178e-03
84,4,3.57405686,2.255115,4.51925856e-03
85,4,3.62666598,2.169645,1.62365926e-03
86,4,3.67927530,2.070163,3.13031807e-04
87,4,3.73188462,1.964771,2.42763301e-06
88,4,3.78449394,1.858751,3.30113673e-04
89,4,3.83710326,1.755657,1.07333592e-03
90,4,3.88971258,1.658128,2.08342882e-03
91,4,3.94232191,1.568001,3.25051618e-03
92,4,3.99493123,1.486340,4.48247712e-03
93,4,4.04754055,1.414128,5.71072313e-03
94,4,4.10014987,1.352965,6.87889421e-03
95,4,4.15275899,1.302102,7.90437036e-03
96,4,4.20536831,1.262291,8.75374185e-03
97,4,4.25797763,1.233807,9.38928374e-03
98,4,4.31058696,1.216620,9.78112823e-03
99,4,4.36319628,1.210881,9.91388456e-03
0,5,0.00000000,2.274995,4.01363635e-05
1,5,0.06074799,2.344461,1.07439566e-02
2,5,0.12149598,2.532908,3.48519430e-02
3,5,0.18224397,2.809689,5.95931025e-02
4,5,0.24299205,3.146167,7.88515849e-02
5,5,0.30373983,3.523605,9.18238591e-02
6,5,0.36448784,3.928399,9.93624651e-02
7,5,0.42523585,3.766002,2.41273553e-02
8,5,0.48598386,3.391923,1.59226526e-02
9,5,0.54673188,2.987801,1.12943978e-02
10,5,0.60747989,2.587837,8.55973488e-03
11,5,0.66822790,2.207108,6.86563673e-03
12,5,0.72897591,1.854986,5.79488532e-03
13,5,0.78972392,1.536719,5.14278092e-03
14,5,0.85047193,1.252390,4.77465087e-03
15,5,0.91121971,1.003715,4.62684079e-03
16,5,0.97196773,0.790614,4.64567947e-03
17,5,1.03271574,0.612883,4.80583016e-03
18,5,1.09346375,0.469881,5.08284957e-03
19,5,1.15421176,0.360751,1.44057477e-08
20,5,1.15421176,0.360751,1.47279805e-08
21,5,1.18458576,0.378034,3.01461540e-05
22,5,1.21495976,0.429218,2.79855046e-04
23,5,1.24533376,0.512893,8.99375673e-04
24,5,1.27570776,0.625517,1.82611282e-03
25,5,1.30608176,0.764456,2.90045431e-03
26,5,1.33645576,0.926614,4.00563999e-03
27,5,1.36682976,1.109305,5.09344205e-03
28,5,1.39720381,1.309518,6.11138296e-03
29,5,1.42757781,1.525288,7.09537131e-03
30,5,1.45795159,1.754526,8.08445010e-03
31,5,1.48832560,1.995871,9.07695672e-03
32,5,1.51869960,2.247569,1.01590306e-02
33,5,1.54907361,2.508368,1.14059587e-02
34,5,1.57944761,2.777064,1.29698218e-02
35,5,1.60982162,3.050460,1.51642232e-02
36,5,1.64019563,3.325448,1.86306979e-02
37,5,1.67056963,3.593549,2.51672214e-02
38,5,1.70094364,3.828788,4.05337492e-02
39,5,1.73131764,3.942405,1.42682405e-01
40,5,1.73131764,3.942405,1.42682213e-01
41,5,1.75279515,3.977453,1.28366481e-01
42,5,1.77427297,3.993789,1.30837347e-01
43,5,1.79575048,3.995050,1.30486459e-01
44,5,1.81722830,3.987634,1.28762857e-01
45,5,1.83870581,3.974346,1.26603267e-01
46,5,1.86018364,3.957735,1.24459310e-01
47,5,1.88166114,3.939508,1.22511629e-01
48,5,1.90313897,3.920883,1.20813771e-01
49,5,1.92461647,3.902477,1.19361485e-01
50,5,1.94609430,3.884730,1.18144291e-01
51,5,1.96757180,3.868368,1.17117055e-01
52,5,1.98904963,3.853489,1.16264466e-01
53,5,2.01052713,3.839893,1.15555744e-01
54,5,2.03200496,3.828516,1.14993130e-01
55,5,2.05348246,3.819082,1.14550665e-01
56,5,2.07496029,3.811827,1.14213464e-01
57,5,2.09643779,3.806493,1.13980855e-01
58,5,2.11791562,3.803278,1.13842962e-01
59,5,2.13939312,3.802232,1.13786166e-01
60,5,2.13939312,3.802232,1.13786163e-01
61,5,2.20382612,4.605246,1.20855023e-01
62,5,2.26825912,5.396746,1.36156793e-01
63,5,2.33269211,5.788534,7.78899385e-06
64,5,2.39712495,5.371642,9.05179004e-06
65,5,2.46155794,4.979658,1.03648647e-05
66,5,2.52599094,4.611788,1.17122620e-05
67,5,2.59042394,4.269688,1.30764887e-05
68,5,2.65485693,3.954048,1.44385365e-05
69,5,2.71928993,3.664845,1.57776262e-05
70,5,2.78372276,3.402087,1.70724899e-05
71,5,2.84815576,3.166828,1.83022406e-05
72,5,2.91258876,2.958744,1.94454708e-05
73,5,2.97702175,2.778083,2.04823637e-05
74,5,3.04145475,2.679440,3.96413373e-04
75,5,3.10588775,2.619012,1.73919855e-04
76,5,3.17032058,2.496909,2.14114547e-02
77,5,3.23475363,2.381671,1.17995051e-02
78,5,3.29918661,2.304197,3.47521573e-03
79,5,3.36361957,2.274995,2.33123754e-05
80,5,3.36361957,2.274995,8.74082748e-07
81,5,3.41622887,2.299708,3.89752771e-05
82,5,3.46883817,2.366765,6.57975826e-07
83,5,3.52144747,2.469830,4.82027713e-05
84,5,3.57405686,2.598166,3.09185604e-05
85,5,3.62666598,2.739683,2.84179731e-05
86,5,3.67927530,2.881542,3.11255034e-05
87,5,3.73188462,3.011233,2.61781868e-05
88,5,3.78449394,3.117875,2.82096832e-05
89,5,3.83710326,3.192899,2.06892932e-05
90,5,3.88971258,3.234047,7.36052557e-06
91,5,3.94232191,3.244219,4.63513152e-06
92,5,3.99493123,3.230154,4.01725147e-06
93,5,4.04754055,3.200406,8.89074145e-07
94,5,4.10014987,3.162864,1.91150879e-06
95,5,4.15275899,3.124037,8.56496551e-07
96,5,4.20536831,3.089200,4.72939090e-07
97,5,4.25797763,3.061860,2.76546972e-08
98,5,4.31058696,3.044540,4.11279754e-08
99,5,4.36319628,3.037693,9.42165958e-09
0,6,0.00000000,2.274995,5.31239438e-05
1,6,0.06074799,2.344461,8.96001552e-05
2,6,0.12149598,2.532908,8.07588023e-05
3,6,0.18224397,2.809689,7.02931371e-05
4,6,0.24299205,3.146167,6.01425238e-05
5,6,0.30373983,3.523605,5.08998602e-05
6,6,0.36448784,3.928399,4.26430269e-05
7,6,0.42523585,4.353477,1.02735216e-01
8,6,0.48598386,4.794438,1.02977650e-01
9,6,0.54673188,5.246494,1.00823084e-01
10,6,0.60747989,5.707975,9.68748904e-02
11,6,0.66822790,6.178182,9.15460674e-02
12,6,0.72897591,6.653573,8.51775578e-02
13,6,0.78972392,7.135955,7.79476533e-02
14,6,0.85047193,7.623230,6.99590918e-02
15,6,0.91121971,8.117273,6.10671945e-02
16,6,0.97196773,8.610386,5.09602990e-02
17,6,1.03271574,9.095365,3.83661682e-02
18,6,1.09346375,9.540429,1.97058039e-02
19,6,1.15421176,9.778134,1.70106626e-07
20,6,1.15421176,9.778134,1.70106579e-07
21,6,1.18458576,9.751137,9.11409062e-04
22,6,1.21495976,9.664357,4.19481813e-03
23,6,1.24533376,9.507946,1.06914655e-02
24,6,1.27570776,9.284278,1.97025844e-02
25,6,1.30608176,9.010263,2.92920174e-02
26,6,1.33645576,8.704441,3.81519622e-02
27,6,1.36682976,8.378108,4.59720503e-02
28,6,1.39720381,8.042206,5.26400428e-02
29,6,1.42757781,7.701520,5.83618204e-02
30,6,1.45795159,7.358434,6.33145037e-02
31,6,1.48832560,7.015337,6.75101859e-02
32,6,1.51869960,6.672463,7.11033100e-02
33,6,1.54907361,6.334162,7.39478242e-02
34,6,1.57944761,6.000866,7.60668159e-02
35,6,1.60982162,5.673880,7.71825008e-02
36,6,1.64019563,5.357423,7.68494734e-02
37,6,1.67056963,5.059744,7.37075023e-02
38,6,1.70094364,4.807018,6.41443485e-02
39,6,1.73131764,4.688886,5.48894025e-02
40,6,1.73131764,4.688886,5.48894035e-02
41,6,1.75279515,4.699999,6.05801301e-02
42,6,1.77427297,4.799212,6.50896571e-02
43,6,1.79575048,4.939569,6.56436937e-02
44,6,1.81722830,5.065296,2.38276716e-03
45,6,1.83870581,5.195651,4.59388060e-03
46,6,1.86018364,5.333572,6.78088447e-03
47,6,1.88166114,5.477195,8.75737731e-03
48,6,1.90313897,5.625267,1.04560142e-02
49,6,1.92461647,5.776664,1.18670603e-02
50,6,1.94609430,5.930598,1.29807189e-02
51,6,1.96757180,6.086532,1.38147423e-02
52,6,1.98904963,6.243739,1.43465679e-02
53,6,2.01052713,6.401394,1.45432223e-02
54,6,2.03200496,6.558659,1.43077134e-02
55,6,2.05348246,6.713933,1.34862442e-02
56,6,2.07496029,6.864863,1.17696059e-02
57,6,2.09643779,7.004239,8.59530854e-03
58,6,2.11791562,7.116496,3.57423556e-03
59,6,2.13939312,7.164785,4.42015960e-06
60,6,2.13939312,7.164785,4.42016210e-06
61,6,2.20382612,6.686147,5.46427549e-06
62,6,2.26825912,6.227142,6.58967756e-06
63,6,2.33269211,5.881088,1.47109460e-01
64,6,2.39712495,5.666431,9.84756473e-02
65,6,2.46155794,5.304217,8.09558977e-02
66,6,2.52599094,4.938639,7.27597714e-02
67,6,2.59042394,4.591579,6.74397419e-02
68,6,2.65485693,4.267603,6.32347099e-02
69,6,2.71928993,3.966560,5.94995570e-02
70,6,2.78372276,3.688152,5.58810116e-02
71,6,2.84815576,3.434025,5.21119741e-02
72,6,2.91258876,3.203003,4.79553401e-02
73,6,2.97702175,2.994195,4.31342862e-02
74,6,3.04145475,2.806825,3.73043797e-02
75,6,3.10588775,2.640663,3.01231423e-02
76,6,3.17032058,2.548351,2.70548147e-03
77,6,3.23475363,2.458214,8.48225914e-03
78,6,3.29918661,2.342919,8.13206819e-03
79,6,3.36361957,2.274995,6.99479114e-05
80,6,3.36361957,2.274995,9.23862052e-05
81,6,3.41622887,2.303229,9.42626866e-03
82,6,3.46883817,2.366765,8.52732439e-05
83,6,3.52144747,2.469830,2.98507340e-05
84,6,3.57405686,2.598166,3.78097681e-05
85,6,3.62666598,2.739683,3.03241522e-05
86,6,3.67927530,2.881542,1.75111010e-05
87,6,3.73188462,3.011233,1.26451110e-05
88,6,3.78449394,3.117875,1.48958112e-06
89,6,3.83710326,3.192899,1.03484631e-06
90,6,3.88971258,3.234047,7.84082848e-06
91,6,3.94232191,3.244219,5.58684510e-06
92,6,3.99493123,3.230154,2.61993093e-06
93,6,4.04754055,3.200406,3.27570117e-06
94,6,4.10014987,3.162864,5.99675482e-07
95,6,4.15275899,3.124037,5.73249774e-07
96,6,4.20536831,3.089200,2.66416065e-07
97,6,4.25797763,3.061860,2.92516370e-07
98,6,4.31058696,3.044540,5.47052219e-08
99,6,4.36319628,3.037693,1.60610386e-08
0,7,0.00000000,3.020503,2.63127363e-09
1,7,0.06074799,3.103032,7.06708163e-03
2,7,0.12149598,3.322531,2.32377361e-02
3,7,0.18224397,3.618009,4.00510862e-02
4,7,0.24299205,3.911187,5.12945542e-02
5,7,0.30373983,4.090297,5.08330420e-02
6,7,0.36448784,4.036068,3.76587168e-02
7,7,0.42523585,4.353477,3.52937185e-05
8,7,0.48598386,4.794438,2.87459009e-05
9,7,0.54673188,5.246494,2.29849807e-05
10,7,0.60747989,5.707975,1.79774619e-05
11,7,0.66822790,6.178182,1.36852308e-05
12,7,0.72897591,6.653573,1.01093938e-05
13,7,0.78972392,7.135955,7.18885030e-06
14,7,0.85047193,7.623230,4.88626347e-06
15,7,0.91121971,8.117273,3.12014861e-06
16,7,0.97196773,8.610387,1.85352715e-06
17,7,1.03271574,9.095365,9.55713794e-07
18,7,1.09346375,9.540429,3.34014335e-07
19,7,1.15421176,9.778135,4.46966956e-11
20,7,1.15421176,9.778135,4.48025238e-11
21,7,1.18458576,9.751137,7.12770047e-05
22,7,1.21495976,9.664358,9.70596922e-04
23,7,1.24533376,9.507946,3.46622498e-03
24,7,1.27570776,9.284278,6.43658671e-03
25,7,1.30608176,9.010263,8.40806772e-03
26,7,1.33645576,8.704441,9.21744789e-03
27,7,1.36682976,8.378108,9.26075654e-03
28,7,1.39720381,8.042206,8.93910163e-03
29,7,1.42757781,7.701520,8.41559544e-03
30,7,1.45795159,7.358434,7.76060901e-03
31,7,1.48832560,7.015337,7.07507049e-03
32,7,1.51869960,6.672463,6.28773742e-03
33,7,1.54907361,6.334162,5.45772817e-03
34,7,1.57944761,6.000866,4.48160814e-03
35,7,1.60982162,5.673880,3.36913569e-03
36,7,1.64019563,5.357423,2.01100923e-03
37,7,1.67056963,5.059744,5.26265013e-04
38,7,1.70094364,4.807018,2.87416366e-04
39,7,1.73131764,4.688886,7.20182157e-06
40,7,1.73131764,4.688886,7.20084293e-06
41,7,1.75279515,4.752448,2.18003747e-03
42,7,1.77427297,4.839416,7.35758522e-05
43,7,1.79575048,4.945198,5.85778262e-04
44,7,1.81722830,5.099288,6.50174483e-02
45,7,1.83870581,5.269835,6.40443516e-02
46,7,1.86018364,5.447473,6.29755538e-02
47,7,1.88166114,5.630333,6.18962919e-02
48,7,1.90313897,5.817656,6.08400679e-02
49,7,1.92461647,6.008183,5.98289934e-02
50,7,1.94609430,6.201417,5.88642706e-02
51,7,1.96757180,6.397613,5.79953933e-02
52,7,1.98904963,6.596115,5.72437562e-02
53,7,2.01052713,6.797382,5.66623812e-02
54,7,2.03200496,6.999308,5.63620394e-02
55,7,2.05348246,7.202049,5.65366751e-02
56,7,2.07496029,7.405057,5.76433692e-02
57,7,2.09643779,7.603816,6.07904029e-02
58,7,2.11791562,7.748707,4.68342422e-02
59,7,2.13939312,7.702336,5.03163430e-02
60,7,2.13939312,7.702336,5.03163436e-02
61,7,2.20382612,7.215723,4.17894084e-02
62,7,2.26825912,6.799880,2.24351298e-02
63,7,2.33269211,6.732269,4.73475152e-03
64,7,2.39712495,6.440299,9.65383339e-02
65,7,2.46155794,6.139456,9.54520507e-02
66,7,2.52599094,5.875243,9.32904652e-02
67,7,2.59042394,5.655426,9.05213411e-02
68,7,2.65485693,5.488431,8.78294113e-02
69,7,2.71928993,5.380580,8.62423951e-02
70,7,2.78372276,5.329732,8.73825691e-02
71,7,2.84815576,5.315887,9.38377042e-02
72,7,2.91258876,5.287425,1.08352875e-01
73,7,2.97702175,5.157682,1.28894329e-01
74,7,3.04145475,4.851312,1.41391731e-01
75,7,3.10588775,4.393370,1.33712098e-01
76,7,3.17032058,3.882557,1.06264853e-01
77,7,3.23475363,3.423254,6.22010526e-02
78,7,3.29918661,3.119101,1.73180600e-02
79,7,3.36361957,3.020503,2.63022878e-09
80,7,3.36361957,3.020503,2.63017511e-09
81,7,3.41622887,3.086656,1.73886110e-02
82,7,3.46883817,3.296273,6.54099284e-02
83,7,3.52144747,3.633642,1.20443315e-01
84,7,3.57405686,4.047656,1.64005131e-01
85,7,3.62666598,4.499263,1.94242616e-01
86,7,3.67927530,4.965141,2.14011117e-01
87,7,3.73188462,5.433911,2.26208774e-01
88,7,3.78449394,5.897802,2.32591436e-01
89,7,3.83710326,6.348814,2.33335879e-01
90,7,3.88971258,6.772653,2.25379092e-01
91,7,3.94232191,7.135813,1.97775560e-01
92,7,3.99493123,7.373992,1.36667895e-01
93,7,4.04754055,7.454108,7.13721745e-02
94,7,4.10014987,7.437108,3.44270684e-02
95,7,4.15275899,7.387328,1.66917121e-02
96,7,4.20536831,7.335059,7.73860350e-03
97,7,4.25797763,7.292487,3.04160930e-03
98,7,4.31058696,7.265248,7.09874555e-04
99,7,4.36319628,7.255859,9.22392713e-08
0,8,0.00000000,7.439846,1.90434497e-02
1,8,0.06074799,7.358478,1.08572253e-04
2,8,0.12149598,7.083810,6.62522540e-04
3,8,0.18224397,6.723670,2.61092216e-03
4,8,0.24299205,6.374932,8.77720977e-03
5,8,0.30373983,6.161960,2.49896938e-02
6,8,0.36448784,6.211337,5.02241746e-02
7,8,0.42523585,6.510669,7.08886673e-02
8,8,0.48598386,6.951435,8.37313560e-02
9,8,0.54673188,7.459296,9.16151676e-02
10,8,0.60747989,8.000236,9.64461492e-02
11,8,0.66822790,8.557251,9.91166857e-02
12,8,0.72897591,9.118172,1.00087180e-01
13,8,0.78972392,9.678603,9.95693940e-02
14,8,0.85047193,10.073465,3.85602796e-06
15,8,0.91121971,10.459379,3.29486974e-06
16,8,0.97196773,10.873249,2.75160294e-06
17,8,1.03271574,11.308836,2.26904182e-06
18,8,1.09346375,10.962063,6.98735844e-02
19,8,1.15421176,10.719854,9.03743676e-02
20,8,1.15421176,10.719854,9.03743736e-02
21,8,1.18458576,10.676350,9.06055289e-02
22,8,1.21495976,10.576012,4.95663139e-02
23,8,1.24533376,10.472638,3.29500869e-05
24,8,1.27570776,10.395856,3.45236743e-04
25,8,1.30608176,10.346946,6.05626616e-04
26,8,1.33645576,10.317337,6.18707423e-04
27,8,1.36682976,10.298527,5.40070137e-04
28,8,1.39720381,10.287642,4.38768880e-04
29,8,1.42757781,10.281729,3.51328594e-04
30,8,1.45795159,10.278302,2.72222238e-04
31,8,1.48832560,10.277010,2.09651574e-04
32,8,1.51869960,10.276169,1.55830732e-04
33,8,1.54907361,10.276772,1.13531998e-04
34,8,1.57944761,10.277770,7.90889197e-05
35,8,1.60982162,10.278861,5.19179646e-05
36,8,1.64019563,10.279888,3.12699484e-05
37,8,1.67056963,10.280718,1.67518730e-05
38,8,1.70094364,10.281969,8.01560112e-06
39,8,1.73131764,10.282995,5.19803754e-06
40,8,1.73131764,10.282995,5.19781613e-06
41,8,1.75279515,10.167889,3.95556593e-02
42,8,1.77427297,10.045536,3.83657128e-02
43,8,1.79575048,9.918268,3.73685861e-02
44,8,1.81722830,9.786249,3.65452577e-02
45,8,1.83870581,9.649955,3.58636792e-02
46,8,1.86018364,9.509888,3.53065071e-02
47,8,1.88166114,9.366472,3.48616434e-02
48,8,1.90313897,9.220458,3.45288032e-02
49,8,1.92461647,9.071449,3.42942939e-02
50,8,1.94609430,8.920199,3.41744967e-02
51,8,1.96757180,8.767125,3.41797323e-02
52,8,1.98904963,8.612697,3.43437981e-02
53,8,2.01052713,8.455845,3.47256609e-02
54,8,2.03200496,8.300848,3.54128280e-02
55,8,2.05348246,8.147483,3.65788406e-02
56,8,2.07496029,7.998617,3.85441809e-02
57,8,2.09643779,7.860322,4.18379901e-02
58,8,2.11791562,7.787577,6.94500090e-02
59,8,2.13939312,7.889672,8.33542940e-02
60,8,2.13939312,7.889672,8.33542900e-02
61,8,2.20382612,7.501657,8.98692820e-02
62,8,2.26825912,7.127311,9.40631789e-02
63,8,2.33269211,6.771575,9.61879075e-02
64,8,2.39712495,6.737550,1.32209037e-06
65,8,2.46155794,6.455206,1.48106084e-06
66,8,2.52599094,6.214921,1.66487436e-06
67,8,2.59042394,6.022615,1.87056407e-06
68,8,2.65485693,5.885740,2.09144901e-06
69,8,2.71928993,5.804898,2.31328550e-06
70,8,2.78372276,5.783720,2.52025549e-06
71,8,2.84815576,5.826822,2.69064862e-06
72,8,2.91258876,5.934049,2.80822644e-06
73,8,2.97702175,6.102644,2.86226912e-06
74,8,3.04145475,6.326262,2.85393584e-06
75,8,3.10588775,6.593194,2.79742716e-06
76,8,3.17032058,6.883560,2.71843085e-06
77,8,3.23475363,7.163689,2.64840027e-06
78,8,3.29918661,7.379632,2.61081039e-06
79,8,3.36361957,7.439846,1.90434503e-02
80,8,3.36361957,7.439846,1.90434504e-02
81,8,3.41622887,7.428910,3.08098060e-06
82,8,3.46883817,7.334219,4.87934094e-06
83,8,3.52144747,7.202059,7.21264041e-06
84,8,3.57405686,7.057679,1.27836460e-05
85,8,3.62666598,6.923868,8.91904520e-06
86,8,3.67927530,6.819811,1.45571807e-05
87,8,3.73188462,6.762105,1.50766090e-05
88,8,3.78449394,6.765239,1.22269849e-05
89,8,3.83710326,6.836767,2.26284947e-05
90,8,3.88971258,6.980951,2.75592210e-07
91,8,3.94232191,7.195369,2.25801812e-05
92,8,3.99493123,7.473271,1.14941425e-05
93,8,4.04754055,7.808703,1.74114386e-05
94,8,4.10014987,8.190079,3.80114579e-06
95,8,4.15275899,8.608903,1.85067182e-05
96,8,4.20536831,9.063518,1.16316197e-05
97,8,4.25797763,9.535658,3.09510455e-06
98,8,4.31058696,10.003533,1.20532665e-05
99,8,4.36319628,10.290997,8.03314363e-06
0,9,0.00000000,7.456025,4.09744525e-06
1,9,0.06074799,7.477038,1.01914932e-05
2,9,0.12149598,7.517033,1.00501993e-05
3,9,0.18224397,7.583765,9.81856742e-06
4,9,0.24299205,7.677220,9.50205040e-06
5,9,0.30373983,7.797374,9.10810041e-06
6,9,0.36448784,7.944199,8.64568454e-06
7,9,0.42523585,8.117658,8.12525812e-06
8,9,0.48598386,8.317712,7.55802691e-06
9,9,0.54673188,8.544302,6.95645861e-06
10,9,0.60747989,8.797372,6.33271778e-06
11,9,0.66822790,9.077530,5.70480510e-06
12,9,0.72897591,9.383311,5.07260239e-06
13,9,0.78972392,9.715326,4.45311139e-06
14,9,0.85047193,10.228431,9.76841192e-02
15,9,0.91121971,10.765232,9.44822376e-02
16,9,0.97196773,11.282688,9.00414980e-02
17,9,1.03271574,11.418463,5.13798187e-02
18,9,1.09346375,10.962063,3.15493855e-07
19,9,1.15421176,10.719854,5.01792134e-07
20,9,1.15421176,10.719854,4.98363267e-07
21,9,1.18458576,10.676350,3.18993624e-05
22,9,1.21495976,10.576012,3.99944034e-02
23,9,1.24533376,10.472638,8.44302576e-02
24,9,1.27570776,10.395856,7.62405076e-02
25,9,1.30608176,10.346946,6.85223532e-02
26,9,1.33645576,10.317337,6.27921707e-02
27,9,1.36682976,10.298527,5.87222165e-02
28,9,1.39720381,10.287642,5.58591583e-02
29,9,1.42757781,10.281729,5.38130610e-02
30,9,1.45795159,10.278302,5.22916245e-02
31,9,1.48832560,10.277010,5.11448574e-02
32,9,1.51869960,10.276169,5.02446171e-02
33,9,1.54907361,10.276772,4.95638233e-02
34,9,1.57944761,10.277771,4.90386035e-02
35,9,1.60982162,10.278861,4.86362676e-02
36,9,1.64019563,10.279888,4.83394266e-02
37,9,1.67056963,10.280718,4.81353423e-02
38,9,1.70094364,10.281969,4.80203300e-02
39,9,1.73131764,10.282995,4.79951209e-02
40,9,1.73131764,10.282995,4.79951208e-02
41,9,1.75279515,10.385342,4.23978392e-03
42,9,1.77427297,10.466852,1.80477690e-03
43,9,1.79575048,10.520452,2.62166101e-04
44,9,1.81722830,10.538206,1.88691731e-04
45,9,1.83870581,10.514916,1.87325449e-03
46,9,1.86018364,10.450343,5.02317847e-03
47,9,1.88166114,10.349022,8.93784454e-03
48,9,1.90313897,10.218542,1.29530195e-02
49,9,1.92461647,10.064740,1.66483859e-02
50,9,1.94609430,9.893144,1.98872076e-02
51,9,1.96757180,9.710458,2.25949041e-02
52,9,1.98904963,9.519077,2.48015050e-02
53,9,2.01052713,9.319986,2.65128343e-02
54,9,2.03200496,9.118471,2.76709858e-02
55,9,2.05348246,8.914771,2.81223795e-02
56,9,2.07496029,8.711371,2.74214935e-02
57,9,2.09643779,8.511147,2.44264117e-02
58,9,2.11791562,8.326354,1.53473587e-02
59,9,2.13939312,8.224283,9.43981303e-07
60,9,2.13939312,8.224283,9.43985559e-07
61,9,2.20382612,7.807405,9.99974131e-07
62,9,2.26825912,7.418616,1.08076512e-06
63,9,2.33269211,7.061166,1.18696754e-06
64,9,2.39712495,7.397290,4.03418187e-02
65,9,2.46155794,8.228929,4.47380690e-02
66,9,2.52599094,9.040115,3.72549362e-02
67,9,2.59042394,9.734722,2.36849251e-02
68,9,2.65485693,10.178476,8.89335248e-03
69,9,2.71928993,10.294186,9.70196122e-04
70,9,2.78372276,9.525204,1.02508959e-01
71,9,2.84815576,8.749934,9.53698025e-02
72,9,2.91258876,8.084559,7.76219065e-02
73,9,2.97702175,7.595495,4.89092623e-02
74,9,3.04145475,7.341954,2.14373655e-02
75,9,3.10588775,7.284385,6.94766576e-03
76,9,3.17032058,7.326265,1.87682053e-03
77,9,3.23475363,7.392862,4.28678961e-04
78,9,3.29918661,7.444525,7.08430250e-05
79,9,3.36361957,7.456025,7.04037716e-06
80,9,3.36361957,7.456025,8.13613794e-06
81,9,3.41622887,7.428910,7.37466023e-06
82,9,3.46883817,7.334219,6.23461439e-06
83,9,3.52144747,7.202059,5.01726788e-06
84,9,3.57405686,7.057679,1.02632693e-06
85,9,3.62666598,6.923868,6.91465004e-06
86,9,3.67927530,6.819811,3.65997868e-06
87,9,3.73188462,6.762105,5.69050653e-06
88,9,3.78449394,6.765239,1.09222992e-05
89,9,3.83710326,6.836767,2.31798521e-06
90,9,3.88971258,6.980951,2.55433635e-05
91,9,3.94232191,7.195369,3.07589397e-06
92,9,3.99493123,7.473271,1.30987724e-05
93,9,4.04754055,7.808703,5.49522944e-06
94,9,4.10014987,8.190079,1.70734371e-05
95,9,4.15275899,8.608903,2.75923273e-07
96,9,4.20536831,9.063518,5.22494659e-06
97,9,4.25797763,9.535658,1.23426317e-05
98,9,4.31058696,10.003533,3.33429270e-06
99,9,4.36319628,10.290997,9.88711936e-06
0,10,0.00000000,7.456025,6.13872207e-06
1,10,0.06074799,7.495489,1.85709285e-02
2,10,0.12149598,7.657169,1.72523277e-02
3,10,0.18224397,7.913552,1.53180021e-02
4,10,0.24299205,8.249913,1.30227044e-02
5,10,0.30373983,8.651824,1.05726896e-02
6,10,0.36448784,9.105844,8.12124701e-03
7,10,0.42523585,9.600887,5.77689355e-03
8,10,0.48598386,10.126813,3.63789901e-03
9,10,0.54673188,10.673041,1.82382235e-03
10,10,0.60747989,11.227907,5.11086739e-04
11,10,0.66822790,11.776296,6.79103135e-07
12,10,0.72897591,12.296502,8.18374860e-04
13,10,0.78972392,12.757777,3.81867674e-03
14,10,0.85047193,12.824583,2.25359925e-02
15,10,0.91121971,12.400700,3.06161874e-02
16,10,0.97196773,11.915740,3.96415844e-02
17,10,1.03271574,11.418463,1.93772048e-07
18,10,1.09346375,11.769927,1.83426735e-06
19,10,1.15421176,12.256298,4.31012380e-10
20,10,1.15421176,12.256298,4.31848267e-10
21,10,1.18458576,12.289874,8.15596047e-04
22,10,1.21495976,12.351798,1.27249351e-02
23,10,1.24533376,12.398739,3.22057288e-02
24,10,1.27570776,12.429150,4.47959863e-02
25,10,1.30608176,12.453178,5.19535243e-02
26,10,1.33645576,12.475427,5.62554506e-02
27,10,1.36682976,12.497270,5.90887479e-02
28,10,1.39720381,12.519539,6.10646165e-02
29,10,1.42757781,12.543216,6.25766623e-02
30,10,1.45795159,12.567286,6.38400019e-02
31,10,1.48832560,12.591549,6.49247666e-02
32,10,1.51869960,12.615304,6.58786697e-02
33,10,1.54907361,12.637992,6.67658900e-02
34,10,1.57944761,12.661070,6.75813162e-02
35,10,1.60982162,12.678304,6.83032484e-02
36,10,1.64019563,12.693327,6.88660253e-02
37,10,1.67056963,12.704531,6.92883352e-02
38,10,1.70094364,12.712000,6.95451671e-02
39,10,1.73131764,12.715142,6.96368930e-02
40,10,1.73131764,12.715142,6.96368959e-02
41,10,1.75279515,12.604635,6.22436713e-02
42,10,1.77427297,12.509566,6.45816143e-02
43,10,1.79575048,12.439568,6.59067566e-02
44,10,1.81722830,12.402184,6.57032267e-02
45,10,1.83870581,12.403074,6.36845728e-02
46,10,1.86018364,12.443153,6.01290123e-02
47,10,1.88166114,12.518517,5.57150810e-02
48,10,1.90313897,12.623087,5.10829896e-02
49,10,1.92461647,12.749617,4.66646804e-02
50,10,1.94609430,12.892086,4.25886694e-02
51,10,1.96757180,13.047807,3.88930172e-02
52,10,1.98904963,13.212775,3.55177373e-02
53,10,2.01052713,13.384773,3.24067931e-02
54,10,2.03200496,13.560909,2.94678087e-02
55,10,2.05348246,13.739177,2.66573128e-02
56,10,2.07496029,13.917630,2.39683443e-02
57,10,2.09643779,14.088133,2.15199044e-02
58,10,2.11791562,14.236996,1.98981471e-02
59,10,2.13939312,14.310373,1.98748355e-02
60,10,2.13939312,14.310373,1.98748347e-02
61,10,2.20382612,14.326600,1.52766478e-05
62,10,2.26825912,13.987909,6.57785777e-03
63,10,2.33269211,13.562116,1.24588374e-02
64,10,2.39712495,13.135326,1.63792379e-02
65,10,2.46155794,12.727055,2.01759566e-02
66,10,2.52599094,12.335868,2.73793293e-02
67,10,2.59042394,11.918516,5.76467156e-02
68,10,2.65485693,11.219374,9.90579846e-02
69,10,2.71928993,10.362869,1.02991636e-01
70,10,2.78372276,10.162406,3.18370683e-04
71,10,2.84815576,9.891680,2.83110011e-03
72,10,2.91258876,9.540361,6.34327589e-03
73,10,2.97702175,9.141487,9.92738147e-03
74,10,3.04145475,8.724592,1.30804032e-02
75,10,3.10588775,8.321355,1.55520276e-02
76,10,3.17032058,7.964033,1.72820139e-02
77,10,3.23475363,7.682671,1.83458104e-02
78,10,3.29918661,7.502275,1.88840736e-02
79,10,3.36361957,7.456025,3.19580087e-06
80,10,3.36361957,7.456025,2.10003379e-06
81,10,3.41622887,7.481654,1.91960557e-02
82,10,3.46883817,7.603432,1.95945589e-02
83,10,3.52144747,7.796201,2.00217821e-02
84,10,3.57405686,8.042624,1.99432627e-02
85,10,3.62666598,8.310864,1.82184756e-02
86,10,3.67927530,8.542050,1.31401282e-02
87,10,3.73188462,8.659973,5.45760360e-03
88,10,3.78449394,8.647300,4.31539520e-04
89,10,3.83710326,8.563165,1.43251140e-03
90,10,3.88971258,8.472282,1.19396020e-02
91,10,3.94232191,8.435490,4.28191716e-02
92,10,3.99493123,8.530259,1.04431219e-01
93,10,4.04754055,8.797496,1.65143019e-01
94,10,4.10014987,9.178371,1.98880969e-01
95,10,4.15275899,9.605455,2.17053407e-01
96,10,4.20536831,10.043164,2.30846571e-01
97,10,4.25797763,10.459301,2.47560755e-01
98,10,4.31058696,10.797734,2.71707723e-01
99,10,4.36319628,10.941567,2.88658098e-01
0,11,0.00000000,10.822728,1.21510008e-03
1,11,0.06074799,10.846622,7.74945965e-04
2,11,0.12149598,10.910313,6.79262703e-04
3,11,0.18224397,11.016333,5.34263971e-04
4,11,0.24299205,11.164296,3.61191018e-04
5,11,0.30373983,11.355910,1.85655524e-04
6,11,0.36448784,11.584741,5.12451288e-05
7,11,0.42523585,11.850341,4.17053038e-07
8,11,0.48598386,12.150350,1.03650068e-04
9,11,0.54673188,12.468299,4.84237398e-04
10,11,0.60747989,12.785547,1.41477504e-03
11,11,0.66822790,13.057650,3.52384967e-03
12,11,0.72897591,13.198087,7.88494629e-03
13,11,0.78972392,13.122071,1.47625547e-02
14,11,0.85047193,12.824583,1.13618389e-06
15,11,0.91121971,12.400700,3.99089088e-07
16,11,0.97196773,11.915740,2.02916652e-07
17,11,1.03271574,11.775185,8.43447092e-02
18,11,1.09346375,12.234754,7.73084348e-02
19,11,1.15421176,12.256298,2.89886797e-06
20,11,1.15421176,12.256298,2.89887473e-06
21,11,1.18458576,12.289874,1.26673686e-03
22,11,1.21495976,12.351798,2.40686866e-03
23,11,1.24533376,12.398739,7.16418082e-04
24,11,1.27570776,12.429150,2.05165054e-04
25,11,1.30608176,12.453178,1.52116000e-04
26,11,1.33645576,12.475427,2.09148933e-04
27,11,1.36682976,12.497270,2.79007945e-04
28,11,1.39720381,12.519539,3.46818662e-04
29,11,1.42757781,12.543216,4.21829767e-04
30,11,1.45795159,12.567286,4.35643461e-04
31,11,1.48832560,12.591549,4.39857161e-04
32,11,1.51869960,12.615304,4.32127302e-04
33,11,1.54907361,12.637992,3.76319220e-04
34,11,1.57944761,12.661070,2.97402308e-04
35,11,1.60982162,12.678304,1.81011188e-04
36,11,1.64019563,12.693327,1.15916093e-04
37,11,1.67056963,12.704531,6.13866399e-05
38,11,1.70094364,12.712000,1.18827245e-05
39,11,1.73131764,12.715142,4.96658583e-07
40,11,1.73131764,12.715142,4.92196558e-07
41,11,1.75279515,12.833813,1.08436526e-02
42,11,1.77427297,12.958591,1.12447668e-02
43,11,1.79575048,13.087967,1.14269098e-02
44,11,1.81722830,13.221856,1.14124629e-02
45,11,1.83870581,13.358965,1.12347555e-02
46,11,1.86018364,13.498644,1.09157267e-02
47,11,1.88166114,13.640320,1.04734553e-02
48,11,1.90313897,13.783566,9.91969315e-03
49,11,1.92461647,13.927639,9.27242143e-03
50,11,1.94609430,14.073285,8.54030176e-03
51,11,1.96757180,14.217594,7.72772690e-03
52,11,1.98904963,14.361086,6.84431942e-03
53,11,2.01052713,14.500257,5.89891681e-03
54,11,2.03200496,14.639514,4.89885733e-03
55,11,2.05348246,14.774935,3.85781185e-03
56,11,2.07496029,14.860824,4.17599582e-04
57,11,2.09643779,14.781619,5.59988376e-06
58,11,2.11791562,14.689321,2.99618102e-04
59,11,2.13939312,14.634897,6.85040728e-07
60,11,2.13939312,14.634897,6.85037435e-07
61,11,2.20382612,14.991442,1.26223413e-05
62,11,2.26825912,14.529700,7.13877527e-04
63,11,2.33269211,14.089122,2.24596416e-03
64,11,2.39712495,13.684470,4.72494695e-03
65,11,2.46155794,13.334839,8.58335843e-03
66,11,2.52599094,13.071446,1.45922600e-02
67,11,2.59042394,12.318770,3.50704669e-02
68,11,2.65485693,11.781289,4.23349525e-05
69,11,2.71928993,11.467761,1.82588556e-03
70,11,2.78372276,11.215014,2.72023682e-03
71,11,2.84815576,11.007548,2.56314434e-03
72,11,2.91258876,10.845867,1.92732980e-03
73,11,2.97702175,10.731252,1.15496080e-03
74,11,3.04145475,10.667642,4.87550729e-04
75,11,3.10588775,10.653806,7.82131441e-05
76,11,3.17032058,10.684899,2.07520908e-05
77,11,3.23475363,10.743953,2.73259006e-04
78,11,3.29918661,10.801488,6.31494227e-04
79,11,3.36361957,10.822728,1.21509974e-03
80,11,3.36361957,10.822728,1.21509954e-03
81,11,3.41622887,10.784795,9.67265678e-04
82,11,3.46883817,10.673344,4.22991526e-04
83,11,3.52144747,10.516833,1.19939023e-05
84,11,3.57405686,10.349258,4.27297967e-04
85,11,3.62666598,10.216837,2.85993887e-03
86,11,3.67927530,10.179490,8.84341851e-03
87,11,3.73188462,10.318658,1.73519757e-02
88,11,3.78449394,10.652245,2.32994427e-02
89,11,3.83710326,11.121407,2.48518590e-02
90,11,3.88971258,11.666553,2.29008015e-02
91,11,3.94232191,12.245464,1.80486872e-02
92,11,3.99493123,12.815947,1.06717322e-02
93,11,4.04754055,13.311784,2.53722351e-03
94,11,4.10014987,13.602422,1.51110051e-06
95,11,4.15275899,13.015949,1.22718522e-06
96,11,4.20536831,12.426351,1.02596908e-06
97,11,4.25797763,11.851412,2.67236983e-07
98,11,4.31058696,11.321113,4.77671020e-07
99,11,4.36319628,11.010095,5.55344409e-11
0,12,0.00000000,10.822728,1.77357251e-08
1,12,0.06074799,10.846622,2.34564308e-07
2,12,0.12149598,10.910313,9.25608318e-07
3,12,0.18224397,11.016333,2.03399041e-06
4,12,0.24299205,11.164296,3.49311038e-06
5,12,0.30373983,11.355910,5.21777340e-06
6,12,0.36448784,11.584741,7.06907941e-06
7,12,0.42523585,11.850341,8.89378360e-06
8,12,0.48598386,12.150350,1.05014886e-05
9,12,0.54673188,12.468299,1.15742847e-05
10,12,0.60747989,12.785547,1.16937050e-05
11,12,0.66822790,13.057650,1.02392806e-05
12,12,0.72897591,13.198087,6.89486556e-06
13,12,0.78972392,13.122071,3.20167642e-06
14,12,0.85047193,13.118528,1.00867730e-02
15,12,0.91121971,13.334138,2.01995714e-02
16,12,0.97196773,13.376436,3.30873485e-02
17,12,1.03271574,13.253234,4.64477574e-02
18,12,1.09346375,12.767689,1.11604148e-06
19,12,1.15421176,12.648925,1.37548326e-01
20,12,1.15421176,12.648925,1.37548327e-01
21,12,1.18458576,12.688796,1.14060974e-01
22,12,1.21495976,12.822789,1.00884167e-01
23,12,1.24533376,13.051138,8.93019004e-02
24,12,1.27570776,13.341012,7.86899334e-02
25,12,1.30608176,13.664647,6.96917390e-02
26,12,1.33645576,14.006766,6.18732145e-02
27,12,1.36682976,14.358662,5.47618429e-02
28,12,1.39720381,14.713812,4.80887899e-02
29,12,1.42757781,15.068216,4.13889483e-02
30,12,1.45795159,15.415296,3.41655518e-02
31,12,1.48832560,15.735894,2.53858610e-02
32,12,1.51869960,15.992078,1.38733006e-02
33,12,1.54907361,16.124975,3.51860510e-03
34,12,1.57944761,16.142470,1.23387842e-05
35,12,1.60982162,16.112061,7.01321324e-04
36,12,1.64019563,16.073330,7.90862770e-04
37,12,1.67056963,16.040432,7.68108798e-04
38,12,1.70094364,16.019954,7.47220042e-04
39,12,1.73131764,16.013269,7.40443252e-04
40,12,1.73131764,16.013269,7.40442230e-04
41,12,1.75279515,15.904599,3.76508365e-04
42,12,1.77427297,15.798912,7.57147016e-04
43,12,1.79575048,15.698660,1.21071883e-03
44,12,1.81722830,15.604185,1.70743528e-03
45,12,1.83870581,15.515978,2.21875989e-03
46,12,1.86018364,15.434221,2.71888085e-03
47,12,1.88166114,15.358880,3.18272728e-03
48,12,1.90313897,15.289687,3.59749474e-03
49,12,1.92461647,15.226486,3.91093727e-03
50,12,1.94609430,15.168468,4.08585770e-03
51,12,1.96757180,15.115463,4.10806780e-03
52,12,1.98904963,15.066300,3.91305132e-03
53,12,2.01052713,15.019534,3.44522271e-03
54,12,2.03200496,14.972687,2.63285160e-03
55,12,2.05348246,14.921601,1.51349615e-03
56,12,2.07496029,14.905886,2.79937611e-03
57,12,2.09643779,15.025974,1.71736756e-03
58,12,2.11791562,15.126305,6.48414565e-04
59,12,2.13939312,15.172913,8.68944156e-09
60,12,2.13939312,15.172913,8.68968280e-09
61,12,2.20382612,15.029316,6.93487708e-07
62,12,2.26825912,15.333100,2.62853352e-02
63,12,2.33269211,15.484666,2.00989452e-03
64,12,2.39712495,15.022681,2.04522700e-02
65,12,2.46155794,14.131803,4.34694782e-02
66,12,2.52599094,13.195347,5.31691188e-02
67,12,2.59042394,12.963624,2.33430010e-02
68,12,2.65485693,13.117862,3.15687458e-02
69,12,2.71928993,13.470587,2.61654583e-02
70,12,2.78372276,13.274738,5.70662026e-03
71,12,2.84815576,12.742649,2.08680771e-03
72,12,2.91258876,12.241778,1.01730404e-03
73,12,2.97702175,11.822122,4.05767987e-04
74,12,3.04145475,11.488964,7.99270352e-05
75,12,3.10588775,11.235044,4.41460161e-06
76,12,3.17032058,11.048081,9.24450072e-05
77,12,3.23475363,10.922229,2.38237709e-04
78,12,3.29918661,10.849111,3.58738960e-04
79,12,3.36361957,10.822728,1.14293408e-08
80,12,3.36361957,10.822728,7.99936717e-09
81,12,3.41622887,10.889489,1.24404982e-08
82,12,3.46883817,11.072575,2.01331816e-09
83,12,3.52144747,11.353993,1.82485883e-08
84,12,3.57405686,11.711286,1.31719651e-09
85,12,3.62666598,12.125878,1.03726789e-08
86,12,3.67927530,12.582440,2.91806661e-08
87,12,3.73188462,13.068289,1.02995818e-07
88,12,3.78449394,13.570550,1.44193990e-07
89,12,3.83710326,14.061474,3.47842982e-07
90,12,3.88971258,14.487827,4.13280184e-07
91,12,3.94232191,14.715523,8.01290329e-08
92,12,3.99493123,14.577287,3.41588585e-07
93,12,4.04754055,14.148369,8.39220905e-08
94,12,4.10014987,13.602422,2.54508018e-07
95,12,4.15275899,13.015949,1.05807573e-06
96,12,4.20536831,12.426351,1.81778077e-06
97,12,4.25797763,11.851412,2.95532613e-06
98,12,4.31058696,11.321113,2.17115020e-06
99,12,4.36319628,11.010095,5.88927413e-11
0,13,0.00000000,10.822728,5.74456578e-09
1,13,0.06074799,10.898141,3.56396647e-04
2,13,0.12149598,11.083295,2.53394091e-04
3,13,0.18224397,11.325101,1.32953338e-04
4,13,0.24299205,11.587036,4.25012931e-05
5,13,0.30373983,11.857184,2.92630825e-06
6,13,0.36448784,12.136838,4.97004545e-06
7,13,0.42523585,12.432266,2.38762285e-05
8,13,0.48598386,12.750070,3.61837493e-05
9,13,0.54673188,13.095972,2.99039379e-05
10,13,0.60747989,13.474745,1.04031577e-05
11,13,0.66822790,13.893457,4.31553634e-07
12,13,0.72897591,14.347145,3.56937765e-05
13,13,0.78972392,14.842557,1.57169524e-04
14,13,0.85047193,15.055748,2.61390774e-07
15,13,0.91121971,14.448588,4.09898852e-07
16,13,0.97196773,13.864237,5.98468334e-07
17,13,1.03271574,13.303791,8.32903355e-07
18,13,1.09346375,12.998182,5.85206828e-02
19,13,1.15421176,12.648925,1.92878405e-09
20,13,1.15421176,12.648925,3.30423731e-09
21,13,1.18458576,12.688796,2.04945021e-02
22,13,1.21495976,12.822789,1.91575660e-02
23,13,1.24533376,13.051138,1.03800642e-02
24,13,1.27570776,13.341012,4.90989454e-03
25,13,1.30608176,13.664647,2.20123583e-03
26,13,1.33645576,14.006766,8.98085007e-04
27,13,1.36682976,14.358662,2.93846447e-04
28,13,1.39720381,14.713812,4.21877274e-05
29,13,1.42757781,15.068216,8.92858017e-06
30,13,1.45795159,15.415296,1.60705616e-04
31,13,1.48832560,15.735894,5.59243632e-04
32,13,1.51869960,15.992078,1.32236174e-03
33,13,1.54907361,16.124975,1.95690488e-03
34,13,1.57944761,16.142470,1.75593726e-03
35,13,1.60982162,16.112061,2.76024538e-04
36,13,1.64019563,16.073330,2.71951290e-05
37,13,1.67056963,16.040432,5.39930915e-06
38,13,1.70094364,16.019954,5.13093162e-06
39,13,1.73131764,16.013269,4.98416201e-06
40,13,1.73131764,16.013269,4.98514649e-06
41,13,1.75279515,16.116076,8.53642435e-04
42,13,1.77427297,16.203064,1.11862462e-03
43,13,1.79575048,16.270627,1.42847961e-03
44,13,1.81722830,16.313717,1.74939157e-03
45,13,1.83870581,16.329602,2.02819464e-03
46,13,1.86018364,16.319182,2.21284156e-03
47,13,1.88166114,16.286583,2.27646981e-03
48,13,1.90313897,16.237449,2.22003544e-03
49,13,1.92461647,16.177153,2.05795624e-03
50,13,1.94609430,16.109825,1.80917073e-03
51,13,1.96757180,16.038345,1.48727479e-03
52,13,1.98904963,15.964180,1.11475313e-03
53,13,2.01052713,15.887602,7.18459537e-04
54,13,2.03200496,15.808921,3.56309060e-04
55,13,2.05348246,15.699235,3.39270721e-02
56,13,2.07496029,15.544713,3.73074977e-02
57,13,2.09643779,15.424969,3.98879964e-02
58,13,2.11791562,15.351456,4.10137040e-02
59,13,2.13939312,15.328357,4.11831885e-02
60,13,2.13939312,15.328357,4.11831894e-02
61,13,2.20382612,15.153339,4.73286566e-02
62,13,2.26825912,15.409789,6.80620436e-07
63,13,2.33269211,15.772961,6.50007756e-07
64,13,2.39712495,16.110075,6.06098855e-07
65,13,2.46155794,16.429155,5.52505055e-07
66,13,2.52599094,16.496413,3.12959218e-03
67,13,2.59042394,15.724878,2.09616400e-03
68,13,2.65485693,14.989507,2.42521890e-03
69,13,2.71928993,14.447326,1.02082857e-02
70,13,2.78372276,14.766306,2.63002668e-02
71,13,2.84815576,15.362452,6.47241171e-08
72,13,2.91258876,14.613544,2.71074888e-08
73,13,2.97702175,13.858646,1.04027947e-08
74,13,3.04145475,13.126806,1.00292854e-08
75,13,3.10588775,12.440528,2.05657885e-08
76,13,3.17032058,11.823754,3.35629868e-08
77,13,3.23475363,11.310862,3.79193712e-08
78,13,3.29918661,10.955625,2.82311052e-08
79,13,3.36361957,10.822728,1.20298516e-08
80,13,3.36361957,10.822728,1.54744948e-08
81,13,3.41622887,10.889489,1.18370445e-08
82,13,3.46883817,11.072575,2.16310668e-08
83,13,3.52144747,11.353993,1.62596083e-09
84,13,3.57405686,11.711286,1.73200030e-08
85,13,3.62666598,12.125878,1.93101128e-08
86,13,3.67927530,12.582440,3.26510333e-08
87,13,3.73188462,13.068289,1.86197407e-08
88,13,3.78449394,13.570550,7.08798204e-08
89,13,3.83710326,14.061474,1.99464802e-09
90,13,3.88971258,14.487827,1.28405144e-07
91,13,3.94232191,14.715523,7.12623748e-07
92,13,3.99493123,14.577287,7.06150637e-07
93,13,4.04754055,14.148369,1.26287468e-06
94,13,4.10014987,13.613470,8.29382711e-04
95,13,4.15275899,13.616008,1.16243338e-02
96,13,4.20536831,13.381619,2.32603420e-02
97,13,4.25797763,13.050858,2.43709069e-02
98,13,4.31058696,12.745836,1.18864827e-02
99,13,4.36319628,12.610695,5.00344592e-08
0,14,0.00000000,14.790353,2.95394386e-10
1,14,0.06074799,14.881885,1.11207843e-04
2,14,0.12149598,15.151778,4.09207926e-04
3,14,0.18224397,15.586005,8.04405386e-04
4,14,0.24299205,16.160873,1.19749420e-03
5,14,0.30373983,16.847476,1.51714749e-03
6,14,0.36448784,17.614560,1.73128952e-03
7,14,0.42523585,18.433157,1.82829146e-03
8,14,0.48598386,17.966993,3.35376271e-03
9,14,0.54673188,17.325598,5.06080630e-03
10,14,0.60747989,16.745566,6.82636236e-03
11,14,0.66822790,16.272650,8.06726750e-03
12,14,0.72897591,15.989634,7.73497894e-03
13,14,0.78972392,15.686110,1.53281045e-07
14,14,0.85047193,15.379398,3.99724468e-04
15,14,0.91121971,15.957133,7.89647778e-04
16,14,0.97196773,16.569050,1.35845821e-03
17,14,1.03271574,17.207193,2.18913088e-03
18,14,1.09346375,17.849333,3.57471582e-03
19,14,1.15421176,18.436794,5.08447930e-10
20,14,1.15421176,18.436794,4.88164431e-10
21,14,1.18458576,18.386747,1.37194807e-04
22,14,1.21495976,18.258969,3.41731884e-04
23,14,1.24533376,18.091153,4.65833221e-04
24,14,1.27570776,17.906013,5.27376432e-04
25,14,1.30608176,17.717266,5.64426443e-04
26,14,1.33645576,17.531983,6.05556996e-04
27,14,1.36682976,17.355232,6.88290847e-04
28,14,1.39720381,17.189594,8.46950402e-04
29,14,1.42757781,17.040050,1.22367041e-03
30,14,1.45795159,16.912552,2.23628839e-03
31,14,1.48832560,16.823962,5.32855647e-03
32,14,1.51869960,16.809962,1.37399458e-02
33,14,1.54907361,16.933630,2.22752907e-02
34,14,1.57944761,17.184375,2.18918014e-02
35,14,1.60982162,17.486592,1.66301548e-02
36,14,1.64019563,17.789953,8.60126674e-03
37,14,1.67056963,18.023803,3.00268974e-04
38,14,1.70094364,18.102944,4.56598616e-06
39,14,1.73131764,18.114348,7.38306556e-06
40,14,1.73131764,18.114348,7.38071003e-06
41,14,1.75279515,17.992803,5.50595025e-04
42,14,1.77427297,17.884294,3.21326960e-04
43,14,1.79575048,17.795154,1.04437544e-04
44,14,1.81722830,17.727069,1.95118502e-05
45,14,1.83870581,17.676019,2.66292237e-04
46,14,1.86018364,17.562552,1.15240881e-02
47,14,1.88166114,17.349514,1.37100124e-02
48,14,1.90313897,17.132930,1.58292198e-02
49,14,1.92461647,16.916780,1.79242201e-02
50,14,1.94609430,16.699418,2.01026242e-02
51,14,1.96757180,16.485997,2.23500107e-02
52,14,1.98904963,16.276297,2.47830242e-02
53,14,2.01052713,16.073230,2.74721967e-02
54,14,2.03200496,15.878761,3.05304506e-02
55,14,2.05348246,15.727432,9.05055319e-05
56,14,2.07496029,15.643006,2.15835126e-06
57,14,2.09643779,15.557078,1.74530201e-04
58,14,2.11791562,15.478065,6.63049875e-04
59,14,2.13939312,15.438804,1.11405791e-03
60,14,2.13939312,15.438804,1.11405718e-03
61,14,2.20382612,15.725243,9.59786358e-10
62,14,2.26825912,16.266058,1.79281644e-08
63,14,2.33269211,16.550898,6.92497781e-02
64,14,2.39712495,16.358283,5.11004857e-02
65,14,2.46155794,16.624232,2.97897260e-02
66,14,2.52599094,16.700570,4.92071719e-07
67,14,2.59042394,16.879563,4.21832119e-07
68,14,2.65485693,16.879334,3.31917783e-07
69,14,2.71928993,16.600906,2.24085296e-07
70,14,2.78372276,16.055238,1.29112771e-07
71,14,2.84815576,15.642135,2.31057224e-02
72,14,2.91258876,16.651118,1.72578216e-02
73,14,2.97702175,17.415825,2.17108513e-03
74,14,3.04145475,16.781749,2.42993961e-03
75,14,3.10588775,16.166137,2.16199457e-03
76,14,3.17032058,15.619451,1.57409724e-03
77,14,3.23475363,15.181082,8.56697639e-04
78,14,3.29918661,14.892178,2.45585194e-04
79,14,3.36361957,14.790353,2.95439359e-10
80,14,3.36361957,14.790353,2.95448209e-10
81,14,3.41622887,14.858479,2.46881695e-04
82,14,3.46883817,15.053277,8.71131254e-04
83,14,3.52144747,15.352848,1.61037775e-03
84,14,3.57405686,15.732201,2.19291093e-03
85,14,3.62666598,16.170095,2.37159294e-03
86,14,3.67927530,16.640360,1.93421667e-03
87,14,3.73188462,17.111318,7.57830341e-04
88,14,3.78449394,17.507857,1.79826659e-04
89,14,3.83710326,17.655505,8.09271985e-03
90,14,3.88971258,17.239492,1.67701217e-09
91,14,3.94232191,16.923703,1.95933546e-08
92,14,3.99493123,16.675766,6.30508952e-02
93,14,4.04754055,16.364977,7.84114116e-02
94,14,4.10014987,16.279373,8.51259856e-02
95,14,4.15275899,16.517682,7.62620663e-02
96,14,4.20536831,17.032274,6.11842040e-02
97,14,4.25797763,17.701132,4.87768929e-02
98,14,4.31058696,18.434742,4.15960785e-02
99,14,4.36319628,19.007652,5.04206531e-02
0,15,0.00000000,22.719198,2.45437167e-03
1,15,0.06074799,22.546671,1.25157855e-03
2,15,0.12149598,22.065225,5.98579226e-04
3,15,0.18224397,21.442135,1.35142108e-04
4,15,0.24299205,20.757139,3.51565753e-06
5,15,0.30373983,20.054746,2.50900670e-04
6,15,0.36448784,19.342403,8.91207939e-04
7,15,0.42523585,18.641315,1.92939563e-03
8,15,0.48598386,17.966993,6.40379484e-06
9,15,0.54673188,17.325598,7.87529391e-06
10,15,0.60747989,16.745566,1.00072932e-05
11,15,0.66822790,16.272650,1.33152630e-05
12,15,0.72897591,15.989635,1.80610457e-05
13,15,0.78972392,15.992210,5.66945372e-03
14,15,0.85047193,16.273939,3.50795724e-03
15,15,0.91121971,16.747693,2.17383814e-03
16,15,0.97196773,17.337832,1.49293583e-03
17,15,1.03271574,18.003016,1.18449447e-03
18,15,1.09346375,18.711444,1.14460534e-03
19,15,1.15421176,18.436794,1.30862021e-02
20,15,1.15421176,18.436794,1.30862031e-02
21,15,1.18458576,18.386747,1.23541891e-02
22,15,1.21495976,18.258969,1.10378402e-02
23,15,1.24533376,18.091153,9.99192899e-03
24,15,1.27570776,17.906013,9.32995090e-03
25,15,1.30608176,17.717266,8.95403749e-03
26,15,1.33645576,17.531983,8.78462729e-03
27,15,1.36682976,17.355232,8.77692578e-03
28,15,1.39720381,17.189594,8.94083160e-03
29,15,1.42757781,17.040050,9.28215761e-03
30,15,1.45795159,16.912552,9.73972123e-03
31,15,1.48832560,16.823962,9.67173347e-03
32,15,1.51869960,16.809962,6.75426435e-03
33,15,1.54907361,16.933630,2.39830896e-03
34,15,1.57944761,17.184375,5.83295310e-04
35,15,1.60982162,17.486592,9.53874960e-05
36,15,1.64019563,17.789953,1.94074608e-06
37,15,1.67056963,18.023803,1.36868148e-04
38,15,1.70094364,18.102944,3.13076186e-03
39,15,1.73131764,18.114348,4.82905658e-03
40,15,1.73131764,18.114348,4.82905972e-03
41,15,1.75279515,18.243378,3.40876244e-03
42,15,1.77427297,18.333372,1.29715263e-03
43,15,1.79575048,18.162267,4.23288108e-03
44,15,1.81722830,17.972497,6.77896950e-03
45,15,1.83870581,17.771179,9.22104099e-03
46,15,1.86018364,17.632356,1.07876811e-03
47,15,1.88166114,17.583590,2.55448248e-03
48,15,1.90313897,17.521006,4.51276160e-03
49,15,1.92461647,17.442721,6.63190840e-03
50,15,1.94609430,17.352514,8.71138323e-03
51,15,1.96757180,17.255580,1.06965281e-02
52,15,1.98904963,17.156821,1.25879516e-02
53,15,2.01052713,17.059382,1.43913706e-02
54,15,2.03200496,16.969591,1.60801189e-02
55,15,2.05348246,16.889843,1.76086599e-02
56,15,2.07496029,16.823822,1.88964525e-02
57,15,2.09643779,16.774022,1.98903768e-02
58,15,2.11791562,16.743130,2.05137373e-02
59,15,2.13939312,16.734622,2.07345938e-02
60,15,2.13939312,16.734622,2.07345950e-02
61,15,2.20382612,17.413512,2.26075140e-02
62,15,2.26825912,17.390007,4.73659151e-02
63,15,2.33269211,16.780357,4.97123661e-08
64,15,2.39712495,17.270579,8.87515336e-08
65,15,2.46155794,17.248218,5.46675564e-03
66,15,2.52599094,16.967113,1.89640997e-02
67,15,2.59042394,17.326962,1.20254138e-02
68,15,2.65485693,17.685157,7.07730084e-03
69,15,2.71928993,18.018601,3.41285830e-03
70,15,2.78372276,18.266586,8.56471669e-04
71,15,2.84815576,18.301537,2.70862919e-05
72,15,2.91258876,17.983229,1.14077287e-03
73,15,2.97702175,17.714571,1.17017216e-02
74,15,3.04145475,18.799180,7.03122949e-03
75,15,3.10588775,19.879223,3.46388849e-03
76,15,3.17032058,20.911364,1.09061496e-03
77,15,3.23475363,21.837410,4.24802049e-05
78,15,3.29918661,22.503265,3.22339086e-04
79,15,3.36361957,22.719198,2.45437200e-03
80,15,3.36361957,22.719198,2.45437182e-03
81,15,3.41622887,22.621420,1.58241071e-03
82,15,3.46883817,22.306203,2.70280497e-04
83,15,3.52144747,21.858488,1.42967173e-07
84,15,3.57405686,21.235373,1.35403231e-07
85,15,3.62666598,20.552574,1.17338068e-08
86,15,3.67927530,19.842388,1.05202720e-07
87,15,3.73188462,19.130628,4.24931169e-08
88,15,3.78449394,18.440632,2.72426648e-08
89,15,3.83710326,17.789934,4.87425483e-09
90,15,3.88971258,17.239492,4.33079536e-09
91,15,3.94232191,16.923703,9.76131087e-09
92,15,3.99493123,17.008209,1.07381625e-07
93,15,4.04754055,17.421751,1.26002290e-07
94,15,4.10014987,17.989504,1.59264353e-07
95,15,4.15275899,18.626343,4.89899410e-07
96,15,4.20536831,19.301538,2.83468160e-07
97,15,4.25797763,19.989633,3.04180755e-07
98,15,4.31058696,20.157782,1.08829476e-02
99,15,4.36319628,19.554761,5.66416113e-10
0,16,0.00000000,22.719198,1.77597214e-09
1,16,0.06074799,22.546671,3.78402927e-07
2,16,0.12149598,22.065225,1.12667221e-06
3,16,0.18224397,21.442135,1.91954445e-06
4,16,0.24299205,20.757139,2.70443781e-06
5,16,0.30373983,20.054746,3.49842979e-06
6,16,0.36448784,19.342403,4.34467028e-06
7,16,0.42523585,18.641315,5.29037018e-06
8,16,0.48598386,19.137204,6.14829710e-09
9,16,0.54673188,18.412211,2.04162955e-10
10,16,0.60747989,17.702257,6.85679730e-09
11,16,0.66822790,17.009889,3.11540589e-08
12,16,0.72897591,16.336952,7.82577444e-08
13,16,0.78972392,15.992210,2.27370198e-05
14,16,0.85047193,16.273939,2.53804763e-05
15,16,0.91121971,16.747693,2.62902733e-05
16,16,0.97196773,17.337832,2.64495878e-05
17,16,1.03271574,18.003016,2.66250882e-05
18,16,1.09346375,18.711444,2.84686241e-05
19,16,1.15421176,19.255671,1.62746593e-03
20,16,1.15421176,19.255671,1.62746633e-03
21,16,1.18458576,19.256795,1.50504512e-03
22,16,1.21495976,19.241778,1.16162894e-03
23,16,1.24533376,19.194951,7.48813139e-04
24,16,1.27570776,19.122315,4.13471043e-04
25,16,1.30608176,19.034741,1.93115025e-04
26,16,1.33645576,18.940225,6.97031450e-05
27,16,1.36682976,18.843777,1.22646361e-05
28,16,1.39720381,18.749089,5.02455551e-07
29,16,1.42757781,18.658716,1.28448845e-05
30,16,1.45795159,18.574507,3.51346968e-05
31,16,1.48832560,18.496961,6.29170442e-05
32,16,1.51869960,18.426123,9.31746955e-05
33,16,1.54907361,18.365897,1.26692062e-04
34,16,1.57944761,18.316741,1.78749259e-04
35,16,1.60982162,18.280500,3.41950870e-04
36,16,1.64019563,18.267413,2.75070252e-03
37,16,1.67056963,18.322540,2.01321953e-02
38,16,1.70094364,18.497276,8.42686543e-03
39,16,1.73131764,18.601261,8.16890959e-08
40,16,1.73131764,18.601261,8.16673040e-08
41,16,1.75279515,18.487621,4.93410036e-04
42,16,1.77427297,18.385029,3.58270991e-03
43,16,1.79575048,18.532224,2.25367199e-03
44,16,1.81722830,18.519350,5.66496109e-03
45,16,1.83870581,18.463471,6.30714761e-03
46,16,1.86018364,18.428678,6.43616188e-03
47,16,1.88166114,18.426012,6.02041229e-03
48,16,1.90313897,18.460181,5.24665800e-03
49,16,1.92461647,18.527892,4.41370467e-03
50,16,1.94609430,18.621337,3.69896977e-03
51,16,1.96757180,18.732932,3.15947279e-03
52,16,1.98904963,18.855398,2.77315610e-03
53,16,2.01052713,18.984317,2.51410936e-03
54,16,2.03200496,19.111169,2.34411662e-03
55,16,2.05348246,19.231832,2.24734020e-03
56,16,2.07496029,19.332430,2.03158837e-02
57,16,2.09643779,19.333768,2.03010226e-02
58,16,2.11791562,19.334540,2.02876393e-02
59,16,2.13939312,19.335132,2.02791121e-02
60,16,2.13939312,19.335132,2.02791108e-02
61,16,2.20382612,18.358093,3.18020650e-02
62,16,2.26825912,18.031916,2.34139363e-02
63,16,2.33269211,18.266697,1.88167297e-02
64,16,2.39712495,17.901353,1.01408576e-02
65,16,2.46155794,17.753136,1.29211079e-07
66,16,2.52599094,18.226331,1.67828253e-07
67,16,2.59042394,18.691476,2.02591778e-07
68,16,2.65485693,19.159061,2.31840616e-07
69,16,2.71928993,19.631417,2.55083631e-07
70,16,2.78372276,19.964691,4.92424609e-08
71,16,2.84815576,20.203211,5.05073772e-08
72,16,2.91258876,20.423671,3.35146579e-03
73,16,2.97702175,20.650020,1.34828127e-03
74,16,3.04145475,21.018323,3.27913519e-04
75,16,3.10588775,21.437804,3.33741383e-06
76,16,3.17032058,21.873957,1.61482411e-04
77,16,3.23475363,22.287136,6.54591716e-04
78,16,3.29918661,22.611051,1.28964791e-03
79,16,3.36361957,22.719198,1.62109131e-09
80,16,3.36361957,22.719198,9.81730183e-10
81,16,3.41622887,22.651069,5.11034287e-09
82,16,3.46883817,22.354804,8.16913772e-08
83,16,3.52144747,21.858488,7.13751251e-08
84,16,3.57405686,21.235373,9.81962188e-08
85,16,3.62666598,20.552574,1.89017491e-07
86,16,3.67927530,19.842388,3.78586149e-08
87,16,3.73188462,19.130628,4.04833635e-08
88,16,3.78449394,18.440632,9.04166478e-09
89,16,3.83710326,17.789934,6.31000010e-09
90,16,3.88971258,17.453136,2.67398225e-02
91,16,3.94232191,17.075878,4.55821868e-02
92,16,3.99493123,17.008209,3.80971679e-08
93,16,4.04754055,17.421751,1.89384264e-07
94,16,4.10014987,17.989504,3.10295183e-07
95,16,4.15275899,18.626343,1.06486978e-07
96,16,4.20536831,19.301538,4.09122193e-07
97,16,4.25797763,19.989633,4.51688839e-07
98,16,4.31058696,20.676291,2.61257328e-07
99,16,4.36319628,21.237225,7.27078022e-10
0,17,0.00000000,22.719198,6.14879827e-10
1,17,0.06074799,22.757619,7.98084908e-04
2,17,0.12149598,22.802377,7.47633320e-04
3,17,0.18224397,22.749868,5.55401346e-08
4,17,0.24299205,22.070749,5.84114351e-08
5,17,0.30373983,21.350066,5.05147169e-08
6,17,0.36448784,20.611371,3.58488441e-08
7,17,0.42523585,19.869806,1.94333926e-08
8,17,0.48598386,19.275570,1.80170672e-03
9,17,0.54673188,20.106565,1.65386199e-03
10,17,0.60747989,19.768662,3.00223970e-02
11,17,0.66822790,19.338188,3.49973030e-02
12,17,0.72897591,18.956024,3.90990134e-02
13,17,0.78972392,18.660009,4.15541420e-02
14,17,0.85047193,18.481510,4.12813465e-02
15,17,0.91121971,18.458478,3.76189705e-02
16,17,0.97196773,18.588426,3.11301725e-02
17,17,1.03271574,18.782752,2.29775942e-02
18,17,1.09346375,18.805466,1.35257609e-02
19,17,1.15421176,19.255671,4.03775104e-05
20,17,1.15421176,19.255671,4.03773911e-05
21,17,1.18458576,19.256795,9.85801601e-04
22,17,1.21495976,19.241778,2.93933591e-03
23,17,1.24533376,19.194951,4.88958962e-03
24,17,1.27570776,19.122315,6.56795441e-03
25,17,1.30608176,19.034741,7.97744857e-03
26,17,1.33645576,18.940225,9.16268564e-03
27,17,1.36682976,18.843777,1.01741066e-02
28,17,1.39720381,18.749089,1.10477521e-02
29,17,1.42757781,18.658716,1.18205574e-02
30,17,1.45795159,18.574507,1.25343049e-02
31,17,1.48832560,18.496961,1.31973482e-02
32,17,1.51869960,18.426123,1.38217734e-02
33,17,1.54907361,18.365897,1.45146435e-02
34,17,1.57944761,18.316741,1.53523369e-02
35,17,1.60982162,18.280500,1.65005160e-02
36,17,1.64019563,18.267413,1.64503814e-02
37,17,1.67056963,18.322540,8.59641383e-05
38,17,1.70094364,18.497276,1.17469641e-04
39,17,1.73131764,18.601261,3.49915470e-04
40,17,1.73131764,18.601261,3.49915528e-04
41,17,1.75279515,18.653473,1.63390189e-03
42,17,1.77427297,18.635102,3.25148292e-03
43,17,1.79575048,18.582307,4.62460597e-03
44,17,1.81722830,18.686335,1.40588911e-03
45,17,1.83870581,18.843321,5.57578527e-04
46,17,1.86018364,18.997641,1.74039951e-06
47,17,1.88166114,19.135727,1.45727259e-03
48,17,1.90313897,19.231484,7.96203825e-03
49,17,1.92461647,19.278167,1.46066341e-02
50,17,1.94609430,19.299490,1.78681152e-02
51,17,1.96757180,19.311451,1.92818777e-02
52,17,1.98904963,19.319058,1.99111056e-02
53,17,2.01052713,19.323532,2.01704007e-02
54,17,2.03200496,19.327342,2.02827738e-02
55,17,2.05348246,19.330124,2.03149564e-02
56,17,2.07496029,19.339949,2.20510703e-03
57,17,2.09643779,19.426919,2.20244672e-03
58,17,2.11791562,19.484272,2.21609675e-03
59,17,2.13939312,19.504431,2.22292318e-03
60,17,2.13939312,19.504431,2.22292299e-03
61,17,2.20382612,19.527816,1.77566892e-03
62,17,2.26825912,19.502083,1.63089867e-04
63,17,2.33269211,19.592485,3.38541271e-03
64,17,2.39712495,19.990740,1.03221092e-02
65,17,2.46155794,20.434301,1.30047438e-02
66,17,2.52599094,20.814819,1.33552016e-02
67,17,2.59042394,20.757774,3.41972566e-09
68,17,2.65485693,20.182791,6.23151347e-09
69,17,2.71928993,19.922526,2.99787056e-08
70,17,2.78372276,20.103186,2.71922365e-07
71,17,2.84815576,20.501799,5.75029846e-03
72,17,2.91258876,20.545085,4.09258786e-08
73,17,2.97702175,20.937993,2.84738511e-08
74,17,3.04145475,21.348109,1.74807192e-08
75,17,3.10588775,21.756071,9.54200167e-09
76,17,3.17032058,22.134300,4.78846891e-09
77,17,3.23475363,22.449371,2.51527472e-09
78,17,3.29918661,22.663129,1.71250417e-09
79,17,3.36361957,22.719198,5.86973415e-10
80,17,3.36361957,22.719198,9.52821039e-10
81,17,3.41622887,22.651069,3.05991800e-08
82,17,3.46883817,22.354804,4.78306229e-08
83,17,3.52144747,21.876955,1.69723867e-04
84,17,3.57405686,21.388782,2.02370118e-03
85,17,3.62666598,20.883735,6.15882065e-03
86,17,3.67927530,20.366915,1.26280898e-02
87,17,3.73188462,19.883572,2.14582201e-02
88,17,3.78449394,19.509986,3.12639567e-02
89,17,3.83710326,19.422835,3.43519085e-02
90,17,3.88971258,19.728694,2.78885375e-02
91,17,3.94232191,20.263325,2.19463797e-02
92,17,3.99493123,20.894339,1.78864653e-02
93,17,4.04754055,21.569207,1.45069147e-02
94,17,4.10014987,22.251457,1.02864857e-02
95,17,4.15275899,22.582660,1.61378123e-05
96,17,4.20536831,21.834481,5.01106979e-03
97,17,4.25797763,20.986569,8.78511692e-03
98,17,4.31058696,20.676291,4.80715002e-07
99,17,4.36319628,21.237225,1.75596050e-09
0,18,0.00000000,23.904286,1.01005530e-11
1,18,0.06074799,23.770166,1.38300846e-08
2,18,0.12149598,23.341940,3.89750998e-08
3,18,0.18224397,22.878537,6.66266568e-04
4,18,0.24299205,22.680461,3.88939300e-03
5,18,0.30373983,22.214128,6.82606032e-03
6,18,0.36448784,21.720467,1.04876129e-02
7,18,0.42523585,21.222174,1.48065886e-02
8,18,0.48598386,20.724569,1.96349179e-02
9,18,0.54673188,20.236504,2.47891407e-02
10,18,0.60747989,20.892446,1.38228787e-03
11,18,0.66822790,21.603377,1.01024575e-03
12,18,0.72897591,22.215292,6.08813559e-04
13,18,0.78972392,22.759297,2.53008463e-04
14,18,0.85047193,23.197409,2.34870399e-05
15,18,0.91121971,22.418063,6.37323618e-04
16,18,0.97196773,21.671107,8.64689198e-04
17,18,1.03271574,21.046985,2.12909856e-03
18,18,1.09346375,20.406554,5.58138432e-04
19,18,1.15421176,19.823427,3.88071974e-09
20,18,1.15421176,19.823427,3.88039225e-09
21,18,1.18458576,19.861330,6.39949362e-05
22,18,1.21495976,19.973614,3.15715642e-04
23,18,1.24533376,20.145405,7.13583902e-04
24,18,1.27570776,20.350702,1.07370279e-03
25,18,1.30608176,20.569305,1.26571211e-03
26,18,1.33645576,20.786233,1.22382027e-03
27,18,1.36682976,20.987480,9.39573076e-04
28,18,1.39720381,21.162713,4.77030864e-04
29,18,1.42757781,21.296627,6.45697584e-05
30,18,1.45795159,21.366234,1.37228671e-04
31,18,1.48832560,21.348880,1.28924008e-03
32,18,1.51869960,21.233750,3.69474172e-03
33,18,1.54907361,21.036860,6.90497437e-03
34,18,1.57944761,20.784679,1.05243490e-02
35,18,1.60982162,20.497436,1.45377061e-02
36,18,1.64019563,20.196849,1.92089654e-02
37,18,1.67056963,19.901103,2.49361593e-02
38,18,1.70094364,19.647607,3.10788287e-02
39,18,1.73131764,19.539497,4.16299368e-02
40,18,1.73131764,19.539497,4.16299309e-02
41,18,1.75279515,19.465319,3.65268284e-02
42,18,1.77427297,19.417472,3.61448400e-02
43,18,1.79575048,19.388742,3.51046496e-02
44,18,1.81722830,19.377808,3.39403986e-02
45,18,1.83870581,19.378523,3.28834859e-02
46,18,1.86018364,19.392186,3.16947894e-02
47,18,1.88166114,19.429540,2.87133455e-02
48,18,1.90313897,19.515005,2.10814452e-02
49,18,1.92461647,19.653313,1.34661689e-02
50,18,1.94609430,19.818218,9.18586079e-03
51,18,1.96757180,19.995636,6.82894447e-03
52,18,1.98904963,20.177747,5.32021172e-03
53,18,2.01052713,20.361252,4.23667603e-03
54,18,2.03200496,20.542006,3.32629247e-03
55,18,2.05348246,20.716263,2.50469645e-03
56,18,2.07496029,20.877906,1.70993009e-03
57,18,2.09643779,21.015398,9.32191545e-04
58,18,2.11791562,21.112143,2.76218335e-04
59,18,2.13939312,21.130204,6.37942331e-10
60,18,2.13939312,21.130204,6.37959004e-10
61,18,2.20382612,21.593024,5.08745533e-10
62,18,2.26825912,21.912212,7.01767948e-05
63,18,2.33269211,21.834523,3.74504705e-05
64,18,2.39712495,22.057560,2.70852341e-05
65,18,2.46155794,22.392271,1.98849703e-08
66,18,2.52599094,21.540739,1.49366525e-08
67,18,2.59042394,21.149312,1.26186424e-02
68,18,2.65485693,21.462892,1.12802017e-02
69,18,2.71928993,21.748735,6.38066449e-03
70,18,2.78372276,20.991935,6.65222388e-03
71,18,2.84815576,20.588906,2.81636045e-07
72,18,2.91258876,21.076065,2.84404926e-07
73,18,2.97702175,21.567693,2.79317749e-07
74,18,3.04145475,22.061206,2.65383940e-07
75,18,3.10588775,22.545950,2.39934445e-07
76,18,3.17032058,23.016082,1.99761358e-07
77,18,3.23475363,23.448373,1.38736904e-07
78,18,3.29918661,23.789966,5.49531248e-08
79,18,3.36361957,23.904286,1.27179071e-10
80,18,3.36361957,23.904286,1.19512521e-10
81,18,3.41622887,23.839318,9.53431196e-08
82,18,3.46883817,23.679982,9.75145230e-08
83,18,3.52144747,23.584189,1.32882578e-07
84,18,3.57405686,23.552556,4.43887522e-08
85,18,3.62666598,23.558663,1.76322119e-07
86,18,3.67927530,23.584252,2.52784707e-07
87,18,3.73188462,23.621558,1.79482128e-07
88,18,3.78449394,23.667048,2.71368238e-07
89,18,3.83710326,23.710107,2.07485466e-09
90,18,3.88971258,23.747057,1.00305950e-08
91,18,3.94232191,23.769544,3.13213643e-07
92,18,3.99493123,23.764498,1.22904143e-07
93,18,4.04754055,23.708332,2.01439904e-07
94,18,4.10014987,23.599735,2.45774153e-07
95,18,4.15275899,23.200300,1.50290816e-02
96,18,4.20536831,23.042441,2.95514414e-07
97,18,4.25797763,22.576414,5.55112289e-07
98,18,4.31058696,22.011466,6.66060812e-07
99,18,4.36319628,21.482021,2.94546561e-08
0,19,0.00000000,23.904286,2.49936044e-10
1,19,0.06074799,23.812018,5.09708088e-05
2,19,0.12149598,23.514475,5.38101267e-04
3,19,0.18224397,23.122950,1.79167566e-03
4,19,0.24299205,22.988149,5.58449632e-04
5,19,0.30373983,23.136752,4.30820304e-04
6,19,0.36448784,23.325332,2.93911990e-04
7,19,0.42523585,23.564749,1.62005213e-04
8,19,0.48598386,23.873360,5.56656592e-05
9,19,0.54673188,24.258848,2.05971039e-06
10,19,0.60747989,24.749818,2.59274098e-05
11,19,0.66822790,25.320811,3.77458788e-03
12,19,0.72897591,24.696175,2.30858796e-03
13,19,0.78972392,23.976616,1.31972894e-03
14,19,0.85047193,23.201610,8.04708107e-04
15,19,0.91121971,22.997339,1.05711796e-03
16,19,0.97196773,22.102161,9.09453670e-04
17,19,1.03271574,21.233279,7.56009753e-04
18,19,1.09346375,20.406554,1.17532795e-05
19,19,1.15421176,19.823427,3.20440481e-11
20,19,1.15421176,19.823427,3.20515519e-11
21,19,1.18458576,19.861330,4.39628406e-06
22,19,1.21495976,19.973614,3.27329582e-05
23,19,1.24533376,20.145405,5.35070903e-05
24,19,1.27570776,20.350702,3.98624285e-05
25,19,1.30608176,20.569305,1.36083738e-05
26,19,1.33645576,20.786233,2.68811033e-07
27,19,1.36682976,20.987480,3.73780413e-06
28,19,1.39720381,21.162713,6.84782667e-06
29,19,1.42757781,21.296627,4.62027028e-07
30,19,1.45795159,21.366234,1.36228345e-05
31,19,1.48832560,21.348880,7.32957436e-05
32,19,1.51869960,21.233750,1.55799370e-04
33,19,1.54907361,21.036860,2.45222303e-04
34,19,1.57944761,20.784679,3.46474155e-04
35,19,1.60982162,20.497436,5.02114010e-04
36,19,1.64019563,20.196849,8.05745020e-04
37,19,1.67056963,19.901103,1.57625807e-03
38,19,1.70094364,19.647607,4.22058822e-03
39,19,1.73131764,19.539497,1.25325152e-07
40,19,1.73131764,19.539497,1.30466719e-07
41,19,1.75279515,19.669297,5.35007125e-03
42,19,1.77427297,19.880595,4.35545628e-03
43,19,1.79575048,20.130891,3.58640513e-03
44,19,1.81722830,20.396279,3.04746040e-03
45,19,1.83870581,20.664106,2.66294943e-03
46,19,1.86018364,20.926954,2.37373079e-03
47,19,1.88166114,21.179433,2.13700680e-03
48,19,1.90313897,21.421144,1.90532563e-03
49,19,1.92461647,21.636295,1.59329503e-03
50,19,1.94609430,21.812326,8.51962665e-04
51,19,1.96757180,21.855615,1.32072489e-05
52,19,1.98904963,21.759773,2.91497129e-04
53,19,2.01052713,21.636248,3.69469875e-04
54,19,2.03200496,21.512599,3.42701415e-04
55,19,2.05348246,21.394792,2.71926625e-04
56,19,2.07496029,21.290383,1.85047952e-04
57,19,2.09643779,21.205374,9.53024154e-05
58,19,2.11791562,21.149296,2.64762542e-05
59,19,2.13939312,21.147891,2.39514905e-07
60,19,2.13939312,21.147891,2.39513010e-07
61,19,2.20382612,21.753653,1.67727960e-07
62,19,2.26825912,22.130549,1.26177201e-09
63,19,2.33269211,22.727573,2.91236350e-09
64,19,2.39712495,23.054225,2.51507263e-09
65,19,2.46155794,22.565209,3.54159817e-05
66,19,2.52599094,23.269552,2.80292397e-04
67,19,2.59042394,23.586761,4.90074284e-03
68,19,2.65485693,22.634420,5.74228814e-03
69,19,2.71928993,21.759253,9.53737043e-03
70,19,2.78372276,22.044705,7.51333419e-03
71,19,2.84815576,22.322167,5.40947330e-03
72,19,2.91258876,22.584411,3.41137536e-03
73,19,2.97702175,22.825610,1.73699486e-03
74,19,3.04145475,23.043890,5.83199319e-04
75,19,3.10588775,23.241787,5.74276638e-05
76,19,3.17032058,23.419010,3.75995793e-05
77,19,3.23475363,23.592197,1.79377831e-04
78,19,3.29918661,23.794538,7.49478537e-05
79,19,3.36361957,23.904286,1.33462440e-10
80,19,3.36361957,23.904286,1.40978762e-10
81,19,3.41622887,23.839318,1.94299229e-08
82,19,3.46883817,23.679982,1.23902309e-07
83,19,3.52144747,23.584189,1.02045090e-07
84,19,3.57405686,23.552556,1.89472255e-07
85,19,3.62666598,23.558663,6.74223076e-08
86,19,3.67927530,23.584252,1.06178615e-08
87,19,3.73188462,23.621558,1.11969837e-07
88,19,3.78449394,23.667048,5.44197496e-08
89,19,3.83710326,23.710107,3.64907540e-07
90,19,3.88971258,23.747057,4.04780819e-07
91,19,3.94232191,23.769544,1.57617958e-07
92,19,3.99493123,23.764498,4.14940175e-07
93,19,4.04754055,23.708332,4.20519512e-07
94,19,4.10014987,23.599735,4.76531368e-07
95,19,4.15275899,23.382357,6.36420640e-07
96,19,4.20536831,23.042441,6.45773720e-07
97,19,4.25797763,22.576414,4.77022283e-07
98,19,4.31058696,22.011466,4.71373332e-07
99,19,4.36319628,21.482021,1.86960994e-06
0,20,0.00000000,25.363618,4.44360600e-10
1,20,0.06074799,25.459118,5.51689388e-04
2,20,0.12149598,25.652306,1.85023309e-03
3,20,0.18224397,25.870517,3.44900385e-03
4,20,0.24299205,26.070125,5.06890656e-03
5,20,0.30373983,26.237942,6.47502590e-03
6,20,0.36448784,26.333801,7.51684503e-03
7,20,0.42523585,26.360505,8.00783452e-03
8,20,0.48598386,26.295064,7.84612272e-03
9,20,0.54673188,26.114002,6.98433531e-03
10,20,0.60747989,25.791732,5.51945006e-03
11,20,0.66822790,25.362800,1.35811541e-04
12,20,0.72897591,25.657553,1.16945991e-03
13,20,0.78972392,24.797155,1.27252763e-03
14,20,0.85047193,23.898869,1.19734064e-03
15,20,0.91121971,22.997339,1.05655008e-05
16,20,0.97196773,22.102161,1.20967614e-05
17,20,1.03271574,21.233279,1.29889872e-05
18,20,1.09346375,20.781035,5.33394064e-03
19,20,1.15421176,21.046957,2.20170855e-08
20,20,1.15421176,21.046957,2.17932707e-08
21,20,1.18458576,21.073704,3.33581971e-04
22,20,1.21495976,21.151135,5.08385658e-04
23,20,1.24533376,21.272787,3.32728766e-04
24,20,1.27570776,21.431236,1.21654359e-04
25,20,1.30608176,21.620872,1.07857685e-05
26,20,1.33645576,21.836738,2.39398456e-05
27,20,1.36682976,22.071762,1.17430966e-04
28,20,1.39720381,22.313546,2.05801051e-04
29,20,1.42757781,22.536639,1.86706257e-04
30,20,1.45795159,22.691833,8.47772326e-05
31,20,1.48832560,22.769124,1.32769508e-04
32,20,1.51869960,22.821543,4.15530629e-04
33,20,1.54907361,22.889667,7.46718497e-04
34,20,1.57944761,22.973538,1.08460040e-03
35,20,1.60982162,23.060279,1.41067074e-03
36,20,1.64019563,23.138866,1.72823432e-03
37,20,1.67056963,23.200885,2.00193704e-03
38,20,1.70094364,23.240748,2.18854565e-03
39,20,1.73131764,23.257778,2.25379589e-03
40,20,1.73131764,23.257778,2.25379529e-03
41,20,1.75279515,23.144313,1.94316943e-03
42,20,1.77427297,23.031485,1.94266954e-03
43,20,1.79575048,22.916389,1.92544340e-03
44,20,1.81722830,22.801538,1.89743753e-03
45,20,1.83870581,22.685230,1.86142035e-03
46,20,1.86018364,22.567244,1.82368672e-03
47,20,1.88166114,22.447584,1.79619430e-03
48,20,1.90313897,22.326893,1.80605481e-03
49,20,1.92461647,22.207979,1.93590188e-03
50,20,1.94609430,22.102741,2.52515950e-03
51,20,1.96757180,22.107284,3.23540641e-03
52,20,1.98904963,22.225119,2.85120774e-03
53,20,2.01052713,22.344077,2.68093934e-03
54,20,2.03200496,22.443599,2.62415483e-03
55,20,2.05348246,22.521548,2.61364340e-03
56,20,2.07496029,22.588488,2.62155286e-03
57,20,2.09643779,22.556157,6.05732164e-03
58,20,2.11791562,22.459848,6.55182779e-03
59,20,2.13939312,22.424274,6.76787422e-03
60,20,2.13939312,22.424274,6.76787472e-03
61,20,2.20382612,22.239753,9.37074269e-04
62,20,2.26825912,22.397044,1.00577503e-07
63,20,2.33269211,22.972455,3.36970595e-08
64,20,2.39712495,23.371008,4.64425481e-09
65,20,2.46155794,24.045996,5.06773043e-09
66,20,2.52599094,24.562750,3.61679252e-03
67,20,2.59042394,24.088913,6.90776345e-04
68,20,2.65485693,24.960679,1.58691715e-03
69,20,2.71928993,25.749004,4.83346666e-03
70,20,2.78372276,26.201840,1.29117661e-02
71,20,2.84815576,26.283940,1.75945956e-02
72,20,2.91258876,26.234138,1.83193757e-02
73,20,2.97702175,26.148182,1.71970131e-02
74,20,3.04145475,26.052810,1.49030738e-02
75,20,3.10588775,25.954687,1.17325574e-02
76,20,3.17032058,25.838914,8.10453362e-03
77,20,3.23475363,25.680137,3.84706611e-07
78,20,3.29918661,25.469669,4.77065994e-07
79,20,3.36361957,25.363618,4.44148095e-10
80,20,3.36361957,25.363618,4.71859179e-10
81,20,3.41622887,25.447532,1.52364951e-06
82,20,3.46883817,25.594530,5.05701348e-07
83,20,3.52144747,25.733949,1.10530795e-06
84,20,3.57405686,25.848360,6.43690560e-07
85,20,3.62666598,25.944110,9.05383731e-08
86,20,3.67927530,26.028329,1.56072897e-07
87,20,3.73188462,26.106734,3.56388575e-07
88,20,3.78449394,26.183305,1.64294062e-07
89,20,3.83710326,26.255734,7.48738047e-08
90,20,3.88971258,26.324500,1.07018658e-07
91,20,3.94232191,26.350719,7.56515780e-04
92,20,3.99493123,25.468043,1.19506148e-03
93,20,4.04754055,24.567893,2.38426970e-03
94,20,4.10014987,23.701789,5.32322587e-03
95,20,4.15275899,23.382357,1.97065409e-07
96,20,4.20536831,23.782665,9.88229035e-03
97,20,4.25797763,24.434896,5.87497507e-03
98,20,4.31058696,24.968068,2.07619189e-03
99,20,4.36319628,25.194597,1.13294125e-07
0,21,0.00000000,25.363619,1.31212629e-06
1,21,0.06074799,25.503351,3.01727373e-04
2,21,0.12149598,25.787483,7.74910367e-04
3,21,0.18224397,26.087826,1.01107621e-03
4,21,0.24299205,26.347003,1.00360005e-03
5,21,0.30373983,26.562253,8.58929720e-04
6,21,0.36448784,26.737882,6.72491585e-04
7,21,0.42523585,26.883133,4.63370590e-04
8,21,0.48598386,26.993302,2.31659612e-04
9,21,0.54673188,27.025880,2.86297641e-05
10,21,0.60747989,26.876965,1.10978370e-04
11,21,0.66822790,26.405737,7.10636620e-04
12,21,0.72897591,25.657553,5.02537436e-06
13,21,0.78972392,24.797155,6.98763282e-06
14,21,0.85047193,23.898869,8.82544407e-06
15,21,0.91121971,23.498860,2.66827820e-04
16,21,0.97196773,23.152693,2.49453172e-03
17,21,1.03271574,22.383900,4.15816617e-03
18,21,1.09346375,21.644234,5.81846929e-03
19,21,1.15421176,21.046957,1.38530011e-02
20,21,1.15421176,21.046957,1.38530062e-02
21,21,1.18458576,21.073704,1.32408520e-02
22,21,1.21495976,21.151135,1.23247508e-02
23,21,1.24533376,21.272787,1.15078431e-02
24,21,1.27570776,21.431236,1.06629862e-02
25,21,1.30608176,21.620872,9.81600129e-03
26,21,1.33645576,21.836738,9.07803798e-03
27,21,1.36682976,22.071762,8.65439852e-03
28,21,1.39720381,22.313546,8.84705992e-03
29,21,1.42757781,22.536639,9.95983321e-03
30,21,1.45795159,22.691833,1.15641150e-02
31,21,1.48832560,22.769124,1.16978901e-02
32,21,1.51869960,22.821543,9.99792742e-03
33,21,1.54907361,22.889667,7.66965078e-03
34,21,1.57944761,22.973538,5.44913551e-03
35,21,1.60982162,23.060279,3.57423837e-03
36,21,1.64019563,23.138866,2.06243553e-03
37,21,1.67056963,23.200885,9.38439092e-04
38,21,1.70094364,23.240748,2.39911970e-04
39,21,1.73131764,23.257778,3.11604547e-06
40,21,1.73131764,23.257778,3.11661182e-06
41,21,1.75279515,23.363574,4.59295797e-05
42,21,1.77427297,23.460692,1.54650395e-05
43,21,1.79575048,23.545156,1.87334762e-04
44,21,1.81722830,23.615361,5.18909733e-04
45,21,1.83870581,23.668453,9.68216637e-04
46,21,1.86018364,23.701726,1.49519374e-03
47,21,1.88166114,23.711972,2.05888994e-03
48,21,1.90313897,23.696751,2.62054953e-03
49,21,1.92461647,23.650097,3.12487307e-03
50,21,1.94609430,23.571672,3.54592390e-03
51,21,1.96757180,23.462903,3.87845169e-03
52,21,1.98904963,23.328636,4.15291888e-03
53,21,2.01052713,23.175980,4.40738526e-03
54,21,2.03200496,23.012961,4.70366292e-03
55,21,2.05348246,22.848150,5.06915188e-03
56,21,2.07496029,22.692025,5.52656590e-03
57,21,2.09643779,22.626957,2.63470989e-03
58,21,2.11791562,22.649126,2.64506658e-03
59,21,2.13939312,22.656596,2.64668979e-03
60,21,2.13939312,22.656596,2.64668996e-03
61,21,2.20382612,22.911679,5.56049792e-03
62,21,2.26825912,23.455868,4.14970653e-03
63,21,2.33269211,24.043157,2.67654835e-03
64,21,2.39712495,24.660444,1.23562303e-03
65,21,2.46155794,25.173926,3.45217868e-05
66,21,2.52599094,24.717697,3.11085398e-09
67,21,2.59042394,25.343338,3.16457977e-10
68,21,2.65485693,25.863116,2.59925197e-09
69,21,2.71928993,26.228472,1.72850174e-08
70,21,2.78372276,26.418898,4.41864186e-08
71,21,2.84815576,26.486913,7.70864161e-08
72,21,2.91258876,26.464948,1.12182434e-07
73,21,2.97702175,26.385902,1.49827573e-07
74,21,3.04145475,26.259967,1.92615618e-07
75,21,3.10588775,26.099173,2.43691602e-07
76,21,3.17032058,25.902922,3.06160087e-07
77,21,3.23475363,25.689537,4.46573318e-03
78,21,3.29918661,25.495657,1.40954527e-03
79,21,3.36361957,25.363619,1.87265628e-06
80,21,3.36361957,25.363619,9.77915561e-07
81,21,3.41622887,25.447532,3.84965010e-07
82,21,3.46883817,25.594530,1.07409537e-06
83,21,3.52144747,25.733949,1.99397068e-07
84,21,3.57405686,25.848360,4.50507300e-07
85,21,3.62666598,25.944110,8.36054122e-07
86,21,3.67927530,26.028329,6.30079791e-07
87,21,3.73188462,26.106734,3.04635676e-07
88,21,3.78449394,26.183305,3.81464654e-07
89,21,3.83710326,26.255734,3.64070995e-07
90,21,3.88971258,26.324500,2.32500913e-07
91,21,3.94232191,26.387080,1.61059192e-07
92,21,3.99493123,26.437494,1.61606221e-07
93,21,4.04754055,26.474462,5.11099217e-08
94,21,4.10014987,26.480839,2.46226081e-08
95,21,4.15275899,26.430445,5.42897621e-09
96,21,4.20536831,26.320427,2.59374244e-10
97,21,4.25797763,26.192302,6.95830993e-10
98,21,4.31058696,26.101870,5.92016902e-11
99,21,4.36319628,26.067566,7.54414857e-11
0,22,0.00000000,25.363619,7.98208876e-07
1,22,0.06074799,25.503351,1.80063086e-06
2,22,0.12149598,25.787483,1.26430192e-06
3,22,0.18224397,26.087826,8.19744904e-07
4,22,0.24299205,26.347003,5.65000523e-07
5,22,0.30373983,26.562253,2.20765398e-07
6,22,0.36448784,26.737882,6.44367353e-08
7,22,0.42523585,26.883133,6.43697612e-10
8,22,0.48598386,26.993302,1.94051113e-08
9,22,0.54673188,27.025880,1.81524791e-07
10,22,0.60747989,26.876965,1.02836848e-06
11,22,0.66822790,26.405737,2.98998851e-06
12,22,0.72897591,26.034017,3.60327348e-04
13,22,0.78972392,26.014247,7.28697413e-04
14,22,0.85047193,25.178366,1.12734094e-03
15,22,0.91121971,24.374642,1.49332752e-03
16,22,0.97196773,24.215365,2.34681763e-04
17,22,1.03271574,24.514305,3.01399301e-07
18,22,1.09346375,24.859204,1.11299839e-04
19,22,1.15421176,25.211164,7.28065214e-04
20,22,1.15421176,25.211164,7.28076691e-04
21,22,1.18458576,25.178431,7.84317690e-04
22,22,1.21495976,25.083573,9.53907733e-04
23,22,1.24533376,24.936273,1.24074025e-03
24,22,1.27570776,24.746664,1.63343639e-03
25,22,1.30608176,24.528516,2.11521362e-03
26,22,1.33645576,24.295400,2.63041903e-03
27,22,1.36682976,24.055358,3.01421037e-03
28,22,1.39720381,23.841194,2.83605913e-03
29,22,1.42757781,23.700900,1.36541943e-03
30,22,1.45795159,23.692700,6.57054619e-07
31,22,1.48832560,23.855653,4.67544430e-04
32,22,1.51869960,24.140703,9.26205627e-04
33,22,1.54907361,24.491723,1.17130583e-03
34,22,1.57944761,24.882486,1.29817794e-03
35,22,1.60982162,25.295801,1.35451749e-03
36,22,1.64019563,25.727328,1.35886082e-03
37,22,1.67056963,26.172742,1.30796378e-03
38,22,1.70094364,26.629800,1.14892243e-03
39,22,1.73131764,27.024139,2.17761134e-06
40,22,1.73131764,27.024139,2.17793139e-06
41,22,1.75279515,26.838394,4.86520429e-05
42,22,1.77427297,26.603535,2.96368560e-05
43,22,1.79575048,26.366862,1.61004136e-05
44,22,1.81722830,26.134892,1.07819720e-05
45,22,1.83870581,25.910882,1.20484705e-05
46,22,1.86018364,25.698555,2.23133666e-05
47,22,1.88166114,25.502116,5.18879726e-05
48,22,1.90313897,25.326365,1.22169820e-04
49,22,1.92461647,25.175715,2.60933954e-04
50,22,1.94609430,25.050418,4.89637875e-04
51,22,1.96757180,24.956432,8.10404550e-04
52,22,1.98904963,24.887718,1.18943540e-03
53,22,2.01052713,24.839081,1.58329569e-03
54,22,2.03200496,24.805864,1.94944298e-03
55,22,2.05348246,24.783482,2.26491967e-03
56,22,2.07496029,24.772327,2.53281317e-03
57,22,2.09643779,24.763110,2.71428910e-03
58,22,2.11791562,24.758058,2.82365729e-03
59,22,2.13939312,24.756516,2.85989252e-03
60,22,2.13939312,24.756516,2.85989327e-03
61,22,2.20382612,25.522379,1.50418384e-03
62,22,2.26825912,26.259932,1.61996556e-07
63,22,2.33269211,25.318197,1.74571742e-07
64,22,2.39712495,24.977049,1.54077971e-07
65,22,2.46155794,25.495073,8.89178523e-08
66,22,2.52599094,26.172390,1.03203783e-03
67,22,2.59042394,26.862656,2.10692333e-04
68,22,2.65485693,27.208603,1.81537846e-02
69,22,2.71928993,27.242286,1.68396665e-02
70,22,2.78372276,27.641812,1.00069590e-02
71,22,2.84815576,28.441738,5.46426882e-03
72,22,2.91258876,28.828195,2.19532143e-03
73,22,2.97702175,28.257150,2.85919093e-03
74,22,3.04145475,27.636578,2.86481304e-03
75,22,3.10588775,27.012338,2.51240697e-03
76,22,3.17032058,26.425725,1.90449050e-03
77,22,3.23475363,25.909233,1.13483081e-03
78,22,3.29918661,25.523749,3.68166683e-04
79,22,3.36361957,25.363619,2.37759542e-07
80,22,3.36361957,25.363619,1.13231892e-06
81,22,3.41622887,25.479985,1.84700214e-03
82,22,3.46883817,25.753881,6.17736709e-03
83,22,3.52144747,26.116222,1.12445781e-02
84,22,3.57405686,26.513705,1.60348925e-02
85,22,3.62666598,26.931057,1.98634720e-02
86,22,3.67927530,27.319888,2.22715486e-02
87,22,3.73188462,27.670269,2.24362496e-02
88,22,3.78449394,27.920407,1.81855358e-02
89,22,3.83710326,27.820326,6.37640226e-03
90,22,3.88971258,27.183725,1.20399908e-03
91,22,3.94232191,26.387080,8.71775357e-08
92,22,3.99493123,26.437494,4.78413790e-09
93,22,4.04754055,26.474462,4.40309338e-08
94,22,4.10014987,26.480839,1.64345073e-08
95,22,4.15275899,26.430445,3.01462904e-09
96,22,4.20536831,26.320427,2.95207716e-10
97,22,4.25797763,26.192302,2.09219560e-10
98,22,4.31058696,26.101870,4.35947670e-10
99,22,4.36319628,26.067566,1.65239521e-10
0,23,0.00000000,28.862843,1.17363705e-08
1,23,0.06074799,28.960004,2.33222919e-04
2,23,0.12149598,29.239397,9.32290577e-04
3,23,0.18224397,29.697813,2.02696376e-03
4,23,0.24299205,30.310506,3.29709616e-03
5,23,0.30373983,31.053175,4.24915421e-03
6,23,0.36448784,31.691542,8.49633897e-06
7,23,0.42523585,30.992835,3.77896103e-03
8,23,0.48598386,30.176855,4.29105294e-03
9,23,0.54673188,29.394471,4.34244477e-03
10,23,0.60747989,28.772326,3.91673251e-03
11,23,0.66822790,28.339023,1.87194851e-05
12,23,0.72897591,27.415327,5.35906015e-05
13,23,0.78972392,27.359483,4.71757376e-05
14,23,0.85047193,27.020546,2.75613011e-03
15,23,0.91121971,26.651309,2.26440996e-03
16,23,0.97196773,26.280733,1.70339005e-03
17,23,1.03271574,25.920249,1.18492560e-03
18,23,1.09346375,25.565110,7.27636111e-04
19,23,1.15421176,25.211164,7.84303102e-08
20,23,1.15421176,25.211164,6.96610842e-08
21,23,1.18458576,25.178431,7.59545804e-08
22,23,1.21495976,25.083573,1.43293786e-07
23,23,1.24533376,24.936273,9.42290090e-07
24,23,1.27570776,24.746664,4.23071447e-06
25,23,1.30608176,24.528517,1.52891976e-05
26,23,1.33645576,24.295400,4.85722831e-05
27,23,1.36682976,24.055358,1.54664047e-04
28,23,1.39720381,23.841194,5.30098027e-04
29,23,1.42757781,23.700900,1.49878938e-03
30,23,1.45795159,23.692700,1.65027294e-03
31,23,1.48832560,23.855653,5.13914234e-04
32,23,1.51869960,24.140703,8.21615293e-05
33,23,1.54907361,24.491723,6.22292495e-06
34,23,1.57944761,24.882486,5.94691400e-06
35,23,1.60982162,25.295801,1.16172791e-05
36,23,1.64019563,25.727328,1.11946339e-05
37,23,1.67056963,26.172742,5.79587389e-06
38,23,1.70094364,26.629800,1.77812140e-06
39,23,1.73131764,27.024139,3.20556206e-06
40,23,1.73131764,27.024139,3.20526185e-06
41,23,1.75279515,26.872088,8.56840096e-04
42,23,1.77427297,26.661498,1.02527198e-03
43,23,1.79575048,26.459189,1.11319000e-03
44,23,1.81722830,26.269853,1.18233259e-03
45,23,1.83870581,26.094810,1.24590985e-03
46,23,1.86018364,25.936081,1.30719667e-03
47,23,1.88166114,25.795638,1.36637478e-03
48,23,1.90313897,25.675696,1.42296893e-03
49,23,1.92461647,25.577271,1.47413607e-03
50,23,1.94609430,25.501174,1.51999138e-03
51,23,1.96757180,25.448710,1.55841286e-03
52,23,1.98904963,25.418224,1.59095978e-03
53,23,2.01052713,25.406383,1.62001498e-03
54,23,2.03200496,25.410721,1.64602690e-03
55,23,2.05348246,25.425140,1.67092415e-03
56,23,2.07496029,25.447643,1.69158901e-03
57,23,2.09643779,25.465617,1.71142460e-03
58,23,2.11791562,25.478248,1.72485919e-03
59,23,2.13939312,25.483119,1.72872284e-03
60,23,2.13939312,25.483119,1.72872254e-03
61,23,2.20382612,26.185011,2.04477121e-03
62,23,2.26825912,26.332487,7.31187715e-04
63,23,2.33269211,27.162505,4.01689237e-04
64,23,2.39712495,26.798946,3.38792356e-03
65,23,2.46155794,25.898424,4.43010563e-03
66,23,2.52599094,26.331204,4.96011065e-08
67,23,2.59042394,27.276904,2.66701941e-08
68,23,2.65485693,27.596942,9.37645670e-06
69,23,2.71928993,28.311669,1.02049161e-05
70,23,2.78372276,28.918208,2.56816997e-06
71,23,2.84815576,29.147188,6.92143554e-04
72,23,2.91258876,29.387188,4.13567682e-03
73,23,2.97702175,30.320205,1.76336744e-08
74,23,3.04145475,30.036131,4.31100018e-08
75,23,3.10588775,29.687085,6.23244261e-08
76,23,3.17032058,29.357556,7.24227880e-08
77,23,3.23475363,29.093574,7.53104968e-08
78,23,3.29918661,28.924367,7.45076361e-08
79,23,3.36361957,28.862843,3.23161275e-07
80,23,3.36361957,28.862843,1.06059188e-06
81,23,3.41622887,28.874768,1.46047791e-09
82,23,3.46883817,28.899725,1.43851572e-09
83,23,3.52144747,28.941168,1.41524104e-09
84,23,3.57405686,28.998800,1.37351427e-09
85,23,3.62666598,29.072198,1.32269792e-09
86,23,3.67927530,29.160729,1.26144862e-09
87,23,3.73188462,29.263596,1.18930986e-09
88,23,3.78449394,29.380314,1.10597099e-09
89,23,3.83710326,29.036216,2.22866889e-02
90,23,3.88971258,29.070822,2.34397730e-02
91,23,3.94232191,29.251610,1.91512345e-02
92,23,3.99493123,29.410280,1.35928704e-02
93,23,4.04754055,28.710297,1.94424336e-07
94,23,4.10014987,28.078537,2.17072322e-07
95,23,4.15275899,27.601533,9.46378579e-08
96,23,4.20536831,27.315426,4.26088121e-08
97,23,4.25797763,27.181962,3.65161535e-08
98,23,4.31058696,27.129888,8.49214282e-09
99,23,4.36319628,27.115447,1.19810178e-09
0,24,0.00000000,28.862843,1.07773952e-06
1,24,0.06074799,28.960004,3.99561759e-07
2,24,0.12149598,29.239397,3.62186719e-07
3,24,0.18224397,29.697813,3.43858444e-07
4,24,0.24299205,30.310506,3.51073026e-07
5,24,0.30373983,31.053175,6.48835220e-06
6,24,0.36448784,31.691542,8.29685624e-06
7,24,0.42523585,30.992835,1.29867561e-07
8,24,0.48598386,30.176855,6.98245180e-08
9,24,0.54673188,29.394471,1.68379092e-06
10,24,0.60747989,28.772326,1.88691049e-06
11,24,0.66822790,28.350921,2.39261558e-03
12,24,0.72897591,27.842838,2.97072476e-03
13,24,0.78972392,27.411034,3.05032491e-03
14,24,0.85047193,28.261352,1.34753142e-04
15,24,0.91121971,28.796354,6.93877204e-04
16,24,0.97196773,28.931455,4.23446793e-04
17,24,1.03271574,29.038756,2.04433041e-04
18,24,1.09346375,29.111063,5.40799607e-05
19,24,1.15421176,29.136372,3.79805626e-10
20,24,1.15421176,29.136372,3.79069037e-10
21,24,1.18458576,29.162416,6.63433943e-05
22,24,1.21495976,29.236950,2.64546008e-04
23,24,1.24533376,29.350410,5.97205915e-04
24,24,1.27570776,29.489349,1.07609924e-03
25,24,1.30608176,29.638639,1.72364028e-03
26,24,1.33645576,29.781450,2.62711735e-03
27,24,1.36682976,29.895117,7.68046937e-04
28,24,1.39720381,29.962737,5.67378246e-04
29,24,1.42757781,29.964432,8.52602050e-04
30,24,1.45795159,29.894462,1.43517873e-03
31,24,1.48832560,29.766048,2.29217634e-03
32,24,1.51869960,29.599505,3.41584561e-03
33,24,1.54907361,29.410687,4.57896169e-03
34,24,1.57944761,29.193485,4.92271060e-03
35,24,1.60982162,28.902836,1.83396926e-03
36,24,1.64019563,28.506547,6.63680980e-04
37,24,1.67056963,28.052925,1.03425619e-03
38,24,1.70094364,27.585367,1.37164218e-03
39,24,1.73131764,27.187755,2.57737932e-03
40,24,1.73131764,27.187755,2.57737915e-03
41,24,1.75279515,27.194277,1.65636143e-04
42,24,1.77427297,27.251582,9.56564271e-05
43,24,1.79575048,27.321718,6.21093745e-05
44,24,1.81722830,27.398215,4.37980858e-05
45,24,1.83870581,27.480000,3.37832004e-05
46,24,1.86018364,27.566510,2.87179236e-05
47,24,1.88166114,27.657198,2.67053225e-05
48,24,1.90313897,27.751504,2.69376899e-05
49,24,1.92461647,27.848299,2.77659637e-05
50,24,1.94609430,27.948349,2.92002137e-05
51,24,1.96757180,28.046753,2.98048054e-05
52,24,1.98904963,28.143582,2.92923219e-05
53,24,2.01052713,28.236651,2.71164087e-05
54,24,2.03200496,28.323752,2.32571675e-05
55,24,2.05348246,28.401877,1.78784766e-05
56,24,2.07496029,28.468742,1.20454985e-05
57,24,2.09643779,28.519072,6.05039565e-06
58,24,2.11791562,28.550746,1.71072145e-06
59,24,2.13939312,28.561970,1.41885850e-07
60,24,2.13939312,28.561970,1.41866390e-07
61,24,2.20382612,27.375306,1.52464744e-07
62,24,2.26825912,26.931171,1.31200231e-03
63,24,2.33269211,27.566799,4.42422817e-05
64,24,2.39712495,27.716405,5.57551976e-03
65,24,2.46155794,27.599945,1.06061223e-02
66,24,2.52599094,27.446804,1.40373031e-02
67,24,2.59042394,27.306253,1.66202460e-02
68,24,2.65485693,28.290491,1.29544245e-08
69,24,2.71928993,29.343464,5.19319956e-09
70,24,2.78372276,29.933308,5.71691373e-08
71,24,2.84815576,30.294030,1.45778651e-08
72,24,2.91258876,30.437136,4.77600455e-10
73,24,2.97702175,30.366711,3.79151985e-03
74,24,3.04145475,30.944938,2.22284965e-07
75,24,3.10588775,30.285539,2.19537745e-07
76,24,3.17032058,29.716686,2.14263072e-07
77,24,3.23475363,29.266051,2.08600962e-07
78,24,3.29918661,28.971073,2.04407607e-07
79,24,3.36361957,28.862843,7.66308526e-07
80,24,3.36361957,28.862843,2.88800982e-08
81,24,3.41622887,28.996058,1.12477897e-07
82,24,3.46883817,29.358471,7.73208635e-07
83,24,3.52144747,29.896097,4.14217542e-07
84,24,3.57405686,30.542130,2.48779419e-07
85,24,3.62666598,31.242488,1.21500856e-07
86,24,3.67927530,31.093611,8.24629934e-03
87,24,3.73188462,30.265120,9.27687179e-03
88,24,3.78449394,29.495746,1.29958726e-02
89,24,3.83710326,29.508301,1.01025424e-09
90,24,3.88971258,29.646337,9.08056092e-10
91,24,3.94232191,29.792050,7.95970691e-10
92,24,3.99493123,29.446258,1.09030480e-08
93,24,4.04754055,28.710297,5.13579702e-08
94,24,4.10014987,28.078537,2.20099250e-08
95,24,4.15275899,27.601533,9.51619442e-08
96,24,4.20536831,27.315426,7.08557244e-08
97,24,4.25797763,27.181962,1.23678880e-08
98,24,4.31058696,27.129888,4.15474104e-09
99,24,4.36319628,27.115447,2.42382631e-10
0,25,0.00000000,28.862843,1.46489799e-09
1,25,0.06074799,29.038018,6.67016171e-07
2,25,0.12149598,29.488888,6.17502493e-07
3,25,0.18224397,30.114103,5.61361907e-07
4,25,0.24299205,30.829552,5.04883778e-07
5,25,0.30373983,31.583733,4.45244938e-07
6,25,0.36448784,31.983872,1.55306592e-04
7,25,0.42523585,31.219780,2.28560169e-06
8,25,0.48598386,30.430381,1.28710627e-04
9,25,0.54673188,29.660967,6.33488652e-04
10,25,0.60747989,28.956807,1.48048183e-03
11,25,0.66822790,28.466331,2.88893554e-03
12,25,0.72897591,28.428536,1.98753674e-03
13,25,0.78972392,28.520940,1.40666704e-03
14,25,0.85047193,28.652034,1.01141414e-03
15,25,0.91121971,28.796354,1.21728705e-07
16,25,0.97196773,28.931455,3.91898640e-08
17,25,1.03271574,29.038756,2.49408878e-08
18,25,1.09346375,29.111063,1.11224195e-09
19,25,1.15421176,29.136372,4.25536353e-12
20,25,1.15421176,29.136372,4.81497429e-12
21,25,1.18458576,29.162416,1.94652605e-07
22,25,1.21495976,29.236950,2.77947148e-06
23,25,1.24533376,29.350410,9.66079768e-06
24,25,1.27570776,29.489349,2.32155595e-05
25,25,1.30608176,29.638639,4.62114125e-05
26,25,1.33645576,29.781450,2.99859802e-05
27,25,1.36682976,29.895117,3.02689803e-03
28,25,1.39720381,29.962737,4.57966599e-03
29,25,1.42757781,29.964432,5.66103957e-03
30,25,1.45795159,29.894462,6.17749672e-03
31,25,1.48832560,29.766048,5.99971740e-03
32,25,1.51869960,29.599505,5.13049975e-03
33,25,1.54907361,29.410687,3.68002993e-03
34,25,1.57944761,29.193485,1.91467910e-03
35,25,1.60982162,28.902836,1.92146768e-03
36,25,1.64019563,28.506547,1.07259229e-03
37,25,1.67056963,28.052925,2.97646925e-04
38,25,1.70094364,27.585367,7.00454906e-05
39,25,1.73131764,27.187755,3.58540790e-07
40,25,1.73131764,27.187755,3.58586335e-07
41,25,1.75279515,27.524002,1.39837900e-03
42,25,1.77427297,27.928547,1.37417150e-03
43,25,1.79575048,28.321513,1.86610703e-03
44,25,1.81722830,28.530189,2.97610755e-03
45,25,1.83870581,28.495874,2.61246544e-03
46,25,1.86018364,28.442060,2.46325626e-03
47,25,1.88166114,28.394493,2.37910005e-03
48,25,1.90313897,28.358390,2.30919068e-03
49,25,1.92461647,28.334094,2.24128142e-03
50,25,1.94609430,28.324166,2.16586239e-03
51,25,1.96757180,28.330203,2.07860992e-03
52,25,1.98904963,28.353989,1.97716413e-03
53,25,2.01052713,28.397191,1.85798699e-03
54,25,2.03200496,28.461600,1.72446068e-03
55,25,2.05348246,28.548423,1.57447777e-03
56,25,2.07496029,28.663635,1.40389080e-03
57,25,2.09643779,28.797085,1.20781413e-03
58,25,2.11791562,28.950793,9.24691775e-04
59,25,2.13939312,29.086369,3.45193798e-08
60,25,2.13939312,29.086369,3.45432966e-08
61,25,2.20382612,28.815053,4.50583379e-03
62,25,2.26825912,28.547008,7.95416552e-03
63,25,2.33269211,27.855770,2.07127626e-03
64,25,2.39712495,28.017786,5.16396813e-05
65,25,2.46155794,28.854504,1.78258535e-05
66,25,2.52599094,28.915760,1.14596024e-07
67,25,2.59042394,28.998441,1.25219444e-07
68,25,2.65485693,29.193820,1.23306196e-07
69,25,2.71928993,29.523370,9.99397731e-08
70,25,2.78372276,30.420690,1.74197090e-09
71,25,2.84815576,30.790386,5.64935432e-03
72,25,2.91258876,31.223279,4.95832510e-03
73,25,2.97702175,31.656134,2.16880727e-07
74,25,3.04145475,31.337131,3.71496961e-03
75,25,3.10588775,31.582464,2.25837898e-03
76,25,3.17032058,30.603558,1.42579230e-03
77,25,3.23475363,29.735297,6.37497685e-04
78,25,3.29918661,29.104092,1.42995423e-04
79,25,3.36361957,28.862843,1.46536111e-09
80,25,3.36361957,28.862843,1.46616991e-09
81,25,3.41622887,28.996058,9.99463607e-07
82,25,3.46883817,29.358471,3.78026733e-07
83,25,3.52144747,29.896097,7.45713221e-07
84,25,3.57405686,30.542130,8.59114715e-07
85,25,3.62666598,31.242488,8.62420418e-07
86,25,3.67927530,31.900709,1.91884359e-07
87,25,3.73188462,32.376224,6.25653404e-08
88,25,3.78449394,32.354343,1.00102311e-07
89,25,3.83710326,31.804075,5.80863918e-10
90,25,3.88971258,31.048898,2.90248087e-08
91,25,3.94232191,30.241970,7.31683205e-08
92,25,3.99493123,29.446258,1.99285610e-07
93,25,4.04754055,29.489367,7.73415094e-03
94,25,4.10014987,29.445315,2.81655373e-03
95,25,4.15275899,29.234076,2.13373326e-04
96,25,4.20536831,28.867004,5.32926181e-04
97,25,4.25797763,28.402247,3.16139456e-03
98,25,4.31058696,27.963766,6.81817426e-03
99,25,4.36319628,27.765535,8.93721537e-03
0,26,0.00000000,34.511773,3.79888989e-07
1,26,0.06074799,34.458467,1.51066250e-04
2,26,0.12149598,34.194862,3.71289078e-04
3,26,0.18224397,33.774737,2.29703502e-03
4,26,0.24299205,33.223151,3.55345386e-03
5,26,0.30373983,32.568430,4.90842112e-03
6,26,0.36448784,32.004451,1.10311568e-02
7,26,0.42523585,32.592182,2.19514643e-04
8,26,0.48598386,31.510244,1.20417181e-04
9,26,0.54673188,30.434592,4.03406794e-05
10,26,0.60747989,29.375039,1.17966882e-06
11,26,0.66822790,28.466331,1.22994737e-06
12,26,0.72897591,28.428536,6.76979603e-07
13,26,0.78972392,28.520940,3.93641414e-07
14,26,0.85047193,28.652034,2.51865583e-07
15,26,0.91121971,29.336263,1.14020760e-04
16,26,0.97196773,30.476652,5.07788278e-05
17,26,1.03271574,31.639578,1.10191300e-06
18,26,1.09346375,32.774841,6.99666034e-05
19,26,1.15421176,33.718480,6.23296534e-03
20,26,1.15421176,33.718480,6.24253032e-03
21,26,1.18458576,33.482166,3.33777429e-03
22,26,1.21495976,33.206008,1.85400591e-03
23,26,1.24533376,32.927413,1.25984509e-03
24,26,1.27570776,32.652498,2.16400266e-03
25,26,1.30608176,32.389063,2.67500285e-03
26,26,1.33645576,32.147210,2.82685790e-03
27,26,1.36682976,31.939772,2.60551302e-03
28,26,1.39720381,31.785389,2.05583217e-03
29,26,1.42757781,31.693960,1.48313295e-03
30,26,1.45795159,31.610463,1.79886467e-03
31,26,1.48832560,31.229248,1.64959144e-03
32,26,1.51869960,30.742621,1.66507112e-03
33,26,1.54907361,30.257652,1.71475744e-03
34,26,1.57944761,29.806466,1.51250712e-03
35,26,1.60982162,29.441301,2.82038129e-04
36,26,1.64019563,29.213696,2.56636923e-03
37,26,1.67056963,29.080602,9.10967214e-03
38,26,1.70094364,29.007643,1.21769397e-02
39,26,1.73131764,28.983956,1.30565789e-02
40,26,1.73131764,28.983956,1.30566134e-02
41,26,1.75279515,28.878086,1.89133950e-03
42,26,1.77427297,28.784048,1.77471148e-03
43,26,1.79575048,28.717795,1.24949080e-03
44,26,1.81722830,28.849012,1.21162213e-05
45,26,1.83870581,29.235294,2.94064591e-04
46,26,1.86018364,29.652323,3.76959366e-04
47,26,1.88166114,30.072605,3.73825434e-04
48,26,1.90313897,30.455125,7.05281235e-03
49,26,1.92461647,30.640356,5.76123387e-03
50,26,1.94609430,30.781739,4.23306020e-03
51,26,1.96757180,30.863676,2.73248327e-03
52,26,1.98904963,30.692553,3.11471171e-04
53,26,2.01052713,30.463305,4.15592676e-04
54,26,2.03200496,30.229615,5.19712245e-04
55,26,2.05348246,29.995671,6.33198736e-04
56,26,2.07496029,29.766921,7.66687724e-04
57,26,2.09643779,29.545612,9.30426783e-04
58,26,2.11791562,29.338089,1.18983191e-03
59,26,2.13939312,29.185799,2.06481134e-03
60,26,2.13939312,29.185799,2.06480937e-03
61,26,2.20382612,29.054437,4.52253270e-08
62,26,2.26825912,28.899742,1.11317096e-03
63,26,2.33269211,28.471490,1.19068859e-02
64,26,2.39712495,28.920721,9.38867338e-03
65,26,2.46155794,28.905683,9.94914373e-08
66,26,2.52599094,29.667882,1.68360980e-05
67,26,2.59042394,30.413969,9.92497901e-05
68,26,2.65485693,30.972555,7.39522421e-04
69,26,2.71928993,31.089831,2.82372348e-03
70,26,2.78372276,30.845718,4.96310038e-03
71,26,2.84815576,31.506866,1.25981604e-09
72,26,2.91258876,32.290367,1.21644548e-07
73,26,2.97702175,31.860454,4.50947024e-03
74,26,3.04145475,32.512197,2.29657650e-03
75,26,3.10588775,32.267749,3.31026726e-03
76,26,3.17032058,33.120756,2.87564369e-03
77,26,3.23475363,33.845097,1.91938463e-03
78,26,3.29918661,34.358796,6.70882492e-04
79,26,3.36361957,34.511773,5.27055836e-07
80,26,3.36361957,34.511773,2.22303803e-07
81,26,3.41622887,34.401500,1.04408980e-03
82,26,3.46883817,33.992336,3.26620500e-03
83,26,3.52144747,33.401549,5.36321482e-03
84,26,3.57405686,32.693703,6.81484527e-03
85,26,3.62666598,31.913848,7.67013277e-03
86,26,3.67927530,31.900709,5.83235894e-07
87,26,3.73188462,32.376224,4.12262985e-07
88,26,3.78449394,32.354343,2.15962482e-08
89,26,3.83710326,31.804075,3.52028607e-10
90,26,3.88971258,31.048898,2.74365889e-08
91,26,3.94232191,30.241970,6.87445795e-08
92,26,3.99493123,29.942367,6.78472132e-10
93,26,4.04754055,30.093334,5.51647902e-10
94,26,4.10014987,30.244057,4.21430827e-10
95,26,4.15275899,30.379970,2.95489288e-10
96,26,4.20536831,30.498004,1.81283583e-10
97,26,4.25797763,30.590270,8.54352344e-11
98,26,4.31058696,30.649333,2.26951006e-11
99,26,4.36319628,30.669515,1.47005003e-15
0,27,0.00000000,34.511773,4.76512154e-07
1,27,0.06074799,34.460322,5.09125075e-05
2,27,0.12149598,34.194862,8.38612455e-04
3,27,0.18224397,33.774737,5.94867227e-05
4,27,0.24299205,33.223151,1.25770287e-06
5,27,0.30373983,32.568430,4.08869497e-07
6,27,0.36448784,32.004451,2.56162508e-07
7,27,0.42523585,32.777105,8.79826419e-03
8,27,0.48598386,33.668907,2.50252273e-07
9,27,0.54673188,34.182476,1.87972314e-07
10,27,0.60747989,34.576303,1.34615111e-07
11,27,0.66822790,34.579116,6.03449126e-03
12,27,0.72897591,34.579021,6.45495116e-03
13,27,0.78972392,34.643305,6.57066793e-03
14,27,0.85047193,34.723939,5.42972754e-05
15,27,0.91121971,34.390600,4.14386746e-03
16,27,0.97196773,34.109945,4.90342154e-03
17,27,1.03271574,33.897408,5.90353759e-03
18,27,1.09346375,33.764042,6.16028346e-03
19,27,1.15421176,33.718480,1.61822075e-05
20,27,1.15421176,33.718480,6.62581915e-06
21,27,1.18458576,33.482166,8.58126453e-04
22,27,1.21495976,33.206008,2.27841585e-03
23,27,1.24533376,32.927413,2.84998980e-03
24,27,1.27570776,32.652498,1.85914154e-03
25,27,1.30608176,32.389063,1.15247415e-03
26,27,1.33645576,32.147210,6.46907158e-04
27,27,1.36682976,31.939772,3.13134733e-04
28,27,1.39720381,31.785389,1.38320608e-04
29,27,1.42757781,31.693960,4.98734078e-05
30,27,1.45795159,31.610463,4.02022290e-05
31,27,1.48832560,31.229248,8.13659384e-04
32,27,1.51869960,30.742621,1.29020276e-03
33,27,1.54907361,30.257652,2.23184769e-03
34,27,1.57944761,29.806466,4.52743805e-03
35,27,1.60982162,29.441301,9.31601124e-03
36,27,1.64019563,29.213696,9.35822222e-03
37,27,1.67056963,29.080602,3.58850665e-03
38,27,1.70094364,29.007643,7.99638708e-04
39,27,1.73131764,28.983956,8.90520833e-07
40,27,1.73131764,28.983956,8.56903567e-07
41,27,1.75279515,29.107996,1.11381198e-02
42,27,1.77427297,29.256555,1.09508884e-02
43,27,1.79575048,29.426621,1.06201354e-02
44,27,1.81722830,29.614860,1.01676512e-02
45,27,1.83870581,29.817575,9.60175442e-03
46,27,1.86018364,30.030051,8.91818891e-03
47,27,1.88166114,30.245574,8.09131168e-03
48,27,1.90313897,30.488355,3.15216377e-04
49,27,1.92461647,30.865333,1.56687913e-04
50,27,1.94609430,31.031888,1.63202936e-05
51,27,1.96757180,30.900793,1.87207363e-04
52,27,1.98904963,30.888122,1.59727585e-03
53,27,2.01052713,30.872018,8.89558413e-04
54,27,2.03200496,30.832960,4.89728519e-04
55,27,2.05348246,30.785112,2.70547011e-04
56,27,2.07496029,30.739356,1.50370442e-04
57,27,2.09643779,30.700471,9.02166477e-05
58,27,2.11791562,30.674952,6.22111374e-05
59,27,2.13939312,30.666272,5.40976573e-05
60,27,2.13939312,30.666272,5.40976991e-05
61,27,2.20382612,29.872566,2.63016394e-04
62,27,2.26825912,29.017302,5.71113331e-08
63,27,2.33269211,28.974984,7.02115965e-08
64,27,2.39712495,28.931165,8.43281739e-08
65,27,2.46155794,29.678888,6.64992140e-03
66,27,2.52599094,30.482209,5.04529862e-03
67,27,2.59042394,31.274662,3.73278610e-03
68,27,2.65485693,32.031174,2.50492652e-03
69,27,2.71928993,32.713333,1.37381514e-03
70,27,2.78372276,33.274220,4.32446603e-04
71,27,2.84815576,33.286959,2.18640908e-07
72,27,2.91258876,32.821679,1.15725904e-07
73,27,2.97702175,33.263482,1.70101188e-03
74,27,3.04145475,32.521286,4.07943942e-03
75,27,3.10588775,33.152416,3.38715402e-03
76,27,3.17032058,33.709250,2.40939256e-03
77,27,3.23475363,34.152758,1.29679968e-03
78,27,3.29918661,34.443120,3.70678736e-04
79,27,3.36361957,34.511773,3.04166172e-07
80,27,3.36361957,34.511773,6.07055446e-07
81,27,3.41622887,34.524829,7.93709460e-07
82,27,3.46883817,34.444721,3.08025503e-07
83,27,3.52144747,34.317124,7.09877110e-07
84,27,3.57405686,34.147650,1.97724739e-07
85,27,3.62666598,33.943632,3.60771368e-07
86,27,3.67927530,33.715177,3.22576301e-07
87,27,3.73188462,33.503080,1.67841277e-07
88,27,3.78449394,33.412873,9.70989518e-08
89,27,3.83710326,33.235522,3.90204962e-07
90,27,3.88971258,32.979007,3.97752671e-07
91,27,3.94232191,32.738187,2.68094116e-07
92,27,3.99493123,32.525081,8.62021429e-08
93,27,4.04754055,32.344407,3.06940069e-07
94,27,4.10014987,32.195695,9.77581109e-08
95,27,4.15275899,32.079845,5.55666657e-08
96,27,4.20536831,32.004916,1.42119799e-07
97,27,4.25797763,31.957067,5.64499391e-08
98,27,4.31058696,31.935305,1.00036844e-07
99,27,4.36319628,31.928747,1.18055115e-07
0,28,0.00000000,34.511773,7.66719114e-08
1,28,0.06074799,34.460322,2.86358274e-04
2,28,0.12149598,34.198104,4.48696203e-04
3,28,0.18224397,33.803314,6.45941138e-04
4,28,0.24299205,33.295155,6.30293796e-04
5,28,0.30373983,32.684738,4.25884797e-04
6,28,0.36448784,32.325538,3.84318486e-07
7,28,0.42523585,32.777105,6.54794661e-08
8,28,0.48598386,33.695163,8.96695123e-03
9,28,0.54673188,34.612575,9.06356654e-03
10,28,0.60747989,34.650706,5.35868309e-03
11,28,0.66822790,34.856237,9.24392567e-08
12,28,0.72897591,35.042882,6.12044849e-08
13,28,0.78972392,35.105654,8.44905631e-04
14,28,0.85047193,34.723939,4.31151153e-03
15,28,0.91121971,34.390600,8.69135287e-04
16,28,0.97196773,34.109945,6.27546536e-04
17,28,1.03271574,33.897408,1.26706639e-05
18,28,1.09346375,33.764042,2.95583115e-06
19,28,1.15421176,33.792977,1.02328280e-03
20,28,1.15421176,33.792977,1.02340001e-03
21,28,1.18458576,34.018990,2.22689689e-03
22,28,1.21495976,34.264924,1.66299017e-03
23,28,1.24533376,34.495166,8.13973236e-04
24,28,1.27570776,34.547114,1.31337042e-06
25,28,1.30608176,34.170726,3.29459864e-04
26,28,1.33645576,33.735839,5.50801931e-04
27,28,1.36682976,33.272462,7.00736417e-04
28,28,1.39720381,32.786991,8.20007858e-04
29,28,1.42757781,32.303053,8.51603681e-04
30,28,1.45795159,31.878186,5.07010984e-04
31,28,1.48832560,31.806267,1.73039508e-05
32,28,1.51869960,31.875952,5.39343253e-05
33,28,1.54907361,31.972568,1.35939919e-04
34,28,1.57944761,32.073371,2.18481222e-04
35,28,1.60982162,32.166291,2.78479030e-04
36,28,1.64019563,32.245126,2.96971680e-04
37,28,1.67056963,32.305028,2.94620670e-04
38,28,1.70094364,32.351586,2.31744010e-04
39,28,1.73131764,32.373828,3.01405853e-04
40,28,1.73131764,32.373828,1.90224678e-04
41,28,1.75279515,32.329042,1.85832769e-05
42,28,1.77427297,32.269182,1.24728069e-06
43,28,1.79575048,32.214922,7.34984024e-06
44,28,1.81722830,32.159778,4.79507528e-05
45,28,1.83870581,32.104051,1.40144416e-04
46,28,1.86018364,31.986948,2.64483754e-04
47,28,1.88166114,31.831377,3.07970799e-04
48,28,1.90313897,31.665530,3.87673672e-04
49,28,1.92461647,31.519815,5.60014042e-04
50,28,1.94609430,31.568741,7.19847489e-04
51,28,1.96757180,31.903940,5.70034507e-04
52,28,1.98904963,32.304351,4.69254205e-04
53,28,2.01052713,32.605453,4.40834072e-03
54,28,2.03200496,32.883209,4.20371591e-03
55,28,2.05348246,33.181535,3.79226121e-03
56,28,2.07496029,33.495461,3.18549781e-03
57,28,2.09643779,33.807049,2.37422465e-03
58,28,2.11791562,34.101581,1.18727593e-03
59,28,2.13939312,34.276019,4.02459138e-08
60,28,2.13939312,34.276019,4.01243351e-08
61,28,2.20382612,34.238794,7.77933883e-08
62,28,2.26825912,34.101032,8.11919446e-08
63,28,2.33269211,33.991910,8.59950821e-08
64,28,2.39712495,33.913977,9.00563360e-08
65,28,2.46155794,33.883303,9.47995931e-08
66,28,2.52599094,33.882325,9.67561930e-08
67,28,2.59042394,33.452410,2.86592948e-03
68,28,2.65485693,33.113562,3.54836268e-03
69,28,2.71928993,33.196963,2.55564420e-03
70,28,2.78372276,33.709205,1.31780158e-03
71,28,2.84815576,33.638981,7.19747352e-08
72,28,2.91258876,33.667590,5.28459630e-04
73,28,2.97702175,33.794802,3.55231618e-08
74,28,3.04145475,34.257888,7.85127532e-08
75,28,3.10588775,34.377060,1.32268453e-07
76,28,3.17032058,34.457441,1.70888060e-07
77,28,3.23475363,34.509254,1.96394659e-07
78,28,3.29918661,34.538801,2.09644942e-07
79,28,3.36361957,34.511773,1.01570661e-07
80,28,3.36361957,34.511773,1.02996682e-07
81,28,3.41622887,34.524829,3.94948721e-08
82,28,3.46883817,34.444721,4.87467217e-07
83,28,3.52144747,34.317124,2.10754244e-08
84,28,3.57405686,34.147650,4.41541920e-07
85,28,3.62666598,33.943633,1.58776865e-07
86,28,3.67927530,33.715177,3.34496661e-08
87,28,3.73188462,33.503080,6.14097635e-11
88,28,3.78449394,33.412873,7.09904087e-08
89,28,3.83710326,33.235522,3.19248279e-08
90,28,3.88971258,32.979007,8.33133437e-08
91,28,3.94232191,32.738187,1.79572353e-07
92,28,3.99493123,32.525081,3.16046049e-07
93,28,4.04754055,32.344408,5.57344723e-08
94,28,4.10014987,32.195695,2.37927509e-07
95,28,4.15275899,32.079845,2.67098271e-07
96,28,4.20536831,32.004916,1.78937070e-07
97,28,4.25797763,31.957067,2.76764411e-07
98,28,4.31058696,31.935305,2.51470056e-07
99,28,4.36319628,31.928747,2.43027716e-07
0,29,0.00000000,37.687382,7.30450039e-03
1,29,0.06074799,37.755726,6.88543749e-03
2,29,0.12149598,37.521813,2.59353695e-04
3,29,0.18224397,36.703250,3.77276433e-04
4,29,0.24299205,35.753144,4.15968242e-04
5,29,0.30373983,34.730768,3.88510768e-04
6,29,0.36448784,33.670225,3.15925776e-04
7,29,0.42523585,33.023397,3.19599397e-07
8,29,0.48598386,33.695163,1.90837516e-04
9,29,0.54673188,34.612575,1.53561928e-06
10,29,0.60747989,35.486501,5.09062000e-03
11,29,0.66822790,35.868751,2.66991310e-06
12,29,0.72897591,35.516184,2.60098020e-04
13,29,0.78972392,35.105654,2.66892092e-03
14,29,0.85047193,34.744721,6.36325352e-03
15,29,0.91121971,34.861266,5.81106142e-03
16,29,0.97196773,34.942586,4.87332079e-03
17,29,1.03271574,34.887789,3.45127300e-03
18,29,1.09346375,34.537368,1.72386002e-03
19,29,1.15421176,33.792977,8.03913140e-07
20,29,1.15421176,33.792977,6.89105427e-07
21,29,1.18458576,34.018990,8.06880207e-04
22,29,1.21495976,34.264924,1.20822179e-03
23,29,1.24533376,34.495166,1.56844528e-03
24,29,1.27570776,34.547114,5.95540422e-05
25,29,1.30608176,34.170726,8.93020470e-05
26,29,1.33645576,33.735839,1.17966252e-04
27,29,1.36682976,33.272462,1.74317977e-04
28,29,1.39720381,32.786991,2.32687461e-04
29,29,1.42757781,32.303053,2.95021459e-04
30,29,1.45795159,31.878186,1.59174344e-05
31,29,1.48832560,31.806267,1.21944642e-06
32,29,1.51869960,31.875952,5.67845245e-07
33,29,1.54907361,31.972568,1.63170849e-06
34,29,1.57944761,32.073371,6.40893977e-06
35,29,1.60982162,32.166291,1.22340785e-05
36,29,1.64019563,32.245126,3.32331921e-05
37,29,1.67056963,32.305028,5.31148072e-05
38,29,1.70094364,32.351586,1.22578050e-04
39,29,1.73131764,32.373828,5.15173060e-05
40,29,1.73131764,32.373828,1.62697743e-04
41,29,1.75279515,32.387599,2.64564077e-04
42,29,1.77427297,32.366121,2.41505225e-04
43,29,1.79575048,32.315694,2.29711693e-04
44,29,1.81722830,32.233616,2.29094653e-04
45,29,1.83870581,32.122723,2.40019030e-04
46,29,1.86018364,32.050987,3.11728611e-04
47,29,1.88166114,32.006061,6.08715654e-04
48,29,1.90313897,31.979058,1.10299926e-03
49,29,1.92461647,31.984284,1.86425696e-03
50,29,1.94609430,32.041533,2.84735864e-03
51,29,1.96757180,32.168170,3.76749663e-03
52,29,1.98904963,32.361644,4.29955664e-03
53,29,2.01052713,32.708941,3.94165392e-04
54,29,2.03200496,33.108819,3.24913892e-04
55,29,2.05348246,33.490717,2.53597159e-04
56,29,2.07496029,33.844575,1.76310426e-04
57,29,2.09643779,34.139148,9.68009318e-05
58,29,2.11791562,34.343976,2.85246391e-05
59,29,2.13939312,34.419050,7.53280064e-08
60,29,2.13939312,34.419050,7.54392183e-08
61,29,2.20382612,34.454535,3.90563889e-08
62,29,2.26825912,34.657328,3.68045137e-08
63,29,2.33269211,34.702877,8.53992651e-04
64,29,2.39712495,34.606711,4.20346979e-05
65,29,2.46155794,34.337596,3.30554180e-04
66,29,2.52599094,33.920748,1.51754157e-03
67,29,2.59042394,33.899380,9.29082563e-08
68,29,2.65485693,33.929344,7.63909351e-08
69,29,2.71928993,33.939668,4.27243035e-08
70,29,2.78372276,33.898920,7.99693618e-09
71,29,2.84815576,33.860923,1.30470057e-09
72,29,2.91258876,33.928581,1.82675993e-09
73,29,2.97702175,34.098997,2.38332074e-08
74,29,3.04145475,34.866468,4.34525669e-08
75,29,3.10588775,35.892243,6.00074441e-08
76,29,3.17032058,36.823312,8.16757422e-08
77,29,3.23475363,37.598256,1.05404889e-07
78,29,3.29918661,37.762244,6.30036147e-03
79,29,3.36361957,37.687382,7.30449609e-03
80,29,3.36361957,37.687382,7.30455457e-03
81,29,3.41622887,37.738415,6.25532733e-03
82,29,3.46883817,37.863728,3.96854057e-03
83,29,3.52144747,37.509347,9.30967339e-08
84,29,3.57405686,36.912894,2.00476250e-08
85,29,3.62666598,36.194556,1.16953579e-08
86,29,3.67927530,35.419730,8.39673415e-08
87,29,3.73188462,34.690716,1.89285050e-07
88,29,3.78449394,34.194303,3.72260968e-07
89,29,3.83710326,34.072792,3.02843849e-08
90,29,3.88971258,34.019882,1.91777417e-09
91,29,3.94232191,33.875856,2.11609643e-08
92,29,3.99493123,33.666079,4.24311249e-08
93,29,4.04754055,33.425778,3.23621628e-08
94,29,4.10014987,33.190857,8.16140540e-08
95,29,4.15275899,32.967394,4.41086666e-08
96,29,4.20536831,32.773799,4.58617060e-08
97,29,4.25797763,32.617263,2.84817175e-08
98,29,4.31058696,32.513765,1.31976441e-08
99,29,4.36319628,32.473527,6.61190765e-10
0,30,0.00000000,38.292740,4.98560378e-07
1,30,0.06074799,38.108767,9.16336856e-05
2,30,0.12149598,37.908492,5.44549175e-03
3,30,0.18224397,37.837468,1.41425382e-03
4,30,0.24299205,37.212410,6.07479781e-06
5,30,0.30373983,36.516808,5.23942736e-04
6,30,0.36448784,35.910319,1.41817985e-03
7,30,0.42523585,35.428184,2.44682340e-03
8,30,0.48598386,35.065020,3.49526238e-03
9,30,0.54673188,34.809610,4.48904814e-03
10,30,0.60747989,35.486501,1.62840079e-03
11,30,0.66822790,35.868751,2.97903467e-05
12,30,0.72897591,35.516184,1.95211866e-03
13,30,0.78972392,35.169561,4.20080864e-08
14,30,0.85047193,35.244066,2.80523502e-08
15,30,0.91121971,35.298717,2.04120746e-08
16,30,0.97196773,35.334876,1.28644666e-08
17,30,1.03271574,35.368700,7.64543438e-09
18,30,1.09346375,35.406918,3.73934035e-09
19,30,1.15421176,35.454259,2.11207446e-09
20,30,1.15421176,35.454259,2.20595657e-09
21,30,1.18458576,35.391111,5.94022335e-05
22,30,1.21495976,35.211567,2.35393522e-04
23,30,1.24533376,34.943695,6.14356772e-04
24,30,1.27570776,34.765584,2.77400408e-03
25,30,1.30608176,34.953206,3.31308951e-04
26,30,1.33645576,35.154457,9.37002089e-05
27,30,1.36682976,35.354784,1.05391461e-05
28,30,1.39720381,35.551699,9.04460860e-07
29,30,1.42757781,35.749261,8.37300017e-06
30,30,1.45795159,35.949680,3.52438339e-05
31,30,1.48832560,36.147257,1.09694014e-04
32,30,1.51869960,36.336386,3.77271037e-04
33,30,1.54907361,36.492133,1.04941128e-03
34,30,1.57944761,36.549464,2.01041604e-03
35,30,1.60982162,36.499752,2.23051520e-03
36,30,1.64019563,36.427596,1.64497813e-03
37,30,1.67056963,36.366748,2.66015342e-04
38,30,1.70094364,36.329032,2.80868760e-05
39,30,1.73131764,36.318339,6.13708340e-04
40,30,1.73131764,36.318339,1.18264056e-04
41,30,1.75279515,36.184536,5.37489466e-03
42,30,1.77427297,36.041345,5.44812134e-03
43,30,1.79575048,35.896575,5.52086027e-03
44,30,1.81722830,35.753623,5.58105897e-03
45,30,1.83870581,35.614671,5.63824411e-03
46,30,1.86018364,35.481949,5.69263005e-03
47,30,1.88166114,35.357068,5.74255750e-03
48,30,1.90313897,35.241337,5.78609746e-03
49,30,1.92461647,35.135144,5.82089505e-03
50,30,1.94609430,35.038427,5.84604710e-03
51,30,1.96757180,34.952821,5.85708243e-03
52,30,1.98904963,34.877673,5.85141591e-03
53,30,2.01052713,34.812913,5.82794592e-03
54,30,2.03200496,34.758204,5.76506977e-03
55,30,2.05348246,34.713149,5.63768196e-03
56,30,2.07496029,34.677305,5.36999099e-03
57,30,2.09643779,34.647096,4.69174333e-03
58,30,2.11791562,34.611459,2.71404005e-03
59,30,2.13939312,34.561549,4.38449165e-04
60,30,2.13939312,34.561549,4.38430179e-04
61,30,2.20382612,34.590781,2.64531695e-03
62,30,2.26825912,34.667416,2.02327766e-03
63,30,2.33269211,34.880947,3.31688333e-08
64,30,2.39712495,35.116912,2.70798529e-08
65,30,2.46155794,35.359313,1.76781575e-08
66,30,2.52599094,35.572776,5.29182260e-09
67,30,2.59042394,35.662912,3.30205027e-09
68,30,2.65485693,35.431311,5.92206317e-08
69,30,2.71928993,34.837499,1.39483248e-07
70,30,2.78372276,34.069882,1.89619061e-07
71,30,2.84815576,34.381574,6.35260263e-04
72,30,2.91258876,35.087384,2.52791122e-04
73,30,2.97702175,35.727128,5.17210162e-07
74,30,3.04145475,36.435608,4.12168207e-07
75,30,3.10588775,37.044321,4.27248050e-05
76,30,3.17032058,37.566135,1.09568412e-04
77,30,3.23475363,37.933476,4.05505402e-03
78,30,3.29918661,38.133658,1.26396100e-07
79,30,3.36361957,38.292740,4.74014967e-07
80,30,3.36361957,38.292740,5.15201002e-07
81,30,3.41622887,38.233394,1.82131444e-07
82,30,3.46883817,37.953650,2.07300759e-07
83,30,3.52144747,37.509347,8.37088159e-08
84,30,3.57405686,36.912895,8.60476072e-09
85,30,3.62666598,36.194557,8.92290463e-11
86,30,3.67927530,35.419730,5.43812559e-08
87,30,3.73188462,34.690716,1.67241131e-07
88,30,3.78449394,34.194303,5.63145531e-08
89,30,3.83710326,34.072792,9.21316390e-08
90,30,3.88971258,34.019882,2.33723644e-09
91,30,3.94232191,33.875856,7.78709454e-09
92,30,3.99493123,33.666079,3.33534443e-08
93,30,4.04754055,33.425778,7.33991413e-08
94,30,4.10014987,33.190857,3.40000352e-08
95,30,4.15275899,32.967394,6.22785489e-08
96,30,4.20536831,32.773799,3.87998077e-08
97,30,4.25797763,32.617263,2.40272399e-08
98,30,4.31058696,32.513765,7.91683936e-09
99,30,4.36319628,32.473527,6.21601217e-09
0,31,0.00000000,38.292740,3.84175529e-08
1,31,0.06074799,38.297954,5.18031102e-07
2,31,0.12149598,38.203820,4.92388204e-07
3,31,0.18224397,38.059507,4.46294576e-07
4,31,0.24299205,37.877699,3.89091718e-07
5,31,0.30373983,37.671076,3.34657690e-07
6,31,0.36448784,37.450662,2.77776843e-07
7,31,0.42523585,37.225310,2.25473372e-07
8,31,0.48598386,37.001818,1.83747286e-07
9,31,0.54673188,36.785267,1.38443633e-07
10,31,0.60747989,36.579406,1.01194362e-07
11,31,0.66822790,36.387553,7.29011094e-08
12,31,0.72897591,36.210316,5.07621094e-08
13,31,0.78972392,36.049763,3.22561927e-08
14,31,0.85047193,35.906633,1.87514749e-08
15,31,0.91121971,35.782994,8.96345039e-09
16,31,0.97196773,35.679420,3.81951809e-09
17,31,1.03271574,35.588574,8.24842270e-10
18,31,1.09346375,35.514041,1.34429855e-11
19,31,1.15421176,35.454259,4.26779780e-11
20,31,1.15421176,35.454259,8.85191108e-12
21,31,1.18458576,35.391111,4.64904715e-07
22,31,1.21495976,35.211567,1.50396520e-06
23,31,1.24533376,34.943695,1.07386128e-05
24,31,1.27570776,34.765584,1.88603745e-05
25,31,1.30608176,34.953206,1.94581425e-03
26,31,1.33645576,35.154457,1.76634914e-03
27,31,1.36682976,35.354784,1.48097067e-03
28,31,1.39720381,35.551699,1.15696697e-03
29,31,1.42757781,35.749261,8.55212281e-04
30,31,1.45795159,35.949680,5.81498324e-04
31,31,1.48832560,36.147257,3.38675557e-04
32,31,1.51869960,36.336386,7.31167337e-05
33,31,1.54907361,36.492133,2.83697852e-05
34,31,1.57944761,36.549464,1.12083772e-03
35,31,1.60982162,36.499752,2.51400933e-03
36,31,1.64019563,36.427596,3.83694107e-03
37,31,1.67056963,36.366748,5.61349168e-03
38,31,1.70094364,36.329032,6.07705761e-03
39,31,1.73131764,36.318339,5.54999275e-03
40,31,1.73131764,36.318339,6.04548159e-03
41,31,1.75279515,36.447590,9.70664969e-04
42,31,1.77427297,36.579584,1.02114950e-03
43,31,1.79575048,36.698143,1.03687879e-03
44,31,1.81722830,36.781266,9.89480516e-04
45,31,1.83870581,36.808147,8.71728888e-04
46,31,1.86018364,36.781640,7.41584111e-04
47,31,1.88166114,36.721372,6.43759986e-04
48,31,1.90313897,36.645481,5.81035825e-04
49,31,1.92461647,36.564700,5.42278210e-04
50,31,1.94609430,36.484385,5.19214125e-04
51,31,1.96757180,36.410499,5.04932742e-04
52,31,1.98904963,36.343734,4.96212757e-04
53,31,2.01052713,36.284380,4.90302247e-04
54,31,2.03200496,36.115301,2.55012076e-03
55,31,2.05348246,35.834114,3.32119902e-03
56,31,2.07496029,35.540907,4.31620462e-03
57,31,2.09643779,35.244530,5.86507649e-03
58,31,2.11791562,34.976530,8.97878350e-03
59,31,2.13939312,34.849955,1.22920173e-02
60,31,2.13939312,34.849955,1.22919720e-02
61,31,2.20382612,35.135030,9.04973789e-03
62,31,2.26825912,35.513560,6.81792431e-03
63,31,2.33269211,35.916169,4.44970781e-03
64,31,2.39712495,36.340154,2.33236285e-03
65,31,2.46155794,36.764561,1.60351872e-05
66,31,2.52599094,36.887307,2.33026043e-07
67,31,2.59042394,36.320350,2.79803706e-07
68,31,2.65485693,35.792193,3.45854163e-07
69,31,2.71928993,35.355054,4.31993737e-07
70,31,2.78372276,35.092486,5.19778463e-07
71,31,2.84815576,35.064851,5.70230574e-07
72,31,2.91258876,35.269764,5.73118800e-07
73,31,2.97702175,35.782470,5.53757109e-05
74,31,3.04145475,36.439927,7.06884229e-08
75,31,3.10588775,37.316120,3.01690451e-07
76,31,3.17032058,38.107269,1.63569762e-03
77,31,3.23475363,37.974459,1.18049716e-04
78,31,3.29918661,38.237826,4.94840400e-05
79,31,3.36361957,38.292740,6.24895650e-08
80,31,3.36361957,38.292741,2.38489473e-08
81,31,3.41622887,38.233394,3.07250674e-07
82,31,3.46883817,37.953651,1.52891532e-07
83,31,3.52144747,38.018243,1.76656851e-03
84,31,3.57405686,38.169883,3.67012683e-04
85,31,3.62666598,38.098262,1.35278682e-06
86,31,3.67927530,37.711718,7.46646390e-07
87,31,3.73188462,37.459214,1.61002411e-06
88,31,3.78449394,37.402834,1.51507194e-06
89,31,3.83710326,37.612894,1.21645597e-08
90,31,3.88971258,37.383798,4.58431976e-03
91,31,3.94232191,36.509679,8.45585528e-03
92,31,3.99493123,35.678136,1.17022124e-02
93,31,4.04754055,34.934897,1.41676644e-02
94,31,4.10014987,34.330532,1.50244317e-02
95,31,4.15275899,33.897366,1.34682542e-02
96,31,4.20536831,33.641749,9.64068989e-03
97,31,4.25797763,33.524221,5.00394219e-03
98,31,4.31058696,33.481980,1.36846790e-03
99,31,4.36319628,33.473123,4.43676185e-08
0,32,0.00000000,40.168744,2.86473736e-10
1,32,0.06074799,39.864176,5.20231998e-05
2,32,0.12149598,39.187590,7.67817027e-04
3,32,0.18224397,38.724671,3.97194926e-03
4,32,0.24299205,38.904158,4.34623104e-03
5,32,0.30373983,39.283066,3.27979715e-03
6,32,0.36448784,39.130216,7.13190135e-04
7,32,0.42523585,38.425622,4.53078072e-04
8,32,0.48598386,37.779389,1.87686946e-04
9,32,0.54673188,37.193249,3.35771548e-05
10,32,0.60747989,36.701514,7.66482997e-03
11,32,0.66822790,36.737823,1.48859974e-02
12,32,0.72897591,37.506551,1.16640836e-02
13,32,0.78972392,38.309716,8.15620951e-04
14,32,0.85047193,39.010050,2.06099501e-03
15,32,0.91121971,38.740429,9.32939137e-04
16,32,0.97196773,38.395950,1.50581885e-03
17,32,1.03271574,38.081268,2.13198767e-03
18,32,1.09346375,37.841650,2.70165113e-03
19,32,1.15421176,37.762476,5.06577176e-03
20,32,1.15421176,37.762476,4.87122637e-03
21,32,1.18458576,37.786746,3.82018424e-03
22,32,1.21495976,37.858187,4.94725831e-03
23,32,1.24533376,37.972460,3.13456326e-03
24,32,1.27570776,38.117140,4.60353847e-04
25,32,1.30608176,38.257832,1.46525615e-03
26,32,1.33645576,38.276329,8.07941365e-06
27,32,1.36682976,38.106838,1.08503259e-03
28,32,1.39720381,37.881260,1.53923893e-03
29,32,1.42757781,37.654736,1.63983101e-03
30,32,1.45795159,37.441227,1.46021120e-03
31,32,1.48832560,37.248144,1.03834554e-03
32,32,1.51869960,37.082438,2.77200899e-03
33,32,1.54907361,36.972253,9.53503141e-05
34,32,1.57944761,36.980414,4.51185969e-04
35,32,1.60982162,37.105728,7.29109537e-04
36,32,1.64019563,37.260191,3.28205017e-04
37,32,1.67056963,37.397567,1.97012882e-04
38,32,1.70094364,37.493348,1.93702422e-04
39,32,1.73131764,37.531444,1.90457381e-04
40,32,1.73131764,37.531444,1.90354386e-04
41,32,1.75279515,37.482682,2.00200407e-06
42,32,1.77427297,37.447900,2.01201040e-06
43,32,1.79575048,37.420767,7.63781118e-06
44,32,1.81722830,37.396045,8.54799528e-06
45,32,1.83870581,37.368152,3.58914771e-06
46,32,1.86018364,37.331716,5.52783671e-07
47,32,1.88166114,37.280994,1.65979287e-05
48,32,1.90313897,37.207548,7.94582210e-05
49,32,1.92461647,37.109429,2.20474000e-04
50,32,1.94609430,36.977466,4.75135008e-04
51,32,1.96757180,36.811573,8.45873286e-04
52,32,1.98904963,36.610367,1.32778245e-03
53,32,2.01052713,36.375783,1.89272107e-03
54,32,2.03200496,36.234575,4.85980830e-04
55,32,2.05348246,36.193734,4.81958319e-04
56,32,2.07496029,36.162570,4.77771152e-04
57,32,2.09643779,36.139855,4.71989757e-04
58,32,2.11791562,36.126184,4.65950069e-04
59,32,2.13939312,36.121709,4.63475147e-04
60,32,2.13939312,36.121709,4.63475102e-04
61,32,2.20382612,36.319558,7.35982344e-04
62,32,2.26825912,36.490231,6.18768580e-04
63,32,2.33269211,36.590627,1.88965986e-04
64,32,2.39712495,36.660976,1.02251549e-05
65,32,2.46155794,36.794337,9.09629260e-04
66,32,2.52599094,36.924109,9.04301225e-05
67,32,2.59042394,37.145959,2.04086319e-04
68,32,2.65485693,37.427301,3.49930864e-04
69,32,2.71928993,37.532363,1.95831358e-07
70,32,2.78372276,37.849929,1.52342844e-07
71,32,2.84815576,38.269645,1.26175550e-07
72,32,2.91258876,38.106812,6.32135322e-03
73,32,2.97702175,37.959847,3.69738945e-03
74,32,3.04145475,38.069466,1.02243352e-03
75,32,3.10588775,38.178802,4.51355680e-05
76,32,3.17032058,38.265970,2.03563257e-07
77,32,3.23475363,39.177469,1.15160378e-07
78,32,3.29918661,39.895885,3.88204129e-08
79,32,3.36361957,40.168744,8.26352472e-10
80,32,3.36361957,40.168744,2.17242264e-09
81,32,3.41622887,40.047032,9.78181586e-08
82,32,3.46883817,39.663171,2.19799465e-07
83,32,3.52144747,39.135250,6.63162394e-07
84,32,3.57405686,38.585417,5.50750462e-07
85,32,3.62666598,38.098262,2.03904804e-07
86,32,3.67927530,37.711718,1.05869385e-06
87,32,3.73188462,37.459214,4.21431724e-07
88,32,3.78449394,37.402834,7.12843972e-07
89,32,3.83710326,37.612894,2.26941124e-06
90,32,3.88971258,38.094965,1.68527251e-06
91,32,3.94232191,37.937833,5.23152686e-03
92,32,3.99493123,37.675961,3.47600050e-03
93,32,4.04754055,37.288675,1.08633505e-09
94,32,4.10014987,36.915857,1.17060626e-09
95,32,4.15275899,36.594656,1.31491253e-09
96,32,4.20536831,36.332457,1.42635715e-09
97,32,4.25797763,36.137189,1.51834723e-09
98,32,4.31058696,36.016318,1.57928115e-09
99,32,4.36319628,35.974999,1.60340574e-09
0,33,0.00000000,40.168744,3.03771259e-09
1,33,0.06074799,40.168969,4.66156892e-09
2,33,0.12149598,40.117760,1.80562074e-08
3,33,0.18224397,40.049402,3.74920297e-08
4,33,0.24299205,39.984419,6.09250320e-08
5,33,0.30373983,39.893912,1.40449912e-04
6,33,0.36448784,39.130216,2.40909108e-04
7,33,0.42523585,38.425622,1.31408786e-03
8,33,0.48598386,37.779389,2.62572899e-03
9,33,0.54673188,37.193249,4.27276527e-03
10,33,0.60747989,36.701514,2.83299241e-05
11,33,0.66822790,36.737823,4.47373571e-06
12,33,0.72897591,37.506552,1.02177646e-03
13,33,0.78972392,38.309716,9.58695628e-03
14,33,0.85047193,39.010050,5.28812235e-03
15,33,0.91121971,39.293499,4.23360527e-04
16,33,0.97196773,39.203800,4.19795082e-04
17,33,1.03271574,38.628276,1.27300261e-03
18,33,1.09346375,37.992059,2.44144586e-03
19,33,1.15421176,37.762476,8.39479565e-04
20,33,1.15421176,37.762476,1.03399683e-03
21,33,1.18458576,37.786746,2.08001057e-03
22,33,1.21495976,37.858187,9.12667448e-04
23,33,1.24533376,37.972460,2.55744687e-03
24,33,1.27570776,38.117140,4.67996237e-03
25,33,1.30608176,38.257832,1.95495556e-03
26,33,1.33645576,38.276329,7.23011484e-04
27,33,1.36682976,38.106838,5.15302669e-06
28,33,1.39720381,37.881260,5.10828417e-04
29,33,1.42757781,37.654736,1.17891016e-03
30,33,1.45795159,37.441227,1.98614209e-03
31,33,1.48832560,37.248144,2.92206673e-03
32,33,1.51869960,37.082438,1.53119777e-03
33,33,1.54907361,36.972254,3.91930150e-03
34,33,1.57944761,36.980414,1.84909727e-03
35,33,1.60982162,37.105728,2.64664425e-04
36,33,1.64019563,37.260191,1.90624530e-04
37,33,1.67056963,37.397567,1.22213776e-04
38,33,1.70094364,37.493348,2.96114696e-05
39,33,1.73131764,37.531444,5.93761304e-07
40,33,1.73131764,37.531444,6.92752226e-07
41,33,1.75279515,37.568443,8.01412819e-05
42,33,1.77427297,37.581013,2.05961641e-05
43,33,1.79575048,37.587528,1.16040588e-06
44,33,1.81722830,37.619425,5.03708293e-05
45,33,1.83870581,37.702387,1.67927172e-04
46,33,1.86018364,37.837979,2.91624270e-04
47,33,1.88166114,38.008611,3.72839159e-04
48,33,1.90313897,38.196230,4.04874695e-04
49,33,1.92461647,38.387360,3.92302642e-04
50,33,1.94609430,38.572547,3.36002472e-04
51,33,1.96757180,38.730146,2.24513286e-04
52,33,1.98904963,38.821464,5.99999626e-05
53,33,2.01052713,38.745516,2.40552467e-05
54,33,2.03200496,38.485115,2.02013588e-04
55,33,2.05348246,38.156514,3.66981766e-04
56,33,2.07496029,37.830534,4.99911621e-04
57,33,2.09643779,37.547394,6.14374444e-04
58,33,2.11791562,37.347907,7.03707612e-04
59,33,2.13939312,37.274717,7.39032292e-04
60,33,2.13939312,37.274717,7.39032859e-04
61,33,2.20382612,37.107432,1.03123744e-03
62,33,2.26825912,37.056260,1.80142761e-03
63,33,2.33269211,37.160875,2.85987604e-03
64,33,2.39712495,37.389491,3.57052359e-03
65,33,2.46155794,37.461609,1.93316039e-07
66,33,2.52599094,37.289841,2.33219458e-04
67,33,2.59042394,37.735316,3.07991840e-07
68,33,2.65485693,37.429798,2.65659426e-07
69,33,2.71928993,37.756346,5.14492842e-04
70,33,2.78372276,38.109365,6.81132081e-04
71,33,2.84815576,38.438250,1.77037642e-03
72,33,2.91258876,38.712832,6.40449121e-05
73,33,2.97702175,38.854946,4.05434429e-05
74,33,3.04145475,38.915315,6.78818468e-04
75,33,3.10588775,39.051007,1.29555854e-03
76,33,3.17032058,39.376233,7.16098840e-04
77,33,3.23475363,39.766229,1.69371734e-04
78,33,3.29918661,40.071600,1.07120606e-05
79,33,3.36361957,40.168744,2.43231944e-09
80,33,3.36361957,40.168744,1.09000894e-09
81,33,3.41622887,40.047032,1.00500475e-08
82,33,3.46883817,39.663171,1.81477712e-07
83,33,3.52144747,39.135250,1.51082416e-07
84,33,3.57405686,38.585417,6.79217224e-07
85,33,3.62666598,38.300205,1.65305716e-05
86,33,3.67927530,38.389770,6.73048777e-04
87,33,3.73188462,38.422865,1.93137354e-03
88,33,3.78449394,38.382042,2.78379605e-03
89,33,3.83710326,38.166405,3.59943049e-05
90,33,3.88971258,38.094965,4.45712213e-07
91,33,3.94232191,38.165362,8.38341727e-10
92,33,3.99493123,37.706896,9.48124788e-10
93,33,4.04754055,37.394430,1.79904174e-03
94,33,4.10014987,37.110292,5.63713505e-04
95,33,4.15275899,36.837528,1.76611614e-05
96,33,4.20536831,36.593709,2.16067218e-04
97,33,4.25797763,36.397027,9.64487386e-04
98,33,4.31058696,36.267800,1.80193087e-03
99,33,4.36319628,36.222245,2.16719606e-03
0,34,0.00000000,41.694681,2.14190900e-02
1,34,0.06074799,41.687792,7.76674337e-03
2,34,0.12149598,41.641482,7.06693520e-03
3,34,0.18224397,41.552269,1.52117851e-04
4,34,0.24299205,40.712203,2.75772625e-06
5,34,0.30373983,39.893913,2.12551410e-04
6,34,0.36448784,39.694328,2.16059614e-03
7,34,0.42523585,40.069312,1.42115336e-07
8,34,0.48598386,40.290964,1.67056358e-07
9,34,0.54673188,40.421484,1.57842623e-04
10,34,0.60747989,40.168790,4.47861785e-04
11,34,0.66822790,39.942439,1.73198494e-04
12,34,0.72897591,39.724529,7.64099159e-06
13,34,0.78972392,39.418373,1.53137181e-04
14,34,0.85047193,39.086730,4.69560806e-04
15,34,0.91121971,39.293499,2.87168265e-04
16,34,0.97196773,39.203801,8.87138855e-04
17,34,1.03271574,39.137316,6.86921680e-04
18,34,1.09346375,39.097360,1.56447878e-03
19,34,1.15421176,39.084028,1.47119322e-03
20,34,1.15421176,39.084028,1.38742054e-03
21,34,1.18458576,39.128412,1.54469339e-03
22,34,1.21495976,39.243603,1.25544308e-03
23,34,1.24533376,39.321831,2.05462831e-03
24,34,1.27570776,39.143750,7.87481620e-04
25,34,1.30608176,38.916647,9.33340265e-04
26,34,1.33645576,38.841835,1.30770012e-04
27,34,1.36682976,38.990383,2.18905924e-05
28,34,1.39720381,39.223687,2.22645047e-04
29,34,1.42757781,39.477470,5.72747874e-04
30,34,1.45795159,39.725841,7.77206338e-04
31,34,1.48832560,39.941008,8.31321352e-04
32,34,1.51869960,40.094752,1.43233594e-03
33,34,1.54907361,40.176147,1.63000278e-04
34,34,1.57944761,40.178843,1.05086785e-03
35,34,1.60982162,40.115924,2.84885120e-04
36,34,1.64019563,40.019094,8.86029187e-04
37,34,1.67056963,39.918996,3.53423480e-03
38,34,1.70094364,39.845074,6.20779735e-03
39,34,1.73131764,39.831247,6.09320791e-03
40,34,1.73131764,39.831247,5.75084239e-03
41,34,1.75279515,39.819584,5.45850177e-03
42,34,1.77427297,39.792522,5.67251683e-03
43,34,1.79575048,39.744394,5.88364523e-03
44,34,1.81722830,39.681002,6.10549399e-03
45,34,1.83870581,39.598009,6.32243976e-03
46,34,1.86018364,39.497159,6.52214939e-03
47,34,1.88166114,39.382449,6.68960177e-03
48,34,1.90313897,39.259953,6.80360824e-03
49,34,1.92461647,39.137917,6.84520017e-03
50,34,1.94609430,39.021195,6.79708494e-03
51,34,1.96757180,38.922275,6.66007299e-03
52,34,1.98904963,38.841131,6.45746468e-03
53,34,2.01052713,38.780275,6.21805884e-03
54,34,2.03200496,38.732751,5.99022552e-03
55,34,2.05348246,38.698687,5.78878955e-03
56,34,2.07496029,38.675557,5.62673638e-03
57,34,2.09643779,38.660448,5.50979831e-03
58,34,2.11791562,38.652052,5.43954591e-03
59,34,2.13939312,38.649451,5.41817405e-03
60,34,2.13939312,38.649451,5.41820239e-03
61,34,2.20382612,38.502458,6.79647140e-03
62,34,2.26825912,38.232441,8.77496927e-03
63,34,2.33269211,37.933888,1.08864540e-02
64,34,2.39712495,37.735710,1.21207308e-02
65,34,2.46155794,37.684276,3.93050618e-03
66,34,2.52599094,37.877340,9.50147333e-03
67,34,2.59042394,37.832214,6.43235607e-05
68,34,2.65485693,38.389257,6.95535848e-04
69,34,2.71928993,38.833874,1.35198250e-03
70,34,2.78372276,39.172404,2.20013601e-03
71,34,2.84815576,38.598883,5.51483609e-03
72,34,2.91258876,38.754485,1.06744227e-07
73,34,2.97702175,39.291579,8.93162894e-08
74,34,3.04145475,39.871717,7.04741161e-08
75,34,3.10588775,40.486018,4.82156961e-08
76,34,3.17032058,41.081896,2.45229978e-08
77,34,3.23475363,41.520050,4.66648050e-09
78,34,3.29918661,41.682386,4.09708884e-10
79,34,3.36361957,41.694681,6.40247852e-03
80,34,3.36361957,41.694681,1.37016842e-02
81,34,3.41622887,41.706912,3.43541331e-10
82,34,3.46883817,41.690228,6.78349646e-11
83,34,3.52144747,41.611560,3.62710886e-11
84,34,3.57405686,41.482661,8.01352856e-11
85,34,3.62666598,41.279020,4.06441525e-03
86,34,3.67927530,40.719730,7.15617382e-04
87,34,3.73188462,40.018444,1.05743631e-04
88,34,3.78449394,39.216854,2.17688907e-03
89,34,3.83710326,38.453795,8.46104044e-03
90,34,3.88971258,38.169403,6.87419115e-03
91,34,3.94232191,38.765785,9.86246423e-08
92,34,3.99493123,39.509117,1.49933379e-06
93,34,4.04754055,40.137266,1.12359163e-07
94,34,4.10014987,40.354583,5.54205054e-08
95,34,4.15275899,40.382208,8.22731526e-09
96,34,4.20536831,40.382192,1.24649301e-08
97,34,4.25797763,40.377367,5.41577216e-10
98,34,4.31058696,40.373685,1.58129277e-09
99,34,4.36319628,40.371869,3.87063751e-11
0,35,0.00000000,41.694681,7.25021558e-05
1,35,0.06074799,41.742891,1.58677823e-03
2,35,0.12149598,41.833660,1.87078957e-03
3,35,0.18224397,41.552269,6.01038992e-04
4,35,0.24299205,40.712203,1.57759641e-05
5,35,0.30373983,39.947205,8.65159462e-08
6,35,0.36448784,39.965335,1.14254275e-07
7,35,0.42523585,40.098219,1.18184578e-03
8,35,0.48598386,40.461687,4.57052508e-04
9,35,0.54673188,40.421484,1.63704947e-04
10,35,0.60747989,40.168790,1.00455287e-04
11,35,0.66822790,39.942439,6.19538991e-04
12,35,0.72897591,39.741761,6.92645799e-04
13,35,0.78972392,39.568965,6.78593468e-04
14,35,0.85047193,39.424342,1.41123897e-03
15,35,0.91121971,39.579322,2.40558070e-03
16,35,0.97196773,39.521156,2.77494280e-04
17,35,1.03271574,39.137316,8.07231579e-04
18,35,1.09346375,39.097360,1.86532694e-05
19,35,1.15421176,39.084028,1.39603993e-04
20,35,1.15421176,39.084028,2.23258253e-04
21,35,1.18458576,39.128412,2.30257815e-05
22,35,1.21495976,39.243603,2.54414345e-04
23,35,1.24533376,39.321831,1.48769478e-04
24,35,1.27570776,39.143750,3.37317579e-03
25,35,1.30608176,38.916647,5.88463201e-03
26,35,1.33645576,38.841835,1.00084668e-02
27,35,1.36682976,38.990383,1.04900496e-02
28,35,1.39720381,39.223687,1.01502414e-02
29,35,1.42757781,39.477470,9.82113240e-03
30,35,1.45795159,39.725841,9.67871220e-03
31,35,1.48832560,39.941008,9.60726686e-03
32,35,1.51869960,40.094753,8.72397384e-03
33,35,1.54907361,40.176147,9.34296600e-03
34,35,1.57944761,40.178843,7.54544494e-03
35,35,1.60982162,40.115924,7.41251149e-03
36,35,1.64019563,40.019094,6.09965904e-03
37,35,1.67056963,39.918996,2.97094886e-03
38,35,1.70094364,39.845074,2.18698306e-05
39,35,1.73131764,39.831247,7.55853463e-05
40,35,1.73131764,39.831247,4.17941793e-04
41,35,1.75279515,39.848874,8.84720161e-04
42,35,1.77427297,39.932085,8.70951531e-04
43,35,1.79575048,40.061167,8.60192702e-04
44,35,1.81722830,40.224797,8.47426555e-04
45,35,1.83870581,40.406233,8.35926067e-04
46,35,1.86018364,40.584061,8.19940687e-04
47,35,1.88166114,40.718355,7.74599474e-04
48,35,1.90313897,40.734326,6.62202221e-04
49,35,1.92461647,40.571619,5.52616328e-04
50,35,1.94609430,40.281533,5.41492033e-04
51,35,1.96757180,39.956151,6.23848247e-04
52,35,1.98904963,39.661028,7.65396110e-04
53,35,2.01052713,39.507896,7.73492413e-04
54,35,2.03200496,39.528382,5.65600715e-04
55,35,2.05348246,39.611056,3.71283076e-04
56,35,2.07496029,39.699871,2.17839270e-04
57,35,2.09643779,39.769206,1.01926639e-04
58,35,2.11791562,39.813594,2.70141352e-05
59,35,2.13939312,39.834394,5.09375104e-08
60,35,2.13939312,39.834394,5.06131339e-08
61,35,2.20382612,39.464423,7.44607352e-08
62,35,2.26825912,39.040571,1.00600846e-07
63,35,2.33269211,38.559585,1.28744179e-07
64,35,2.39712495,38.013338,1.59638566e-07
65,35,2.46155794,37.721694,1.15429279e-02
66,35,2.52599094,38.014582,3.95018386e-03
67,35,2.59042394,38.154913,7.02203871e-03
68,35,2.65485693,38.547172,4.24417357e-03
69,35,2.71928993,39.091398,9.37536388e-04
70,35,2.78372276,39.249757,5.51701334e-04
71,35,2.84815576,39.673780,5.86451844e-05
72,35,2.91258876,40.102858,6.61106684e-05
73,35,2.97702175,40.531605,5.43388773e-04
74,35,3.04145475,40.951361,1.46886074e-03
75,35,3.10588775,41.352772,3.10098720e-03
76,35,3.17032058,41.675555,6.68081368e-03
77,35,3.23475363,41.784605,1.19141794e-02
78,35,3.29918661,41.736733,1.50767785e-02
79,35,3.36361957,41.694681,3.74792947e-04
80,35,3.36361957,41.694681,4.94540672e-06
81,35,3.41622887,41.706912,8.58161227e-10
82,35,3.46883817,41.690230,6.64400604e-10
83,35,3.52144747,41.611560,6.71301407e-10
84,35,3.57405686,41.482661,9.11201369e-10
85,35,3.62666598,41.335423,4.29970628e-10
86,35,3.67927530,40.942045,4.13087574e-10
87,35,3.73188462,40.330570,4.56986082e-10
88,35,3.78449394,39.744998,5.46824851e-10
89,35,3.83710326,39.187376,6.36682738e-10
90,35,3.88971258,38.659946,7.33229977e-10
91,35,3.94232191,38.765785,1.75666673e-06
92,35,3.99493123,39.509117,6.90249706e-09
93,35,4.04754055,40.137267,7.72470823e-07
94,35,4.10014987,40.354583,1.95939768e-07
95,35,4.15275899,40.382208,8.42499741e-08
96,35,4.20536831,40.382192,2.86567830e-08
97,35,4.25797763,40.377367,1.59216462e-08
98,35,4.31058696,40.373685,2.40117216e-09
99,35,4.36319628,40.371869,2.39971788e-11
0,36,0.00000000,41.694682,2.64082710e-03
1,36,0.06074799,41.742891,1.37897414e-02
2,36,0.12149598,41.833664,1.09774431e-02
3,36,0.18224397,41.555752,6.13923571e-03
4,36,0.24299205,41.433946,5.10276390e-03
5,36,0.30373983,41.283300,4.03932875e-03
6,36,0.36448784,41.110093,3.02115221e-03
7,36,0.42523585,40.919768,2.10257450e-03
8,36,0.48598386,40.698686,1.21179864e-04
9,36,0.54673188,40.497869,7.15024468e-04
10,36,0.60747989,40.265068,2.87520486e-04
11,36,0.66822790,40.003347,4.92472043e-05
12,36,0.72897591,39.741761,3.58231155e-04
13,36,0.78972392,39.568965,6.71503534e-04
14,36,0.85047193,39.424342,5.78033109e-04
15,36,0.91121971,39.579322,3.43271359e-03
16,36,0.97196773,39.936509,2.38878251e-03
17,36,1.03271574,40.142125,1.22113661e-04
18,36,1.09346375,40.242470,1.51460579e-04
19,36,1.15421176,40.271838,6.13808489e-09
20,36,1.15421176,40.271838,2.11356797e-08
21,36,1.18458576,40.143634,5.67406267e-04
22,36,1.21495976,39.884896,1.12561830e-03
23,36,1.24533376,39.698424,5.11930649e-04
24,36,1.27570776,39.826880,6.91446372e-04
25,36,1.30608176,40.087796,7.65830514e-04
26,36,1.33645576,40.383734,5.96910795e-04
27,36,1.36682976,40.693361,4.44361154e-04
28,36,1.39720381,41.008183,2.69370504e-04
29,36,1.42757781,41.318273,2.05269176e-04
30,36,1.45795159,41.610784,7.23383526e-05
31,36,1.48832560,41.855345,4.29141107e-05
32,36,1.51869960,42.021060,2.93694260e-04
33,36,1.54907361,42.142113,7.49460745e-04
34,36,1.57944761,42.270632,1.72261766e-03
35,36,1.60982162,42.416963,1.65311691e-03
36,36,1.64019563,42.566680,1.24068937e-03
37,36,1.67056963,42.694847,2.02171157e-03
38,36,1.70094364,42.781184,5.21953718e-04
39,36,1.73131764,42.813245,4.20971559e-03
40,36,1.73131764,42.813245,2.05899914e-03
41,36,1.75279515,42.774663,7.76935428e-04
42,36,1.77427297,42.724202,7.75296983e-04
43,36,1.79575048,42.664647,8.04298318e-04
44,36,1.81722830,42.601608,8.72242706e-04
45,36,1.83870581,42.436645,1.33289457e-03
46,36,1.86018364,42.208539,8.00729004e-04
47,36,1.88166114,41.991691,6.19987151e-04
48,36,1.90313897,41.874665,7.26012916e-04
49,36,1.92461647,41.922994,1.00161249e-03
50,36,1.94609430,42.087437,1.39457197e-03
51,36,1.96757180,42.294771,2.10946068e-03
52,36,1.98904963,42.414592,2.60548237e-03
53,36,2.01052713,42.444002,2.93994771e-03
54,36,2.03200496,42.477001,3.27237005e-03
55,36,2.05348246,42.512976,3.61682458e-03
56,36,2.07496029,42.549706,3.96721727e-03
57,36,2.09643779,42.580065,4.27768390e-03
58,36,2.11791562,42.577504,8.25481225e-03
59,36,2.13939312,42.573228,8.28530144e-03
60,36,2.13939312,42.573228,8.28502941e-03
61,36,2.20382612,42.715409,1.25209819e-07
62,36,2.26825912,41.884461,1.55258800e-07
63,36,2.33269211,41.013420,1.85821724e-07
64,36,2.39712495,40.099075,2.17265944e-07
65,36,2.46155794,39.226011,2.51541206e-07
66,36,2.52599094,38.403040,2.87158914e-07
67,36,2.59042394,38.369025,3.56537609e-03
68,36,2.65485693,38.737805,2.63143597e-03
69,36,2.71928993,39.147932,1.89730611e-03
70,36,2.78372276,39.747295,6.76953534e-03
71,36,2.84815576,39.979162,1.34306117e-03
72,36,2.91258876,40.333909,5.09174241e-05
73,36,2.97702175,40.729347,3.06130954e-04
74,36,3.04145475,41.151991,1.42691524e-03
75,36,3.10588775,41.555182,3.19017038e-03
76,36,3.17032058,41.815864,5.53499563e-03
77,36,3.23475363,41.836908,7.14694137e-03
78,36,3.29918661,41.745777,7.79280822e-03
79,36,3.36361957,41.694682,1.73553162e-02
80,36,3.36361957,41.694684,1.04263694e-02
81,36,3.41622887,41.736836,2.31576093e-02
82,36,3.46883817,41.810882,2.03376997e-02
83,36,3.52144747,41.829885,1.57997435e-02
84,36,3.57405686,41.663372,9.63624840e-03
85,36,3.62666598,41.335423,1.25269393e-09
86,36,3.67927530,41.189897,8.05053772e-10
87,36,3.73188462,41.055813,2.50702092e-09
88,36,3.78449394,40.937448,2.02883161e-09
89,36,3.83710326,40.836659,3.87938163e-09
90,36,3.88971258,40.755278,9.27106017e-10
91,36,3.94232191,40.697690,1.98780800e-10
92,36,3.99493123,40.682117,1.93086277e-08
93,36,4.04754055,40.810974,1.00128789e-07
94,36,4.10014987,41.290111,5.71328918e-07
95,36,4.15275899,41.757432,1.70008648e-07
96,36,4.20536831,42.024924,1.71831533e-08
97,36,4.25797763,42.140962,3.44342180e-09
98,36,4.31058696,42.186208,1.49947707e-08
99,36,4.36319628,42.196188,2.71314535e-08
0,37,0.00000000,43.459501,9.92336580e-08
1,37,0.06074799,43.154709,4.83461509e-06
2,37,0.12149598,42.467361,1.58431558e-04
3,37,0.18224397,41.980951,1.50807809e-03
4,37,0.24299205,41.879552,2.71460739e-03
5,37,0.30373983,41.624510,5.28429997e-04
6,37,0.36448784,41.311844,1.85688608e-05
7,37,0.42523585,40.997278,1.08732671e-05
8,37,0.48598386,40.698686,8.23309093e-06
9,37,0.54673188,40.657420,1.83695647e-07
10,37,0.60747989,40.958696,1.69294392e-05
11,37,0.66822790,41.069647,2.08546001e-04
12,37,0.72897591,41.079092,4.68025422e-04
13,37,0.78972392,40.995298,6.02403445e-04
14,37,0.85047193,40.779983,4.25670021e-04
15,37,0.91121971,40.317027,2.94410409e-05
16,37,0.97196773,39.936509,4.54374751e-04
17,37,1.03271574,40.142126,9.91207867e-04
18,37,1.09346375,40.242470,1.01610775e-04
19,37,1.15421176,40.271838,2.72103157e-08
20,37,1.15421176,40.271838,1.37760435e-08
21,37,1.18458576,40.143634,1.66520096e-04
22,37,1.21495976,39.884896,6.41391628e-04
23,37,1.24533376,39.698424,1.47854361e-03
24,37,1.27570776,39.826880,5.54472612e-04
25,37,1.30608176,40.087796,1.66499025e-04
26,37,1.33645576,40.383734,1.18867769e-04
27,37,1.36682976,40.693361,8.27710832e-05
28,37,1.39720381,41.008183,9.23097291e-05
29,37,1.42757781,41.318273,7.24328545e-06
30,37,1.45795159,41.610784,2.45066728e-05
31,37,1.48832560,41.855345,7.23492660e-05
32,37,1.51869960,42.021062,2.75474958e-04
33,37,1.54907361,42.142113,7.69575524e-04
34,37,1.57944761,42.270632,9.46580947e-04
35,37,1.60982162,42.416963,2.08297589e-03
36,37,1.64019563,42.566681,3.32103158e-03
37,37,1.67056963,42.694848,3.10168250e-03
38,37,1.70094364,42.781184,4.91957421e-03
39,37,1.73131764,42.813245,1.33428444e-03
40,37,1.73131764,42.813245,3.48533845e-03
41,37,1.75279515,42.829057,4.48202663e-03
42,37,1.77427297,42.811606,4.00559675e-03
43,37,1.79575048,42.747601,3.22666347e-03
44,37,1.81722830,42.623853,2.22368541e-03
45,37,1.83870581,42.540179,9.78504745e-04
46,37,1.86018364,42.485295,1.12312534e-03
47,37,1.88166114,42.440810,1.30430457e-03
48,37,1.90313897,42.408365,1.51927148e-03
49,37,1.92461647,42.390627,1.76018482e-03
50,37,1.94609430,42.388240,2.02568165e-03
51,37,1.96757180,42.396125,2.30697561e-03
52,37,1.98904963,42.489069,3.60111717e-03
53,37,2.01052713,42.610575,5.76065916e-03
54,37,2.03200496,42.646447,7.13952606e-03
55,37,2.05348246,42.637796,7.71840269e-03
56,37,2.07496029,42.615545,7.99858935e-03
57,37,2.09643779,42.593208,8.16151088e-03
58,37,2.11791562,42.600918,4.50373158e-03
59,37,2.13939312,42.608410,4.58711050e-03
60,37,2.13939312,42.608410,4.58670592e-03
61,37,2.20382612,42.899903,6.04336664e-03
62,37,2.26825912,43.146798,3.54812546e-03
63,37,2.33269211,43.072091,1.41651050e-03
64,37,2.39712495,42.848127,2.17897816e-04
65,37,2.46155794,42.526377,6.90466364e-05
66,37,2.52599094,42.102683,9.33304001e-04
67,37,2.59042394,41.572417,2.69541666e-03
68,37,2.65485693,40.944610,5.12108134e-03
69,37,2.71928993,40.240760,7.89587953e-03
70,37,2.78372276,39.846683,1.56452185e-03
71,37,2.84815576,40.572298,1.28287407e-03
72,37,2.91258876,41.273705,7.13142204e-04
73,37,2.97702175,41.860485,7.34028772e-05
74,37,3.04145475,42.236605,3.05205053e-04
75,37,3.10588775,42.400333,1.71468455e-03
76,37,3.17032058,42.487425,2.18482945e-03
77,37,3.23475363,42.737740,6.38077443e-04
78,37,3.29918661,43.168488,7.92597597e-05
79,37,3.36361957,43.459501,1.09491297e-07
80,37,3.36361957,43.459501,3.08572455e-07
81,37,3.41622887,43.314191,5.74590981e-04
82,37,3.46883817,43.064564,6.74619674e-04
83,37,3.52144747,42.871380,1.12643407e-04
84,37,3.57405686,42.233250,2.59621853e-10
85,37,3.62666598,41.577239,3.16325622e-10
86,37,3.67927530,41.189897,3.04972000e-09
87,37,3.73188462,41.055813,2.82197818e-09
88,37,3.78449394,40.937448,3.90761413e-09
89,37,3.83710326,40.836659,9.14102661e-10
90,37,3.88971258,40.755278,9.20628059e-10
91,37,3.94232191,40.697690,6.24284103e-10
92,37,3.99493123,40.682117,1.01496271e-08
93,37,4.04754055,40.810975,2.01351353e-07
94,37,4.10014987,41.290112,1.82158933e-09
95,37,4.15275899,41.757432,1.89263698e-07
96,37,4.20536831,42.024924,1.51120799e-07
97,37,4.25797763,42.140962,7.65324187e-08
98,37,4.31058696,42.186208,3.22470102e-08
99,37,4.36319628,42.196188,1.10157873e-08
0,38,0.00000000,43.459506,3.53033169e-07
1,38,0.06074799,43.154710,9.55580513e-06
2,38,0.12149598,42.467364,7.33302823e-06
3,38,0.18224397,41.980951,6.23234825e-03
4,38,0.24299205,41.879553,4.05633335e-04
5,38,0.30373983,41.624511,1.53646151e-04
6,38,0.36448784,41.311844,5.50101077e-05
7,38,0.42523585,40.997278,3.32128233e-07
8,38,0.48598386,40.715535,1.32503141e-03
9,38,0.54673188,40.755001,6.72572367e-05
10,38,0.60747989,41.181287,1.91341809e-07
11,38,0.66822790,41.855937,1.86811019e-07
12,38,0.72897591,42.422839,5.51816768e-04
13,38,0.78972392,42.061062,5.61460496e-04
14,38,0.85047193,41.772938,6.52320302e-04
15,38,0.91121971,41.558036,8.28932592e-04
16,38,0.97196773,41.408736,1.08038662e-03
17,38,1.03271574,41.318848,1.39366990e-03
18,38,1.09346375,41.281737,1.74396928e-03
19,38,1.15421176,41.293846,1.68211226e-03
20,38,1.15421176,41.293846,1.66549988e-03
21,38,1.18458576,41.430173,2.40601017e-03
22,38,1.21495976,41.717965,1.71747931e-03
23,38,1.24533376,42.029580,2.85726791e-04
24,38,1.27570776,42.304499,1.01181807e-03
25,38,1.30608176,42.507870,6.43770622e-04
26,38,1.33645576,42.625710,3.34686331e-04
27,38,1.36682976,42.659282,9.03332450e-05
28,38,1.39720381,42.641645,6.22969968e-05
29,38,1.42757781,42.596749,3.06700886e-05
30,38,1.45795159,42.558735,1.50135496e-04
31,38,1.48832560,42.573253,4.04904184e-04
32,38,1.51869960,42.692545,2.23010141e-04
33,38,1.54907361,42.909646,2.25283601e-05
34,38,1.57944761,43.174411,2.27006394e-04
35,38,1.60982162,43.425910,3.59422813e-04
36,38,1.64019563,43.658135,1.35462692e-04
37,38,1.67056963,43.847466,5.95962760e-04
38,38,1.70094364,43.974090,1.11643678e-03
39,38,1.73131764,44.024680,9.63593675e-04
40,38,1.73131764,44.024680,1.39402333e-03
41,38,1.75279515,43.909468,6.12020285e-04
42,38,1.77427297,43.774251,1.24808657e-03
43,38,1.79575048,43.628002,2.21102660e-03
44,38,1.81722830,43.494343,3.41503335e-03
45,38,1.83870581,43.387420,4.51096230e-03
46,38,1.86018364,43.306763,5.25884130e-03
47,38,1.88166114,43.243249,5.69236640e-03
48,38,1.90313897,43.189705,5.91265165e-03
49,38,1.92461647,43.142419,5.97214117e-03
50,38,1.94609430,43.104022,5.84460533e-03
51,38,1.96757180,43.081220,5.33430630e-03
52,38,1.98904963,43.100128,4.03305000e-03
53,38,2.01052713,43.205275,2.02153775e-03
54,38,2.03200496,43.406528,7.61503560e-04
55,38,2.05348246,43.603095,8.28986754e-04
56,38,2.07496029,43.543165,5.43629991e-04
57,38,2.09643779,43.491592,2.78256599e-04
58,38,2.11791562,43.458008,7.69200119e-05
59,38,2.13939312,43.448306,9.21539861e-08
60,38,2.13939312,43.448306,9.28023251e-08
61,38,2.20382612,43.009387,6.21890151e-03
62,38,2.26825912,43.369392,7.28434571e-03
63,38,2.33269211,43.875435,7.90017254e-03
64,38,2.39712495,44.318381,7.49099491e-03
65,38,2.46155794,44.189354,2.02269034e-08
66,38,2.52599094,43.629951,2.39897702e-08
67,38,2.59042394,43.153484,2.78974995e-08
68,38,2.65485693,42.763925,3.17342516e-08
69,38,2.71928993,42.462367,3.53598628e-08
70,38,2.78372276,42.249839,3.81405395e-08
71,38,2.84815576,42.127588,4.16594056e-08
72,38,2.91258876,42.092505,4.47792887e-08
73,38,2.97702175,42.143841,4.60856216e-08
74,38,3.04145475,42.278522,5.00749874e-08
75,38,3.10588775,42.493001,5.77671664e-08
76,38,3.17032058,42.778783,7.15929704e-08
77,38,3.23475363,43.109981,8.60936461e-08
78,38,3.29918661,43.353191,5.72320968e-04
79,38,3.36361957,43.459504,5.54358566e-07
80,38,3.36361957,43.459510,5.13642281e-07
81,38,3.41622887,43.378166,5.47170434e-07
82,38,3.46883817,43.289824,3.58523903e-07
83,38,3.52144747,42.904913,2.90699196e-10
84,38,3.57405686,42.824320,2.53492498e-05
85,38,3.62666598,42.913254,4.56781465e-06
86,38,3.67927530,43.060327,1.14975907e-04
87,38,3.73188462,43.230812,4.52989560e-04
88,38,3.78449394,43.265389,1.77744499e-04
89,38,3.83710326,43.083214,2.46983709e-04
90,38,3.88971258,42.903059,8.25090212e-04
91,38,3.94232191,42.753520,1.75414569e-03
92,38,3.99493123,42.633827,2.65537130e-03
93,38,4.04754055,42.539438,3.18898937e-03
94,38,4.10014987,42.467421,3.16126061e-03
95,38,4.15275899,42.412354,2.64952143e-03
96,38,4.20536831,42.372490,1.81729349e-03
97,38,4.25797763,42.345581,9.26090457e-04
98,38,4.31058696,42.330056,2.52923493e-04
99,38,4.36319628,42.324425,1.95126469e-08
0,39,0.00000000,43.459527,3.98629086e-07
1,39,0.06074799,43.574858,4.66762704e-04
2,39,0.12149598,43.435709,8.59235058e-05
3,39,0.18224397,43.069482,1.84974737e-03
4,39,0.24299205,42.990504,4.52662958e-03
5,39,0.30373983,43.146614,1.70191511e-03
6,39,0.36448784,43.366754,2.09386977e-03
7,39,0.42523585,43.534603,4.60477062e-04
8,39,0.48598386,43.581922,7.00847338e-05
9,39,0.54673188,43.502539,4.71241007e-06
10,39,0.60747989,43.339806,7.60826245e-04
11,39,0.66822790,42.853687,6.21346322e-04
12,39,0.72897591,42.659812,1.62924534e-07
13,39,0.78972392,43.002992,2.97861436e-03
14,39,0.85047193,43.072309,4.35599333e-03
15,39,0.91121971,42.298733,2.57363251e-03
16,39,0.97196773,41.751340,2.93794763e-03
17,39,1.03271574,41.490637,2.76965649e-03
18,39,1.09346375,41.357826,2.45876657e-03
19,39,1.15421176,41.293846,2.53176078e-03
20,39,1.15421176,41.293846,2.54887965e-03
21,39,1.18458576,41.430173,1.11820874e-03
22,39,1.21495976,41.717966,8.54037126e-04
23,39,1.24533376,42.029580,1.53532260e-03
24,39,1.27570776,42.304501,1.92874098e-04
25,39,1.30608176,42.507870,7.30209818e-05
26,39,1.33645576,42.625710,5.85944370e-05
27,39,1.36682976,42.659282,1.49385940e-04
28,39,1.39720381,42.641646,1.62493709e-04
29,39,1.42757781,42.596749,2.77901903e-04
30,39,1.45795159,42.558735,3.28526438e-04
31,39,1.48832560,42.573253,2.91570123e-04
32,39,1.51869960,42.692548,5.75893843e-04
33,39,1.54907361,42.909647,7.56762684e-04
34,39,1.57944761,43.174411,5.79155724e-04
35,39,1.60982162,43.425910,5.63453787e-04
36,39,1.64019563,43.658135,9.84220448e-04
37,39,1.67056963,43.847466,7.54486120e-04
38,39,1.70094364,43.974090,4.28029693e-04
39,39,1.73131764,44.024680,6.42819682e-04
40,39,1.73131764,44.024680,2.12560058e-04
41,39,1.75279515,44.111105,1.46139563e-03
42,39,1.77427297,44.179411,1.55100074e-03
43,39,1.79575048,44.225248,1.64483405e-03
44,39,1.81722830,44.250503,1.72873222e-03
45,39,1.83870581,44.252894,1.80131676e-03
46,39,1.86018364,44.233977,1.85408840e-03
47,39,1.88166114,44.196470,1.87945667e-03
48,39,1.90313897,44.143222,1.87300791e-03
49,39,1.92461647,44.078548,1.83352658e-03
50,39,1.94609430,43.998788,1.75674971e-03
51,39,1.96757180,43.919860,1.64772625e-03
52,39,1.98904963,43.837989,1.50250850e-03
53,39,2.01052713,43.756570,1.30913763e-03
54,39,2.03200496,43.677108,1.08579564e-03
55,39,2.05348246,43.655579,3.07723987e-04
56,39,2.07496029,43.914620,1.51134281e-04
57,39,2.09643779,44.155635,9.21191560e-05
58,39,2.11791562,44.341980,7.00929778e-05
59,39,2.13939312,44.416442,6.44289822e-05
60,39,2.13939312,44.416442,6.45275060e-05
61,39,2.20382612,45.337411,6.52199665e-05
62,39,2.26825912,45.983013,3.30921716e-08
63,39,2.33269211,45.445458,1.89516039e-08
64,39,2.39712495,44.803816,1.76711903e-08
65,39,2.46155794,44.618890,6.07563346e-03
66,39,2.52599094,44.753459,4.18927651e-03
67,39,2.59042394,44.756075,2.45226973e-03
68,39,2.65485693,44.692230,1.13523809e-03
69,39,2.71928993,44.152431,1.60720707e-04
70,39,2.78372276,43.710189,2.16141814e-04
71,39,2.84815576,43.407615,1.71645330e-04
72,39,2.91258876,43.238319,3.46859481e-05
73,39,2.97702175,43.170746,6.70503243e-05
74,39,3.04145475,43.162652,5.88588786e-04
75,39,3.10588775,43.205924,1.24764402e-03
76,39,3.17032058,43.270193,3.92410020e-08
77,39,3.23475363,43.272135,5.69873216e-04
78,39,3.29918661,43.387146,1.73997486e-07
79,39,3.36361957,43.459517,1.81892903e-07
80,39,3.36361957,43.459564,9.25622549e-09
81,39,3.41622887,43.378227,1.90737926e-07
82,39,3.46883817,43.289825,2.99580333e-07
83,39,3.52144747,43.335927,1.18945211e-07
84,39,3.57405686,43.436034,1.25190741e-07
85,39,3.62666598,43.488899,9.46385629e-09
86,39,3.67927530,43.501095,5.22466419e-08
87,39,3.73188462,43.495209,5.22524606e-09
88,39,3.78449394,43.477097,5.18806884e-09
89,39,3.83710326,43.447673,4.41584280e-11
90,39,3.88971258,43.412209,3.56077938e-09
91,39,3.94232191,43.380377,5.43692591e-09
92,39,3.99493123,43.369746,4.71808431e-08
93,39,4.04754055,43.413829,1.05973164e-07
94,39,4.10014987,43.533392,1.69162470e-02
95,39,4.15275899,43.484884,2.22309916e-02
96,39,4.20536831,43.444873,2.70573081e-02
97,39,4.25797763,43.414395,3.08933402e-02
98,39,4.31058696,43.395252,3.33745329e-02
99,39,4.36319628,43.387981,3.42456147e-02
0,40,0.00000000,44.055217,5.45844551e-04
1,40,0.06074799,44.026444,2.30390526e-04
2,40,0.12149598,43.435710,1.34858354e-03
3,40,0.18224397,43.069482,2.26017335e-03
4,40,0.24299205,42.990504,2.62870498e-03
5,40,0.30373983,43.146615,5.21472063e-03
6,40,0.36448784,43.366754,2.66659750e-03
7,40,0.42523585,43.534604,1.86121277e-03
8,40,0.48598386,43.581922,5.28502296e-04
9,40,0.54673188,43.502539,1.99275582e-06
10,40,0.60747989,43.349509,1.96157261e-04
11,40,0.66822790,43.183732,8.71964657e-04
12,40,0.72897591,43.053609,1.79013987e-03
13,40,0.78972392,43.002992,2.37525127e-07
14,40,0.85047193,43.072309,3.66779572e-07
15,40,0.91121971,43.299610,5.48004106e-03
16,40,0.97196773,43.670413,5.45857868e-03
17,40,1.03271574,44.105297,3.82712805e-03
18,40,1.09346375,44.471858,1.32300172e-03
19,40,1.15421176,44.618596,2.08957218e-08
20,40,1.15421176,44.618596,2.09176552e-08
21,40,1.18458576,44.631218,5.65347661e-05
22,40,1.21495976,44.673207,2.14582074e-04
23,40,1.24533376,44.757275,4.59844556e-04
24,40,1.27570776,44.901361,7.96106948e-04
25,40,1.30608176,45.123291,1.23227916e-03
26,40,1.33645576,45.426761,1.76750461e-03
27,40,1.36682976,45.794940,2.26252821e-03
28,40,1.39720381,46.194554,2.79157174e-03
29,40,1.42757781,46.572076,3.92211435e-03
30,40,1.45795159,46.830485,6.42891732e-03
31,40,1.48832560,46.919709,7.34026743e-03
32,40,1.51869960,46.928674,5.14117375e-03
33,40,1.54907361,46.929468,4.41554060e-03
34,40,1.57944761,46.934498,5.48970862e-03
35,40,1.60982162,46.943392,4.44534424e-03
36,40,1.64019563,46.946316,2.13001447e-03
37,40,1.67056963,46.930855,1.27182573e-03
38,40,1.70094364,46.903326,5.59395418e-04
39,40,1.73131764,46.891396,1.40041846e-04
40,40,1.73131764,46.891396,3.44824191e-04
41,40,1.75279515,46.783733,1.84801702e-04
42,40,1.77427297,46.661342,2.92577867e-04
43,40,1.79575048,46.547114,3.41864852e-04
44,40,1.81722830,46.455213,3.42367241e-04
45,40,1.83870581,46.388907,3.11126897e-04
46,40,1.86018364,46.347983,2.64194335e-04
47,40,1.88166114,46.329617,2.13853084e-04
48,40,1.90313897,46.330484,1.67882907e-04
49,40,1.92461647,46.344702,1.28066183e-04
50,40,1.94609430,46.364279,9.74462329e-05
51,40,1.96757180,46.394361,7.13561550e-05
52,40,1.98904963,46.428026,5.09693618e-05
53,40,2.01052713,46.460009,3.56705077e-05
54,40,2.03200496,46.455636,5.71669327e-06
55,40,2.05348246,46.278148,2.55115997e-06
56,40,2.07496029,46.082126,2.46659905e-06
57,40,2.09643779,45.885067,2.26613269e-06
58,40,2.11791562,45.724659,1.08121643e-06
59,40,2.13939312,45.660911,6.48941740e-08
60,40,2.13939312,45.660911,6.49378488e-08
61,40,2.20382612,46.029351,5.80606111e-08
62,40,2.26825912,46.355325,5.69243761e-05
63,40,2.33269211,47.227316,1.66567073e-04
64,40,2.39712495,47.123874,5.08052148e-09
65,40,2.46155794,46.646710,5.54932924e-09
66,40,2.52599094,46.100380,2.62758013e-04
67,40,2.59042394,45.382139,1.22644765e-05
68,40,2.65485693,44.719252,5.51132689e-05
69,40,2.71928993,44.593560,3.15305018e-04
70,40,2.78372276,44.502145,1.56499423e-06
71,40,2.84815576,44.202830,1.51365928e-08
72,40,2.91258876,43.921318,1.84193306e-08
73,40,2.97702175,43.676102,2.31139182e-08
74,40,3.04145475,43.469650,2.85587496e-08
75,40,3.10588775,43.317010,3.69393594e-08
76,40,3.17032058,43.352153,1.12458497e-03
77,40,3.23475363,43.472073,4.39524264e-08
78,40,3.29918661,44.029195,2.60876057e-08
79,40,3.36361957,44.055113,5.46995590e-04
80,40,3.36361957,44.055259,5.48719796e-04
81,40,3.41622887,44.210258,1.00301784e-08
82,40,3.46883817,43.579454,1.67175529e-10
83,40,3.52144747,43.335928,4.18223776e-07
84,40,3.57405686,43.436034,1.93426455e-07
85,40,3.62666598,43.488899,1.33771454e-07
86,40,3.67927530,43.501096,8.16795503e-09
87,40,3.73188462,43.495209,1.77180046e-08
88,40,3.78449394,43.477097,2.73803422e-10
89,40,3.83710326,43.447673,9.13853599e-12
90,40,3.88971258,43.412209,1.39676166e-09
91,40,3.94232191,43.380377,1.64045839e-08
92,40,3.99493123,43.369746,9.51532034e-09
93,40,4.04754055,43.413829,1.60994062e-08
94,40,4.10014987,43.581721,5.58982720e-08
95,40,4.15275899,43.964536,9.01951586e-08
96,40,4.20536831,44.582456,3.33910177e-07
97,40,4.25797763,45.312283,2.24049543e-07
98,40,4.31058696,45.985014,6.59519778e-08
99,40,4.36319628,46.286398,2.60035483e-12
0,41,0.00000000,44.457719,8.58528417e-06
1,41,0.06074799,44.026471,5.89918163e-05
2,41,0.12149598,43.718511,6.45945043e-04
3,41,0.18224397,43.877393,4.63044927e-04
4,41,0.24299205,44.069438,2.09280965e-04
5,41,0.30373983,44.294635,3.22914627e-05
6,41,0.36448784,44.548053,1.45924702e-05
7,41,0.42523585,44.833587,1.65593695e-04
8,41,0.48598386,44.430764,1.18014933e-03
9,41,0.54673188,43.871748,9.56470047e-04
10,41,0.60747989,43.349509,3.20298502e-05
11,41,0.66822790,43.183732,2.84173497e-07
12,41,0.72897591,43.053609,8.51035860e-08
13,41,0.78972392,43.567846,1.32997096e-07
14,41,0.85047193,43.262536,1.65344573e-03
15,41,0.91121971,43.299610,1.75216085e-07
16,41,0.97196773,43.670413,1.91990968e-07
17,41,1.03271574,44.105297,1.30614241e-07
18,41,1.09346375,44.471858,5.18096771e-08
19,41,1.15421176,44.618596,4.08404178e-11
20,41,1.15421176,44.618596,3.43475257e-11
21,41,1.18458576,44.631218,1.90526703e-06
22,41,1.21495976,44.673207,2.18902686e-05
23,41,1.24533376,44.757275,7.60660275e-05
24,41,1.27570776,44.901361,1.41803947e-04
25,41,1.30608176,45.123291,1.54247712e-04
26,41,1.33645576,45.426761,5.63028059e-05
27,41,1.36682976,45.794940,1.23126427e-05
28,41,1.39720381,46.194554,1.05020197e-04
29,41,1.42757781,46.572076,2.91688495e-04
30,41,1.45795159,46.830485,3.07958264e-04
31,41,1.48832560,46.919709,9.38367299e-04
32,41,1.51869960,46.928674,2.99138759e-03
33,41,1.54907361,46.929468,2.86851359e-03
34,41,1.57944761,46.934498,5.73030715e-04
35,41,1.60982162,46.943392,7.48252648e-05
36,41,1.64019563,46.946316,6.79351840e-04
37,41,1.67056963,46.930855,8.32622158e-05
38,41,1.70094364,46.903326,6.78684079e-06
39,41,1.73131764,46.891396,2.06601127e-04
40,41,1.73131764,46.891396,1.81931605e-06
41,41,1.75279515,46.956188,6.16140313e-05
42,41,1.77427297,46.974615,1.29202022e-05
43,41,1.79575048,46.953507,1.57842561e-04
44,41,1.81722830,46.917178,3.38919987e-04
45,41,1.83870581,46.885635,4.48850967e-04
46,41,1.86018364,46.866238,4.76775757e-04
47,41,1.88166114,46.857520,4.42884034e-04
48,41,1.90313897,46.853908,3.68660793e-04
49,41,1.92461647,46.846854,2.75976845e-04
50,41,1.94609430,46.828503,1.79278482e-04
51,41,1.96757180,46.786892,1.00975831e-04
52,41,1.98904963,46.714665,4.66295135e-05
53,41,2.01052713,46.601555,1.82689774e-05
54,41,2.03200496,46.493311,2.35510600e-05
55,41,2.05348246,46.523395,1.44523743e-05
56,41,2.07496029,46.551232,7.78807220e-06
57,41,2.09643779,46.570208,3.37788954e-06
58,41,2.11791562,46.581991,8.26959986e-07
59,41,2.13939312,46.586622,2.67827040e-09
60,41,2.13939312,46.586622,2.66817419e-09
61,41,2.20382612,47.291777,6.08152076e-10
62,41,2.26825912,47.628057,4.01340366e-09
63,41,2.33269211,47.500515,5.31715310e-09
64,41,2.39712495,47.373107,1.47679547e-03
65,41,2.46155794,46.813327,9.64569057e-04
66,41,2.52599094,46.156227,6.48006164e-09
67,41,2.59042394,45.692798,7.28202568e-09
68,41,2.65485693,45.268315,8.58824417e-09
69,41,2.71928993,44.876431,1.03151808e-08
70,41,2.78372276,44.520984,1.23737224e-08
71,41,2.84815576,44.458406,2.89157081e-04
72,41,2.91258876,44.522764,1.31075926e-03
73,41,2.97702175,44.766706,3.03812014e-03
74,41,3.04145475,44.293751,1.92488502e-04
75,41,3.10588775,43.749975,8.66135225e-05
76,41,3.17032058,43.394486,4.63583463e-05
77,41,3.23475363,43.697235,3.58955143e-04
78,41,3.29918661,44.146887,1.24522457e-05
79,41,3.36361957,44.457719,7.17694669e-05
80,41,3.36361957,44.457719,3.79697509e-05
81,41,3.41622887,44.220783,9.11296038e-05
82,41,3.46883817,44.113848,5.37024700e-08
83,41,3.52144747,44.026532,8.60512635e-09
84,41,3.57405686,44.037930,2.66299580e-04
85,41,3.62666598,43.890950,3.27543508e-04
86,41,3.67927530,43.734925,1.34352337e-04
87,41,3.73188462,43.571163,1.26247629e-05
88,41,3.78449394,43.555163,5.89275462e-04
89,41,3.83710326,43.757223,4.28786639e-04
90,41,3.88971258,43.768663,8.31361272e-04
91,41,3.94232191,43.706290,3.04827591e-03
92,41,3.99493123,43.642100,6.76330064e-03
93,41,4.04754055,43.584237,1.15748761e-02
94,41,4.10014987,43.581721,1.80080571e-07
95,41,4.15275899,43.964536,2.66789828e-07
96,41,4.20536831,44.582456,3.81506823e-08
97,41,4.25797763,45.312283,4.49157900e-08
98,41,4.31058696,45.985014,4.41791015e-08
99,41,4.36319628,46.286398,3.32803606e-11
0,42,0.00000000,44.457759,2.88785240e-05
1,42,0.06074799,44.376500,1.53274854e-04
2,42,0.12149598,44.785348,3.63758124e-08
3,42,0.18224397,45.059763,7.03762220e-08
4,42,0.24299205,45.423838,1.07819519e-07
5,42,0.30373983,45.864570,1.46063950e-07
6,42,0.36448784,45.526353,1.47626242e-03
7,42,0.42523585,44.995256,1.38387964e-03
8,42,0.48598386,45.163284,4.03386497e-04
9,42,0.54673188,45.553727,5.89083689e-04
10,42,0.60747989,46.019452,6.29865438e-04
11,42,0.66822790,46.507251,5.81483374e-04
12,42,0.72897591,45.768992,4.83346375e-04
13,42,0.78972392,44.486434,9.16300719e-04
14,42,0.85047193,44.552042,9.96225637e-08
15,42,0.91121971,45.602763,7.14571244e-08
16,42,0.97196773,46.685515,4.09003229e-08
17,42,1.03271574,47.795935,1.69690732e-08
18,42,1.09346375,48.718888,1.30764651e-02
19,42,1.15421176,48.639918,1.60289996e-02
20,42,1.15421176,48.639918,1.94040888e-02
21,42,1.18458576,48.589416,2.07043929e-02
22,42,1.21495976,48.458555,1.91847439e-02
23,42,1.24533376,48.286073,1.28789158e-02
24,42,1.27570776,48.098877,1.65263407e-02
25,42,1.30608176,47.915739,1.09411329e-02
26,42,1.33645576,47.748338,1.34851222e-02
27,42,1.36682976,47.604536,9.33055574e-03
28,42,1.39720381,47.498739,4.99943448e-03
29,42,1.42757781,47.463183,3.11417409e-03
30,42,1.45795159,47.565904,2.45558220e-03
31,42,1.48832560,47.814609,5.41614708e-05
32,42,1.51869960,48.065351,1.98230516e-03
33,42,1.54907361,48.198176,1.55185482e-04
34,42,1.57944761,48.186668,3.63578746e-03
35,42,1.60982162,48.079584,1.08042257e-03
36,42,1.64019563,47.971743,5.95201735e-03
37,42,1.67056963,47.927156,8.92914385e-04
38,42,1.70094364,47.973600,3.97117890e-04
39,42,1.73131764,48.049360,6.30877581e-04
40,42,1.73131764,48.049360,1.55039385e-03
41,42,1.75279515,47.928170,1.30046467e-03
42,42,1.77427297,47.837072,2.16269856e-03
43,42,1.79575048,47.818014,2.31962847e-03
44,42,1.81722830,47.850263,2.24866007e-03
45,42,1.83870581,47.905022,2.16310405e-03
46,42,1.86018364,47.965092,2.10991886e-03
47,42,1.88166114,48.021208,2.07672638e-03
48,42,1.90313897,48.071205,2.04461480e-03
49,42,1.92461647,48.108690,1.98380583e-03
50,42,1.94609430,48.135462,1.86982724e-03
51,42,1.96757180,48.156973,1.70428976e-03
52,42,1.98904963,48.175078,1.47879858e-03
53,42,2.01052713,48.190790,1.21142281e-03
54,42,2.03200496,48.209410,9.12743111e-04
55,42,2.05348246,48.229030,6.19477410e-04
56,42,2.07496029,48.248792,3.63173861e-04
57,42,2.09643779,48.264730,1.65156130e-04
58,42,2.11791562,48.275306,4.14151794e-05
59,42,2.13939312,48.279768,7.63207397e-09
60,42,2.13939312,48.279768,8.21396709e-09
61,42,2.20382612,47.702028,1.70744060e-08
62,42,2.26825912,47.640966,4.07627811e-08
63,42,2.33269211,48.158050,5.63946982e-08
64,42,2.39712495,48.867383,4.25772575e-08
65,42,2.46155794,48.794881,2.91671201e-03
66,42,2.52599094,48.610262,2.69189778e-03
67,42,2.59042394,48.040020,1.65450046e-03
68,42,2.65485693,47.461413,6.97838034e-04
69,42,2.71928993,46.936363,3.70041572e-05
70,42,2.78372276,46.505812,3.05776826e-04
71,42,2.84815576,46.214137,1.68770241e-03
72,42,2.91258876,45.658818,1.99561472e-04
73,42,2.97702175,44.942810,1.86587767e-04
74,42,3.04145475,45.136714,4.02297902e-03
75,42,3.10588775,44.846931,1.27722689e-03
76,42,3.17032058,44.634019,4.72306526e-04
77,42,3.23475363,44.524499,5.28831151e-05
78,42,3.29918661,44.371198,1.57482871e-04
79,42,3.36361957,44.457759,1.24020666e-05
80,42,3.36361957,44.457740,5.10397307e-05
81,42,3.41622887,44.318530,5.88151930e-09
82,42,3.46883817,44.113851,2.51825520e-10
83,42,3.52144747,44.026534,1.09720213e-07
84,42,3.57405686,44.121797,1.44643251e-07
85,42,3.62666598,44.417916,3.63088636e-07
86,42,3.67927530,44.840803,4.58741192e-07
87,42,3.73188462,44.388463,6.29273858e-03
88,42,3.78449394,44.107830,2.71221901e-03
89,42,3.83710326,44.012583,9.16156831e-04
90,42,3.88971258,44.265309,3.84715813e-04
91,42,3.94232191,44.692380,5.19390345e-05
92,42,3.99493123,45.194371,3.56390720e-05
93,42,4.04754055,45.752868,3.37685517e-04
94,42,4.10014987,46.349818,8.56091518e-04
95,42,4.15275899,46.967430,1.37515548e-03
96,42,4.20536831,47.586034,1.63387905e-03
97,42,4.25797763,48.160004,1.38730792e-03
98,42,4.31058696,48.204701,6.24992034e-08
99,42,4.36319628,48.008729,8.00156097e-08
0,43,0.00000000,44.459044,5.90503046e-05
1,43,0.06074799,44.613329,1.38965202e-08
2,43,0.12149598,45.069687,4.39011172e-09
3,43,0.18224397,45.596193,8.56322770e-05
4,43,0.24299205,45.972935,5.60880553e-04
5,43,0.30373983,45.925633,1.24956141e-03
6,43,0.36448784,46.370619,1.99527658e-07
7,43,0.42523585,46.568384,8.70464404e-04
8,43,0.48598386,46.559520,3.56818717e-03
9,43,0.54673188,46.751535,3.15946926e-03
10,43,0.60747989,47.089305,9.90874574e-04
11,43,0.66822790,47.186019,4.79826891e-06
12,43,0.72897591,47.334428,1.84225624e-04
13,43,0.78972392,48.051762,6.45002350e-05
14,43,0.85047193,48.711448,1.08837012e-04
15,43,0.91121971,48.943142,1.94791957e-03
16,43,0.97196773,48.988188,6.41392841e-03
17,43,1.03271574,48.881537,8.34372564e-03
18,43,1.09346375,48.718888,6.35994992e-03
19,43,1.15421176,48.639918,5.77413992e-03
20,43,1.15421176,48.639918,2.40060817e-03
21,43,1.18458576,48.589416,4.11146350e-04
22,43,1.21495976,48.458555,4.74422763e-04
23,43,1.24533376,48.286073,5.31920079e-03
24,43,1.27570776,48.098877,3.94224845e-04
25,43,1.30608176,47.915739,4.84994449e-03
26,43,1.33645576,47.748338,1.23929011e-03
27,43,1.36682976,47.604536,4.29963284e-03
28,43,1.39720381,47.498739,7.33507773e-03
29,43,1.42757781,47.463183,7.24281707e-03
30,43,1.45795159,47.565905,4.78222249e-03
31,43,1.48832560,47.814609,5.25166000e-03
32,43,1.51869960,48.065352,3.29307113e-03
33,43,1.54907361,48.198177,5.82010261e-03
34,43,1.57944761,48.186668,3.05065726e-03
35,43,1.60982162,48.079585,6.18340600e-03
36,43,1.64019563,47.971745,1.69351782e-03
37,43,1.67056963,47.927156,6.50396651e-03
38,43,1.70094364,47.973600,5.26461052e-03
39,43,1.73131764,48.049360,1.18685574e-03
40,43,1.73131764,48.049360,2.67338096e-04
41,43,1.75279515,48.142144,1.46246129e-03
42,43,1.77427297,48.280583,8.04320899e-04
43,43,1.79575048,48.412201,1.34439552e-05
44,43,1.81722830,48.514945,3.63950668e-04
45,43,1.83870581,48.620451,5.35964696e-04
46,43,1.86018364,48.735407,6.06398968e-04
47,43,1.88166114,48.859852,6.37545933e-04
48,43,1.90313897,48.992590,6.59232867e-04
49,43,1.92461647,49.131387,6.70741941e-04
50,43,1.94609430,49.276455,6.89596025e-04
51,43,1.96757180,49.362592,3.49550466e-05
52,43,1.98904963,49.207711,3.27979836e-06
53,43,2.01052713,49.067574,2.19825759e-05
54,43,2.03200496,48.953401,6.13112242e-05
55,43,2.05348246,48.862629,1.01423490e-04
56,43,2.07496029,48.795390,1.34375748e-04
57,43,2.09643779,48.747971,1.57034825e-04
58,43,2.11791562,48.720047,1.69030654e-04
59,43,2.13939312,48.715449,1.71516819e-04
60,43,2.13939312,48.715449,1.71511214e-04
61,43,2.20382612,48.947226,5.94650862e-04
62,43,2.26825912,49.019375,3.39193449e-03
63,43,2.33269211,48.783342,3.75093818e-03
64,43,2.39712495,48.884492,4.97494388e-04
65,43,2.46155794,49.052505,9.08184227e-04
66,43,2.52599094,48.622085,2.05922135e-03
67,43,2.59042394,48.356829,1.82474883e-03
68,43,2.65485693,48.019840,8.58934966e-04
69,43,2.71928993,47.602136,2.07456002e-04
70,43,2.78372276,47.125805,2.24879699e-07
71,43,2.84815576,46.426818,9.88830002e-06
72,43,2.91258876,46.108510,5.79060128e-04
73,43,2.97702175,45.625512,8.17384008e-04
74,43,3.04145475,45.330376,1.31337656e-03
75,43,3.10588775,45.629906,4.26553297e-08
76,43,3.17032058,45.167563,1.21297526e-07
77,43,3.23475363,44.805446,6.19069958e-09
78,43,3.29918661,44.481331,1.17621462e-05
79,43,3.36361957,44.458258,1.20054236e-05
80,43,3.36361957,44.458312,6.47331748e-06
81,43,3.41622887,44.318835,9.70335197e-09
82,43,3.46883817,44.266707,1.12492070e-05
83,43,3.52144747,44.170710,9.61090398e-05
84,43,3.57405686,44.121797,1.41141726e-07
85,43,3.62666598,44.417917,5.33471703e-08
86,43,3.67927530,44.840804,1.73311619e-09
87,43,3.73188462,45.327068,2.92115966e-07
88,43,3.78449394,45.843542,1.92776743e-07
89,43,3.83710326,46.365212,2.13106235e-07
90,43,3.88971258,46.872028,9.84226089e-08
91,43,3.94232191,47.343085,2.30000387e-07
92,43,3.99493123,47.759554,9.36308166e-08
93,43,4.04754055,48.127265,3.86504765e-08
94,43,4.10014987,48.402072,5.33411904e-08
95,43,4.15275899,48.576600,5.42928028e-09
96,43,4.20536831,48.627761,5.24093044e-10
97,43,4.25797763,48.488878,5.07058108e-09
98,43,4.31058696,48.204702,3.63488012e-08
99,43,4.36319628,48.008729,1.04445051e-07
0,44,0.00000000,44.550056,1.43691404e-09
1,44,0.06074799,44.635952,1.93731619e-05
2,44,0.12149598,45.206781,1.19728091e-05
3,44,0.18224397,45.824997,3.08886293e-05
4,44,0.24299205,46.397748,2.38637702e-05
5,44,0.30373983,46.846824,2.28199435e-03
6,44,0.36448784,46.757925,5.18377007e-03
7,44,0.42523585,46.568510,5.53697914e-03
8,44,0.48598386,46.559523,2.70434083e-03
9,44,0.54673188,46.751536,1.97449893e-03
10,44,0.60747989,47.089310,2.47421963e-03
11,44,0.66822790,47.514828,1.48144106e-03
12,44,0.72897591,47.953723,2.11364726e-04
13,44,0.78972392,48.370028,6.46932941e-09
14,44,0.85047193,48.711448,6.11125594e-04
15,44,0.91121971,48.943143,1.33447828e-03
16,44,0.97196773,48.988188,1.53558577e-03
17,44,1.03271574,48.881537,5.59088705e-03
18,44,1.09346375,48.921605,2.67130741e-09
19,44,1.15421176,50.046804,1.72235233e-09
20,44,1.15421176,50.046804,2.81981149e-09
21,44,1.18458576,50.095754,5.16226628e-04
22,44,1.21495976,50.220610,1.97186802e-04
23,44,1.24533376,50.380543,8.00520398e-04
24,44,1.27570776,50.537695,2.38147662e-04
25,44,1.30608176,50.666232,6.07392025e-04
26,44,1.33645576,50.745024,1.68566472e-03
27,44,1.36682976,50.755553,5.72322270e-04
28,44,1.39720381,50.698412,6.85616375e-04
29,44,1.42757781,50.580230,2.54135118e-05
30,44,1.45795159,50.421775,8.40390761e-04
31,44,1.48832560,50.260221,1.05306484e-04
32,44,1.51869960,50.140707,2.10261538e-04
33,44,1.54907361,50.041465,7.38050384e-04
34,44,1.57944761,49.722123,1.23879132e-04
35,44,1.60982162,49.347957,4.23554591e-03
36,44,1.64019563,48.993232,3.53776232e-03
37,44,1.67056963,48.672136,4.44463741e-04
38,44,1.70094364,48.402631,3.67021536e-03
39,44,1.73131764,48.257026,9.06040146e-03
40,44,1.73131764,48.257026,2.49924647e-04
41,44,1.75279515,48.305315,1.92938939e-03
42,44,1.77427297,48.377481,2.45933688e-03
43,44,1.79575048,48.502381,3.14122261e-03
44,44,1.81722830,48.691633,2.71231615e-03
45,44,1.83870581,48.905119,2.48380256e-03
46,44,1.86018364,49.130614,2.36428106e-03
47,44,1.88166114,49.362954,2.29260003e-03
48,44,1.90313897,49.597754,2.22331037e-03
49,44,1.92461647,49.671844,1.53752993e-03
50,44,1.94609430,49.526633,2.28532239e-04
51,44,1.96757180,49.420319,7.14953824e-04
52,44,1.98904963,49.562115,7.52590874e-04
53,44,2.01052713,49.697795,8.11026497e-04
54,44,2.03200496,49.822698,8.79292319e-04
55,44,2.05348246,49.931628,9.67956840e-04
56,44,2.07496029,50.022194,1.04467303e-03
57,44,2.09643779,50.085770,1.11144249e-03
58,44,2.11791562,50.123838,1.15432134e-03
59,44,2.13939312,50.139678,1.17574448e-03
60,44,2.13939312,50.139721,1.18035166e-03
61,44,2.20382612,49.927362,7.14695856e-04
62,44,2.26825912,49.539610,9.70574928e-04
63,44,2.33269211,49.213608,1.57697131e-03
64,44,2.39712495,48.972073,2.37476095e-03
65,44,2.46155794,49.603562,5.73403718e-08
66,44,2.52599094,49.944824,1.39500886e-08
67,44,2.59042394,49.611399,4.91445722e-08
68,44,2.65485693,48.853988,1.12297793e-04
69,44,2.71928993,48.024207,4.77488527e-05
70,44,2.78372276,47.207839,1.50340886e-05
71,44,2.84815576,46.616121,1.86342730e-04
72,44,2.91258876,46.124360,3.52679401e-03
73,44,2.97702175,46.226066,5.51189307e-03
74,44,3.04145475,46.155538,4.06084526e-08
75,44,3.10588775,45.801523,6.48650919e-08
76,44,3.17032058,45.267601,1.65532052e-08
77,44,3.23475363,44.809150,3.44456621e-08
78,44,3.29918661,44.551386,8.51663508e-09
79,44,3.36361957,44.550056,9.27174938e-10
80,44,3.36361957,44.550056,9.88541409e-10
81,44,3.41622887,44.492681,3.98421114e-05
82,44,3.46883817,44.797075,1.70524974e-04
83,44,3.52144747,45.308831,1.47432006e-03
84,44,3.57405686,45.834350,6.50221450e-03
85,44,3.62666598,45.510294,1.20402358e-02
86,44,3.67927530,44.863711,9.84350082e-03
87,44,3.73188462,45.327074,1.69598440e-07
88,44,3.78449394,45.843552,2.51402282e-07
89,44,3.83710326,46.365212,1.73772772e-07
90,44,3.88971258,46.872030,2.21408995e-07
91,44,3.94232191,47.343086,3.13487651e-08
92,44,3.99493123,47.759558,1.16724612e-07
93,44,4.04754055,48.127265,8.82001968e-08
94,44,4.10014987,48.402073,1.81902465e-08
95,44,4.15275899,48.576601,2.41615641e-08
96,44,4.20536831,48.627762,3.21815697e-10
97,44,4.25797763,48.488878,1.58858352e-08
98,44,4.31058696,48.598220,5.77421965e-04
99,44,4.36319628,48.771833,1.90339736e-08
0,45,0.00000000,44.550161,1.82152887e-09
1,45,0.06074799,44.776612,5.85454742e-08
2,45,0.12149598,45.267967,1.14691623e-06
3,45,0.18224397,45.825112,2.37335251e-04
4,45,0.24299205,46.399179,7.82329722e-04
5,45,0.30373983,46.850970,7.15860239e-04
6,45,0.36448784,46.759207,5.24707497e-04
7,45,0.42523585,46.932438,2.52760308e-07
8,45,0.48598386,47.542188,2.51942149e-07
9,45,0.54673188,48.193766,3.18554107e-07
10,45,0.60747989,48.126111,7.99254089e-05
11,45,0.66822790,47.514829,3.15696495e-04
12,45,0.72897591,47.953738,3.10825851e-04
13,45,0.78972392,48.370028,3.54762097e-07
14,45,0.85047193,48.849783,5.00794621e-07
15,45,0.91121971,49.705009,5.40791364e-05
16,45,0.97196773,50.584141,2.53139904e-04
17,45,1.03271574,51.462967,6.36129338e-04
18,45,1.09346375,51.141597,3.01089411e-08
19,45,1.15421176,50.046805,2.62754338e-09
20,45,1.15421176,50.046806,7.05631252e-11
21,45,1.18458576,50.095754,1.17333555e-05
22,45,1.21495976,50.220610,1.30118995e-03
23,45,1.24533376,50.380545,1.35113793e-03
24,45,1.27570776,50.537698,2.09929353e-03
25,45,1.30608176,50.666234,1.54034962e-03
26,45,1.33645576,50.745033,1.06556107e-04
27,45,1.36682976,50.755586,8.97930139e-04
28,45,1.39720381,50.698491,6.41793310e-04
29,45,1.42757781,50.580293,1.30237890e-03
30,45,1.45795159,50.421779,4.92971972e-04
31,45,1.48832560,50.260232,1.06172824e-03
32,45,1.51869960,50.140786,4.06225364e-04
33,45,1.54907361,50.041620,9.73109945e-05
34,45,1.57944761,49.722144,3.32130764e-03
35,45,1.60982162,49.347959,4.16716611e-04
36,45,1.64019563,48.993237,2.25061838e-03
37,45,1.67056963,48.672137,6.75649799e-03
38,45,1.70094364,48.402631,5.83849876e-03
39,45,1.73131764,48.257027,4.47158720e-03
40,45,1.73131764,48.257026,1.32829045e-02
41,45,1.75279515,48.328372,1.06546691e-02
42,45,1.77427297,48.477299,9.69139830e-03
43,45,1.79575048,48.650464,9.19413469e-03
44,45,1.81722830,48.839018,8.83662403e-03
45,45,1.83870581,49.038490,8.52863225e-03
46,45,1.86018364,49.245429,8.22990461e-03
47,45,1.88166114,49.454532,7.86286316e-03
48,45,1.90313897,49.644383,6.64682121e-03
49,45,1.92461647,49.831030,2.15301035e-03
50,45,1.94609430,50.057481,2.08735038e-03
51,45,1.96757180,50.270057,1.97021649e-03
52,45,1.98904963,50.462462,1.83006733e-03
53,45,2.01052713,50.626555,1.57361857e-03
54,45,2.03200496,50.765493,1.31631414e-03
55,45,2.05348246,50.882684,1.00113907e-03
56,45,2.07496029,50.987595,7.18511443e-04
57,45,2.09643779,51.087292,5.01492525e-04
58,45,2.11791562,51.180334,3.65070393e-04
59,45,2.13939312,51.233653,3.24568157e-04
60,45,2.13939312,51.235037,3.70358647e-04
61,45,2.20382612,50.826994,1.00329504e-02
62,45,2.26825912,50.504114,5.37504319e-03
63,45,2.33269211,50.374302,2.94820859e-03
64,45,2.39712495,50.120158,2.96351810e-03
65,45,2.46155794,50.054155,1.45467922e-03
66,45,2.52599094,50.093147,3.35608274e-08
67,45,2.59042394,49.631560,1.12120791e-04
68,45,2.65485693,49.237148,6.14226558e-08
69,45,2.71928993,48.807088,5.01626957e-08
70,45,2.78372276,48.331437,5.46239122e-08
71,45,2.84815576,47.816182,3.43712236e-08
72,45,2.91258876,47.271961,4.92795765e-08
73,45,2.97702175,46.711975,4.55890180e-08
74,45,3.04145475,46.361744,2.05861460e-09
75,45,3.10588775,46.007098,3.80083746e-03
76,45,3.17032058,45.493283,4.53819900e-04
77,45,3.23475363,44.890865,2.98533144e-05
78,45,3.29918661,44.577434,3.42359238e-09
79,45,3.36361957,44.550223,2.66799845e-08
80,45,3.36361957,44.550132,7.42573880e-09
81,45,3.41622887,44.737081,7.01495768e-09
82,45,3.46883817,45.159185,1.20595450e-09
83,45,3.52144747,45.690821,1.42824419e-08
84,45,3.57405686,46.292325,3.26639439e-10
85,45,3.62666598,46.805112,3.69339819e-04
86,45,3.67927530,47.542549,1.29288866e-03
87,45,3.73188462,48.349262,1.19370336e-03
88,45,3.78449394,48.854125,5.81010487e-07
89,45,3.83710326,48.956891,3.19733860e-09
90,45,3.88971258,49.143436,1.32622352e-08
91,45,3.94232191,49.423121,5.92346396e-09
92,45,3.99493123,49.791332,7.61656753e-09
93,45,4.04754055,50.236780,4.14527169e-09
94,45,4.10014987,50.716217,8.62351351e-09
95,45,4.15275899,51.182695,4.26255021e-09
96,45,4.20536831,51.596755,5.86295425e-09
97,45,4.25797763,51.904576,8.90602450e-08
98,45,4.31058696,52.095108,2.76713820e-06
99,45,4.36319628,51.996956,2.18782304e-02
0,46,0.00000000,44.550637,6.94568727e-09
1,46,0.06074799,44.776709,7.20059130e-07
2,46,0.12149598,45.268009,5.96455952e-05
3,46,0.18224397,46.275984,2.18478864e-04
4,46,0.24299205,46.862179,1.28901716e-07
5,46,0.30373983,47.352417,5.34675083e-06
6,46,0.36448784,47.930114,3.35489801e-06
7,46,0.42523585,48.556626,8.16563450e-06
8,46,0.48598386,49.041937,1.21277623e-03
9,46,0.54673188,48.757037,5.25731997e-04
10,46,0.60747989,48.881408,1.63066660e-07
11,46,0.66822790,49.603934,2.60194963e-07
12,46,0.72897591,50.345215,4.60961257e-07
13,46,0.78972392,51.096425,2.87148910e-07
14,46,0.85047193,51.829430,6.13006156e-07
15,46,0.91121971,52.463413,1.31303089e-07
16,46,0.97196773,52.683810,1.16251406e-06
17,46,1.03271574,52.119455,6.29119762e-08
18,46,1.09346375,52.318586,1.25585177e-03
19,46,1.15421176,53.091118,1.61908667e-03
20,46,1.15421176,53.091065,4.01140752e-03
21,46,1.18458576,53.088025,8.92017706e-04
22,46,1.21495976,53.077568,4.10042183e-03
23,46,1.24533376,53.058452,2.02739324e-03
24,46,1.27570776,53.014910,2.06814026e-03
25,46,1.30608176,52.933056,2.34230179e-03
26,46,1.33645576,52.786067,2.52958593e-03
27,46,1.36682976,52.551818,7.39632786e-04
28,46,1.39720381,52.233899,2.49255685e-03
29,46,1.42757781,51.857097,1.95836959e-03
30,46,1.45795159,51.448350,1.38879228e-03
31,46,1.48832560,51.030393,1.17833860e-03
32,46,1.51869960,50.617408,1.78858313e-03
33,46,1.54907361,50.315107,6.92675725e-04
34,46,1.57944761,50.379882,1.40308891e-03
35,46,1.60982162,50.588433,4.47609676e-04
36,46,1.64019563,50.808839,5.82235671e-05
37,46,1.67056963,50.988841,6.30108618e-04
38,46,1.70094364,51.103920,6.49767995e-04
39,46,1.73131764,51.147692,1.48400601e-03
40,46,1.73131764,51.147682,1.13534128e-03
41,46,1.75279515,51.032106,1.90293942e-04
42,46,1.77427297,50.905908,1.41960817e-04
43,46,1.79575048,50.767454,8.89758962e-05
44,46,1.81722830,50.618538,4.19882615e-05
45,46,1.83870581,50.460623,7.86385655e-06
46,46,1.86018364,50.295620,7.01623364e-06
47,46,1.88166114,50.128099,1.31314733e-04
48,46,1.90313897,49.979741,1.16844051e-03
49,46,1.92461647,49.994784,6.23807394e-03
50,46,1.94609430,50.188293,7.70889104e-03
51,46,1.96757180,50.403319,8.15630810e-03
52,46,1.98904963,50.615476,8.61644714e-03
53,46,2.01052713,50.815055,9.28116398e-03
54,46,2.03200496,50.991368,1.02143023e-02
55,46,2.05348246,51.136124,1.10645205e-02
56,46,2.07496029,51.245677,1.19534345e-02
57,46,2.09643779,51.317426,1.25886186e-02
58,46,2.11791562,51.357790,1.30014990e-02
59,46,2.13939312,51.371305,1.31753897e-02
60,46,2.13939312,51.371428,1.30532212e-02
61,46,2.20382612,50.833036,5.68728395e-06
62,46,2.26825912,50.527420,3.85541053e-08
63,46,2.33269211,50.442787,2.94350386e-07
64,46,2.39712495,50.374032,1.63363991e-08
65,46,2.46155794,50.208832,1.08298874e-07
66,46,2.52599094,50.113037,2.52017132e-05
67,46,2.59042394,49.950751,4.38674418e-09
68,46,2.65485693,49.537434,2.27627798e-11
69,46,2.71928993,49.059840,3.23532748e-09
70,46,2.78372276,48.552491,1.61797307e-08
71,46,2.84815576,48.026381,7.34389617e-09
72,46,2.91258876,47.482047,4.80430024e-09
73,46,2.97702175,46.924748,8.56767682e-09
74,46,3.04145475,46.426977,5.67770042e-03
75,46,3.10588775,46.089706,1.64097535e-03
76,46,3.17032058,46.344884,9.92592424e-04
77,46,3.23475363,45.662277,5.83507559e-05
78,46,3.29918661,44.939181,6.18488180e-07
79,46,3.36361957,44.551926,9.22855263e-09
80,46,3.36361957,44.551392,3.92476422e-09
81,46,3.41622887,44.737548,1.17742128e-08
82,46,3.46883817,45.159287,3.00444744e-08
83,46,3.52144747,45.691273,3.42200234e-08
84,46,3.57405686,46.292491,1.84015602e-09
85,46,3.62666598,46.949654,6.32928431e-10
86,46,3.67927530,47.649915,3.65463738e-10
87,46,3.73188462,48.380319,1.20039529e-07
88,46,3.78449394,48.891322,5.28852453e-05
89,46,3.83710326,48.958420,2.66187529e-07
90,46,3.88971258,49.144039,1.94972571e-08
91,46,3.94232191,49.423268,5.41639666e-08
92,46,3.99493123,49.791584,1.20469972e-07
93,46,4.04754055,50.236802,2.19232190e-08
94,46,4.10014987,50.716233,1.34881726e-08
95,46,4.15275899,51.182752,2.13920768e-08
96,46,4.20536831,51.597436,2.84751687e-07
97,46,4.25797763,51.906408,3.57912436e-06
98,46,4.31058696,52.122218,2.44139812e-04
99,46,4.36319628,52.161236,4.30770885e-07
0,47,0.00000000,45.906459,1.09801334e-07
1,47,0.06074799,45.973595,6.68548759e-07
2,47,0.12149598,46.160084,2.11716952e-07
3,47,0.18224397,46.461124,6.77128848e-07
4,47,0.24299205,47.464320,1.19403816e-03
5,47,0.30373983,47.612756,3.97945494e-04
6,47,0.36448784,47.954030,5.33363312e-06
7,47,0.42523585,48.607183,6.92161299e-05
8,47,0.48598386,49.301816,3.44398072e-05
9,47,0.54673188,50.075262,3.38623168e-04
10,47,0.60747989,50.849673,9.16050518e-05
11,47,0.66822790,51.644705,1.57147309e-04
12,47,0.72897591,52.267156,3.89896446e-05
13,47,0.78972392,52.563690,2.37253769e-07
14,47,0.85047193,53.012464,6.96841641e-05
15,47,0.91121971,53.523490,7.60863252e-04
16,47,0.97196773,54.102715,1.41124638e-03
17,47,1.03271574,54.083951,5.05913240e-03
18,47,1.09346375,53.701802,3.47528804e-03
19,47,1.15421176,53.091830,2.82445277e-03
20,47,1.15421176,53.091198,3.94488573e-04
21,47,1.18458576,53.088239,3.60988400e-03
22,47,1.21495976,53.077953,6.45633374e-04
23,47,1.24533376,53.059403,3.09303245e-03
24,47,1.27570776,53.015403,3.40439606e-03
25,47,1.30608176,52.936641,3.19882107e-03
26,47,1.33645576,52.792725,2.35334533e-03
27,47,1.36682976,52.553536,3.51071036e-03
28,47,1.39720381,52.236382,1.12601531e-03
29,47,1.42757781,51.859958,1.44200978e-03
30,47,1.45795159,51.448639,1.88499267e-03
31,47,1.48832560,51.030422,2.39223845e-03
32,47,1.51869960,50.617476,2.31443965e-03
33,47,1.54907361,50.315138,3.22075006e-03
34,47,1.57944761,50.379900,2.80371396e-04
35,47,1.60982162,50.588557,8.70464694e-04
36,47,1.64019563,50.809113,1.31478749e-03
37,47,1.67056963,50.988893,8.36848360e-04
38,47,1.70094364,51.103929,9.07860132e-04
39,47,1.73131764,51.147860,1.07042540e-04
40,47,1.73131764,51.147746,4.58188303e-04
41,47,1.75279515,51.245262,1.31855630e-03
42,47,1.77427297,51.330826,1.25865678e-03
43,47,1.79575048,51.399449,1.15750965e-03
44,47,1.81722830,51.457887,1.02044280e-03
45,47,1.83870581,51.502681,8.99040681e-04
46,47,1.86018364,51.534060,7.67828975e-04
47,47,1.88166114,51.553967,6.18686950e-04
48,47,1.90313897,51.561503,4.55823337e-04
49,47,1.92461647,51.565652,3.20552067e-04
50,47,1.94609430,51.564812,2.12483415e-04
51,47,1.96757180,51.569505,1.07423369e-04
52,47,1.98904963,51.581183,5.95859525e-05
53,47,2.01052713,51.597238,1.45424278e-06
54,47,2.03200496,51.609172,1.37017779e-06
55,47,2.05348246,51.607703,1.58224321e-07
56,47,2.07496029,51.580322,2.48315708e-07
57,47,2.09643779,51.524715,4.43353896e-06
58,47,2.11791562,51.451805,9.31618323e-06
59,47,2.13939312,51.407179,5.15850506e-07
60,47,2.13939312,51.407420,1.08418586e-06
61,47,2.20382612,52.305661,8.55224933e-04
62,47,2.26825912,52.662135,6.96045350e-04
63,47,2.33269211,52.372609,4.08437405e-05
64,47,2.39712495,51.868753,8.63326124e-07
65,47,2.46155794,51.447228,3.25324390e-07
66,47,2.52599094,51.328163,2.54638459e-05
67,47,2.59042394,51.683242,1.17825748e-03
68,47,2.65485693,50.973205,2.35228575e-04
69,47,2.71928993,50.256470,5.63266829e-07
70,47,2.78372276,49.551677,1.09745795e-04
71,47,2.84815576,48.866999,2.59032083e-04
72,47,2.91258876,48.203291,2.93761690e-04
73,47,2.97702175,47.571720,9.48757290e-05
74,47,3.04145475,47.091598,7.15252669e-04
75,47,3.10588775,47.428124,3.70071019e-03
76,47,3.17032058,47.397818,2.68156762e-03
77,47,3.23475363,47.339785,3.53196180e-05
78,47,3.29918661,46.324890,6.27141235e-05
79,47,3.36361957,45.906459,8.37288796e-08
80,47,3.36361957,45.906459,1.38797862e-08
81,47,3.41622887,46.279766,1.26872811e-07
82,47,3.46883817,46.990750,5.72490406e-07
83,47,3.52144747,47.484642,6.96507455e-03
84,47,3.57405686,46.615087,4.86804654e-03
85,47,3.62666598,46.950211,1.68372936e-08
86,47,3.67927530,47.649954,2.34849800e-09
87,47,3.73188462,48.403256,1.16814708e-04
88,47,3.78449394,49.170716,4.49916498e-04
89,47,3.83710326,49.939385,1.24605270e-04
90,47,3.88971258,50.589750,1.45286270e-05
91,47,3.94232191,51.127829,5.49210975e-04
92,47,3.99493123,51.648099,1.68250090e-03
93,47,4.04754055,51.990652,4.25882830e-03
94,47,4.10014987,52.351192,7.31979660e-03
95,47,4.15275899,52.647572,1.30673791e-02
96,47,4.20536831,52.785129,2.06546643e-02
97,47,4.25797763,52.510153,2.15922744e-02
98,47,4.31058696,52.154456,2.16413607e-02
99,47,4.36319628,52.168843,3.02029441e-06
