k_index,band_index,k_distance,energy_eV,weight
0,0,0.00000000,-12.174008,2.63388190e-09
1,0,0.06074799,-12.161831,8.91146629e-06
2,0,0.12149598,-12.125518,5.61988450e-05
3,0,0.18224397,-12.065039,1.83539694e-04
4,0,0.24299205,-11.980516,4.44761433e-04
5,0,0.30373983,-11.871987,9.03319476e-04
6,0,0.36448784,-11.739760,1.62975073e-03
7,0,0.42523585,-11.583992,2.69774620e-03
8,0,0.48598386,-11.404888,4.18079329e-03
9,0,0.54673188,-11.202855,6.14855897e-03
10,0,0.60747989,-10.978205,8.66293938e-03
11,0,0.66822790,-10.731338,1.17743719e-02
12,0,0.72897591,-10.462806,1.55205877e-02
13,0,0.78972392,-10.173086,1.99215653e-02
14,0,0.85047193,-9.862951,2.49796863e-02
15,0,0.91121971,-9.532994,3.06764765e-02
16,0,0.97196773,-9.184204,3.69786276e-02
17,0,1.03271574,-8.817441,4.38307869e-02
18,0,1.09346375,-8.433770,5.11623408e-02
19,0,1.15421176,-8.034362,2.08918386e-03
20,0,1.15421176,-8.034362,2.08956947e-03
21,0,1.18458576,-8.033320,4.62305452e-03
22,0,1.21495976,-8.030216,8.23728983e-03
23,0,1.24533376,-8.025095,1.30504501e-02
24,0,1.27570776,-8.018102,1.87030340e-02
25,0,1.30608176,-8.009363,2.52086251e-02
26,0,1.33645576,-7.999066,3.24605426e-02
27,0,1.36682976,-7.987477,3.99926754e-02
28,0,1.39720381,-7.974810,4.76719575e-02
29,0,1.42757781,-7.961386,5.59639644e-02
30,0,1.45795159,-7.947528,6.18213451e-02
31,0,1.48832560,-7.933662,6.97828619e-02
32,0,1.51869960,-7.920150,7.71600435e-02
33,0,1.54907361,-7.907380,8.43872868e-02
34,0,1.57944761,-7.895736,8.98194736e-02
35,0,1.60982162,-7.885624,8.53151862e-02
36,0,1.64019563,-7.877365,5.35565871e-02
37,0,1.67056963,-7.871244,2.83899736e-02
38,0,1.70094364,-7.867476,1.86638989e-02
39,0,1.73131764,-7.866182,1.69058483e-02
40,0,1.73131764,-7.866182,1.69090451e-02
41,0,1.75279515,-7.924879,7.51055613e-02
42,0,1.77427297,-7.980461,7.23480466e-02
43,0,1.79575048,-8.032927,6.96741392e-02
44,0,1.81722830,-8.082250,6.70909481e-02
45,0,1.83870581,-8.128431,6.46033313e-02
46,0,1.86018364,-8.171462,6.22164142e-02
47,0,1.88166114,-8.211334,5.99352571e-02
48,0,1.90313897,-8.248035,5.77645991e-02
49,0,1.92461647,-8.281571,5.57088057e-02
50,0,1.94609430,-8.311938,5.37720135e-02
51,0,1.96757180,-8.339113,5.19583537e-02
52,0,1.98904963,-8.363101,5.02712901e-02
53,0,2.01052713,-8.383910,4.87148943e-02
54,0,2.03200496,-8.401513,4.72906041e-02
55,0,2.05348246,-8.415920,4.60019778e-02
56,0,2.07496029,-8.427121,4.48516384e-02
57,0,2.09643779,-8.435128,4.38410898e-02
58,0,2.11791562,-8.439933,4.29723158e-02
59,0,2.13939312,-8.441535,4.22468361e-02
60,0,2.13939312,-8.441535,4.22468395e-02
61,0,2.20382612,-8.639944,4.64711742e-02
62,0,2.26825912,-8.879154,4.72958798e-02
63,0,2.33269211,-9.149303,4.50549272e-02
64,0,2.39712495,-9.438544,4.06459602e-02
65,0,2.46155794,-9.736095,3.50434160e-02
66,0,2.52599094,-10.033039,2.90410124e-02
67,0,2.59042394,-10.322529,2.32037225e-02
68,0,2.65485693,-10.599298,1.78834574e-02
69,0,2.71928993,-10.859598,1.32742058e-02
70,0,2.78372276,-11.100614,9.45539616e-03
71,0,2.84815576,-11.320138,6.42579157e-03
72,0,2.91258876,-11.516590,4.13082550e-03
73,0,2.97702175,-11.688792,2.48088893e-03
74,0,3.04145475,-11.835792,1.36590842e-03
75,0,3.10588775,-11.956914,6.69280889e-04
76,0,3.17032058,-12.051610,2.77337594e-04
77,0,3.23475363,-12.119498,8.72874555e-05
78,0,3.29918661,-12.160320,1.51176708e-05
79,0,3.36361957,-12.174008,2.63390740e-09
80,0,3.36361957,-12.174008,2.63391980e-09
81,0,3.41622887,-12.164855,1.04287930e-05
82,0,3.46883817,-12.137635,4.10810857e-05
83,0,3.52144747,-12.092341,9.18544995e-05
84,0,3.57405686,-12.029118,1.62589575e-04
85,0,3.62666598,-11.948130,2.53100811e-04
86,0,3.67927530,-11.849741,3.63176684e-04
87,0,3.73188462,-11.734281,4.92666197e-04
88,0,3.78449394,-11.602234,6.41556964e-04
89,0,3.83710326,-11.454415,8.09874985e-04
90,0,3.88971258,-11.291718,9.98046990e-04
91,0,3.94232191,-11.115499,1.20683430e-03
92,0,3.99493123,-10.927719,1.43746036e-03
93,0,4.04754055,-10.731246,1.69158446e-03
94,0,4.10014987,-10.530251,1.97081214e-03
95,0,4.15275899,-10.331492,2.27459902e-03
96,0,4.20536831,-10.145155,2.59568150e-03
97,0,4.25797763,-9.986820,2.90846802e-03
98,0,4.31058696,-9.877355,3.15443155e-03
99,0,4.36319628,-9.837738,3.25054880e-03
0,1,0.00000000,-0.221237,2.84007262e-10
1,1,0.06074799,-0.304028,2.16024017e-01
2,1,0.12149598,-0.533108,1.91453946e-01
3,1,0.18224397,-0.861308,1.67890476e-01
4,1,0.24299205,-1.249585,1.48418648e-01
5,1,0.30373983,-1.673052,1.32868860e-01
6,1,0.36448784,-2.117453,1.20320760e-01
7,1,0.42523585,-2.574406,1.09911621e-01
8,1,0.48598386,-3.038851,1.00994623e-01
9,1,0.54673188,-3.507869,9.30974859e-02
10,1,0.60747989,-3.979083,8.58885678e-02
11,1,0.66822790,-4.451056,7.91434604e-02
12,1,0.72897591,-4.921378,7.26777709e-02
13,1,0.78972392,-5.388366,6.63980592e-02
14,1,0.85047193,-5.851013,6.02435198e-02
15,1,0.91121971,-6.307241,5.42008029e-02
16,1,0.97196773,-6.755448,4.82848732e-02
17,1,1.03271574,-7.193728,4.25279779e-02
18,1,1.09346375,-7.620536,3.69803708e-02
19,1,1.15421176,-8.034362,8.84987265e-02
20,1,1.15421176,-8.034362,8.84983400e-02
21,1,1.18458576,-8.033320,8.74386430e-02
22,1,1.21495976,-8.030216,8.52099996e-02
23,1,1.24533376,-8.025095,8.16923376e-02
24,1,1.27570776,-8.018102,7.72391026e-02
25,1,1.30608176,-8.009363,7.18372374e-02
26,1,1.33645576,-7.999066,6.55929867e-02
27,1,1.36682976,-7.987477,5.89728847e-02
28,1,1.39720381,-7.974810,5.21110401e-02
29,1,1.42757781,-7.961386,4.45430706e-02
30,1,1.45795159,-7.947528,3.93192299e-02
31,1,1.48832560,-7.933662,3.19020039e-02
32,1,1.51869960,-7.920150,2.49812833e-02
33,1,1.54907361,-7.907380,1.81277989e-02
34,1,1.57944761,-7.895736,1.29893855e-02
35,1,1.60982162,-7.885624,1.77072593e-02
36,1,1.64019563,-7.877365,4.96031176e-02
37,1,1.67056963,-7.871244,7.48330465e-02
38,1,1.70094364,-7.867476,8.45504483e-02
39,1,1.73131764,-7.866182,8.62314706e-02
40,1,1.73131764,-7.866182,8.62282723e-02
41,1,1.75279515,-7.808596,2.77223252e-02
42,1,1.77427297,-7.756296,3.03604873e-02
43,1,1.79575048,-7.709236,3.30698929e-02
44,1,1.81722830,-7.667276,3.58077650e-02
45,1,1.83870581,-7.630209,3.85309780e-02
46,1,1.86018364,-7.597762,4.11978769e-02
47,1,1.88166114,-7.569606,4.37705270e-02
48,1,1.90313897,-7.545351,4.62160620e-02
49,1,1.92461647,-7.524711,4.85058846e-02
50,1,1.94609430,-7.507363,5.06171099e-02
51,1,1.96757180,-7.492793,5.25347053e-02
52,1,1.98904963,-7.480754,5.42452977e-02
53,1,2.01052713,-7.470955,5.57401248e-02
54,1,2.03200496,-7.463114,5.70139356e-02
55,1,2.05348246,-7.457014,5.80634209e-02
56,1,2.07496029,-7.452412,5.88897447e-02
57,1,2.09643779,-7.449271,5.94871359e-02
58,1,2.11791562,-7.447428,5.98586709e-02
59,1,2.13939312,-7.446815,6.00053742e-02
60,1,2.13939312,-7.446815,6.00053777e-02
61,1,2.20382612,-7.247460,5.15291372e-02
62,1,2.26825912,-7.019417,4.27342195e-02
63,1,2.33269211,-6.762998,3.39799972e-02
64,1,2.39712495,-6.478367,2.56290255e-02
65,1,2.46155794,-6.166004,1.80283884e-02
66,1,2.52599094,-5.826264,1.15078462e-02
67,1,2.59042394,-5.459647,6.36339522e-03
68,1,2.65485693,-5.066690,2.85123092e-03
69,1,2.71928993,-4.648299,1.18504800e-03
70,1,2.78372276,-4.205520,1.53635090e-03
71,1,2.84815576,-3.739690,4.04240596e-03
72,1,2.91258876,-3.252868,8.82236537e-03
73,1,2.97702175,-2.748308,1.60117878e-02
74,1,3.04145475,-2.230417,2.58188003e-02
75,1,3.10588775,-1.707984,3.86191621e-02
76,1,3.17032058,-1.196202,5.50470919e-02
77,1,3.23475363,-0.726540,7.58021087e-02
78,1,3.29918661,-0.364477,9.93414160e-02
79,1,3.36361957,-0.221237,2.39018700e-10
80,1,3.36361957,-0.221237,2.24699091e-10
81,1,3.41622887,-0.329993,2.22342667e-04
82,1,3.46883817,-0.619918,6.76300129e-04
83,1,3.52144747,-1.018698,1.09981895e-03
84,1,3.57405686,-1.474774,1.41728805e-03
85,1,3.62666598,-1.958536,1.63635543e-03
86,1,3.67927530,-2.454449,1.77610799e-03
87,1,3.73188462,-2.952316,1.85335316e-03
88,1,3.78449394,-3.445848,1.87905691e-03
89,1,3.83710326,-3.930558,1.86013081e-03
90,1,3.88971258,-4.402823,1.80067980e-03
91,1,3.94232191,-4.859400,1.70271256e-03
92,1,3.99493123,-5.296989,1.56664945e-03
93,1,4.04754055,-5.711758,1.39160219e-03
94,1,4.10014987,-6.098368,1.17632088e-03
95,1,4.15275899,-6.449798,9.20714438e-04
96,1,4.20536831,-6.755259,6.31974327e-04
97,1,4.25797763,-6.998913,3.36322299e-04
98,1,4.31058696,-7.159679,9.57542942e-05
99,1,4.36319628,-7.216452,2.23931258e-09
0,2,0.00000000,-0.221237,4.33424730e-01
1,2,0.06074799,-0.273253,1.20506822e-01
2,2,0.12149598,-0.417348,1.23886032e-01
3,2,0.18224397,-0.620436,1.27579127e-01
4,2,0.24299205,-0.854281,1.32221830e-01
5,2,0.30373983,-1.099562,1.37882624e-01
6,2,0.36448784,-1.345517,1.44337177e-01
7,2,0.42523585,-1.584481,1.51340266e-01
8,2,0.48598386,-1.811733,1.58637740e-01
9,2,0.54673188,-2.024671,1.65974828e-01
10,2,0.60747989,-2.220993,1.73135395e-01
11,2,0.66822790,-2.399222,1.79914993e-01
12,2,0.72897591,-2.558338,1.86122726e-01
13,2,0.78972392,-2.697456,1.91592770e-01
14,2,0.85047193,-2.816014,1.96174291e-01
15,2,0.91121971,-2.913496,1.99750145e-01
16,2,0.97196773,-2.989660,2.02203550e-01
17,2,1.03271574,-3.044267,2.03463084e-01
18,2,1.09346375,-3.077078,2.03489493e-01
19,2,1.15421176,-3.088023,2.02268261e-01
20,2,1.15421176,-3.088023,2.02268262e-01
21,2,1.18458576,-3.097704,2.01266521e-01
22,2,1.21495976,-3.126067,1.95777171e-01
23,2,1.24533376,-3.171205,1.86474620e-01
24,2,1.27570776,-3.230427,1.74327286e-01
25,2,1.30608176,-3.300545,1.60335130e-01
26,2,1.33645576,-3.378349,1.45367824e-01
27,2,1.36682976,-3.460868,1.30067089e-01
28,2,1.39720381,-3.545310,1.14976662e-01
29,2,1.42757781,-3.629326,1.00413732e-01
30,2,1.45795159,-3.710912,8.65984270e-02
31,2,1.48832560,-3.788257,7.37291766e-02
32,2,1.51869960,-3.859926,6.19258917e-02
33,2,1.54907361,-3.924565,5.13472274e-02
34,2,1.57944761,-3.981093,4.20981399e-02
35,2,1.60982162,-4.028638,3.43045414e-02
36,2,1.64019563,-4.066409,2.80731064e-02
37,2,1.67056963,-4.093817,2.35029964e-02
38,2,1.70094364,-4.110419,2.06732473e-02
39,2,1.73131764,-4.115971,1.96251778e-02
40,2,1.73131764,-4.115971,1.96251431e-02
41,2,1.75279515,-4.160922,3.70334009e-02
42,2,1.77427297,-4.203776,3.71749050e-02
43,2,1.79575048,-4.244477,3.73178598e-02
44,2,1.81722830,-4.282950,3.74560843e-02
45,2,1.83870581,-4.319157,3.75905715e-02
46,2,1.86018364,-4.353049,3.77201680e-02
47,2,1.88166114,-4.384584,3.78438557e-02
48,2,1.90313897,-4.413723,3.79605609e-02
49,2,1.92461647,-4.440438,3.80698944e-02
50,2,1.94609430,-4.464692,3.81707847e-02
51,2,1.96757180,-4.486462,3.82630811e-02
52,2,1.98904963,-4.505724,3.83461010e-02
53,2,2.01052713,-4.522484,3.84191265e-02
54,2,2.03200496,-4.536669,3.84824909e-02
55,2,2.05348246,-4.548295,3.85356361e-02
56,2,2.07496029,-4.557325,3.85777044e-02
57,2,2.09643779,-4.563799,3.86100189e-02
58,2,2.11791562,-4.567686,3.86318335e-02
59,2,2.13939312,-4.568962,3.86450963e-02
60,2,2.13939312,-4.568962,3.86450959e-02
61,2,2.20382612,-4.667231,2.05129703e-02
62,2,2.26825912,-4.683691,8.42019290e-03
63,2,2.33269211,-4.625347,1.93293764e-03
64,2,2.39712495,-4.502100,4.62882259e-05
65,2,2.46155794,-4.323677,1.71282863e-03
66,2,2.52599094,-4.098907,6.11015201e-03
67,2,2.59042394,-3.834999,1.27009781e-02
68,2,2.65485693,-3.537912,2.11982133e-02
69,2,2.71928993,-3.213237,3.15082175e-02
70,2,2.78372276,-2.866140,4.37033855e-02
71,2,2.84815576,-2.501942,5.79949771e-02
72,2,2.91258876,-2.126895,7.47190274e-02
73,2,2.97702175,-1.748566,9.43056897e-02
74,2,3.04145475,-1.376798,1.17176524e-01
75,2,3.10588775,-1.024255,1.43477108e-01
76,2,3.17032058,-0.708614,1.72428786e-01
77,2,3.23475363,-0.451775,2.01016054e-01
78,2,3.29918661,-0.280740,2.22756217e-01
79,2,3.36361957,-0.221237,3.60951117e-02
80,2,3.36361957,-0.221237,4.10131505e-01
81,2,3.41622887,-0.236100,6.16751806e-01
82,2,3.46883817,-0.282174,5.71765956e-01
83,2,3.52144747,-0.352540,3.81590546e-02
84,2,3.57405686,-0.440122,1.86277660e-01
85,2,3.62666598,-0.538050,6.34106235e-02
86,2,3.67927530,-0.640874,8.10913897e-02
87,2,3.73188462,-0.744147,6.64667148e-02
88,2,3.78449394,-0.844362,1.84992172e-01
89,2,3.83710326,-0.939896,1.97065528e-01
90,2,3.88971258,-1.028758,5.26053247e-02
91,2,3.94232191,-1.109818,3.05611566e-02
92,2,3.99493123,-1.182323,7.16571321e-03
93,2,4.04754055,-1.245711,3.48858611e-02
94,2,4.10014987,-1.299418,3.16978374e-02
95,2,4.15275899,-1.343739,2.08416546e-03
96,2,4.20536831,-1.378237,9.53134640e-03
97,2,4.25797763,-1.402944,3.99746811e-04
98,2,4.31058696,-1.417777,1.25617597e-04
99,2,4.36319628,-1.422833,7.55138640e-05
0,3,0.00000000,-0.221237,2.61407773e-01
1,3,0.06074799,-0.273253,3.33322118e-01
2,3,0.12149598,-0.417348,3.02386394e-01
3,3,0.18224397,-0.620436,2.65687044e-01
4,3,0.24299205,-0.854280,2.30277326e-01
5,3,0.30373983,-1.099562,1.98227780e-01
6,3,0.36448784,-1.345517,1.69661548e-01
7,3,0.42523585,-1.584481,1.44145919e-01
8,3,0.48598386,-1.811733,1.21245135e-01
9,3,0.54673188,-2.024671,1.00656813e-01
10,3,0.60747989,-2.220993,8.21488266e-02
11,3,0.66822790,-2.399221,6.55847998e-02
12,3,0.72897591,-2.558338,5.08910476e-02
13,3,0.78972392,-2.697456,3.80341724e-02
14,3,0.85047193,-2.816014,2.70099487e-02
15,3,0.91121971,-2.913496,1.78282322e-02
16,3,0.97196773,-2.989660,1.05175219e-02
17,3,1.03271574,-3.044267,5.10699162e-03
18,3,1.09346375,-3.077077,1.61998800e-03
19,3,1.15421176,-3.088023,7.97761817e-05
20,3,1.15421176,-3.088023,7.97750130e-05
21,3,1.18458576,-3.097704,1.52760300e-03
22,3,1.21495976,-3.126067,6.18248874e-03
23,3,1.24533376,-3.171205,1.35266646e-02
24,3,1.27570776,-3.230427,2.28530550e-02
25,3,1.30608176,-3.300545,3.34505151e-02
26,3,1.33645576,-3.378349,4.47129174e-02
27,3,1.36682976,-3.460868,5.62083705e-02
28,3,1.39720381,-3.545310,6.75525298e-02
29,3,1.42757781,-3.629326,7.85327102e-02
30,3,1.45795159,-3.710911,8.89993353e-02
31,3,1.48832560,-3.788257,9.87986368e-02
32,3,1.51869960,-3.859926,1.07837697e-01
33,3,1.54907361,-3.924565,1.15974243e-01
34,3,1.57944761,-3.981093,1.23111287e-01
35,3,1.60982162,-4.028638,1.29129274e-01
36,3,1.64019563,-4.066409,1.33923448e-01
37,3,1.67056963,-4.093817,1.37395673e-01
38,3,1.70094364,-4.110419,1.39467919e-01
39,3,1.73131764,-4.115970,1.40097266e-01
40,3,1.73131764,-4.115970,1.40097302e-01
41,3,1.75279515,-4.065517,1.19538260e-01
42,3,1.77427297,-4.006250,1.16030431e-01
43,3,1.79575048,-3.938490,1.12347087e-01
44,3,1.81722830,-3.862762,1.08531883e-01
45,3,1.83870581,-3.779723,1.04629809e-01
46,3,1.86018364,-3.690187,1.00684214e-01
47,3,1.88166114,-3.595116,9.67348684e-02
48,3,1.90313897,-3.495610,9.28168619e-02
49,3,1.92461647,-3.393066,8.89636249e-02
50,3,1.94609430,-3.289015,8.52027416e-02
51,3,1.96757180,-3.185156,8.15688108e-02
52,3,1.98904963,-3.083567,7.80959837e-02
53,3,2.01052713,-2.986564,7.48287794e-02
54,3,2.03200496,-2.896860,7.18321190e-02
55,3,2.05348246,-2.817356,6.91854061e-02
56,3,2.07496029,-2.750976,6.69885217e-02
57,3,2.09643779,-2.700999,6.53575508e-02
58,3,2.11791562,-2.669834,6.43980923e-02
59,3,2.13939312,-2.659237,6.41863055e-02
60,3,2.13939312,-2.659237,6.41863051e-02
61,3,2.20382612,-2.519168,8.46213333e-02
62,3,2.26825912,-2.362696,1.06947218e-01
63,3,2.33269211,-2.191907,1.30731801e-01
64,3,2.39712495,-2.009155,1.55508968e-01
65,3,2.46155794,-1.817763,1.80780378e-01
66,3,2.52599094,-1.621230,2.06006441e-01
67,3,2.59042394,-1.423757,2.30612250e-01
68,3,2.65485693,-1.229855,2.53983870e-01
69,3,2.71928993,-1.044774,2.75486031e-01
70,3,2.78372276,-0.873833,2.94518725e-01
71,3,2.84815576,-0.720502,3.10621087e-01
72,3,2.91258876,-0.588153,3.23544938e-01
73,3,2.97702175,-0.478361,3.33325960e-01
74,3,3.04145475,-0.390914,3.40282037e-01
75,3,3.10588775,-0.324440,3.44931106e-01
76,3,3.17032058,-0.276357,3.47871806e-01
77,3,3.23475363,-0.244265,3.49650859e-01
78,3,3.29918661,-0.225970,3.50689984e-01
79,3,3.36361957,-0.221237,6.58737394e-01
80,3,3.36361957,-0.221237,2.84700998e-01
81,3,3.41622887,-0.236100,6.42924008e-02
82,3,3.46883817,-0.282174,7.16313971e-02
83,3,3.52144747,-0.352540,5.51394956e-01
84,3,3.57405686,-0.440122,3.41213822e-01
85,3,3.62666598,-0.538050,3.99812055e-01
86,3,3.67927530,-0.640874,3.19350970e-01
87,3,3.73188462,-0.744147,2.74654903e-01
88,3,3.78449394,-0.844362,1.01151938e-01
89,3,3.83710326,-0.939896,3.89467536e-02
90,3,3.88971258,-1.028758,1.38182508e-01
91,3,3.94232191,-1.109818,1.19915656e-01
92,3,3.99493123,-1.182323,1.07877929e-01
93,3,4.04754055,-1.245711,4.95468364e-02
94,3,4.10014987,-1.299418,2.69135503e-02
95,3,4.15275899,-1.343739,3.54493764e-02
96,3,4.20536831,-1.378237,1.16317739e-02
97,3,4.25797763,-1.402944,9.10151440e-03
98,3,4.31058696,-1.417777,2.39634224e-03
99,3,4.36319628,-1.422833,1.43674152e-04
0,4,0.00000000,2.274995,2.97142251e-03
1,4,0.06074799,2.244732,7.40600770e-05
2,4,0.12149598,2.154349,7.08257020e-05
3,4,0.18224397,2.016423,6.08013884e-04
4,4,0.24299205,1.845019,1.59682582e-03
5,4,0.30373983,1.653898,2.94833100e-03
6,4,0.36448784,1.454130,4.58740212e-03
7,4,0.42523585,1.254906,6.45065074e-03
8,4,0.48598386,1.063070,8.48469517e-03
9,4,0.54673188,0.883751,1.06428589e-02
10,4,0.60747989,0.720924,1.28831963e-02
11,4,0.66822790,0.577793,1.51676511e-02
12,4,0.72897591,0.456413,1.74645565e-02
13,4,0.78972392,0.359191,1.97478461e-02
14,4,0.85047193,0.287551,2.19953779e-02
15,4,0.91121971,0.243231,2.41930645e-02
16,4,0.97196773,0.226879,2.63378519e-02
17,4,1.03271574,0.240200,2.84309908e-02
18,4,1.09346375,0.284534,3.04859619e-02
19,4,1.15421176,0.360751,8.39692410e-02
20,4,1.15421176,0.360751,8.39691744e-02
21,4,1.18458576,0.378034,7.49116523e-02
22,4,1.21495976,0.429218,5.22444549e-02
23,4,1.24533376,0.512893,3.26052157e-02
24,4,1.27570776,0.625517,1.84816818e-02
25,4,1.30608176,0.764456,9.11643346e-03
26,4,1.33645576,0.926614,3.54160621e-03
27,4,1.36682976,1.109305,8.34860173e-04
28,4,1.39720381,1.309518,1.89918740e-04
29,4,1.42757781,1.525288,9.90376647e-04
30,4,1.45795159,1.754526,2.74406581e-03
31,4,1.48832560,1.995871,5.12357551e-03
32,4,1.51869960,2.247569,7.87725202e-03
33,4,1.54907361,2.508368,1.08474818e-02
34,4,1.57944761,2.777064,1.39677408e-02
35,4,1.60982162,3.050460,1.72284537e-02
36,4,1.64019563,3.325448,2.09026827e-02
37,4,1.67056963,3.593549,2.59296714e-02
38,4,1.70094364,3.828788,3.62365048e-02
39,4,1.73131764,3.942405,3.83587214e-03
40,4,1.73131764,3.942405,3.83219230e-03
41,4,1.75279515,3.837369,3.68955111e-02
42,4,1.77427297,3.652729,4.68625808e-02
43,4,1.79575048,3.435041,5.24499768e-02
44,4,1.81722830,3.206234,5.61223983e-02
45,4,1.83870581,2.975236,5.89629175e-02
46,4,1.86018364,2.746290,6.14196128e-02
47,4,1.88166114,2.521870,6.36946327e-02
48,4,1.90313897,2.303456,6.58916617e-02
49,4,1.92461647,2.093182,6.80525434e-02
50,4,1.94609430,1.891880,7.02069789e-02
51,4,1.96757180,1.702051,7.23574358e-02
52,4,1.98904963,1.525161,7.44929595e-02
53,4,2.01052713,1.363358,7.65852194e-02
54,4,2.03200496,1.219159,7.85785546e-02
55,4,2.05348246,1.095297,8.04008242e-02
56,4,2.07496029,0.995251,8.19606584e-02
57,4,2.09643779,0.920814,8.31366693e-02
58,4,2.11791562,0.875006,8.38298086e-02
59,4,2.13939312,0.859611,8.39680725e-02
60,4,2.13939312,0.859611,8.39680725e-02
61,4,2.20382612,1.022667,8.37942149e-02
62,4,2.26825912,1.205036,8.34519821e-02
63,4,2.33269211,1.403751,8.28638043e-02
64,4,2.39712495,1.615620,8.19232406e-02
65,4,2.46155794,1.834222,8.04340537e-02
66,4,2.52599094,2.052884,7.81188798e-02
67,4,2.59042394,2.261745,7.45687959e-02
68,4,2.65485693,2.448497,6.93009711e-02
69,4,2.71928993,2.598664,6.20021308e-02
70,4,2.78372276,2.700806,5.29685365e-02
71,4,2.84815576,2.751308,4.32867650e-02
72,4,2.91258876,2.756410,3.43161806e-02
73,4,2.97702175,2.728260,2.69798739e-02
74,4,3.04145475,2.624919,3.79129501e-02
75,4,3.10588775,2.499518,2.50799068e-02
76,4,3.17032058,2.401936,1.46402783e-02
77,4,3.23475363,2.332191,6.86357901e-03
78,4,3.29918661,2.290323,1.95219337e-03
79,4,3.36361957,2.274995,2.97142879e-03
80,4,3.36361957,2.274995,2.97142299e-03
81,4,3.41622887,2.299708,1.12939499e-02
82,4,3.46883817,2.333157,1.42106917e-03
83,4,3.52144747,2.315336,7.70694342e-04
84,4,3.57405686,2.255115,4.55816252e-04
85,4,3.62666598,2.169645,2.95226839e-04
86,4,3.67927530,2.070163,2.03459017e-04
87,4,3.73188462,1.964771,1.45079806e-04
88,4,3.78449394,1.858751,1.05222024e-04
89,4,3.83710326,1.755657,7.67770263e-05
90,4,3.88971258,1.658128,5.58860670e-05
91,4,3.94232191,1.568001,4.02822308e-05
92,4,3.99493123,1.486340,2.85175069e-05
93,4,4.04754055,1.414128,1.95929604e-05
94,4,4.10014987,1.352965,1.28640878e-05
95,4,4.15275899,1.302102,7.93148718e-06
96,4,4.20536831,1.262291,4.37654327e-06
97,4,4.25797763,1.233807,1.96423502e-06
98,4,4.31058696,1.216620,5.39941395e-07
99,4,4.36319628,1.210881,1.60129133e-08
0,5,0.00000000,2.274995,2.97280772e-05
1,5,0.06074799,2.344461,2.74866621e-04
2,5,0.12149598,2.532908,6.55608913e-05
3,5,0.18224397,2.809689,5.42201470e-04
4,5,0.24299205,3.146167,9.43604365e-04
5,5,0.30373983,3.523605,1.08196573e-03
6,5,0.36448784,3.928399,9.92217030e-04
7,5,0.42523585,3.766002,9.27924037e-02
8,5,0.48598386,3.391923,8.51611353e-02
9,5,0.54673188,2.987801,7.93548046e-02
10,5,0.60747989,2.587837,7.49673717e-02
11,5,0.66822790,2.207108,7.14622075e-02
12,5,0.72897591,1.854986,6.84905546e-02
13,5,0.78972392,1.536719,6.58807608e-02
14,5,0.85047193,1.252390,6.34964286e-02
15,5,0.91121971,1.003715,6.12701270e-02
16,5,0.97196773,0.790614,5.91168377e-02
17,5,1.03271574,0.612883,5.69956555e-02
18,5,1.09346375,0.469881,5.48565264e-02
19,5,1.15421176,0.360751,1.20739138e-03
20,5,1.15421176,0.360751,1.20746115e-03
21,5,1.18458576,0.378034,8.74733525e-03
22,5,1.21495976,0.429218,3.13241051e-02
23,5,1.24533376,0.512893,5.21492282e-02
24,5,1.27570776,0.625517,6.84766311e-02
25,5,1.30608176,0.764456,8.07804719e-02
26,5,1.33645576,0.926614,8.97680810e-02
27,5,1.36682976,1.109305,9.61488771e-02
28,5,1.39720381,1.309518,1.00579062e-01
29,5,1.42757781,1.525288,1.03565542e-01
30,5,1.45795159,1.754526,1.05520920e-01
31,5,1.48832560,1.995871,1.06743252e-01
32,5,1.51869960,2.247569,1.07443615e-01
33,5,1.54907361,2.508368,1.07774867e-01
34,5,1.57944761,2.777064,1.07795520e-01
35,5,1.60982162,3.050460,1.07500129e-01
36,5,1.64019563,3.325448,1.06630293e-01
37,5,1.67056963,3.593549,1.04288806e-01
38,5,1.70094364,3.828788,9.68485574e-02
39,5,1.73131764,3.942405,1.33383912e-01
40,5,1.73131764,3.942405,1.33387591e-01
41,5,1.75279515,3.977453,1.09790823e-01
42,5,1.77427297,3.993789,1.03893715e-01
43,5,1.79575048,3.995050,9.91072982e-02
44,5,1.81722830,3.987634,9.54523644e-02
45,5,1.83870581,3.974346,9.26729685e-02
46,5,1.86018364,3.957735,9.05222835e-02
47,5,1.88166114,3.939508,8.88121640e-02
48,5,1.90313897,3.920883,8.74164778e-02
49,5,1.92461647,3.902477,8.62402671e-02
50,5,1.94609430,3.884730,8.52309332e-02
51,5,1.96757180,3.868368,8.43457998e-02
52,5,1.98904963,3.853489,8.35598891e-02
53,5,2.01052713,3.839893,8.28452196e-02
54,5,2.03200496,3.828516,8.22075461e-02
55,5,2.05348246,3.819082,8.16277978e-02
56,5,2.07496029,3.811827,8.11015512e-02
57,5,2.09643779,3.806493,8.06196476e-02
58,5,2.11791562,3.803278,8.01811013e-02
59,5,2.13939312,3.802232,7.97904123e-02
60,5,2.13939312,3.802232,7.97904090e-02
61,5,2.20382612,4.605246,7.74961167e-02
62,5,2.26825912,5.396746,5.79208394e-02
63,5,2.33269211,5.788534,2.26494867e-01
64,5,2.39712495,5.371642,2.12578501e-01
65,5,2.46155794,4.979658,1.97204425e-01
66,5,2.52599094,4.611788,1.80494335e-01
67,5,2.59042394,4.269688,1.62673970e-01
68,5,2.65485693,3.954048,1.44059023e-01
69,5,2.71928993,3.664845,1.25006562e-01
70,5,2.78372276,3.402087,1.05927926e-01
71,5,2.84815576,3.166828,8.72395245e-02
72,5,2.91258876,2.958744,6.93880500e-02
73,5,2.97702175,2.778083,5.28083915e-02
74,5,3.04145475,2.679440,2.15614848e-02
75,5,3.10588775,2.619012,1.79943626e-02
76,5,3.17032058,2.496909,4.89428482e-02
77,5,3.23475363,2.381671,2.55852375e-02
78,5,3.29918661,2.304197,6.80958683e-03
79,5,3.36361957,2.274995,3.47608255e-05
80,5,3.36361957,2.274995,4.45442406e-05
81,5,3.41622887,2.299708,4.01557606e-03
82,5,3.46883817,2.366765,2.86615491e-02
83,5,3.52144747,2.469830,9.28086671e-02
84,5,3.57405686,2.598166,1.76417660e-01
85,5,3.62666598,2.739683,2.44262533e-01
86,5,3.67927530,2.881542,7.25126435e-02
87,5,3.73188462,3.011233,2.63164718e-02
88,5,3.78449394,3.117875,1.25973924e-01
89,5,3.83710326,3.192899,2.53409069e-01
90,5,3.88971258,3.234047,2.20248478e-01
91,5,3.94232191,3.244219,2.32591470e-01
92,5,3.99493123,3.230154,4.25169299e-01
93,5,4.04754055,3.200406,8.60144113e-02
94,5,4.10014987,3.162864,8.28322883e-02
95,5,4.15275899,3.124037,3.12961564e-02
96,5,4.20536831,3.089200,6.82020958e-02
97,5,4.25797763,3.061860,1.55699907e-01
98,5,4.31058696,3.044540,2.90760165e-01
99,5,4.36319628,3.037693,5.30253402e-02
0,6,0.00000000,2.274995,1.50286239e-05
1,6,0.06074799,2.344461,1.30831003e-02
2,6,0.12149598,2.532908,4.41285301e-02
3,6,0.18224397,2.809689,8.01690817e-02
4,6,0.24299205,3.146167,1.13994807e-01
5,6,0.30373983,3.523605,1.43515438e-01
6,6,0.36448784,3.928399,1.68396089e-01
7,6,0.42523585,4.353477,7.76311939e-04
8,6,0.48598386,4.794438,5.20849517e-04
9,6,0.54673188,5.246494,2.80358390e-04
10,6,0.60747989,5.707975,9.99725509e-05
11,6,0.66822790,6.178182,7.94809068e-06
12,6,0.72897591,6.653573,2.26162254e-05
13,6,0.78972392,7.135955,1.55204491e-04
14,6,0.85047193,7.623230,4.10435980e-04
15,6,0.91121971,8.117273,7.75197426e-04
16,6,0.97196773,8.610386,1.23603690e-03
17,6,1.03271574,9.095365,1.71294950e-03
18,6,1.09346375,9.540429,1.91405599e-03
19,6,1.15421176,9.778134,9.39855720e-04
20,6,1.15421176,9.778134,9.39843429e-04
21,6,1.18458576,9.751137,1.00493574e-03
22,6,1.21495976,9.664357,2.89854755e-03
23,6,1.24533376,9.507946,7.18405578e-03
24,6,1.27570776,9.284278,1.30571653e-02
25,6,1.30608176,9.010263,1.88100194e-02
26,6,1.33645576,8.704441,2.35231443e-02
27,6,1.36682976,8.378108,2.72510538e-02
28,6,1.39720381,8.042206,2.98612305e-02
29,6,1.42757781,7.701520,3.17272172e-02
30,6,1.45795159,7.358434,3.30878479e-02
31,6,1.48832560,7.015337,3.38565687e-02
32,6,1.51869960,6.672463,3.43449521e-02
33,6,1.54907361,6.334162,3.43156280e-02
34,6,1.57944761,6.000866,3.40249199e-02
35,6,1.60982162,5.673880,3.33365672e-02
36,6,1.64019563,5.357423,3.24951044e-02
37,6,1.67056963,5.059744,3.17641301e-02
38,6,1.70094364,4.807018,3.15956168e-02
39,6,1.73131764,4.688886,2.00471300e-02
40,6,1.73131764,4.688886,2.00472383e-02
41,6,1.75279515,4.699999,2.33320029e-02
42,6,1.77427297,4.799212,1.49094940e-02
43,6,1.79575048,4.939569,1.07370925e-02
44,6,1.81722830,5.065296,1.32607739e-01
45,6,1.83870581,5.195651,1.36380658e-01
46,6,1.86018364,5.333572,1.39629035e-01
47,6,1.88166114,5.477195,1.42562489e-01
48,6,1.90313897,5.625267,1.45344066e-01
49,6,1.92461647,5.776664,1.48128597e-01
50,6,1.94609430,5.930598,1.51050639e-01
51,6,1.96757180,6.086532,1.54278845e-01
52,6,1.98904963,6.243739,1.58026263e-01
53,6,2.01052713,6.401394,1.62638493e-01
54,6,2.03200496,6.558659,1.68583451e-01
55,6,2.05348246,6.713933,1.76771152e-01
56,6,2.07496029,6.864863,1.88860654e-01
57,6,2.09643779,7.004239,2.07746543e-01
58,6,2.11791562,7.116496,2.36191719e-01
59,6,2.13939312,7.164785,2.59940733e-01
60,6,2.13939312,7.164785,2.59940736e-01
61,6,2.20382612,6.686147,2.49920075e-01
62,6,2.26825912,6.227142,2.38911815e-01
63,6,2.33269211,5.881088,7.69785424e-04
64,6,2.39712495,5.666431,2.28891790e-02
65,6,2.46155794,5.304217,4.33431249e-02
66,6,2.52599094,4.938639,5.80275984e-02
67,6,2.59042394,4.591579,7.02188726e-02
68,6,2.65485693,4.267603,8.06819092e-02
69,6,2.71928993,3.966560,8.93702599e-02
70,6,2.78372276,3.688152,9.58301791e-02
71,6,2.84815576,3.434025,9.95179164e-02
72,6,2.91258876,3.203003,9.96382599e-02
73,6,2.97702175,2.994195,9.52961623e-02
74,6,3.04145475,2.806825,8.55919938e-02
75,6,3.10588775,2.640663,6.99749636e-02
76,6,3.17032058,2.548351,1.60946646e-02
77,6,3.23475363,2.458214,1.47744894e-02
78,6,3.29918661,2.342919,9.21703593e-03
79,6,3.36361957,2.274995,9.98910574e-06
80,6,3.36361957,2.274995,2.11944552e-07
81,6,3.41622887,2.303229,2.42306945e-03
82,6,3.46883817,2.366765,2.66811276e-02
83,6,3.52144747,2.469830,1.95655864e-02
84,6,3.57405686,2.598166,1.58645181e-03
85,6,3.62666598,2.739683,1.18520302e-03
86,6,3.67927530,2.881542,2.37005615e-01
87,6,3.73188462,3.011233,3.39727935e-01
88,6,3.78449394,3.117875,2.85503038e-01
89,6,3.83710326,3.192899,1.89844716e-01
90,6,3.88971258,3.234047,2.41043582e-01
91,6,3.94232191,3.244219,2.35260367e-01
92,6,3.99493123,3.230154,4.13349502e-02
93,6,4.04754055,3.200406,3.74766301e-01
94,6,4.10014987,3.162864,3.70518496e-01
95,6,4.15275899,3.124037,4.14568014e-01
96,6,4.20536831,3.089200,3.71072575e-01
97,6,4.25797763,3.061860,2.78458336e-01
98,6,4.31058696,3.044540,1.39989381e-01
99,6,4.36319628,3.037693,3.76024591e-01
0,7,0.00000000,3.020503,2.10631226e-03
1,7,0.06074799,3.103032,1.54793017e-02
2,7,0.12149598,3.322531,3.60541194e-02
3,7,0.18224397,3.618009,5.81081589e-02
4,7,0.24299205,3.911187,7.93700477e-02
5,7,0.30373983,4.090297,9.62840839e-02
6,7,0.36448784,4.036068,9.98094156e-02
7,7,0.42523585,4.353477,1.89073939e-01
8,7,0.48598386,4.794438,2.06003345e-01
9,7,0.54673188,5.246494,2.19392102e-01
10,7,0.60747989,5.707975,2.29617660e-01
11,7,0.66822790,6.178182,2.37021156e-01
12,7,0.72897591,6.653573,2.41916515e-01
13,7,0.78972392,7.135955,2.45034550e-01
14,7,0.85047193,7.623230,2.47007026e-01
15,7,0.91121971,8.117273,2.49297656e-01
16,7,0.97196773,8.610387,2.53928480e-01
17,7,1.03271574,9.095365,2.66526239e-01
18,7,1.09346375,9.540429,3.01330910e-01
19,7,1.15421176,9.778135,3.52370638e-01
20,7,1.15421176,9.778135,3.52370656e-01
21,7,1.18458576,9.751137,3.48598965e-01
22,7,1.21495976,9.664358,3.32649313e-01
23,7,1.24533376,9.507946,2.99985676e-01
24,7,1.27570776,9.284278,2.58903680e-01
25,7,1.30608176,9.010263,2.22211755e-01
26,7,1.33645576,8.704441,1.94460167e-01
27,7,1.36682976,8.378108,1.74303682e-01
28,7,1.39720381,8.042206,1.60036014e-01
29,7,1.42757781,7.701520,1.49765305e-01
30,7,1.45795159,7.358434,1.42089515e-01
31,7,1.48832560,7.015337,1.36438313e-01
32,7,1.51869960,6.672463,1.31985620e-01
33,7,1.54907361,6.334162,1.28739749e-01
34,7,1.57944761,6.000866,1.26198224e-01
35,7,1.60982162,5.673880,1.24306233e-01
36,7,1.64019563,5.357423,1.22733154e-01
37,7,1.67056963,5.059744,1.21088314e-01
38,7,1.70094364,4.807018,1.18590792e-01
39,7,1.73131764,4.688886,1.26190485e-01
40,7,1.73131764,4.688886,1.26190379e-01
41,7,1.75279515,4.752448,1.15915228e-01
42,7,1.77427297,4.839416,1.22482324e-01
43,7,1.79575048,4.945198,1.28058014e-01
44,7,1.81722830,5.099288,8.50526726e-03
45,7,1.83870581,5.269835,7.16931236e-03
46,7,1.86018364,5.447473,6.28786197e-03
47,7,1.88166114,5.630333,5.65812655e-03
48,7,1.90313897,5.817656,5.17463290e-03
49,7,1.92461647,6.008183,4.78671946e-03
50,7,1.94609430,6.201417,4.45629037e-03
51,7,1.96757180,6.397613,4.16459885e-03
52,7,1.98904963,6.596115,3.89594699e-03
53,7,2.01052713,6.797382,3.63630201e-03
54,7,2.03200496,6.999308,3.38423405e-03
55,7,2.05348246,7.202049,3.12750879e-03
56,7,2.07496029,7.405057,2.85268370e-03
57,7,2.09643779,7.603816,2.55378375e-03
58,7,2.11791562,7.748707,5.66127382e-02
59,7,2.13939312,7.702336,3.40842100e-02
60,7,2.13939312,7.702336,3.40842116e-02
61,7,2.20382612,7.215723,4.88758940e-02
62,7,2.26825912,6.799880,7.89998749e-02
63,7,2.33269211,6.732269,1.43755301e-01
64,7,2.39712495,6.440299,2.70406492e-04
65,7,2.46155794,6.139456,5.15353666e-04
66,7,2.52599094,5.875243,1.69768388e-03
67,7,2.59042394,5.655426,4.35427517e-03
68,7,2.65485693,5.488431,9.19773755e-03
69,7,2.71928993,5.380580,1.69384762e-02
70,7,2.78372276,5.329732,2.78962289e-02
71,7,2.84815576,5.315887,4.17115015e-02
72,7,2.91258876,5.287425,5.71733877e-02
73,7,2.97702175,5.157682,7.02547144e-02
74,7,3.04145475,4.851312,7.31066321e-02
75,7,3.10588775,4.393370,6.38630408e-02
76,7,3.17032058,3.882557,4.71593630e-02
77,7,3.23475363,3.423254,2.67912114e-02
78,7,3.29918661,3.119101,9.46265087e-03
79,7,3.36361957,3.020503,2.10631194e-03
80,7,3.36361957,3.020503,2.10631206e-03
81,7,3.41622887,3.086656,2.35568522e-03
82,7,3.46883817,3.296273,2.76217448e-03
83,7,3.52144747,3.633642,2.87697678e-03
84,7,3.57405686,4.047656,2.74822940e-03
85,7,3.62666598,4.499263,2.52543759e-03
86,7,3.67927530,4.965141,2.28177686e-03
87,7,3.73188462,5.433911,2.04827331e-03
88,7,3.78449394,5.897802,1.83986659e-03
89,7,3.83710326,6.348814,1.66487786e-03
90,7,3.88971258,6.772653,1.52552956e-03
91,7,3.94232191,7.135813,1.39903338e-03
92,7,3.99493123,7.373992,1.19978465e-03
93,7,4.04754055,7.454108,9.30993147e-04
94,7,4.10014987,7.437108,7.33525038e-04
95,7,4.15275899,7.387328,6.18691979e-04
96,7,4.20536831,7.335059,5.52601699e-04
97,7,4.25797763,7.292487,5.14418230e-04
98,7,4.31058696,7.265248,4.93691686e-04
99,7,4.36319628,7.255859,4.85891920e-04
0,8,0.00000000,7.439846,2.33228061e-07
1,8,0.06074799,7.358478,1.27442317e-03
2,8,0.12149598,7.083810,3.96894364e-03
3,8,0.18224397,6.723670,4.53105309e-03
4,8,0.24299205,6.374932,1.72627488e-03
5,8,0.30373983,6.161960,5.03943592e-04
6,8,0.36448784,6.211337,1.09390796e-02
7,8,0.42523585,6.510669,2.69003712e-02
8,8,0.48598386,6.951435,3.90044360e-02
9,8,0.54673188,7.459296,4.66075962e-02
10,8,0.60747989,8.000236,5.10126379e-02
11,8,0.66822790,8.557251,5.31868019e-02
12,8,0.72897591,9.118172,5.38266651e-02
13,8,0.78972392,9.678603,5.33158723e-02
14,8,0.85047193,10.073465,4.23384490e-03
15,8,0.91121971,10.459379,4.57961073e-03
16,8,0.97196773,10.873249,4.85320013e-03
17,8,1.03271574,11.308836,5.05237952e-03
18,8,1.09346375,10.962063,3.32687188e-03
19,8,1.15421176,10.719854,4.68809413e-03
20,8,1.15421176,10.719854,4.68809468e-03
21,8,1.18458576,10.676350,5.66247488e-03
22,8,1.21495976,10.576012,9.30743330e-03
23,8,1.24533376,10.472638,9.13500247e-03
24,8,1.27570776,10.395856,1.20613060e-02
25,8,1.30608176,10.346946,1.38191600e-02
26,8,1.33645576,10.317337,1.51495147e-02
27,8,1.36682976,10.298527,1.64391682e-02
28,8,1.39720381,10.287642,1.78138570e-02
29,8,1.42757781,10.281729,1.92560206e-02
30,8,1.45795159,10.278302,2.07818423e-02
31,8,1.48832560,10.277010,2.22569019e-02
32,8,1.51869960,10.276169,2.36790197e-02
33,8,1.54907361,10.276772,2.50111119e-02
34,8,1.57944761,10.277770,2.62091283e-02
35,8,1.60982162,10.278861,2.72331297e-02
36,8,1.64019563,10.279888,2.80537182e-02
37,8,1.67056963,10.280718,2.86459817e-02
38,8,1.70094364,10.281969,2.89970920e-02
39,8,1.73131764,10.282995,2.90800210e-02
40,8,1.73131764,10.282995,2.90799749e-02
41,8,1.75279515,10.167889,1.35762259e-01
42,8,1.77427297,10.045536,1.35454956e-01
43,8,1.79575048,9.918268,1.35177074e-01
44,8,1.81722830,9.786249,1.34920661e-01
45,8,1.83870581,9.649955,1.34650282e-01
46,8,1.86018364,9.509888,1.34326930e-01
47,8,1.88166114,9.366472,1.33902227e-01
48,8,1.90313897,9.220458,1.33334206e-01
49,8,1.92461647,9.071449,1.32513857e-01
50,8,1.94609430,8.920199,1.31366445e-01
51,8,1.96757180,8.767125,1.29749468e-01
52,8,1.98904963,8.612697,1.27471375e-01
53,8,2.01052713,8.455845,1.24184881e-01
54,8,2.03200496,8.300848,1.19471683e-01
55,8,2.05348246,8.147483,1.12426187e-01
56,8,2.07496029,7.998617,1.01442280e-01
57,8,2.09643779,7.860322,8.36993795e-02
58,8,2.11791562,7.787577,2.25302778e-03
59,8,2.13939312,7.889672,2.81390724e-03
60,8,2.13939312,7.889672,2.81390724e-03
61,8,2.20382612,7.501657,2.03588763e-03
62,8,2.26825912,7.127311,1.24511240e-03
63,8,2.33269211,6.771575,5.96264945e-04
64,8,2.39712495,6.737550,4.27379266e-03
65,8,2.46155794,6.455206,3.46589080e-03
66,8,2.52599094,6.214921,2.48654640e-03
67,8,2.59042394,6.022615,1.44848426e-03
68,8,2.65485693,5.885740,5.46255416e-04
69,8,2.71928993,5.804898,3.70772204e-05
70,8,2.78372276,5.783720,1.76835779e-04
71,8,2.84815576,5.826822,1.13547509e-03
72,8,2.91258876,5.934049,2.89468002e-03
73,8,2.97702175,6.102644,5.16304824e-03
74,8,3.04145475,6.326262,7.36332989e-03
75,8,3.10588775,6.593194,8.70167382e-03
76,8,3.17032058,6.883560,8.34248401e-03
77,8,3.23475363,7.163689,5.81901775e-03
78,8,3.29918661,7.379632,2.01448621e-03
79,8,3.36361957,7.439846,2.33226771e-07
80,8,3.36361957,7.439846,2.33227508e-07
81,8,3.41622887,7.428910,1.51435228e-03
82,8,3.46883817,7.334219,4.68778911e-03
83,8,3.52144747,7.202059,6.60247719e-03
84,8,3.57405686,7.057679,6.94615523e-03
85,8,3.62666598,6.923868,2.03854527e-03
86,8,3.67927530,6.819811,2.14198308e-03
87,8,3.73188462,6.762105,9.79238888e-05
88,8,3.78449394,6.765239,1.89639716e-03
89,8,3.83710326,6.836767,5.44418554e-03
90,8,3.88971258,6.980951,1.67542589e-02
91,8,3.94232191,7.195369,3.33633558e-02
92,8,3.99493123,7.473271,3.43661537e-02
93,8,4.04754055,7.808703,1.26758266e-02
94,8,4.10014987,8.190079,5.48970183e-02
95,8,4.15275899,8.608903,7.45709897e-02
96,8,4.20536831,9.063518,9.71982612e-02
97,8,4.25797763,9.535658,9.48834653e-02
98,8,4.31058696,10.003533,2.38181730e-02
99,8,4.36319628,10.290997,1.00530551e-05
0,9,0.00000000,7.456025,1.47963036e-05
1,9,0.06074799,7.477038,4.66578617e-05
2,9,0.12149598,7.517033,6.83507157e-09
3,9,0.18224397,7.583765,4.45022829e-05
4,9,0.24299205,7.677220,1.78335061e-04
5,9,0.30373983,7.797374,3.96741223e-04
6,9,0.36448784,7.944199,6.92128992e-04
7,9,0.42523585,8.117658,1.05430222e-03
8,9,0.48598386,8.317712,1.47089945e-03
9,9,0.54673188,8.544302,1.92729795e-03
10,9,0.60747989,8.797372,2.40778881e-03
11,9,0.66822790,9.077530,2.89591359e-03
12,9,0.72897591,9.383311,3.37389357e-03
13,9,0.78972392,9.715326,3.82522778e-03
14,9,0.85047193,10.228431,5.19764319e-02
15,9,0.91121971,10.765232,5.00265630e-02
16,9,0.97196773,11.282688,4.76978072e-02
17,9,1.03271574,11.418463,3.66411177e-03
18,9,1.09346375,10.962063,5.37800209e-02
19,9,1.15421176,10.719854,4.11011571e-07
20,9,1.15421176,10.719854,4.10293264e-07
21,9,1.18458576,10.676350,9.76735388e-04
22,9,1.21495976,10.576012,8.74741083e-03
23,9,1.24533376,10.472638,3.51805787e-02
24,9,1.27570776,10.395856,6.58060425e-02
25,9,1.30608176,10.346946,9.34091734e-02
26,9,1.33645576,10.317337,1.13586446e-01
27,9,1.36682976,10.298527,1.27306875e-01
28,9,1.39720381,10.287642,1.36243324e-01
29,9,1.42757781,10.281729,1.41936660e-01
30,9,1.45795159,10.278302,1.45515027e-01
31,9,1.48832560,10.277010,1.47672425e-01
32,9,1.51869960,10.276169,1.48941544e-01
33,9,1.54907361,10.276772,1.49539222e-01
34,9,1.57944761,10.277771,1.49762856e-01
35,9,1.60982162,10.278861,1.49793635e-01
36,9,1.64019563,10.279888,1.49753034e-01
37,9,1.67056963,10.280718,1.49731181e-01
38,9,1.70094364,10.281969,1.49797850e-01
39,9,1.73131764,10.282995,1.49964513e-01
40,9,1.73131764,10.282995,1.49964560e-01
41,9,1.75279515,10.385342,3.76099266e-02
42,9,1.77427297,10.466852,3.14986434e-02
43,9,1.79575048,10.520452,2.49056162e-02
44,9,1.81722830,10.538206,1.83628786e-02
45,9,1.83870581,10.514916,1.26384851e-02
46,9,1.86018364,10.450343,8.32339781e-03
47,9,1.88166114,10.349022,5.52025846e-03
48,9,1.90313897,10.218542,3.94164419e-03
49,9,1.92461647,10.064740,3.20066076e-03
50,9,1.94609430,9.893144,2.96733656e-03
51,9,1.96757180,9.710458,3.03186649e-03
52,9,1.98904963,9.519077,3.25848038e-03
53,9,2.01052713,9.319986,3.57601865e-03
54,9,2.03200496,9.118471,3.93430109e-03
55,9,2.05348246,8.914771,4.31700467e-03
56,9,2.07496029,8.711371,4.72258742e-03
57,9,2.09643779,8.511147,5.15065199e-03
58,9,2.11791562,8.326354,5.58593385e-03
59,9,2.13939312,8.224283,5.11479823e-03
60,9,2.13939312,8.224283,5.11479832e-03
61,9,2.20382612,7.807405,5.24824216e-03
62,9,2.26825912,7.418616,5.17134203e-03
63,9,2.33269211,7.061166,4.85568977e-03
64,9,2.39712495,7.397290,1.33790217e-01
65,9,2.46155794,8.228929,1.23455018e-01
66,9,2.52599094,9.040115,1.17933661e-01
67,9,2.59042394,9.734722,1.11971884e-01
68,9,2.65485693,10.178476,9.89004533e-02
69,9,2.71928993,10.294186,7.86115712e-02
70,9,2.78372276,9.525204,5.00761862e-02
71,9,2.84815576,8.749934,4.26042726e-02
72,9,2.91258876,8.084559,2.98900835e-02
73,9,2.97702175,7.595495,1.41877740e-02
74,9,3.04145475,7.341954,3.30585959e-03
75,9,3.10588775,7.284385,2.62742682e-04
76,9,3.17032058,7.326265,3.48645473e-04
77,9,3.23475363,7.392862,5.35504143e-04
78,9,3.29918661,7.444525,3.74329556e-04
79,9,3.36361957,7.456025,2.25791252e-04
80,9,3.36361957,7.456025,1.41721495e-04
81,9,3.41622887,7.428910,6.27471319e-04
82,9,3.46883817,7.334219,1.04848966e-03
83,9,3.52144747,7.202059,1.84580776e-03
84,9,3.57405686,7.057679,1.68995061e-03
85,9,3.62666598,6.923868,4.17707673e-03
86,9,3.67927530,6.819811,4.05820417e-04
87,9,3.73188462,6.762105,5.23405692e-05
88,9,3.78449394,6.765239,2.56196789e-04
89,9,3.83710326,6.836767,5.55487185e-03
90,9,3.88971258,6.980951,1.03210367e-02
91,9,3.94232191,7.195369,1.50000890e-02
92,9,3.99493123,7.473271,3.71715350e-02
93,9,4.04754055,7.808703,8.05646199e-02
94,9,4.10014987,8.190079,5.63085969e-02
95,9,4.15275899,8.608903,4.87437564e-02
96,9,4.20536831,9.063518,3.04038864e-02
97,9,4.25797763,9.535658,2.44665112e-02
98,9,4.31058696,10.003533,5.82367265e-02
99,9,4.36319628,10.290997,1.65732229e-05
0,10,0.00000000,7.456025,2.18727571e-04
1,10,0.06074799,7.495489,3.05666589e-07
2,10,0.12149598,7.657169,5.12658157e-06
3,10,0.18224397,7.913552,5.63397196e-05
4,10,0.24299205,8.249913,2.12119761e-04
5,10,0.30373983,8.651824,5.23186349e-04
6,10,0.36448784,9.105844,1.02507226e-03
7,10,0.42523585,9.600887,1.74064750e-03
8,10,0.48598386,10.126813,2.68927573e-03
9,10,0.54673188,10.673041,3.89673707e-03
10,10,0.60747989,11.227907,5.40727774e-03
11,10,0.66822790,11.776296,7.29555378e-03
12,10,0.72897591,12.296502,9.67200279e-03
13,10,0.78972392,12.757777,1.26562384e-02
14,10,0.85047193,12.824583,9.72241831e-03
15,10,0.91121971,12.400700,6.77455263e-03
16,10,0.97196773,11.915740,4.84680036e-03
17,10,1.03271574,11.418463,8.87786447e-02
18,10,1.09346375,11.769927,5.16291250e-03
19,10,1.15421176,12.256298,1.06887601e-02
20,10,1.15421176,12.256298,1.06887568e-02
21,10,1.18458576,12.289874,1.23704704e-02
22,10,1.21495976,12.351798,1.73601227e-02
23,10,1.24533376,12.398739,2.40819378e-02
24,10,1.27570776,12.429150,2.90041338e-02
25,10,1.30608176,12.453178,3.16110540e-02
26,10,1.33645576,12.475427,3.26527582e-02
27,10,1.36682976,12.497270,3.28192846e-02
28,10,1.39720381,12.519539,3.25057287e-02
29,10,1.42757781,12.543216,3.19354818e-02
30,10,1.45795159,12.567286,3.13278162e-02
31,10,1.48832560,12.591549,3.07172983e-02
32,10,1.51869960,12.615304,3.01530953e-02
33,10,1.54907361,12.637992,2.97107007e-02
34,10,1.57944761,12.661070,2.93750364e-02
35,10,1.60982162,12.678304,2.91542821e-02
36,10,1.64019563,12.693327,2.89566452e-02
37,10,1.67056963,12.704531,2.88247338e-02
38,10,1.70094364,12.712000,2.87469375e-02
39,10,1.73131764,12.715142,2.87020073e-02
40,10,1.73131764,12.715142,2.87026305e-02
41,10,1.75279515,12.604635,3.29969653e-02
42,10,1.77427297,12.509566,3.74247387e-02
43,10,1.79575048,12.439568,4.23480670e-02
44,10,1.81722830,12.402184,4.72494538e-02
45,10,1.83870581,12.403074,5.13863598e-02
46,10,1.86018364,12.443153,5.41774013e-02
47,10,1.88166114,12.518517,5.55111018e-02
48,10,1.90313897,12.623087,5.56593573e-02
49,10,1.92461647,12.749617,5.50049540e-02
50,10,1.94609430,12.892086,5.38629805e-02
51,10,1.96757180,13.047807,5.24769221e-02
52,10,1.98904963,13.212775,5.09823712e-02
53,10,2.01052713,13.384773,4.94778347e-02
54,10,2.03200496,13.560909,4.80367241e-02
55,10,2.05348246,13.739177,4.67518172e-02
56,10,2.07496029,13.917630,4.58278937e-02
57,10,2.09643779,14.088133,4.56503003e-02
58,10,2.11791562,14.236996,4.74867634e-02
59,10,2.13939312,14.310373,5.11236806e-02
60,10,2.13939312,14.310373,5.11236788e-02
61,10,2.20382612,14.326600,1.90671345e-02
62,10,2.26825912,13.987909,3.76180641e-03
63,10,2.33269211,13.562116,1.08410247e-03
64,10,2.39712495,13.135326,4.73542824e-04
65,10,2.46155794,12.727055,4.01554506e-04
66,10,2.52599094,12.335868,1.07257299e-03
67,10,2.59042394,11.918516,1.09038592e-02
68,10,2.65485693,11.219374,4.66209161e-02
69,10,2.71928993,10.362869,5.25532265e-02
70,10,2.78372276,10.162406,5.96454124e-02
71,10,2.84815576,9.891680,4.39954345e-02
72,10,2.91258876,9.540361,3.05928430e-02
73,10,2.97702175,9.141487,1.92928433e-02
74,10,3.04145475,8.724592,1.06303608e-02
75,10,3.10588775,8.321355,4.85175332e-03
76,10,3.17032058,7.964033,1.65140258e-03
77,10,3.23475363,7.682671,3.32156317e-04
78,10,3.29918661,7.502275,2.19642454e-05
79,10,3.36361957,7.456025,7.73263637e-06
80,10,3.36361957,7.456025,9.18023442e-05
81,10,3.41622887,7.481654,2.08108747e-05
82,10,3.46883817,7.603432,7.26419769e-05
83,10,3.52144747,7.796201,1.49756554e-04
84,10,3.57405686,8.042624,2.41075057e-04
85,10,3.62666598,8.310864,3.25443829e-04
86,10,3.67927530,8.542050,3.60774067e-04
87,10,3.73188462,8.659973,3.07972020e-04
88,10,3.78449394,8.647300,2.09005616e-04
89,10,3.83710326,8.563165,1.17928402e-04
90,10,3.88971258,8.472282,4.19501446e-05
91,10,3.94232191,8.435490,7.31940231e-08
92,10,3.99493123,8.530259,6.31417749e-05
93,10,4.04754055,8.797496,1.95092888e-04
94,10,4.10014987,9.178371,2.62573317e-04
95,10,4.15275899,9.605455,2.62466725e-04
96,10,4.20536831,10.043164,2.21778914e-04
97,10,4.25797763,10.459301,1.51223040e-04
98,10,4.31058696,10.797734,5.71665643e-05
99,10,4.36319628,10.941567,8.62530664e-08
0,11,0.00000000,10.822728,5.42542683e-07
1,11,0.06074799,10.846622,3.33851221e-02
2,11,0.12149598,10.910313,3.31585315e-02
3,11,0.18224397,11.016333,3.26332477e-02
4,11,0.24299205,11.164296,3.18342171e-02
5,11,0.30373983,11.355910,3.07746107e-02
6,11,0.36448784,11.584741,2.95456015e-02
7,11,0.42523585,11.850341,2.81704286e-02
8,11,0.48598386,12.150350,2.66812338e-02
9,11,0.54673188,12.468299,2.51361013e-02
10,11,0.60747989,12.785547,2.34727613e-02
11,11,0.66822790,13.057650,2.14113702e-02
12,11,0.72897591,13.198087,1.82649756e-02
13,11,0.78972392,13.122071,1.38631324e-02
14,11,0.85047193,12.824583,9.77962837e-02
15,11,0.91121971,12.400700,1.00889390e-01
16,11,0.97196773,11.915740,9.95368335e-02
17,11,1.03271574,11.775185,4.51118617e-02
18,11,1.09346375,12.234754,4.23624715e-02
19,11,1.15421176,12.256298,2.57103951e-06
20,11,1.15421176,12.256298,2.57445396e-06
21,11,1.18458576,12.289874,2.89606163e-04
22,11,1.21495976,12.351798,2.38036544e-03
23,11,1.24533376,12.398739,3.85821983e-03
24,11,1.27570776,12.429150,4.44017135e-03
25,11,1.30608176,12.453178,5.27851133e-03
26,11,1.33645576,12.475427,6.62506992e-03
27,11,1.36682976,12.497270,8.34250303e-03
28,11,1.39720381,12.519539,1.02708189e-02
29,11,1.42757781,12.543216,1.23237538e-02
30,11,1.45795159,12.567286,1.43373952e-02
31,11,1.48832560,12.591549,1.62925613e-02
32,11,1.51869960,12.615304,1.81356464e-02
33,11,1.54907361,12.637992,1.97719367e-02
34,11,1.57944761,12.661070,2.11763496e-02
35,11,1.60982162,12.678304,2.23322120e-02
36,11,1.64019563,12.693327,2.32754554e-02
37,11,1.67056963,12.704531,2.39336708e-02
38,11,1.70094364,12.712000,2.42851070e-02
39,11,1.73131764,12.715142,2.43374987e-02
40,11,1.73131764,12.715142,2.43368740e-02
41,11,1.75279515,12.833813,2.59962273e-02
42,11,1.77427297,12.958591,2.81047332e-02
43,11,1.79575048,13.087967,3.00545984e-02
44,11,1.81722830,13.221856,3.18203441e-02
45,11,1.83870581,13.358965,3.34195524e-02
46,11,1.86018364,13.498644,3.48618052e-02
47,11,1.88166114,13.640320,3.61590977e-02
48,11,1.90313897,13.783566,3.73142689e-02
49,11,1.92461647,13.927639,3.83609716e-02
50,11,1.94609430,14.073285,3.92854145e-02
51,11,1.96757180,14.217594,4.01357971e-02
52,11,1.98904963,14.361086,4.09162780e-02
53,11,2.01052713,14.500257,4.17256032e-02
54,11,2.03200496,14.639514,4.24938331e-02
55,11,2.05348246,14.774935,4.34041488e-02
56,11,2.07496029,14.860824,9.02804702e-03
57,11,2.09643779,14.781619,1.20670443e-02
58,11,2.11791562,14.689321,1.29488163e-02
59,11,2.13939312,14.634897,1.02433718e-02
60,11,2.13939312,14.634897,1.02433720e-02
61,11,2.20382612,14.991442,8.36604998e-03
62,11,2.26825912,14.529700,8.27224157e-03
63,11,2.33269211,14.089122,7.82479147e-03
64,11,2.39712495,13.684470,6.70683585e-03
65,11,2.46155794,13.334839,4.62664177e-03
66,11,2.52599094,13.071446,1.70807860e-03
67,11,2.59042394,12.318770,5.13014305e-02
68,11,2.65485693,11.781289,1.45786415e-02
69,11,2.71928993,11.467761,7.62226922e-03
70,11,2.78372276,11.215014,6.88558276e-03
71,11,2.84815576,11.007548,7.61177845e-03
72,11,2.91258876,10.845867,9.20523995e-03
73,11,2.97702175,10.731252,1.15959067e-02
74,11,3.04145475,10.667642,1.47786037e-02
75,11,3.10588775,10.653806,1.87584025e-02
76,11,3.17032058,10.684899,2.32928197e-02
77,11,3.23475363,10.743953,2.78396111e-02
78,11,3.29918661,10.801488,3.14629509e-02
79,11,3.36361957,10.822728,5.41383114e-07
80,11,3.36361957,10.822728,5.42953709e-07
81,11,3.41622887,10.784795,6.77971994e-07
82,11,3.46883817,10.673344,4.02617020e-07
83,11,3.52144747,10.516833,3.83102650e-08
84,11,3.57405686,10.349258,2.90392509e-06
85,11,3.62666598,10.216837,2.16478793e-05
86,11,3.67927530,10.179490,8.90622952e-05
87,11,3.73188462,10.318658,2.32783983e-04
88,11,3.78449394,10.652245,3.98487066e-04
89,11,3.83710326,11.121407,5.28392872e-04
90,11,3.88971258,11.666553,6.18863460e-04
91,11,3.94232191,12.245464,6.80369095e-04
92,11,3.99493123,12.815947,7.20530516e-04
93,11,4.04754055,13.311784,7.37356248e-04
94,11,4.10014987,13.602422,1.08979054e-01
95,11,4.15275899,13.015949,1.50355126e-01
96,11,4.20536831,12.426351,1.73058447e-01
97,11,4.25797763,11.851412,1.47793064e-01
98,11,4.31058696,11.321113,1.04002432e-01
99,11,4.36319628,11.010095,3.55720558e-01
0,12,0.00000000,10.822728,1.31859797e-01
1,12,0.06074799,10.846622,9.83854033e-02
2,12,0.12149598,10.910313,9.59239776e-02
3,12,0.18224397,11.016333,9.22872691e-02
4,12,0.24299205,11.164296,8.76900849e-02
5,12,0.30373983,11.355910,8.23460044e-02
6,12,0.36448784,11.584741,7.67895267e-02
7,12,0.42523585,11.850341,7.14150786e-02
8,12,0.48598386,12.150350,6.67593582e-02
9,12,0.54673188,12.468299,6.38183420e-02
10,12,0.60747989,12.785547,6.37950656e-02
11,12,0.66822790,13.057650,6.84700704e-02
12,12,0.72897591,13.198087,7.88203515e-02
13,12,0.78972392,13.122071,9.03302992e-02
14,12,0.85047193,13.118528,1.62683881e-02
15,12,0.91121971,13.334138,2.02386716e-02
16,12,0.97196773,13.376436,2.40147966e-02
17,12,1.03271574,13.253234,2.71782804e-02
18,12,1.09346375,12.767689,5.20832668e-03
19,12,1.15421176,12.648925,7.10479703e-02
20,12,1.15421176,12.648925,7.10476497e-02
21,12,1.18458576,12.688796,5.78833014e-02
22,12,1.21495976,12.822789,4.92928316e-02
23,12,1.24533376,13.051138,4.55939050e-02
24,12,1.27570776,13.341012,4.32736195e-02
25,12,1.30608176,13.664647,4.13196811e-02
26,12,1.33645576,14.006766,3.94194551e-02
27,12,1.36682976,14.358662,3.74705849e-02
28,12,1.39720381,14.713812,3.54343084e-02
29,12,1.42757781,15.068216,3.32149700e-02
30,12,1.45795159,15.415296,3.05471331e-02
31,12,1.48832560,15.735894,2.66673739e-02
32,12,1.51869960,15.992078,1.95797672e-02
33,12,1.54907361,16.124975,9.59359164e-03
34,12,1.57944761,16.142470,2.46887977e-03
35,12,1.60982162,16.112061,1.88713598e-03
36,12,1.64019563,16.073330,1.53957952e-03
37,12,1.67056963,16.040432,1.20903397e-03
38,12,1.70094364,16.019954,1.03840321e-03
39,12,1.73131764,16.013269,1.01936756e-03
40,12,1.73131764,16.013269,1.01934799e-03
41,12,1.75279515,15.904599,1.22699146e-03
42,12,1.77427297,15.798912,1.23175151e-03
43,12,1.79575048,15.698660,1.25053523e-03
44,12,1.81722830,15.604185,1.27882730e-03
45,12,1.83870581,15.515978,1.32084208e-03
46,12,1.86018364,15.434221,1.38109256e-03
47,12,1.88166114,15.358880,1.46528192e-03
48,12,1.90313897,15.289687,1.57361606e-03
49,12,1.92461647,15.226486,1.73341798e-03
50,12,1.94609430,15.168468,1.96583819e-03
51,12,1.96757180,15.115463,2.28678055e-03
52,12,1.98904963,15.066300,2.75805135e-03
53,12,2.01052713,15.019534,3.47037815e-03
54,12,2.03200496,14.972687,4.59497350e-03
55,12,2.05348246,14.921601,6.38516582e-03
56,12,2.07496029,14.905886,4.47191668e-02
57,12,2.09643779,15.025974,4.71945496e-02
58,12,2.11791562,15.126305,5.24706446e-02
59,12,2.13939312,15.172913,5.91700022e-02
60,12,2.13939312,15.172913,5.91700011e-02
61,12,2.20382612,15.029316,1.14019507e-02
62,12,2.26825912,15.333100,6.88588283e-02
63,12,2.33269211,15.484666,8.29411852e-02
64,12,2.39712495,15.022681,7.03627684e-02
65,12,2.46155794,14.131803,6.05743747e-02
66,12,2.52599094,13.195347,5.92703293e-02
67,12,2.59042394,12.963624,4.60104112e-05
68,12,2.65485693,13.117862,5.47358111e-03
69,12,2.71928993,13.470587,1.87791347e-02
70,12,2.78372276,13.274738,2.06828754e-02
71,12,2.84815576,12.742649,2.46698923e-02
72,12,2.91258876,12.241778,3.23922149e-02
73,12,2.97702175,11.822122,4.11087964e-02
74,12,3.04145475,11.488964,4.91075541e-02
75,12,3.10588775,11.235044,5.55089840e-02
76,12,3.17032058,11.048081,6.02033654e-02
77,12,3.23475363,10.922229,6.33411104e-02
78,12,3.29918661,10.849111,6.51907629e-02
79,12,3.36361957,10.822728,1.17159722e-01
80,12,3.36361957,10.822728,1.53814481e-01
81,12,3.41622887,10.889489,1.82473564e-01
82,12,3.46883817,11.072575,8.30979831e-02
83,12,3.52144747,11.353993,8.18211945e-02
84,12,3.57405686,11.711286,7.79813373e-02
85,12,3.62666598,12.125878,9.12486171e-02
86,12,3.67927530,12.582440,1.08875092e-01
87,12,3.73188462,13.068289,5.59983119e-02
88,12,3.78449394,13.570550,2.56344594e-02
89,12,3.83710326,14.061474,4.65229674e-02
90,12,3.88971258,14.487827,2.57014514e-02
91,12,3.94232191,14.715523,1.16552683e-01
92,12,3.99493123,14.577287,1.73387772e-02
93,12,4.04754055,14.148369,6.75155193e-02
94,12,4.10014987,13.602422,7.31659896e-02
95,12,4.15275899,13.015949,4.18478968e-02
96,12,4.20536831,12.426351,3.32425554e-02
97,12,4.25797763,11.851412,8.03327194e-02
98,12,4.31058696,11.321113,1.69197399e-01
99,12,4.36319628,11.010095,1.05216504e-04
0,13,0.00000000,10.822728,6.83914536e-02
1,13,0.06074799,10.898141,6.39730355e-02
2,13,0.12149598,11.083295,5.47942755e-02
3,13,0.18224397,11.325101,4.39943079e-02
4,13,0.24299205,11.587036,3.41849358e-02
5,13,0.30373983,11.857184,2.62890848e-02
6,13,0.36448784,12.136838,2.03339552e-02
7,13,0.42523585,12.432266,1.59936784e-02
8,13,0.48598386,12.750070,1.28895066e-02
9,13,0.54673188,13.095972,1.07016598e-02
10,13,0.60747989,13.474745,9.17477588e-03
11,13,0.66822790,13.893457,8.10916051e-03
12,13,0.72897591,14.347145,7.37426675e-03
13,13,0.78972392,14.842557,6.84656618e-03
14,13,0.85047193,15.055748,3.41404358e-03
15,13,0.91121971,14.448588,3.92557341e-03
16,13,0.97196773,13.864237,4.40379625e-03
17,13,1.03271574,13.303791,4.83554777e-03
18,13,1.09346375,12.998182,2.97066075e-02
19,13,1.15421176,12.648925,2.09048906e-04
20,13,1.15421176,12.648925,2.09368358e-04
21,13,1.18458576,12.688796,1.33060965e-02
22,13,1.21495976,12.822789,1.85694951e-02
23,13,1.24533376,13.051138,1.76816446e-02
24,13,1.27570776,13.341012,1.70668441e-02
25,13,1.30608176,13.664647,1.72485886e-02
26,13,1.33645576,14.006766,1.77512979e-02
27,13,1.36682976,14.358662,1.82604523e-02
28,13,1.39720381,14.713812,1.86453072e-02
29,13,1.42757781,15.068216,1.87998569e-02
30,13,1.45795159,15.415296,1.85759211e-02
31,13,1.48832560,15.735894,1.75701013e-02
32,13,1.51869960,15.992078,1.47199272e-02
33,13,1.54907361,16.124975,1.00848456e-02
34,13,1.57944761,16.142470,7.62000052e-03
35,13,1.60982162,16.112061,4.03467467e-03
36,13,1.64019563,16.073330,2.46058598e-03
37,13,1.67056963,16.040432,1.82701088e-03
38,13,1.70094364,16.019954,1.56646245e-03
39,13,1.73131764,16.013269,1.51066587e-03
40,13,1.73131764,16.013269,1.51068469e-03
41,13,1.75279515,16.116076,1.37052845e-03
42,13,1.77427297,16.203064,1.40102201e-03
43,13,1.79575048,16.270627,1.39256936e-03
44,13,1.81722830,16.313717,1.34176522e-03
45,13,1.83870581,16.329602,1.28442960e-03
46,13,1.86018364,16.319182,1.29992749e-03
47,13,1.88166114,16.286583,1.48428140e-03
48,13,1.90313897,16.237449,1.91914962e-03
49,13,1.92461647,16.177153,2.66241786e-03
50,13,1.94609430,16.109825,3.75582653e-03
51,13,1.96757180,16.038345,5.23171682e-03
52,13,1.98904963,15.964180,7.10221472e-03
53,13,2.01052713,15.887602,9.33265182e-03
54,13,2.03200496,15.808921,1.18257067e-02
55,13,2.05348246,15.699235,2.70445477e-02
56,13,2.07496029,15.544713,2.49669642e-02
57,13,2.09643779,15.424969,2.18474324e-02
58,13,2.11791562,15.351456,1.88545105e-02
59,13,2.13939312,15.328357,1.75909911e-02
60,13,2.13939312,15.328357,1.75909901e-02
61,13,2.20382612,15.153339,5.03508700e-02
62,13,2.26825912,15.409789,1.27930750e-02
63,13,2.33269211,15.772961,1.44263548e-02
64,13,2.39712495,16.110075,1.63794550e-02
65,13,2.46155794,16.429155,1.87424103e-02
66,13,2.52599094,16.496413,7.45519209e-05
67,13,2.59042394,15.724878,3.31161964e-04
68,13,2.65485693,14.989507,6.36260765e-04
69,13,2.71928993,14.447326,1.64250455e-04
70,13,2.78372276,14.766306,1.03961799e-02
71,13,2.84815576,15.362452,4.47725118e-02
72,13,2.91258876,14.613544,5.03424203e-02
73,13,2.97702175,13.858646,5.68204178e-02
74,13,3.04145475,13.126806,6.40947223e-02
75,13,3.10588775,12.440528,7.20831136e-02
76,13,3.17032058,11.823754,8.07446939e-02
77,13,3.23475363,11.310862,8.97830730e-02
78,13,3.29918661,10.955625,9.77440977e-02
79,13,3.36361957,10.822728,8.30915334e-02
80,13,3.36361957,10.822728,4.64367722e-02
81,13,3.41622887,10.889489,1.33363156e-02
82,13,3.46883817,11.072575,1.02959700e-01
83,13,3.52144747,11.353993,9.18121971e-02
84,13,3.57405686,11.711286,8.27751770e-02
85,13,3.62666598,12.125878,5.73983323e-02
86,13,3.67927530,12.582440,2.91732390e-02
87,13,3.73188462,13.068289,7.36220054e-02
88,13,3.78449394,13.570550,9.87765854e-02
89,13,3.83710326,14.061474,7.82781844e-02
90,13,3.88971258,14.487827,1.09266028e-01
91,13,3.94232191,14.715523,3.96499386e-02
92,13,3.99493123,14.577287,1.53530596e-01
93,13,4.04754055,14.148369,1.08295475e-01
94,13,4.10014987,13.613470,7.05748101e-04
95,13,4.15275899,13.616008,6.27910539e-04
96,13,4.20536831,13.381619,5.76789134e-04
97,13,4.25797763,13.050858,5.84245109e-04
98,13,4.31058696,12.745836,6.39554364e-04
99,13,4.36319628,12.610695,6.81182487e-04
0,14,0.00000000,14.790353,5.15206239e-05
1,14,0.06074799,14.881885,7.07536830e-04
2,14,0.12149598,15.151778,3.26130496e-03
3,14,0.18224397,15.586005,6.66545667e-03
4,14,0.24299205,16.160873,9.79956351e-03
5,14,0.30373983,16.847476,1.19875343e-02
6,14,0.36448784,17.614560,1.30611797e-02
7,14,0.42523585,18.433157,1.31437112e-02
8,14,0.48598386,17.966993,1.21620897e-03
9,14,0.54673188,17.325598,7.44344838e-04
10,14,0.60747989,16.745566,2.37181682e-04
11,14,0.66822790,16.272650,7.87053334e-06
12,14,0.72897591,15.989634,7.78391270e-04
13,14,0.78972392,15.686110,2.88594872e-03
14,14,0.85047193,15.379398,6.41744379e-03
15,14,0.91121971,15.957133,6.00238516e-03
16,14,0.97196773,16.569050,5.53609993e-03
17,14,1.03271574,17.207193,4.96748059e-03
18,14,1.09346375,17.849333,4.25887676e-03
19,14,1.15421176,18.436794,1.40628751e-04
20,14,1.15421176,18.436794,1.40627272e-04
21,14,1.18458576,18.386747,5.09022755e-05
22,14,1.21495976,18.258969,1.53058159e-04
23,14,1.24533376,18.091153,3.03001634e-04
24,14,1.27570776,17.906013,4.28709981e-04
25,14,1.30608176,17.717266,5.10540519e-04
26,14,1.33645576,17.531983,5.41614885e-04
27,14,1.36682976,17.355232,5.15360505e-04
28,14,1.39720381,17.189594,4.34904009e-04
29,14,1.42757781,17.040050,3.14112359e-04
30,14,1.45795159,16.912552,2.63959772e-04
31,14,1.48832560,16.823962,9.46211387e-04
32,14,1.51869960,16.809962,5.20236776e-03
33,14,1.54907361,16.933630,1.38223903e-02
34,14,1.57944761,17.184375,1.87869738e-02
35,14,1.60982162,17.486592,1.94989796e-02
36,14,1.64019563,17.789953,1.70726928e-02
37,14,1.67056963,18.023803,6.31192005e-03
38,14,1.70094364,18.102944,2.99839538e-03
39,14,1.73131764,18.114348,2.49780481e-03
40,14,1.73131764,18.114348,2.49782342e-03
41,14,1.75279515,17.992803,1.44413648e-03
42,14,1.77427297,17.884294,1.79652293e-03
43,14,1.79575048,17.795154,2.81580512e-03
44,14,1.81722830,17.727069,4.56277132e-03
45,14,1.83870581,17.676019,7.11893547e-03
46,14,1.86018364,17.562552,2.62519783e-02
47,14,1.88166114,17.349514,2.63596106e-02
48,14,1.90313897,17.132930,2.66137246e-02
49,14,1.92461647,16.916780,2.69658593e-02
50,14,1.94609430,16.699418,2.73695387e-02
51,14,1.96757180,16.485997,2.77810055e-02
52,14,1.98904963,16.276297,2.81188046e-02
53,14,2.01052713,16.073230,2.82667271e-02
54,14,2.03200496,15.878761,2.80150253e-02
55,14,2.05348246,15.727432,1.43267471e-02
56,14,2.07496029,15.643006,1.63378505e-02
57,14,2.09643779,15.557078,1.68263584e-02
58,14,2.11791562,15.478065,1.38279409e-02
59,14,2.13939312,15.438804,8.46901514e-03
60,14,2.13939312,15.438804,8.46901604e-03
61,14,2.20382612,15.725243,5.40518136e-02
62,14,2.26825912,16.266058,4.80056801e-02
63,14,2.33269211,16.550898,7.63711509e-04
64,14,2.39712495,16.358283,1.67402178e-02
65,14,2.46155794,16.624232,2.85830917e-02
66,14,2.52599094,16.700570,2.18060570e-02
67,14,2.59042394,16.879563,2.59108345e-02
68,14,2.65485693,16.879334,3.10073726e-02
69,14,2.71928993,16.600906,3.58900850e-02
70,14,2.78372276,16.055238,4.01259698e-02
71,14,2.84815576,15.642135,1.56442686e-02
72,14,2.91258876,16.651118,1.57515982e-02
73,14,2.97702175,17.415825,8.43244192e-03
74,14,3.04145475,16.781749,6.43125626e-03
75,14,3.10588775,16.166137,4.90468555e-03
76,14,3.17032058,15.619451,3.37796204e-03
77,14,3.23475363,15.181082,1.79192167e-03
78,14,3.29918661,14.892178,4.78818893e-04
79,14,3.36361957,14.790353,5.15206326e-05
80,14,3.36361957,14.790353,5.15206077e-05
81,14,3.41622887,14.858479,4.91636400e-05
82,14,3.46883817,15.053277,4.55723516e-05
83,14,3.52144747,15.352848,4.13473709e-05
84,14,3.57405686,15.732201,3.68496674e-05
85,14,3.62666598,16.170095,3.22569192e-05
86,14,3.67927530,16.640360,2.71127154e-05
87,14,3.73188462,17.111318,2.08608291e-05
88,14,3.78449394,17.507857,1.22540171e-05
89,14,3.83710326,17.655505,2.92563793e-06
90,14,3.88971258,17.239492,2.42740352e-02
91,14,3.94232191,16.923703,1.53727886e-04
92,14,3.99493123,16.675766,1.78834183e-07
93,14,4.04754055,16.364977,7.85180086e-06
94,14,4.10014987,16.279373,5.14750467e-05
95,14,4.15275899,16.517682,1.37044284e-04
96,14,4.20536831,17.032274,2.02033357e-04
97,14,4.25797763,17.701132,2.18740987e-04
98,14,4.31058696,18.434742,1.82649584e-04
99,14,4.36319628,19.007652,1.01196678e-07
0,15,0.00000000,22.719198,1.61025761e-07
1,15,0.06074799,22.546671,1.88897585e-03
2,15,0.12149598,22.065225,1.87582211e-03
3,15,0.18224397,21.442135,1.90188600e-03
4,15,0.24299205,20.757139,1.92274284e-03
5,15,0.30373983,20.054746,1.89766409e-03
6,15,0.36448784,19.342403,1.78582796e-03
7,15,0.42523585,18.641315,1.56246363e-03
8,15,0.48598386,17.966993,2.49111125e-02
9,15,0.54673188,17.325598,2.73418089e-02
10,15,0.60747989,16.745566,2.78284165e-02
11,15,0.66822790,16.272650,2.46414610e-02
12,15,0.72897591,15.989635,1.67636292e-02
13,15,0.78972392,15.992210,2.78394895e-03
14,15,0.85047193,16.273939,4.61765829e-03
15,15,0.91121971,16.747693,5.40195634e-03
16,15,0.97196773,17.337832,5.39622113e-03
17,15,1.03271574,18.003016,5.01444206e-03
18,15,1.09346375,18.711444,4.61696462e-03
19,15,1.15421176,18.436794,4.91177930e-03
20,15,1.15421176,18.436794,4.91178167e-03
21,15,1.18458576,18.386747,4.47436878e-03
22,15,1.21495976,18.258969,4.13349157e-03
23,15,1.24533376,18.091153,3.92369496e-03
24,15,1.27570776,17.906013,3.81191948e-03
25,15,1.30608176,17.717266,3.77090374e-03
26,15,1.33645576,17.531983,3.79520495e-03
27,15,1.36682976,17.355232,3.90937191e-03
28,15,1.39720381,17.189594,4.16953384e-03
29,15,1.42757781,17.040050,4.71989729e-03
30,15,1.45795159,16.912552,5.87827511e-03
31,15,1.48832560,16.823962,8.28025703e-03
32,15,1.51869960,16.809962,1.21929751e-02
33,15,1.54907361,16.933630,1.62330108e-02
34,15,1.57944761,17.184375,1.86903164e-02
35,15,1.60982162,17.486592,1.97414291e-02
36,15,1.64019563,17.789953,1.95687081e-02
37,15,1.67056963,18.023803,1.47774542e-02
38,15,1.70094364,18.102944,2.59587687e-03
39,15,1.73131764,18.114348,7.50325510e-04
40,15,1.73131764,18.114348,7.50307100e-04
41,15,1.75279515,18.243378,1.07424677e-03
42,15,1.77427297,18.333372,2.79294785e-02
43,15,1.79575048,18.162267,2.71505444e-02
44,15,1.81722830,17.972497,2.66200865e-02
45,15,1.83870581,17.771179,2.63270312e-02
46,15,1.86018364,17.632356,1.03308720e-02
47,15,1.88166114,17.583590,1.36026773e-02
48,15,1.90313897,17.521006,1.61257957e-02
49,15,1.92461647,17.442721,1.74806364e-02
50,15,1.94609430,17.352514,1.77342494e-02
51,15,1.96757180,17.255580,1.70732402e-02
52,15,1.98904963,17.156821,1.57072491e-02
53,15,2.01052713,17.059382,1.37512549e-02
54,15,2.03200496,16.969591,1.13823345e-02
55,15,2.05348246,16.889843,8.74848049e-03
56,15,2.07496029,16.823822,6.09858670e-03
57,15,2.09643779,16.774022,3.70080077e-03
58,15,2.11791562,16.743130,1.86759849e-03
59,15,2.13939312,16.734622,8.29278944e-04
60,15,2.13939312,16.734622,8.29279071e-04
61,15,2.20382612,17.413512,2.36135082e-03
62,15,2.26825912,17.390007,9.84884445e-03
63,15,2.33269211,16.780357,4.17073563e-02
64,15,2.39712495,17.270579,3.54969490e-02
65,15,2.46155794,17.248218,1.91153596e-04
66,15,2.52599094,16.967113,3.05007120e-02
67,15,2.59042394,17.326962,2.94501038e-02
68,15,2.65485693,17.685157,2.72894859e-02
69,15,2.71928993,18.018601,2.46749218e-02
70,15,2.78372276,18.266586,2.16191118e-02
71,15,2.84815576,18.301537,1.71962588e-02
72,15,2.91258876,17.983229,1.18836908e-02
73,15,2.97702175,17.714571,1.38018394e-02
74,15,3.04145475,18.799180,1.11274280e-02
75,15,3.10588775,19.879223,8.43012539e-03
76,15,3.17032058,20.911364,6.12073354e-03
77,15,3.23475363,21.837410,4.55321615e-03
78,15,3.29918661,22.503265,3.87844689e-03
79,15,3.36361957,22.719198,1.48746632e-07
80,15,3.36361957,22.719198,1.51249484e-07
81,15,3.41622887,22.621420,3.81868785e-07
82,15,3.46883817,22.306203,3.16883995e-07
83,15,3.52144747,21.858488,5.90444635e-03
84,15,3.57405686,21.235373,7.60755689e-03
85,15,3.62666598,20.552574,1.38126798e-02
86,15,3.67927530,19.842388,2.25750304e-02
87,15,3.73188462,19.130628,2.80976328e-02
88,15,3.78449394,18.440632,1.14651539e-03
89,15,3.83710326,17.789934,4.49287989e-03
90,15,3.88971258,17.239492,3.36677853e-03
91,15,3.94232191,16.923703,9.79566261e-03
92,15,3.99493123,17.008209,3.26510588e-05
93,15,4.04754055,17.421751,1.91911756e-04
94,15,4.10014987,17.989504,2.91234065e-03
95,15,4.15275899,18.626343,1.90833778e-03
96,15,4.20536831,19.301538,1.44610109e-03
97,15,4.25797763,19.989633,1.12627578e-03
98,15,4.31058696,20.157782,2.84022017e-04
99,15,4.36319628,19.554761,4.79348880e-04
0,16,0.00000000,22.719198,5.19222333e-03
1,16,0.06074799,22.546671,5.98877105e-03
2,16,0.12149598,22.065225,7.19945916e-03
3,16,0.18224397,21.442135,9.16232286e-03
4,16,0.24299205,20.757139,1.17170461e-02
5,16,0.30373983,20.054746,1.47619471e-02
6,16,0.36448784,19.342403,1.81191723e-02
7,16,0.42523585,18.641315,2.16019070e-02
8,16,0.48598386,19.137204,5.57156227e-04
9,16,0.54673188,18.412211,9.25386460e-04
10,16,0.60747989,17.702257,1.35891201e-03
11,16,0.66822790,17.009889,1.84120145e-03
12,16,0.72897591,16.336952,2.35548753e-03
13,16,0.78972392,15.992210,8.06418253e-03
14,16,0.85047193,16.273939,3.31030593e-03
15,16,0.91121971,16.747693,1.63484249e-03
16,16,0.97196773,17.337832,1.16939395e-03
17,16,1.03271574,18.003016,1.11439813e-03
18,16,1.09346375,18.711444,1.09467769e-03
19,16,1.15421176,19.255671,4.38429955e-03
20,16,1.15421176,19.255671,4.38429962e-03
21,16,1.18458576,19.256795,4.24481055e-03
22,16,1.21495976,19.241778,3.82110426e-03
23,16,1.24533376,19.194951,3.33229231e-03
24,16,1.27570776,19.122315,2.89187314e-03
25,16,1.30608176,19.034741,2.54155541e-03
26,16,1.33645576,18.940225,2.28756681e-03
27,16,1.36682976,18.843777,2.11800783e-03
28,16,1.39720381,18.749089,2.02935699e-03
29,16,1.42757781,18.658716,2.01132534e-03
30,16,1.45795159,18.574507,2.05902488e-03
31,16,1.48832560,18.496961,2.16200643e-03
32,16,1.51869960,18.426123,2.32593224e-03
33,16,1.54907361,18.365897,2.58027185e-03
34,16,1.57944761,18.316741,3.00304119e-03
35,16,1.60982162,18.280500,3.93149187e-03
36,16,1.64019563,18.267413,7.86637972e-03
37,16,1.67056963,18.322540,1.58859298e-02
38,16,1.70094364,18.497276,2.52983379e-02
39,16,1.73131764,18.601261,2.83667881e-02
40,16,1.73131764,18.601261,2.83666881e-02
41,16,1.75279515,18.487621,2.76753247e-02
42,16,1.77427297,18.385029,4.04832939e-04
43,16,1.79575048,18.532224,4.65001047e-04
44,16,1.81722830,18.519350,1.90007820e-02
45,16,1.83870581,18.463471,1.56269721e-02
46,16,1.86018364,18.428678,1.19105512e-02
47,16,1.88166114,18.426012,8.20857881e-03
48,16,1.90313897,18.460181,5.12608406e-03
49,16,1.92461647,18.527892,2.97097019e-03
50,16,1.94609430,18.621337,1.62819694e-03
51,16,1.96757180,18.732932,8.52296287e-04
52,16,1.98904963,18.855398,4.19343313e-04
53,16,2.01052713,18.984317,1.91792392e-04
54,16,2.03200496,19.111169,7.93365221e-05
55,16,2.05348246,19.231832,3.50826551e-05
56,16,2.07496029,19.332430,9.06351212e-03
57,16,2.09643779,19.333768,9.17683146e-03
58,16,2.11791562,19.334540,9.24914238e-03
59,16,2.13939312,19.335132,9.28405703e-03
60,16,2.13939312,19.335132,9.28405717e-03
61,16,2.20382612,18.358093,1.10812654e-02
62,16,2.26825912,18.031916,3.30532442e-03
63,16,2.33269211,18.266697,2.43048180e-03
64,16,2.39712495,17.901353,8.40176013e-04
65,16,2.46155794,17.753136,2.96304187e-02
66,16,2.52599094,18.226331,2.42573343e-02
67,16,2.59042394,18.691476,1.94359451e-02
68,16,2.65485693,19.159061,1.51911157e-02
69,16,2.71928993,19.631417,1.15262001e-02
70,16,2.78372276,19.964691,2.01822958e-03
71,16,2.84815576,20.203211,3.69868482e-03
72,16,2.91258876,20.423671,5.00773307e-03
73,16,2.97702175,20.650020,5.90222705e-03
74,16,3.04145475,21.018323,5.40068726e-03
75,16,3.10588775,21.437804,4.40620192e-03
76,16,3.17032058,21.873957,3.38826594e-03
77,16,3.23475363,22.287136,2.55326575e-03
78,16,3.29918661,22.611051,2.01710881e-03
79,16,3.36361957,22.719198,9.64028474e-03
80,16,3.36361957,22.719198,1.14211121e-02
81,16,3.41622887,22.651069,9.72029085e-03
82,16,3.46883817,22.354804,1.53859575e-03
83,16,3.52144747,21.858488,8.25765575e-03
84,16,3.57405686,21.235373,9.83722118e-03
85,16,3.62666598,20.552574,8.08525646e-03
86,16,3.67927530,19.842388,4.39754969e-03
87,16,3.73188462,19.130628,3.86507314e-03
88,16,3.78449394,18.440632,3.45970070e-02
89,16,3.83710326,17.789934,3.12377439e-02
90,16,3.88971258,17.453136,2.52818628e-08
91,16,3.94232191,17.075878,9.32525064e-08
92,16,3.99493123,17.008209,1.02977021e-04
93,16,4.04754055,17.421751,1.44795586e-03
94,16,4.10014987,17.989504,3.35097561e-04
95,16,4.15275899,18.626343,1.27664667e-03
96,16,4.20536831,19.301538,8.19248370e-04
97,16,4.25797763,19.989633,6.08903633e-05
98,16,4.31058696,20.676291,2.08568513e-04
99,16,4.36319628,21.237225,4.79590361e-05
0,17,0.00000000,22.719198,6.23216666e-03
1,17,0.06074799,22.757619,3.69071297e-03
2,17,0.12149598,22.802377,3.43805651e-03
3,17,0.18224397,22.749868,2.16941449e-04
4,17,0.24299205,22.070749,4.63191232e-05
5,17,0.30373983,21.350066,1.33223811e-06
6,17,0.36448784,20.611371,7.93909663e-05
7,17,0.42523585,19.869806,2.68816227e-04
8,17,0.48598386,19.275570,1.24249942e-02
9,17,0.54673188,20.106565,1.10983409e-02
10,17,0.60747989,19.768662,3.99839886e-03
11,17,0.66822790,19.338188,4.62679677e-03
12,17,0.72897591,18.956024,4.93029394e-03
13,17,0.78972392,18.660009,4.75709483e-03
14,17,0.85047193,18.481510,4.02482375e-03
15,17,0.91121971,18.458478,2.89995332e-03
16,17,0.97196773,18.588426,1.82428619e-03
17,17,1.03271574,18.782752,1.22556595e-03
18,17,1.09346375,18.805466,1.27684607e-03
19,17,1.15421176,19.255671,2.23818927e-05
20,17,1.15421176,19.255671,2.23817024e-05
21,17,1.18458576,19.256795,4.79788183e-05
22,17,1.21495976,19.241778,8.36528855e-05
23,17,1.24533376,19.194951,1.97473502e-04
24,17,1.27570776,19.122315,3.60407827e-04
25,17,1.30608176,19.034741,5.08939514e-04
26,17,1.33645576,18.940225,6.14406346e-04
27,17,1.36682976,18.843777,6.77565899e-04
28,17,1.39720381,18.749089,6.94144781e-04
29,17,1.42757781,18.658716,6.76291340e-04
30,17,1.45795159,18.574507,6.33878112e-04
31,17,1.48832560,18.496961,5.87961437e-04
32,17,1.51869960,18.426123,5.58594118e-04
33,17,1.54907361,18.365897,5.78610047e-04
34,17,1.57944761,18.316741,7.27259498e-04
35,17,1.60982162,18.280500,1.19100799e-03
36,17,1.64019563,18.267413,1.78841291e-03
37,17,1.67056963,18.322540,1.18761132e-02
38,17,1.70094364,18.497276,2.35700704e-02
39,17,1.73131764,18.601261,2.82504887e-02
40,17,1.73131764,18.601261,2.82505892e-02
41,17,1.75279515,18.653473,2.82416997e-02
42,17,1.77427297,18.635102,2.52597102e-02
43,17,1.79575048,18.582307,2.21205146e-02
44,17,1.81722830,18.686335,4.19228007e-04
45,17,1.83870581,18.843321,3.64592429e-04
46,17,1.86018364,18.997641,4.35681025e-04
47,17,1.88166114,19.135727,1.13741699e-03
48,17,1.90313897,19.231484,3.25572240e-03
49,17,1.92461647,19.278167,5.42849187e-03
50,17,1.94609430,19.299490,6.73242153e-03
51,17,1.96757180,19.311451,7.50920973e-03
52,17,1.98904963,19.319058,8.03155410e-03
53,17,2.01052713,19.323532,8.40691019e-03
54,17,2.03200496,19.327342,8.69068369e-03
55,17,2.05348246,19.330124,8.90508913e-03
56,17,2.07496029,19.339949,2.72565448e-05
57,17,2.09643779,19.426919,3.39109166e-05
58,17,2.11791562,19.484272,4.15515955e-05
59,17,2.13939312,19.504431,4.38040874e-05
60,17,2.13939312,19.504431,4.38040552e-05
61,17,2.20382612,19.527816,2.35391475e-05
62,17,2.26825912,19.502083,1.64783325e-04
63,17,2.33269211,19.592485,1.95368036e-03
64,17,2.39712495,19.990740,4.12804925e-03
65,17,2.46155794,20.434301,5.02241933e-03
66,17,2.52599094,20.814819,5.25516427e-03
67,17,2.59042394,20.757774,5.04725080e-04
68,17,2.65485693,20.182791,7.93042593e-05
69,17,2.71928993,19.922526,4.47041088e-04
70,17,2.78372276,20.103186,8.39447718e-03
71,17,2.84815576,20.501799,2.32400867e-03
72,17,2.91258876,20.545085,4.90048072e-03
73,17,2.97702175,20.937993,5.61167307e-03
74,17,3.04145475,21.348109,5.95423446e-03
75,17,3.10588775,21.756071,6.05222984e-03
76,17,3.17032058,22.134300,6.00964216e-03
77,17,3.23475363,22.449371,5.90835014e-03
78,17,3.29918661,22.663129,5.81773105e-03
79,17,3.36361957,22.719198,1.78412157e-03
80,17,3.36361957,22.719198,3.28874518e-06
81,17,3.41622887,22.651069,1.90767509e-03
82,17,3.46883817,22.354804,1.07974832e-02
83,17,3.52144747,21.876955,5.69969883e-08
84,17,3.57405686,21.388782,7.57846879e-08
85,17,3.62666598,20.883735,7.93095126e-07
86,17,3.67927530,20.366915,2.71867292e-06
87,17,3.73188462,19.883572,6.46726484e-06
88,17,3.78449394,19.509986,1.30618214e-05
89,17,3.83710326,19.422835,2.06560271e-05
90,17,3.88971258,19.728694,2.16027888e-05
91,17,3.94232191,20.263325,1.81911460e-05
92,17,3.99493123,20.894339,1.37596336e-05
93,17,4.04754055,21.569207,8.56721508e-06
94,17,4.10014987,22.251457,1.52516918e-06
95,17,4.15275899,22.582660,7.87898232e-05
96,17,4.20536831,21.834481,1.71043691e-04
97,17,4.25797763,20.986569,2.18309154e-04
98,17,4.31058696,20.676291,1.59430343e-04
99,17,4.36319628,21.237225,3.65526374e-06
0,18,0.00000000,23.904286,1.07780844e-03
1,18,0.06074799,23.770166,7.64222090e-04
2,18,0.12149598,23.341940,4.88450203e-04
3,18,0.18224397,22.878537,3.05609319e-03
4,18,0.24299205,22.680461,8.76921650e-05
5,18,0.30373983,22.214128,4.06182899e-04
6,18,0.36448784,21.720467,9.17014100e-04
7,18,0.42523585,21.222174,1.59226003e-03
8,18,0.48598386,20.724569,2.37941885e-03
9,18,0.54673188,20.236504,3.21143095e-03
10,18,0.60747989,20.892446,9.29921413e-03
11,18,0.66822790,21.603377,7.21941838e-03
12,18,0.72897591,22.215292,5.16468198e-03
13,18,0.78972392,22.759297,3.43138322e-03
14,18,0.85047193,23.197409,2.20170861e-03
15,18,0.91121971,22.418063,4.18116403e-05
16,18,0.97196773,21.671107,2.26003271e-04
17,18,1.03271574,21.046985,4.29040391e-04
18,18,1.09346375,20.406554,3.79975868e-04
19,18,1.15421176,19.823427,2.27062887e-04
20,18,1.15421176,19.823427,2.27066410e-04
21,18,1.18458576,19.861330,7.14949634e-04
22,18,1.21495976,19.973614,1.22718841e-03
23,18,1.24533376,20.145405,1.52315603e-03
24,18,1.27570776,20.350702,1.62041804e-03
25,18,1.30608176,20.569305,1.63515172e-03
26,18,1.33645576,20.786233,1.65257360e-03
27,18,1.36682976,20.987480,1.73214048e-03
28,18,1.39720381,21.162713,1.90784778e-03
29,18,1.42757781,21.296627,2.20231724e-03
30,18,1.45795159,21.366234,2.65593562e-03
31,18,1.48832560,21.348880,3.24518785e-03
32,18,1.51869960,21.233750,3.89973251e-03
33,18,1.54907361,21.036860,4.51176758e-03
34,18,1.57944761,20.784679,5.02140030e-03
35,18,1.60982162,20.497436,5.37033126e-03
36,18,1.64019563,20.196849,5.36937858e-03
37,18,1.67056963,19.901103,4.62784336e-03
38,18,1.70094364,19.647607,2.46872631e-03
39,18,1.73131764,19.539497,4.20282441e-05
40,18,1.73131764,19.539497,4.20284714e-05
41,18,1.75279515,19.465319,5.41529314e-04
42,18,1.77427297,19.417472,1.69139102e-03
43,18,1.79575048,19.388742,3.07249779e-03
44,18,1.81722830,19.377808,4.38805891e-03
45,18,1.83870581,19.378523,5.50432883e-03
46,18,1.86018364,19.392186,6.29771130e-03
47,18,1.88166114,19.429540,6.30615924e-03
48,18,1.90313897,19.515005,4.82569855e-03
49,18,1.92461647,19.653313,3.17659389e-03
50,18,1.94609430,19.818218,2.28621782e-03
51,18,1.96757180,19.995636,1.82886230e-03
52,18,1.98904963,20.177747,1.56641503e-03
53,18,2.01052713,20.361252,1.40211151e-03
54,18,2.03200496,20.542006,1.29154936e-03
55,18,2.05348246,20.716263,1.21571054e-03
56,18,2.07496029,20.877906,1.16207115e-03
57,18,2.09643779,21.015398,1.12064292e-03
58,18,2.11791562,21.112143,1.07410672e-03
59,18,2.13939312,21.130204,1.55513655e-03
60,18,2.13939312,21.130204,1.55513697e-03
61,18,2.20382612,21.593024,1.30146330e-03
62,18,2.26825912,21.912212,3.71165088e-05
63,18,2.33269211,21.834523,5.66604836e-05
64,18,2.39712495,22.057560,1.12980027e-04
65,18,2.46155794,22.392271,1.93310029e-04
66,18,2.52599094,21.540739,5.47976546e-04
67,18,2.59042394,21.149312,5.23284385e-03
68,18,2.65485693,21.462892,5.09573945e-03
69,18,2.71928993,21.748735,9.51564841e-05
70,18,2.78372276,20.991935,5.21980634e-04
71,18,2.84815576,20.588906,5.81909303e-03
72,18,2.91258876,21.076065,3.74235299e-03
73,18,2.97702175,21.567693,2.14760572e-03
74,18,3.04145475,22.061206,1.01244572e-03
75,18,3.10588775,22.545950,3.09847637e-04
76,18,3.17032058,23.016082,2.24899146e-05
77,18,3.23475363,23.448373,1.25729101e-04
78,18,3.29918661,23.789966,5.39473608e-04
79,18,3.36361957,23.904286,1.36271691e-03
80,18,3.36361957,23.904286,1.52545736e-03
81,18,3.41622887,23.839318,4.75741523e-04
82,18,3.46883817,23.679982,1.76658153e-03
83,18,3.52144747,23.584189,2.70953880e-03
84,18,3.57405686,23.552556,2.83825959e-04
85,18,3.62666598,23.558663,4.21635099e-03
86,18,3.67927530,23.584252,2.42371179e-03
87,18,3.73188462,23.621558,4.06090620e-03
88,18,3.78449394,23.667048,1.42805683e-03
89,18,3.83710326,23.710107,1.78796891e-03
90,18,3.88971258,23.747057,9.31910777e-04
91,18,3.94232191,23.769544,1.81722592e-03
92,18,3.99493123,23.764498,1.06597161e-04
93,18,4.04754055,23.708332,3.19228161e-03
94,18,4.10014987,23.599735,1.22122823e-03
95,18,4.15275899,23.200300,8.33393328e-05
96,18,4.20536831,23.042441,1.29497904e-03
97,18,4.25797763,22.576414,6.05218372e-04
98,18,4.31058696,22.011466,9.77846777e-05
99,18,4.36319628,21.482021,5.16242539e-07
0,19,0.00000000,23.904286,6.42165241e-04
1,19,0.06074799,23.812018,5.41434710e-04
2,19,0.12149598,23.514475,1.64314458e-04
3,19,0.18224397,23.122950,2.69823777e-06
4,19,0.24299205,22.988149,2.56705953e-03
5,19,0.30373983,23.136752,2.00495860e-03
6,19,0.36448784,23.325332,1.40540849e-03
7,19,0.42523585,23.564749,8.28466442e-04
8,19,0.48598386,23.873360,3.50444791e-04
9,19,0.54673188,24.258848,5.73559877e-05
10,19,0.60747989,24.749818,1.31102079e-05
11,19,0.66822790,25.320811,1.77749906e-03
12,19,0.72897591,24.696175,8.41932371e-04
13,19,0.78972392,23.976616,2.52271523e-04
14,19,0.85047193,23.201610,1.56272783e-05
15,19,0.91121971,22.997339,1.05030339e-04
16,19,0.97196773,22.102161,2.23527394e-04
17,19,1.03271574,21.233279,3.56950209e-04
18,19,1.09346375,20.406554,2.69857423e-03
19,19,1.15421176,19.823427,3.65702884e-03
20,19,1.15421176,19.823427,3.65702577e-03
21,19,1.18458576,19.861330,3.61972125e-03
22,19,1.21495976,19.973614,3.53562512e-03
23,19,1.24533376,20.145405,3.52390193e-03
24,19,1.27570776,20.350702,3.64528087e-03
25,19,1.30608176,20.569305,3.91767988e-03
26,19,1.33645576,20.786233,4.35694254e-03
27,19,1.36682976,20.987480,4.99408621e-03
28,19,1.39720381,21.162713,5.83503098e-03
29,19,1.42757781,21.296627,6.88903711e-03
30,19,1.45795159,21.366234,8.06346548e-03
31,19,1.48832560,21.348880,9.05199848e-03
32,19,1.51869960,21.233750,9.55478005e-03
33,19,1.54907361,21.036860,9.58789204e-03
34,19,1.57944761,20.784679,9.31135199e-03
35,19,1.60982162,20.497436,8.78427658e-03
36,19,1.64019563,20.196849,7.81174874e-03
37,19,1.67056963,19.901103,5.97968326e-03
38,19,1.70094364,19.647607,2.69463684e-03
39,19,1.73131764,19.539497,1.71864808e-05
40,19,1.73131764,19.539497,1.71863054e-05
41,19,1.75279515,19.669297,8.92596298e-04
42,19,1.77427297,19.880595,2.87451353e-03
43,19,1.79575048,20.130891,4.41275357e-03
44,19,1.81722830,20.396279,5.28003745e-03
45,19,1.83870581,20.664106,5.64696131e-03
46,19,1.86018364,20.926954,5.68463552e-03
47,19,1.88166114,21.179433,5.51873785e-03
48,19,1.90313897,21.421144,5.24835652e-03
49,19,1.92461647,21.636295,5.03123991e-03
50,19,1.94609430,21.812326,5.16269072e-03
51,19,1.96757180,21.855615,4.35410458e-03
52,19,1.98904963,21.759773,2.99909040e-03
53,19,2.01052713,21.636248,2.42586260e-03
54,19,2.03200496,21.512599,2.08720041e-03
55,19,2.05348246,21.394792,1.85455873e-03
56,19,2.07496029,21.290383,1.68383168e-03
57,19,2.09643779,21.205374,1.58239194e-03
58,19,2.11791562,21.149296,1.54031715e-03
59,19,2.13939312,21.147891,1.00353149e-03
60,19,2.13939312,21.147891,1.00353146e-03
61,19,2.20382612,21.753653,1.13290956e-03
62,19,2.26825912,22.130549,1.18865529e-03
63,19,2.33269211,22.727573,1.26142808e-03
64,19,2.39712495,23.054225,1.17175085e-04
65,19,2.46155794,22.565209,3.83996118e-04
66,19,2.52599094,23.269552,8.05913725e-04
67,19,2.59042394,23.586761,2.13782146e-05
68,19,2.65485693,22.634420,2.94157446e-05
69,19,2.71928993,21.759253,4.91859179e-03
70,19,2.78372276,22.044705,4.67865404e-03
71,19,2.84815576,22.322167,4.37459343e-03
72,19,2.91258876,22.584411,4.01622840e-03
73,19,2.97702175,22.825610,3.60938884e-03
74,19,3.04145475,23.043890,3.16692391e-03
75,19,3.10588775,23.241787,2.71644517e-03
76,19,3.17032058,23.419010,2.25126648e-03
77,19,3.23475363,23.592197,1.72972046e-03
78,19,3.29918661,23.794538,1.14754631e-03
79,19,3.36361957,23.904286,3.57253947e-04
80,19,3.36361957,23.904286,1.94515217e-04
81,19,3.41622887,23.839318,1.50993421e-03
82,19,3.46883817,23.679982,1.04851784e-03
83,19,3.52144747,23.584189,1.02309820e-03
84,19,3.57405686,23.552556,3.97937338e-03
85,19,3.62666598,23.558663,2.33870541e-04
86,19,3.67927530,23.584252,2.02874794e-03
87,19,3.73188462,23.621558,2.85337703e-04
88,19,3.78449394,23.667048,2.77182025e-03
89,19,3.83710326,23.710107,2.23561950e-03
90,19,3.88971258,23.747057,2.92425211e-03
91,19,3.94232191,23.769544,1.89411621e-03
92,19,3.99493123,23.764498,3.49566433e-03
93,19,4.04754055,23.708332,2.67760645e-04
94,19,4.10014987,23.599735,1.98539033e-03
95,19,4.15275899,23.382357,2.53569148e-03
96,19,4.20536831,23.042441,4.97817169e-04
97,19,4.25797763,22.576414,2.16960512e-04
98,19,4.31058696,22.011466,5.44577912e-05
99,19,4.36319628,21.482021,3.91635958e-05
0,20,0.00000000,25.363618,2.61435311e-05
1,20,0.06074799,25.459118,6.05266815e-04
2,20,0.12149598,25.652306,1.46982223e-03
3,20,0.18224397,25.870517,2.33466185e-03
4,20,0.24299205,26.070125,3.11327188e-03
5,20,0.30373983,26.237942,3.74765406e-03
6,20,0.36448784,26.333801,4.20416149e-03
7,20,0.42523585,26.360505,4.40352897e-03
8,20,0.48598386,26.295064,4.27743439e-03
9,20,0.54673188,26.114002,3.76164535e-03
10,20,0.60747989,25.791732,2.86734989e-03
11,20,0.66822790,25.362800,1.57604125e-04
12,20,0.72897591,25.657553,1.17613732e-05
13,20,0.78972392,24.797155,6.30360123e-07
14,20,0.85047193,23.898869,2.96586008e-05
15,20,0.91121971,22.997339,4.20424570e-03
16,20,0.97196773,22.102161,3.56702620e-03
17,20,1.03271574,21.233279,3.01010813e-03
18,20,1.09346375,20.781035,4.85254471e-04
19,20,1.15421176,21.046957,6.63869569e-05
20,20,1.15421176,21.046957,6.63892703e-05
21,20,1.18458576,21.073704,4.96843742e-05
22,20,1.21495976,21.151135,1.33847306e-04
23,20,1.24533376,21.272787,2.55537127e-04
24,20,1.27570776,21.431236,3.73254945e-04
25,20,1.30608176,21.620872,4.52577376e-04
26,20,1.33645576,21.836738,4.69070764e-04
27,20,1.36682976,22.071762,4.15977193e-04
28,20,1.39720381,22.313546,3.11288302e-04
29,20,1.42757781,22.536639,1.90978231e-04
30,20,1.45795159,22.691833,1.26523485e-04
31,20,1.48832560,22.769124,2.06806641e-04
32,20,1.51869960,22.821543,5.44364542e-04
33,20,1.54907361,22.889667,1.09825144e-03
34,20,1.57944761,22.973538,1.70830991e-03
35,20,1.60982162,23.060279,2.25923979e-03
36,20,1.64019563,23.138866,2.70892577e-03
37,20,1.67056963,23.200885,3.03920080e-03
38,20,1.70094364,23.240748,3.23773314e-03
39,20,1.73131764,23.257778,3.29023266e-03
40,20,1.73131764,23.257778,3.29023389e-03
41,20,1.75279515,23.144313,2.84016215e-03
42,20,1.77427297,23.031485,2.80834752e-03
43,20,1.79575048,22.916389,2.75058938e-03
44,20,1.81722830,22.801538,2.66637484e-03
45,20,1.83870581,22.685230,2.55112249e-03
46,20,1.86018364,22.567244,2.39830410e-03
47,20,1.88166114,22.447584,2.19497386e-03
48,20,1.90313897,22.326893,1.91125773e-03
49,20,1.92461647,22.207979,1.45905064e-03
50,20,1.94609430,22.102741,5.85916541e-04
51,20,1.96757180,22.107284,6.23603739e-04
52,20,1.98904963,22.225119,1.21846518e-03
53,20,2.01052713,22.344077,1.09306653e-03
54,20,2.03200496,22.443599,8.14656299e-04
55,20,2.05348246,22.521548,5.42061262e-04
56,20,2.07496029,22.588488,3.21477230e-04
57,20,2.09643779,22.556157,1.45505727e-04
58,20,2.11791562,22.459848,1.45120008e-04
59,20,2.13939312,22.424274,1.81233644e-04
60,20,2.13939312,22.424274,1.81233589e-04
61,20,2.20382612,22.239753,4.09685837e-05
62,20,2.26825912,22.397044,1.15611615e-03
63,20,2.33269211,22.972455,8.81989425e-04
64,20,2.39712495,23.371008,1.56720648e-03
65,20,2.46155794,24.045996,2.15385545e-03
66,20,2.52599094,24.562750,1.06251760e-05
67,20,2.59042394,24.088913,1.15007454e-03
68,20,2.65485693,24.960679,1.30920629e-03
69,20,2.71928993,25.749004,1.20168708e-03
70,20,2.78372276,26.201840,7.48504994e-04
71,20,2.84815576,26.283940,4.69071900e-04
72,20,2.91258876,26.234138,3.88963503e-04
73,20,2.97702175,26.148182,3.68086787e-04
74,20,3.04145475,26.052810,3.60460433e-04
75,20,3.10588775,25.954687,3.41712482e-04
76,20,3.17032058,25.838914,3.07396247e-04
77,20,3.23475363,25.680137,1.43078143e-03
78,20,3.29918661,25.469669,5.23239924e-04
79,20,3.36361957,25.363618,2.61316990e-05
80,20,3.36361957,25.363618,2.60946426e-05
81,20,3.41622887,25.447532,4.22730941e-08
82,20,3.46883817,25.594530,1.93094176e-04
83,20,3.52144747,25.733949,1.73881173e-03
84,20,3.57405686,25.848360,4.18881690e-03
85,20,3.62666598,25.944110,5.69005791e-03
86,20,3.67927530,26.028329,8.13367101e-03
87,20,3.73188462,26.106734,7.88510280e-03
88,20,3.78449394,26.183305,8.04458466e-03
89,20,3.83710326,26.255734,1.10557926e-02
90,20,3.88971258,26.324500,1.82603323e-03
91,20,3.94232191,26.350719,5.30924904e-05
92,20,3.99493123,25.468043,7.68517372e-05
93,20,4.04754055,24.567893,1.02697450e-04
94,20,4.10014987,23.701789,1.32857309e-04
95,20,4.15275899,23.382357,1.24296126e-04
96,20,4.20536831,23.782665,2.13421402e-05
97,20,4.25797763,24.434896,1.25032824e-05
98,20,4.31058696,24.968068,9.32210755e-06
99,20,4.36319628,25.194597,9.27339855e-06
0,21,0.00000000,25.363619,5.58001248e-05
1,21,0.06074799,25.503351,7.99798663e-06
2,21,0.12149598,25.787483,2.32591240e-05
3,21,0.18224397,26.087826,2.68646670e-05
4,21,0.24299205,26.347003,2.60518715e-05
5,21,0.30373983,26.562253,2.80685306e-05
6,21,0.36448784,26.737882,3.14356559e-05
7,21,0.42523585,26.883133,3.83084200e-05
8,21,0.48598386,26.993302,4.50903236e-05
9,21,0.54673188,27.025880,4.89240997e-05
10,21,0.60747989,26.876965,6.36867591e-05
11,21,0.66822790,26.405737,4.38074828e-05
12,21,0.72897591,25.657553,6.82395606e-03
13,21,0.78972392,24.797155,5.76998756e-03
14,21,0.85047193,23.898869,4.92962740e-03
15,21,0.91121971,23.498860,1.68860327e-03
16,21,0.97196773,23.152693,1.48800421e-03
17,21,1.03271574,22.383900,1.24202599e-03
18,21,1.09346375,21.644234,1.12623930e-03
19,21,1.15421176,21.046957,1.56783527e-03
20,21,1.15421176,21.046957,1.56783225e-03
21,21,1.18458576,21.073704,1.64454009e-03
22,21,1.21495976,21.151135,1.67164173e-03
23,21,1.24533376,21.272787,1.67324984e-03
24,21,1.27570776,21.431236,1.65072445e-03
25,21,1.30608176,21.620872,1.60401070e-03
26,21,1.33645576,21.836738,1.53846083e-03
27,21,1.36682976,22.071762,1.45939303e-03
28,21,1.39720381,22.313546,1.36661816e-03
29,21,1.42757781,22.536639,1.24511150e-03
30,21,1.45795159,22.691833,1.00345006e-03
31,21,1.48832560,22.769124,6.36241599e-04
32,21,1.51869960,22.821543,3.15464732e-04
33,21,1.54907361,22.889667,1.37149503e-04
34,21,1.57944761,22.973538,6.05872620e-05
35,21,1.60982162,23.060279,3.36051267e-05
36,21,1.64019563,23.138866,2.39484354e-05
37,21,1.67056963,23.200885,1.94670747e-05
38,21,1.70094364,23.240748,1.70137862e-05
39,21,1.73131764,23.257778,1.61483130e-05
40,21,1.73131764,23.257778,1.61468770e-05
41,21,1.75279515,23.363574,5.02303662e-04
42,21,1.77427297,23.460692,5.29787107e-04
43,21,1.79575048,23.545156,5.49545905e-04
44,21,1.81722830,23.615361,5.59910731e-04
45,21,1.83870581,23.668453,5.62276845e-04
46,21,1.86018364,23.701726,5.56192307e-04
47,21,1.88166114,23.711972,5.40734682e-04
48,21,1.90313897,23.696751,5.15017528e-04
49,21,1.92461647,23.650097,4.78214105e-04
50,21,1.94609430,23.571672,4.32246899e-04
51,21,1.96757180,23.462903,3.81122697e-04
52,21,1.98904963,23.328636,3.29720420e-04
53,21,2.01052713,23.175980,2.81669232e-04
54,21,2.03200496,23.012961,2.38352543e-04
55,21,2.05348246,22.848150,2.00011792e-04
56,21,2.07496029,22.692025,1.67768225e-04
57,21,2.09643779,22.626957,1.78387616e-04
58,21,2.11791562,22.649126,1.08861071e-04
59,21,2.13939312,22.656596,1.11084121e-04
60,21,2.13939312,22.656596,1.11084310e-04
61,21,2.20382612,22.911679,1.57174406e-05
62,21,2.26825912,23.455868,6.80937570e-05
63,21,2.33269211,24.043157,3.12749323e-04
64,21,2.39712495,24.660444,6.58244668e-04
65,21,2.46155794,25.173926,5.05585461e-04
66,21,2.52599094,24.717697,3.11007078e-03
67,21,2.59042394,25.343338,4.41531540e-03
68,21,2.65485693,25.863116,5.77764746e-03
69,21,2.71928993,26.228472,6.63260826e-03
70,21,2.78372276,26.418898,6.72071498e-03
71,21,2.84815576,26.486913,6.22261267e-03
72,21,2.91258876,26.464948,5.51216023e-03
73,21,2.97702175,26.385902,4.74665693e-03
74,21,3.04145475,26.259967,3.97315840e-03
75,21,3.10588775,26.099173,3.18445321e-03
76,21,3.17032058,25.902922,2.34272846e-03
77,21,3.23475363,25.689537,2.32258916e-04
78,21,3.29918661,25.495657,1.15281201e-04
79,21,3.36361957,25.363619,2.70273045e-05
80,21,3.36361957,25.363619,1.93816416e-05
81,21,3.41622887,25.447532,4.67795897e-04
82,21,3.46883817,25.594530,1.39343650e-03
83,21,3.52144747,25.733949,1.34385294e-03
84,21,3.57405686,25.848360,6.71087474e-04
85,21,3.62666598,25.944110,1.20345844e-03
86,21,3.67927530,26.028329,1.04307503e-03
87,21,3.73188462,26.106734,3.78424485e-03
88,21,3.78449394,26.183305,6.21762330e-03
89,21,3.83710326,26.255734,5.92899485e-03
90,21,3.88971258,26.324500,1.78528836e-02
91,21,3.94232191,26.387080,8.69967413e-03
92,21,3.99493123,26.437494,1.61519667e-02
93,21,4.04754055,26.474462,1.62857159e-02
94,21,4.10014987,26.480839,2.36050171e-02
95,21,4.15275899,26.430445,1.11682415e-02
96,21,4.20536831,26.320427,4.39967774e-04
97,21,4.25797763,26.192302,7.65708476e-04
98,21,4.31058696,26.101870,6.97192940e-04
99,21,4.36319628,26.067566,2.93955288e-05
0,22,0.00000000,25.363619,1.11098619e-06
1,22,0.06074799,25.503351,6.44359457e-06
2,22,0.12149598,25.787483,2.95859640e-05
3,22,0.18224397,26.087826,2.50396087e-04
4,22,0.24299205,26.347003,7.16657004e-04
5,22,0.30373983,26.562253,1.39834048e-03
6,22,0.36448784,26.737882,2.29835770e-03
7,22,0.42523585,26.883133,3.42796967e-03
8,22,0.48598386,26.993302,4.83397487e-03
9,22,0.54673188,27.025880,6.59631777e-03
10,22,0.60747989,26.876965,8.16545826e-03
11,22,0.66822790,26.405737,8.02415777e-03
12,22,0.72897591,26.034017,1.45934418e-04
13,22,0.78972392,26.014247,3.00086103e-04
14,22,0.85047193,25.178366,6.04082048e-04
15,22,0.91121971,24.374642,3.39486324e-04
16,22,0.97196773,24.215365,2.95069812e-06
17,22,1.03271574,24.514305,3.19326580e-06
18,22,1.09346375,24.859204,1.02953983e-04
19,22,1.15421176,25.211164,3.71815299e-04
20,22,1.15421176,25.211164,3.71718247e-04
21,22,1.18458576,25.178431,3.76241520e-04
22,22,1.21495976,25.083573,3.24278526e-04
23,22,1.24533376,24.936273,2.66030649e-04
24,22,1.27570776,24.746664,2.34565742e-04
25,22,1.30608176,24.528516,2.45340535e-04
26,22,1.33645576,24.295400,3.00472769e-04
27,22,1.36682976,24.055358,4.08607711e-04
28,22,1.39720381,23.841194,6.11331166e-04
29,22,1.42757781,23.700900,9.70538836e-04
30,22,1.45795159,23.692700,1.19979176e-03
31,22,1.48832560,23.855653,8.94010538e-04
32,22,1.51869960,24.140703,6.13923906e-04
33,22,1.54907361,24.491723,4.36300092e-04
34,22,1.57944761,24.882486,3.21395528e-04
35,22,1.60982162,25.295801,2.47864632e-04
36,22,1.64019563,25.727328,2.02176727e-04
37,22,1.67056963,26.172742,1.78913742e-04
38,22,1.70094364,26.629800,1.79414276e-04
39,22,1.73131764,27.024139,2.94602032e-04
40,22,1.73131764,27.024139,2.94654691e-04
41,22,1.75279515,26.838394,4.94863267e-04
42,22,1.77427297,26.603535,3.98309256e-04
43,22,1.79575048,26.366862,3.43354324e-04
44,22,1.81722830,26.134892,3.02749752e-04
45,22,1.83870581,25.910882,2.71089075e-04
46,22,1.86018364,25.698555,2.47313570e-04
47,22,1.88166114,25.502116,2.32243271e-04
48,22,1.90313897,25.326365,2.27184360e-04
49,22,1.92461647,25.175715,2.33600744e-04
50,22,1.94609430,25.050418,2.50951249e-04
51,22,1.96757180,24.956432,2.73312995e-04
52,22,1.98904963,24.887718,2.96605691e-04
53,22,2.01052713,24.839081,3.16870139e-04
54,22,2.03200496,24.805864,3.32764796e-04
55,22,2.05348246,24.783482,3.44217504e-04
56,22,2.07496029,24.772327,3.51240957e-04
57,22,2.09643779,24.763110,3.56168152e-04
58,22,2.11791562,24.758058,3.59042875e-04
59,22,2.13939312,24.756516,3.60493748e-04
60,22,2.13939312,24.756516,3.60493784e-04
61,22,2.20382612,25.522379,5.28466688e-04
62,22,2.26825912,26.259932,1.66056339e-05
63,22,2.33269211,25.318197,3.60504803e-04
64,22,2.39712495,24.977049,1.44562288e-03
65,22,2.46155794,25.495073,1.85985157e-03
66,22,2.52599094,26.172390,2.25187622e-03
67,22,2.59042394,26.862656,2.83610718e-03
68,22,2.65485693,27.208603,1.12142244e-04
69,22,2.71928993,27.242286,2.50919283e-04
70,22,2.78372276,27.641812,6.26684817e-04
71,22,2.84815576,28.441738,7.87036359e-04
72,22,2.91258876,28.828195,3.63826807e-03
73,22,2.97702175,28.257150,2.26637932e-03
74,22,3.04145475,27.636578,1.34254434e-03
75,22,3.10588775,27.012338,7.10817968e-04
76,22,3.17032058,26.425725,2.98893284e-04
77,22,3.23475363,25.909233,7.50025802e-05
78,22,3.29918661,25.523749,2.50530413e-06
79,22,3.36361957,25.363619,2.98951950e-05
80,22,3.36361957,25.363619,3.75772871e-05
81,22,3.41622887,25.479985,2.53813227e-05
82,22,3.46883817,25.753881,2.51064884e-05
83,22,3.52144747,26.116222,2.52598939e-05
84,22,3.57405686,26.513705,2.53045742e-05
85,22,3.62666598,26.931057,2.44792969e-05
86,22,3.67927530,27.319888,2.23114597e-05
87,22,3.73188462,27.670269,1.72571319e-05
88,22,3.78449394,27.920407,6.57890129e-06
89,22,3.83710326,27.820326,2.81267964e-06
90,22,3.88971258,27.183725,2.86220257e-05
91,22,3.94232191,26.387080,1.34854017e-02
92,22,3.99493123,26.437494,8.09474642e-03
93,22,4.04754055,26.474462,8.98844665e-03
94,22,4.10014987,26.480839,5.17931145e-04
95,22,4.15275899,26.430445,7.85061690e-03
96,22,4.20536831,26.320427,1.00307557e-02
97,22,4.25797763,26.192302,2.98080173e-03
98,22,4.31058696,26.101870,5.61190350e-05
99,22,4.36319628,26.067566,2.03339275e-04
0,23,0.00000000,28.862843,8.62724649e-06
1,23,0.06074799,28.960004,1.80978963e-05
2,23,0.12149598,29.239397,4.48336348e-05
3,23,0.18224397,29.697813,9.86293951e-05
4,23,0.24299205,30.310506,1.91095361e-04
5,23,0.30373983,31.053175,3.35373193e-04
6,23,0.36448784,31.691542,1.24927541e-03
7,23,0.42523585,30.992835,1.83283098e-04
8,23,0.48598386,30.176855,1.73256484e-04
9,23,0.54673188,29.394471,1.10870173e-04
10,23,0.60747989,28.772326,4.57130152e-05
11,23,0.66822790,28.339023,1.05699486e-03
12,23,0.72897591,27.415327,1.47016226e-03
13,23,0.78972392,27.359483,1.57350748e-03
14,23,0.85047193,27.020546,1.94213834e-03
15,23,0.91121971,26.651309,1.54803035e-03
16,23,0.97196773,26.280733,1.08787231e-03
17,23,1.03271574,25.920249,6.53599406e-04
18,23,1.09346375,25.565110,2.97364384e-04
19,23,1.15421176,25.211164,5.70659554e-05
20,23,1.15421176,25.211164,5.71625208e-05
21,23,1.18458576,25.178431,1.26193091e-04
22,23,1.21495976,25.083573,3.79410088e-04
23,23,1.24533376,24.936273,7.22361973e-04
24,23,1.27570776,24.746664,1.07359735e-03
25,23,1.30608176,24.528517,1.37285412e-03
26,23,1.33645576,24.295400,1.57424924e-03
27,23,1.36682976,24.055358,1.62191708e-03
28,23,1.39720381,23.841194,1.39513809e-03
29,23,1.42757781,23.700900,7.91713037e-04
30,23,1.45795159,23.692700,1.71940606e-04
31,23,1.48832560,23.855653,1.40986467e-04
32,23,1.51869960,24.140703,1.94135033e-04
33,23,1.54907361,24.491723,2.14564165e-04
34,23,1.57944761,24.882486,2.20636196e-04
35,23,1.60982162,25.295801,2.33926361e-04
36,23,1.64019563,25.727328,2.64615392e-04
37,23,1.67056963,26.172742,3.21452727e-04
38,23,1.70094364,26.629800,4.23395763e-04
39,23,1.73131764,27.024139,7.90950737e-04
40,23,1.73131764,27.024139,7.90898793e-04
41,23,1.75279515,26.872088,1.50227292e-04
42,23,1.77427297,26.661498,1.12963431e-04
43,23,1.79575048,26.459189,1.12394292e-04
44,23,1.81722830,26.269853,1.38105556e-04
45,23,1.83870581,26.094810,1.88582414e-04
46,23,1.86018364,25.936081,2.62666895e-04
47,23,1.88166114,25.795638,3.57429269e-04
48,23,1.90313897,25.675696,4.67036801e-04
49,23,1.92461647,25.577271,5.80687083e-04
50,23,1.94609430,25.501174,6.81932873e-04
51,23,1.96757180,25.448710,7.55167062e-04
52,23,1.98904963,25.418224,7.80121048e-04
53,23,2.01052713,25.406383,7.42987441e-04
54,23,2.03200496,25.410721,6.42917815e-04
55,23,2.05348246,25.425140,4.93363930e-04
56,23,2.07496029,25.447643,3.18341973e-04
57,23,2.09643779,25.465617,1.60599703e-04
58,23,2.11791562,25.478248,4.96695024e-05
59,23,2.13939312,25.483119,7.97154987e-06
60,23,2.13939312,25.483119,7.97157963e-06
61,23,2.20382612,26.185011,4.56905157e-06
62,23,2.26825912,26.332487,6.52738537e-04
63,23,2.33269211,27.162505,8.17884835e-04
64,23,2.39712495,26.798946,8.71040129e-04
65,23,2.46155794,25.898424,1.31047334e-03
66,23,2.52599094,26.331204,1.89596145e-03
67,23,2.59042394,27.276904,1.86016035e-03
68,23,2.65485693,27.596942,3.48355354e-03
69,23,2.71928993,28.311669,4.25395004e-03
70,23,2.78372276,28.918208,5.20690039e-03
71,23,2.84815576,29.147188,5.32183413e-03
72,23,2.91258876,29.387188,7.10984156e-04
73,23,2.97702175,30.320205,3.65622170e-03
74,23,3.04145475,30.036131,2.87016123e-03
75,23,3.10588775,29.687085,1.91636655e-03
76,23,3.17032058,29.357556,1.08290949e-03
77,23,3.23475363,29.093574,4.75018946e-04
78,23,3.29918661,28.924367,1.20813464e-04
79,23,3.36361957,28.862843,8.82074905e-06
80,23,3.36361957,28.862843,2.21270095e-05
81,23,3.41622887,28.874768,2.12051050e-07
82,23,3.46883817,28.899725,2.08557040e-07
83,23,3.52144747,28.941168,2.03531189e-07
84,23,3.57405686,28.998800,1.96784842e-07
85,23,3.62666598,29.072198,1.88342466e-07
86,23,3.67927530,29.160729,1.78382326e-07
87,23,3.73188462,29.263596,1.66794530e-07
88,23,3.78449394,29.380314,1.53811517e-07
89,23,3.83710326,29.036216,6.74984947e-05
90,23,3.88971258,29.070822,5.23341203e-05
91,23,3.94232191,29.251610,4.07704053e-05
92,23,3.99493123,29.410280,3.21867982e-05
93,23,4.04754055,28.710297,7.10807015e-05
94,23,4.10014987,28.078537,9.55284526e-04
95,23,4.15275899,27.601533,5.20377379e-03
96,23,4.20536831,27.315426,6.88506739e-03
97,23,4.25797763,27.181962,2.09228874e-02
98,23,4.31058696,27.129888,9.17195821e-03
99,23,4.36319628,27.115447,8.63573097e-03
0,24,0.00000000,28.862843,2.20138911e-05
1,24,0.06074799,28.960004,3.32059377e-06
2,24,0.12149598,29.239397,2.64193019e-07
3,24,0.18224397,29.697813,3.15270894e-05
4,24,0.24299205,30.310506,1.83748587e-04
5,24,0.30373983,31.053175,5.70306741e-04
6,24,0.36448784,31.691542,1.24724122e-03
7,24,0.42523585,30.992835,1.73200813e-03
8,24,0.48598386,30.176855,1.28030722e-03
9,24,0.54673188,29.394471,5.48613280e-04
10,24,0.60747989,28.772326,3.23125148e-06
11,24,0.66822790,28.350921,1.66478677e-03
12,24,0.72897591,27.842838,2.08722682e-03
13,24,0.78972392,27.411034,2.16264899e-03
14,24,0.85047193,28.261352,1.21111933e-03
15,24,0.91121971,28.796354,4.81497978e-09
16,24,0.97196773,28.931455,2.96320486e-07
17,24,1.03271574,29.038756,3.63120279e-06
18,24,1.09346375,29.111063,4.13182062e-06
19,24,1.15421176,29.136372,2.71471834e-05
20,24,1.15421176,29.136372,2.34584567e-05
21,24,1.18458576,29.162416,1.14073525e-04
22,24,1.21495976,29.236950,4.93606597e-04
23,24,1.24533376,29.350410,9.60034922e-04
24,24,1.27570776,29.489349,1.50831833e-03
25,24,1.30608176,29.638639,1.98356388e-03
26,24,1.33645576,29.781450,2.35222290e-03
27,24,1.36682976,29.895117,4.92204942e-03
28,24,1.39720381,29.962737,4.73827764e-03
29,24,1.42757781,29.964432,3.58733282e-03
30,24,1.45795159,29.894462,2.33890676e-03
31,24,1.48832560,29.766048,1.39267276e-03
32,24,1.51869960,29.599505,7.30812533e-04
33,24,1.54907361,29.410687,2.97820953e-04
34,24,1.57944761,29.193485,6.88647455e-05
35,24,1.60982162,28.902836,7.07097957e-05
36,24,1.64019563,28.506547,2.34167094e-04
37,24,1.67056963,28.052925,1.60702499e-04
38,24,1.70094364,27.585367,1.13035226e-04
39,24,1.73131764,27.187755,5.22408920e-06
40,24,1.73131764,27.187755,5.22379379e-06
41,24,1.75279515,27.194277,1.86774065e-04
42,24,1.77427297,27.251582,2.80199488e-04
43,24,1.79575048,27.321718,3.37357257e-04
44,24,1.81722830,27.398215,3.85109504e-04
45,24,1.83870581,27.480000,4.30927079e-04
46,24,1.86018364,27.566510,4.77222257e-04
47,24,1.88166114,27.657198,5.24734972e-04
48,24,1.90313897,27.751504,5.73749045e-04
49,24,1.92461647,27.848299,6.23403394e-04
50,24,1.94609430,27.948349,6.73136577e-04
51,24,1.96757180,28.046753,7.22715502e-04
52,24,1.98904963,28.143582,7.70803548e-04
53,24,2.01052713,28.236651,8.15959446e-04
54,24,2.03200496,28.323752,8.57209607e-04
55,24,2.05348246,28.401877,8.92960810e-04
56,24,2.07496029,28.468742,9.20859203e-04
57,24,2.09643779,28.519072,9.41732642e-04
58,24,2.11791562,28.550746,9.54110081e-04
59,24,2.13939312,28.561970,9.58295354e-04
60,24,2.13939312,28.561970,9.58293929e-04
61,24,2.20382612,27.375306,2.81706410e-04
62,24,2.26825912,26.931171,4.49860454e-05
63,24,2.33269211,27.566799,4.59316173e-05
64,24,2.39712495,27.716405,5.74967993e-05
65,24,2.46155794,27.599945,8.23904542e-05
66,24,2.52599094,27.446804,8.29739106e-05
67,24,2.59042394,27.306253,8.55151003e-05
68,24,2.65485693,28.290491,1.77133535e-03
69,24,2.71928993,29.343464,1.63834907e-03
70,24,2.78372276,29.933308,9.66191703e-04
71,24,2.84815576,30.294030,2.58648956e-03
72,24,2.91258876,30.437136,3.71342256e-03
73,24,2.97702175,30.366711,5.63057156e-04
74,24,3.04145475,30.944938,3.87115813e-04
75,24,3.10588775,30.285539,2.03329518e-04
76,24,3.17032058,29.716686,8.89124229e-05
77,24,3.23475363,29.266051,3.30520209e-05
78,24,3.29918661,28.971073,1.17866081e-05
79,24,3.36361957,28.862843,2.18203871e-05
80,24,3.36361957,28.862843,8.51413803e-06
81,24,3.41622887,28.996058,2.47795396e-04
82,24,3.46883817,29.358471,5.26004100e-04
83,24,3.52144747,29.896097,2.03474931e-03
84,24,3.57405686,30.542130,8.21219706e-04
85,24,3.62666598,31.242488,7.50756600e-03
86,24,3.67927530,31.093611,2.71258406e-05
87,24,3.73188462,30.265120,3.82926221e-05
88,24,3.78449394,29.495746,5.61704690e-05
89,24,3.83710326,29.508301,1.39496434e-07
90,24,3.88971258,29.646337,1.23980695e-07
91,24,3.94232191,29.792050,1.07404507e-07
92,24,3.99493123,29.446258,7.85586145e-04
93,24,4.04754055,28.710297,3.51645847e-05
94,24,4.10014987,28.078537,1.06047800e-03
95,24,4.15275899,27.601533,3.18198292e-03
96,24,4.20536831,27.315426,1.14449648e-02
97,24,4.25797763,27.181962,5.38197297e-03
98,24,4.31058696,27.129888,2.11006790e-02
99,24,4.36319628,27.115447,2.25877883e-02
0,25,0.00000000,28.862843,2.13709136e-07
1,25,0.06074799,29.038018,1.81234705e-04
2,25,0.12149598,29.488888,8.63926871e-04
3,25,0.18224397,30.114103,1.86979155e-03
4,25,0.24299205,30.829552,3.08988343e-03
5,25,0.30373983,31.583733,4.47150824e-03
6,25,0.36448784,31.983872,1.39221359e-08
7,25,0.42523585,31.219780,2.51080493e-05
8,25,0.48598386,30.430381,1.56236156e-04
9,25,0.54673188,29.660967,4.85438051e-04
10,25,0.60747989,28.956807,1.03859940e-03
11,25,0.66822790,28.466331,7.61860949e-06
12,25,0.72897591,28.428536,2.58679008e-07
13,25,0.78972392,28.520940,1.30386219e-07
14,25,0.85047193,28.652034,1.32942311e-07
15,25,0.91121971,28.796354,8.06347451e-03
16,25,0.97196773,28.931455,9.24572572e-03
17,25,1.03271574,29.038756,1.02005248e-02
18,25,1.09346375,29.111063,1.08450112e-02
19,25,1.15421176,29.136372,1.10967934e-02
20,25,1.15421176,29.136372,1.11004918e-02
21,25,1.18458576,29.162416,1.08862873e-02
22,25,1.21495976,29.236950,1.03423280e-02
23,25,1.24533376,29.350410,9.69155929e-03
24,25,1.27570776,29.489349,8.94237755e-03
25,25,1.30608176,29.638639,8.21949929e-03
26,25,1.33645576,29.781450,7.47458573e-03
27,25,1.36682976,29.895117,4.25146151e-03
28,25,1.39720381,29.962737,3.36860147e-03
29,25,1.42757781,29.964432,3.03441232e-03
30,25,1.45795159,29.894462,2.65149245e-03
31,25,1.48832560,29.766048,2.21915472e-03
32,25,1.51869960,29.599505,1.83202411e-03
33,25,1.54907361,29.410687,1.48606292e-03
34,25,1.57944761,29.193485,1.15346439e-03
35,25,1.60982162,28.902836,8.62659249e-04
36,25,1.64019563,28.506547,5.98145201e-04
37,25,1.67056963,28.052925,5.39081870e-04
38,25,1.70094364,27.585367,4.06648035e-04
39,25,1.73131764,27.187755,7.44500141e-06
40,25,1.73131764,27.187755,7.44530134e-06
41,25,1.75279515,27.524002,1.81266922e-04
42,25,1.77427297,27.928547,1.61021950e-04
43,25,1.79575048,28.321513,1.04122232e-04
44,25,1.81722830,28.530189,2.44723222e-04
45,25,1.83870581,28.495874,4.64550951e-04
46,25,1.86018364,28.442060,6.35132046e-04
47,25,1.88166114,28.394493,8.28787971e-04
48,25,1.90313897,28.358390,1.06165733e-03
49,25,1.92461647,28.334094,1.33980111e-03
50,25,1.94609430,28.324166,1.66992440e-03
51,25,1.96757180,28.330203,2.05222575e-03
52,25,1.98904963,28.353989,2.48700945e-03
53,25,2.01052713,28.397191,2.97290702e-03
54,25,2.03200496,28.461600,3.49685799e-03
55,25,2.05348246,28.548423,4.05200588e-03
56,25,2.07496029,28.663635,4.64373842e-03
57,25,2.09643779,28.797085,5.29289454e-03
58,25,2.11791562,28.950793,6.24580909e-03
59,25,2.13939312,29.086369,9.29487636e-03
60,25,2.13939312,29.086369,9.29488937e-03
61,25,2.20382612,28.815053,5.71216843e-04
62,25,2.26825912,28.547008,5.56011941e-04
63,25,2.33269211,27.855770,9.75315800e-04
64,25,2.39712495,28.017786,6.86887427e-04
65,25,2.46155794,28.854504,7.76597002e-04
66,25,2.52599094,28.915760,3.03692763e-03
67,25,2.59042394,28.998441,1.55025456e-03
68,25,2.65485693,29.193820,3.45784611e-04
69,25,2.71928993,29.523370,4.56487239e-05
70,25,2.78372276,30.420690,1.44144267e-03
71,25,2.84815576,30.790386,3.04871228e-05
72,25,2.91258876,31.223279,8.44201531e-04
73,25,2.97702175,31.656134,5.95151893e-04
74,25,3.04145475,31.337131,3.94046480e-04
75,25,3.10588775,31.582464,4.58213380e-03
76,25,3.17032058,30.603558,2.59326670e-03
77,25,3.23475363,29.735297,1.08923308e-03
78,25,3.29918661,29.104092,2.24537555e-04
79,25,3.36361957,28.862843,2.13688471e-07
80,25,3.36361957,28.862843,2.13714992e-07
81,25,3.41622887,28.996058,4.06694855e-05
82,25,3.46883817,29.358471,7.53759897e-04
83,25,3.52144747,29.896097,1.11921551e-03
84,25,3.57405686,30.542130,5.17080756e-03
85,25,3.62666598,31.242488,2.34472485e-03
86,25,3.67927530,31.900709,5.88766557e-03
87,25,3.73188462,32.376224,1.66857988e-02
88,25,3.78449394,32.354343,1.11043913e-02
89,25,3.83710326,31.804075,6.88951065e-03
90,25,3.88971258,31.048898,4.40818624e-03
91,25,3.94232191,30.241970,7.65334605e-04
92,25,3.99493123,29.446258,5.76522439e-05
93,25,4.04754055,29.489367,2.40495471e-05
94,25,4.10014987,29.445315,1.57935408e-05
95,25,4.15275899,29.234076,8.15297058e-06
96,25,4.20536831,28.867004,2.77582704e-06
97,25,4.25797763,28.402247,3.45277368e-07
98,25,4.31058696,27.963766,5.66216342e-08
99,25,4.36319628,27.765535,5.63955494e-07
0,26,0.00000000,34.511773,3.41000916e-05
1,26,0.06074799,34.458467,9.73425100e-06
2,26,0.12149598,34.194862,2.24367902e-04
3,26,0.18224397,33.774737,1.80592089e-04
4,26,0.24299205,33.223151,2.05973808e-04
5,26,0.30373983,32.568430,2.81731004e-04
6,26,0.36448784,32.004451,8.26709701e-04
7,26,0.42523585,32.592182,4.41193899e-04
8,26,0.48598386,31.510244,5.58305176e-04
9,26,0.54673188,30.434592,6.92200036e-04
10,26,0.60747989,29.375039,8.47606005e-04
11,26,0.66822790,28.466331,1.15285155e-03
12,26,0.72897591,28.428536,3.25628615e-03
13,26,0.78972392,28.520940,5.11728629e-03
14,26,0.85047193,28.652034,6.69728334e-03
15,26,0.91121971,29.336263,9.44841323e-04
16,26,0.97196773,30.476652,6.62032916e-04
17,26,1.03271574,31.639578,3.89755461e-04
18,26,1.09346375,32.774841,1.65500749e-04
19,26,1.15421176,33.718480,9.57298986e-04
20,26,1.15421176,33.718480,9.57072893e-04
21,26,1.18458576,33.482166,5.99491372e-04
22,26,1.21495976,33.206008,5.60017332e-04
23,26,1.24533376,32.927413,4.30023780e-05
24,26,1.27570776,32.652498,3.29397669e-05
25,26,1.30608176,32.389063,5.32383290e-05
26,26,1.33645576,32.147210,1.17284007e-04
27,26,1.36682976,31.939772,2.76317566e-04
28,26,1.39720381,31.785389,6.13389989e-04
29,26,1.42757781,31.693960,1.24381071e-03
30,26,1.45795159,31.610463,2.51640795e-03
31,26,1.48832560,31.229248,8.65912800e-04
32,26,1.51869960,30.742621,5.23824733e-04
33,26,1.54907361,30.257652,4.44787414e-04
34,26,1.57944761,29.806466,4.78044866e-04
35,26,1.60982162,29.441301,6.17753992e-04
36,26,1.64019563,29.213696,5.31561466e-04
37,26,1.67056963,29.080602,2.59637485e-04
38,26,1.70094364,29.007643,1.43283483e-04
39,26,1.73131764,28.983956,1.16625623e-04
40,26,1.73131764,28.983956,1.16561903e-04
41,26,1.75279515,28.878086,3.00094348e-04
42,26,1.77427297,28.784048,3.45816276e-04
43,26,1.79575048,28.717795,4.44420173e-04
44,26,1.81722830,28.849012,3.97902089e-04
45,26,1.83870581,29.235294,2.93129891e-04
46,26,1.86018364,29.652323,2.95006351e-04
47,26,1.88166114,30.072605,3.56585971e-04
48,26,1.90313897,30.455125,1.54500038e-03
49,26,1.92461647,30.640356,2.21411753e-03
50,26,1.94609430,30.781739,3.02454792e-03
51,26,1.96757180,30.863676,3.74931104e-03
52,26,1.98904963,30.692553,5.05752260e-03
53,26,2.01052713,30.463305,5.00055233e-03
54,26,2.03200496,30.229615,4.90519832e-03
55,26,2.05348246,29.995671,4.76127272e-03
56,26,2.07496029,29.766921,4.53500262e-03
57,26,2.09643779,29.545612,4.18134355e-03
58,26,2.11791562,29.338089,3.43551561e-03
59,26,2.13939312,29.185799,6.31221963e-04
60,26,2.13939312,29.185799,6.31225701e-04
61,26,2.20382612,29.054437,8.59501633e-03
62,26,2.26825912,28.899742,1.65242177e-03
63,26,2.33269211,28.471490,6.99218334e-04
64,26,2.39712495,28.920721,9.95691402e-04
65,26,2.46155794,28.905683,4.45196438e-03
66,26,2.52599094,29.667882,8.69023911e-04
67,26,2.59042394,30.413969,1.08249568e-03
68,26,2.65485693,30.972555,1.59446059e-03
69,26,2.71928993,31.089831,1.84771902e-03
70,26,2.78372276,30.845718,7.96916356e-04
71,26,2.84815576,31.506866,1.08679725e-03
72,26,2.91258876,32.290367,8.31228628e-05
73,26,2.97702175,31.860454,1.32031745e-03
74,26,3.04145475,32.512197,7.03938871e-03
75,26,3.10588775,32.267749,3.51938967e-04
76,26,3.17032058,33.120756,2.04077165e-04
77,26,3.23475363,33.845097,1.18840031e-04
78,26,3.29918661,34.358796,6.23040633e-05
79,26,3.36361957,34.511773,5.95346446e-05
80,26,3.36361957,34.511773,6.20893961e-06
81,26,3.41622887,34.401500,1.09895774e-05
82,26,3.46883817,33.992336,1.12252997e-05
83,26,3.52144747,33.401549,1.25902197e-05
84,26,3.57405686,32.693703,1.53715804e-05
85,26,3.62666598,31.913848,1.99814260e-05
86,26,3.67927530,31.900709,8.91893730e-03
87,26,3.73188462,32.376224,3.59800284e-03
88,26,3.78449394,32.354343,7.77369682e-03
89,26,3.83710326,31.804075,5.15158823e-03
90,26,3.88971258,31.048898,2.34979439e-03
91,26,3.94232191,30.241970,2.37980647e-03
92,26,3.99493123,29.942367,8.99422042e-08
93,26,4.04754055,30.093334,7.19793126e-08
94,26,4.10014987,30.244057,5.40638582e-08
95,26,4.15275899,30.379970,3.68299037e-08
96,26,4.20536831,30.498004,2.14591720e-08
97,26,4.25797763,30.590270,9.29044083e-09
98,26,4.31058696,30.649333,1.81463069e-09
99,26,4.36319628,30.669515,1.77399729e-10
0,27,0.00000000,34.511773,4.83576231e-05
1,27,0.06074799,34.460322,2.16301172e-04
2,27,0.12149598,34.194862,3.76956348e-04
3,27,0.18224397,33.774737,7.83489090e-04
4,27,0.24299205,33.223151,1.10385894e-03
5,27,0.30373983,32.568430,1.24354791e-03
6,27,0.36448784,32.004451,1.75148650e-07
7,27,0.42523585,32.777105,9.27676736e-04
8,27,0.48598386,33.668907,8.83487853e-03
9,27,0.54673188,34.182476,9.84006419e-03
10,27,0.60747989,34.576303,1.03446167e-02
11,27,0.66822790,34.579116,1.52247852e-06
12,27,0.72897591,34.579021,1.57280313e-05
13,27,0.78972392,34.643305,6.63326480e-05
14,27,0.85047193,34.723939,9.95842972e-04
15,27,0.91121971,34.390600,1.54653032e-03
16,27,0.97196773,34.109945,1.40866489e-03
17,27,1.03271574,33.897408,1.00193554e-03
18,27,1.09346375,33.764042,9.99979065e-04
19,27,1.15421176,33.718480,1.46497984e-07
20,27,1.15421176,33.718480,3.81823996e-07
21,27,1.18458576,33.482166,6.27997923e-06
22,27,1.21495976,33.206008,6.24131223e-05
23,27,1.24533376,32.927413,6.37485542e-04
24,27,1.27570776,32.652498,7.50987450e-04
25,27,1.30608176,32.389063,9.18495780e-04
26,27,1.33645576,32.147210,1.20257830e-03
27,27,1.36682976,31.939772,1.67952157e-03
28,27,1.39720381,31.785389,2.38081560e-03
29,27,1.42757781,31.693960,3.09554021e-03
30,27,1.45795159,31.610463,2.02341641e-03
31,27,1.48832560,31.229248,2.30310690e-03
32,27,1.51869960,30.742621,2.17266630e-03
33,27,1.54907361,30.257652,1.84859016e-03
34,27,1.57944761,29.806466,1.42750040e-03
35,27,1.60982162,29.441301,8.20819651e-04
36,27,1.64019563,29.213696,4.19271017e-04
37,27,1.67056963,29.080602,3.73382082e-04
38,27,1.70094364,29.007643,3.25609753e-04
39,27,1.73131764,28.983956,3.16136090e-04
40,27,1.73131764,28.983956,3.16198959e-04
41,27,1.75279515,29.107996,1.61831598e-04
42,27,1.77427297,29.256555,1.99876629e-04
43,27,1.79575048,29.426621,2.66782271e-04
44,27,1.81722830,29.614860,3.69722706e-04
45,27,1.83870581,29.817575,5.21138817e-04
46,27,1.86018364,30.030051,7.42037632e-04
47,27,1.88166114,30.245574,1.06619711e-03
48,27,1.90313897,30.488355,5.50183643e-04
49,27,1.92461647,30.865333,1.33817537e-03
50,27,1.94609430,31.031888,4.10971144e-03
51,27,1.96757180,30.900793,5.00019101e-03
52,27,1.98904963,30.888122,4.18292201e-03
53,27,2.01052713,30.872018,4.33764904e-03
54,27,2.03200496,30.832960,4.33859801e-03
55,27,2.05348246,30.785112,4.27632181e-03
56,27,2.07496029,30.739356,4.20082202e-03
57,27,2.09643779,30.700471,4.14042831e-03
58,27,2.11791562,30.674952,4.10616606e-03
59,27,2.13939312,30.666272,4.10340275e-03
60,27,2.13939312,30.666272,4.10340361e-03
61,27,2.20382612,29.872566,2.64683682e-03
62,27,2.26825912,29.017302,7.76438079e-03
63,27,2.33269211,28.974984,6.80403991e-03
64,27,2.39712495,28.931165,5.71036451e-03
65,27,2.46155794,29.678888,1.43225413e-03
66,27,2.52599094,30.482209,2.06828555e-03
67,27,2.59042394,31.274662,2.91079555e-03
68,27,2.65485693,32.031174,3.97913079e-03
69,27,2.71928993,32.713333,5.30607665e-03
70,27,2.78372276,33.274220,6.93334686e-03
71,27,2.84815576,33.286959,2.34549163e-03
72,27,2.91258876,32.821679,2.55971627e-03
73,27,2.97702175,33.263482,9.11745735e-03
74,27,3.04145475,32.521286,1.35210457e-03
75,27,3.10588775,33.152416,1.15417048e-03
76,27,3.17032058,33.709250,8.42661630e-04
77,27,3.23475363,34.152758,5.05893379e-04
78,27,3.29918661,34.443120,2.18820091e-04
79,27,3.36361957,34.511773,2.96543028e-05
80,27,3.36361957,34.511773,8.83077838e-05
81,27,3.41622887,34.524829,2.67519229e-04
82,27,3.46883817,34.444721,4.57646168e-04
83,27,3.52144747,34.317124,8.12300820e-04
84,27,3.57405686,34.147650,2.05030547e-05
85,27,3.62666598,33.943632,3.53461870e-04
86,27,3.67927530,33.715177,8.23740474e-04
87,27,3.73188462,33.503080,4.76756178e-04
88,27,3.78449394,33.412873,1.16456115e-04
89,27,3.83710326,33.235522,1.88912756e-04
90,27,3.88971258,32.979007,1.00234590e-03
91,27,3.94232191,32.738187,1.26936686e-03
92,27,3.99493123,32.525081,1.39310555e-04
93,27,4.04754055,32.344407,1.84755302e-03
94,27,4.10014987,32.195695,1.61531351e-03
95,27,4.15275899,32.079845,1.09732089e-03
96,27,4.20536831,32.004916,9.56959950e-04
97,27,4.25797763,31.957067,4.17145657e-04
98,27,4.31058696,31.935305,3.69676125e-06
99,27,4.36319628,31.928747,2.12141366e-06
0,28,0.00000000,34.511773,1.62229983e-05
1,28,0.06074799,34.460322,7.51618227e-05
2,28,0.12149598,34.198104,7.31481524e-06
3,28,0.18224397,33.803314,7.81002405e-06
4,28,0.24299205,33.295155,8.73312643e-06
5,28,0.30373983,32.684738,5.40878962e-06
6,28,0.36448784,32.325538,5.96484503e-03
7,28,0.42523585,32.777105,1.41557379e-03
8,28,0.48598386,33.695163,1.41118803e-03
9,28,0.54673188,34.612575,1.62597919e-03
10,28,0.60747989,34.650706,5.36512114e-05
11,28,0.66822790,34.856237,1.03562803e-02
12,28,0.72897591,35.042882,1.00104051e-02
13,28,0.78972392,35.105654,1.22248497e-03
14,28,0.85047193,34.723939,1.33562195e-03
15,28,0.91121971,34.390600,4.34562962e-04
16,28,0.97196773,34.109945,2.21732181e-04
17,28,1.03271574,33.897408,2.97355913e-04
18,28,1.09346375,33.764042,5.38018513e-05
19,28,1.15421176,33.792977,5.47947012e-05
20,28,1.15421176,33.792977,5.48537545e-05
21,28,1.18458576,34.018990,3.32906448e-04
22,28,1.21495976,34.264924,3.93677211e-04
23,28,1.24533376,34.495166,5.50323530e-04
24,28,1.27570776,34.547114,7.16792349e-06
25,28,1.30608176,34.170726,1.24740618e-05
26,28,1.33645576,33.735839,9.32049829e-05
27,28,1.36682976,33.272462,1.25238686e-04
28,28,1.39720381,32.786991,1.24404519e-04
29,28,1.42757781,32.303053,9.28964522e-05
30,28,1.45795159,31.878186,3.55192743e-04
31,28,1.48832560,31.806267,2.44899551e-03
32,28,1.51869960,31.875952,3.08766770e-03
33,28,1.54907361,31.972568,3.56441414e-03
34,28,1.57944761,32.073371,4.19610596e-03
35,28,1.60982162,32.166291,4.75258440e-03
36,28,1.64019563,32.245126,5.14216322e-03
37,28,1.67056963,32.305028,5.12408551e-03
38,28,1.70094364,32.351586,6.22414488e-03
39,28,1.73131764,32.373828,7.57170027e-03
40,28,1.73131764,32.373828,2.87593262e-03
41,28,1.75279515,32.329042,7.43903285e-03
42,28,1.77427297,32.269182,7.08678750e-03
43,28,1.79575048,32.214922,6.69720896e-03
44,28,1.81722830,32.159778,6.26333703e-03
45,28,1.83870581,32.104051,5.78199475e-03
46,28,1.86018364,31.986948,4.82015489e-03
47,28,1.88166114,31.831377,4.77407170e-03
48,28,1.90313897,31.665530,4.59336702e-03
49,28,1.92461647,31.519815,3.82250328e-03
50,28,1.94609430,31.568741,1.06594241e-03
51,28,1.96757180,31.903940,1.34689859e-04
52,28,1.98904963,32.304351,3.92299837e-05
53,28,2.01052713,32.605453,9.93797380e-05
54,28,2.03200496,32.883209,2.83519133e-05
55,28,2.05348246,33.181535,5.09149723e-05
56,28,2.07496029,33.495461,1.14592647e-04
57,28,2.09643779,33.807049,1.79811290e-04
58,28,2.11791562,34.101581,2.03074661e-04
59,28,2.13939312,34.276019,1.97798804e-04
60,28,2.13939312,34.276019,1.97801413e-04
61,28,2.20382612,34.238794,1.19553827e-04
62,28,2.26825912,34.101032,1.55515632e-04
63,28,2.33269211,33.991910,1.85428329e-04
64,28,2.39712495,33.913977,1.92104982e-04
65,28,2.46155794,33.883303,1.82251034e-04
66,28,2.52599094,33.882325,1.43559020e-04
67,28,2.59042394,33.452410,4.68624430e-03
68,28,2.65485693,33.113562,2.85660961e-03
69,28,2.71928993,33.196963,1.10818068e-03
70,28,2.78372276,33.709205,4.56391335e-04
71,28,2.84815576,33.638981,8.69053333e-03
72,28,2.91258876,33.667590,9.80166580e-03
73,28,2.97702175,33.794802,1.33877607e-03
74,28,3.04145475,34.257888,6.39893889e-04
75,28,3.10588775,34.377060,5.17096078e-04
76,28,3.17032058,34.457441,3.29367354e-04
77,28,3.23475363,34.509254,1.69069149e-04
78,28,3.29918661,34.538801,6.46150375e-05
79,28,3.36361957,34.511773,9.48921945e-06
80,28,3.36361957,34.511773,4.16521771e-06
81,28,3.41622887,34.524829,3.53078951e-05
82,28,3.46883817,34.444721,2.63152881e-04
83,28,3.52144747,34.317124,4.75885048e-04
84,28,3.57405686,34.147650,1.88867432e-03
85,28,3.62666598,33.943633,2.03168370e-03
86,28,3.67927530,33.715177,1.41477597e-03
87,28,3.73188462,33.503080,1.44972351e-04
88,28,3.78449394,33.412873,9.58685542e-05
89,28,3.83710326,33.235522,2.17262970e-05
90,28,3.88971258,32.979007,2.20087312e-04
91,28,3.94232191,32.738187,7.18067464e-04
92,28,3.99493123,32.525081,2.15262313e-03
93,28,4.04754055,32.344408,3.99015688e-04
94,28,4.10014987,32.195695,3.58568248e-04
95,28,4.15275899,32.079845,4.53353875e-04
96,28,4.20536831,32.004916,1.28455946e-04
97,28,4.25797763,31.957067,1.81176159e-04
98,28,4.31058696,31.935305,2.00726389e-04
99,28,4.36319628,31.928747,1.65106582e-05
0,29,0.00000000,37.687382,4.84055406e-07
1,29,0.06074799,37.755726,6.72443187e-07
2,29,0.12149598,37.521813,8.41633293e-05
3,29,0.18224397,36.703250,1.29067839e-04
4,29,0.24299205,35.753144,1.85346299e-04
5,29,0.30373983,34.730768,2.55268928e-04
6,29,0.36448784,33.670225,3.40270161e-04
7,29,0.42523585,33.023397,7.47177358e-03
8,29,0.48598386,33.695163,2.30483846e-03
9,29,0.54673188,34.612575,3.77114399e-03
10,29,0.60747989,35.486501,5.97946914e-03
11,29,0.66822790,35.868751,2.00676885e-03
12,29,0.72897591,35.516184,5.85288715e-04
13,29,0.78972392,35.105654,1.50054664e-03
14,29,0.85047193,34.744721,1.24426843e-04
15,29,0.91121971,34.861266,1.64993824e-04
16,29,0.97196773,34.942586,1.65731626e-04
17,29,1.03271574,34.887789,1.04318754e-04
18,29,1.09346375,34.537368,1.35737793e-05
19,29,1.15421176,33.792977,8.00169450e-08
20,29,1.15421176,33.792977,1.92501077e-08
21,29,1.18458576,34.018990,7.14917613e-05
22,29,1.21495976,34.264924,3.82464606e-05
23,29,1.24533376,34.495166,5.61505041e-05
24,29,1.27570776,34.547114,7.52333582e-03
25,29,1.30608176,34.170726,7.87418186e-03
26,29,1.33645576,33.735839,6.88264249e-03
27,29,1.36682976,33.272462,5.98512501e-03
28,29,1.39720381,32.786991,5.24810153e-03
29,29,1.42757781,32.303053,4.75744597e-03
30,29,1.45795159,31.878186,5.38604056e-03
31,29,1.48832560,31.806267,5.58045300e-03
32,29,1.51869960,31.875952,6.08247985e-03
33,29,1.54907361,31.972568,6.44644157e-03
34,29,1.57944761,32.073371,6.44761284e-03
35,29,1.60982162,32.166291,6.37384559e-03
36,29,1.64019563,32.245126,6.34314099e-03
37,29,1.67056963,32.305028,6.61111633e-03
38,29,1.70094364,32.351586,5.64380372e-03
39,29,1.73131764,32.373828,4.30953578e-03
40,29,1.73131764,32.373828,9.00527274e-03
41,29,1.75279515,32.387599,4.34747091e-03
42,29,1.77427297,32.366121,4.54168725e-03
43,29,1.79575048,32.315694,4.67278207e-03
44,29,1.81722830,32.233616,4.76109200e-03
45,29,1.83870581,32.122723,4.81040064e-03
46,29,1.86018364,32.050987,5.23500330e-03
47,29,1.88166114,32.006061,4.59201486e-03
48,29,1.90313897,31.979058,3.80664445e-03
49,29,1.92461647,31.984284,2.85581001e-03
50,29,1.94609430,32.041533,1.81223196e-03
51,29,1.96757180,32.168170,9.13975349e-04
52,29,1.98904963,32.361644,3.54089162e-04
53,29,2.01052713,32.708941,3.38541559e-05
54,29,2.03200496,33.108819,4.32108126e-05
55,29,2.05348246,33.490717,5.57587590e-05
56,29,2.07496029,33.844575,6.89574042e-05
57,29,2.09643779,34.139148,8.01732618e-05
58,29,2.11791562,34.343976,8.76083529e-05
59,29,2.13939312,34.419050,8.77223043e-05
60,29,2.13939312,34.419050,8.77228260e-05
61,29,2.20382612,34.454535,2.41438129e-04
62,29,2.26825912,34.657328,3.08702687e-04
63,29,2.33269211,34.702877,6.06617583e-03
64,29,2.39712495,34.606711,6.99488859e-03
65,29,2.46155794,34.337596,6.95577147e-03
66,29,2.52599094,33.920748,6.06922880e-03
67,29,2.59042394,33.899380,7.26578276e-05
68,29,2.65485693,33.929344,1.01201311e-05
69,29,2.71928993,33.939668,2.74262661e-05
70,29,2.78372276,33.898920,1.21825919e-04
71,29,2.84815576,33.860923,3.42679338e-05
72,29,2.91258876,33.928581,1.00391261e-04
73,29,2.97702175,34.098997,4.99495953e-04
74,29,3.04145475,34.866468,9.52186854e-04
75,29,3.10588775,35.892243,6.52737247e-04
76,29,3.17032058,36.823312,3.99402894e-04
77,29,3.23475363,37.598256,2.07158259e-04
78,29,3.29918661,37.762244,2.51451170e-06
79,29,3.36361957,37.687382,4.84110088e-07
80,29,3.36361957,37.687382,4.84413750e-07
81,29,3.41622887,37.738415,1.96698125e-06
82,29,3.46883817,37.863728,4.07468775e-06
83,29,3.52144747,37.509347,2.30864148e-04
84,29,3.57405686,36.912894,5.89547951e-04
85,29,3.62666598,36.194556,9.31049137e-04
86,29,3.67927530,35.419730,3.21358110e-04
87,29,3.73188462,34.690716,8.37174088e-05
88,29,3.78449394,34.194303,2.40579625e-03
89,29,3.83710326,34.072792,4.57924080e-03
90,29,3.88971258,34.019882,2.44989573e-03
91,29,3.94232191,33.875856,1.54694135e-03
92,29,3.99493123,33.666079,1.52054582e-03
93,29,4.04754055,33.425778,1.95736592e-03
94,29,4.10014987,33.190857,3.44081513e-04
95,29,4.15275899,32.967394,1.09076995e-03
96,29,4.20536831,32.773799,6.31745910e-04
97,29,4.25797763,32.617263,1.31691734e-03
98,29,4.31058696,32.513765,7.58585193e-04
99,29,4.36319628,32.473527,7.99963294e-04
0,30,0.00000000,38.292740,1.49531416e-04
1,30,0.06074799,38.108767,4.81579850e-05
2,30,0.12149598,37.908492,1.04615202e-04
3,30,0.18224397,37.837468,1.72576047e-03
4,30,0.24299205,37.212410,2.60453161e-03
5,30,0.30373983,36.516808,2.06286686e-03
6,30,0.36448784,35.910319,1.41618987e-03
7,30,0.42523585,35.428184,8.72159845e-04
8,30,0.48598386,35.065020,4.68436516e-04
9,30,0.54673188,34.809610,2.01255502e-04
10,30,0.60747989,35.486501,1.61131814e-03
11,30,0.66822790,35.868751,3.93670984e-03
12,30,0.72897591,35.516184,2.80260390e-03
13,30,0.78972392,35.169561,9.46736908e-03
14,30,0.85047193,35.244066,8.85250945e-03
15,30,0.91121971,35.298717,8.23009990e-03
16,30,0.97196773,35.334876,7.64610713e-03
17,30,1.03271574,35.368700,7.10789427e-03
18,30,1.09346375,35.406918,6.61857647e-03
19,30,1.15421176,35.454259,1.65987480e-05
20,30,1.15421176,35.454259,3.46023404e-05
21,30,1.18458576,35.391111,4.11887832e-08
22,30,1.21495976,35.211567,6.69460067e-05
23,30,1.24533376,34.943695,2.22691955e-05
24,30,1.27570776,34.765584,1.33572911e-04
25,30,1.30608176,34.953206,6.64811094e-04
26,30,1.33645576,35.154457,8.23859514e-04
27,30,1.36682976,35.354784,8.54672342e-04
28,30,1.39720381,35.551699,1.11771708e-03
29,30,1.42757781,35.749261,1.26109190e-03
30,30,1.45795159,35.949680,1.50331478e-03
31,30,1.48832560,36.147257,1.04962649e-03
32,30,1.51869960,36.336386,2.28021862e-03
33,30,1.54907361,36.492133,2.50284657e-03
34,30,1.57944761,36.549464,1.69196576e-03
35,30,1.60982162,36.499752,6.03210788e-04
36,30,1.64019563,36.427596,2.24380648e-04
37,30,1.67056963,36.366748,5.07899989e-05
38,30,1.70094364,36.329032,3.21278908e-05
39,30,1.73131764,36.318339,1.94000780e-04
40,30,1.73131764,36.318339,5.02708237e-05
41,30,1.75279515,36.184536,1.44979127e-03
42,30,1.77427297,36.041345,1.44906007e-03
43,30,1.79575048,35.896575,1.48115371e-03
44,30,1.81722830,35.753623,1.53163757e-03
45,30,1.83870581,35.614671,1.59930211e-03
46,30,1.86018364,35.481949,1.67967689e-03
47,30,1.88166114,35.357068,1.76857494e-03
48,30,1.90313897,35.241337,1.86277456e-03
49,30,1.92461647,35.135144,1.95683712e-03
50,30,1.94609430,35.038427,2.04914092e-03
51,30,1.96757180,34.952821,2.13321977e-03
52,30,1.98904963,34.877673,2.20678897e-03
53,30,2.01052713,34.812913,2.26673563e-03
54,30,2.03200496,34.758204,2.30539055e-03
55,30,2.05348246,34.713149,2.31322926e-03
56,30,2.07496029,34.677305,2.26569456e-03
57,30,2.09643779,34.647096,2.07680546e-03
58,30,2.11791562,34.611459,1.43844658e-03
59,30,2.13939312,34.561549,5.26279843e-04
60,30,2.13939312,34.561549,5.26298325e-04
61,30,2.20382612,34.590781,3.06367066e-03
62,30,2.26825912,34.667416,4.67194612e-03
63,30,2.33269211,34.880947,4.10358025e-04
64,30,2.39712495,35.116912,5.77308389e-04
65,30,2.46155794,35.359313,8.49121011e-04
66,30,2.52599094,35.572776,1.36043656e-03
67,30,2.59042394,35.662912,2.35685011e-03
68,30,2.65485693,35.431311,3.43334802e-03
69,30,2.71928993,34.837499,3.39740266e-03
70,30,2.78372276,34.069882,2.83697998e-03
71,30,2.84815576,34.381574,3.20844655e-04
72,30,2.91258876,35.087384,3.17682174e-04
73,30,2.97702175,35.727128,1.98175045e-04
74,30,3.04145475,36.435608,1.41101046e-03
75,30,3.10588775,37.044321,3.39398676e-04
76,30,3.17032058,37.566135,2.51283776e-04
77,30,3.23475363,37.933476,1.31510428e-05
78,30,3.29918661,38.133658,9.12481985e-05
79,30,3.36361957,38.292740,1.06276615e-04
80,30,3.36361957,38.292740,1.23189569e-04
81,30,3.41622887,38.233394,1.33210183e-04
82,30,3.46883817,37.953650,3.44747755e-04
83,30,3.52144747,37.509347,1.07113958e-03
84,30,3.57405686,36.912895,1.60712517e-03
85,30,3.62666598,36.194557,1.38098217e-03
86,30,3.67927530,35.419730,9.58022914e-04
87,30,3.73188462,34.690716,2.24780224e-05
88,30,3.78449394,34.194303,1.07584974e-04
89,30,3.83710326,34.072792,2.54259675e-03
90,30,3.88971258,34.019882,4.68954952e-03
91,30,3.94232191,33.875856,4.04822521e-03
92,30,3.99493123,33.666079,2.62762728e-03
93,30,4.04754055,33.425778,1.14477159e-03
94,30,4.10014987,33.190857,2.05448753e-03
95,30,4.15275899,32.967394,8.89824943e-04
96,30,4.20536831,32.773799,1.11926359e-03
97,30,4.25797763,32.617263,3.86948427e-04
98,30,4.31058696,32.513765,9.89411049e-04
99,30,4.36319628,32.473527,9.66723924e-04
0,31,0.00000000,38.292740,8.25140078e-06
1,31,0.06074799,38.297954,1.61993178e-05
2,31,0.12149598,38.203820,1.16854252e-05
3,31,0.18224397,38.059507,1.07938284e-04
4,31,0.24299205,37.877699,2.81536038e-04
5,31,0.30373983,37.671076,5.09724017e-04
6,31,0.36448784,37.450662,7.76100753e-04
7,31,0.42523585,37.225310,1.07030294e-03
8,31,0.48598386,37.001818,1.38783838e-03
9,31,0.54673188,36.785267,1.72407108e-03
10,31,0.60747989,36.579406,2.08092040e-03
11,31,0.66822790,36.387553,2.45889614e-03
12,31,0.72897591,36.210316,2.85927272e-03
13,31,0.78972392,36.049763,3.28427840e-03
14,31,0.85047193,35.906633,3.73619366e-03
15,31,0.91121971,35.782994,4.22278458e-03
16,31,0.97196773,35.679420,4.74382607e-03
17,31,1.03271574,35.588574,5.29189918e-03
18,31,1.09346375,35.514041,5.87726677e-03
19,31,1.15421176,35.454259,1.26611175e-02
20,31,1.15421176,35.454259,1.26431990e-02
21,31,1.18458576,35.391111,1.23169188e-02
22,31,1.21495976,35.211567,1.13683535e-02
23,31,1.24533376,34.943695,1.01367744e-02
24,31,1.27570776,34.765584,2.01866475e-03
25,31,1.30608176,34.953206,1.64387110e-04
26,31,1.33645576,35.154457,1.05971317e-04
27,31,1.36682976,35.354784,3.20411653e-04
28,31,1.39720381,35.551699,3.97767910e-04
29,31,1.42757781,35.749261,6.84787860e-04
30,31,1.45795159,35.949680,9.64696703e-04
31,31,1.48832560,36.147257,2.01393940e-03
32,31,1.51869960,36.336386,1.40900805e-03
33,31,1.54907361,36.492133,1.55904739e-03
34,31,1.57944761,36.549464,1.70512366e-03
35,31,1.60982162,36.499752,1.95400747e-03
36,31,1.64019563,36.427596,1.91065990e-03
37,31,1.67056963,36.366748,1.85470275e-03
38,31,1.70094364,36.329032,1.75198025e-03
39,31,1.73131764,36.318339,1.54840484e-03
40,31,1.73131764,36.318339,1.69216165e-03
41,31,1.75279515,36.447590,6.33371640e-04
42,31,1.77427297,36.579584,1.22694091e-03
43,31,1.79575048,36.698143,1.95308167e-03
44,31,1.81722830,36.781266,2.55151583e-03
45,31,1.83870581,36.808147,2.67706351e-03
46,31,1.86018364,36.781640,2.36917210e-03
47,31,1.88166114,36.721372,1.92821641e-03
48,31,1.90313897,36.645481,1.52354311e-03
49,31,1.92461647,36.564700,1.19333302e-03
50,31,1.94609430,36.484385,9.36438629e-04
51,31,1.96757180,36.410499,7.36739592e-04
52,31,1.98904963,36.343734,5.83440531e-04
53,31,2.01052713,36.284380,4.67828858e-04
54,31,2.03200496,36.115301,3.45667628e-03
55,31,2.05348246,35.834114,3.03361791e-03
56,31,2.07496029,35.540907,2.73685360e-03
57,31,2.09643779,35.244530,2.66275700e-03
58,31,2.11791562,34.976530,3.14167031e-03
59,31,2.13939312,34.849955,3.97211896e-03
60,31,2.13939312,34.849955,3.97213223e-03
61,31,2.20382612,35.135030,3.50907634e-03
62,31,2.26825912,35.513560,3.30678946e-03
63,31,2.33269211,35.916169,2.81997559e-03
64,31,2.39712495,36.340154,2.09702685e-03
65,31,2.46155794,36.764561,2.01602923e-04
66,31,2.52599094,36.887307,9.96515446e-03
67,31,2.59042394,36.320350,8.60738024e-03
68,31,2.65485693,35.792193,7.03146034e-03
69,31,2.71928993,35.355054,5.15458589e-03
70,31,2.78372276,35.092486,3.01480078e-03
71,31,2.84815576,35.064851,1.17916582e-03
72,31,2.91258876,35.269764,1.40547235e-04
73,31,2.97702175,35.782470,3.47656365e-04
74,31,3.04145475,36.439927,3.67116681e-04
75,31,3.10588775,37.316120,3.21555838e-03
76,31,3.17032058,38.107269,6.52019409e-05
77,31,3.23475363,37.974459,1.28633730e-04
78,31,3.29918661,38.237826,4.86845165e-05
79,31,3.36361957,38.292740,5.15042938e-05
80,31,3.36361957,38.292741,3.45920044e-05
81,31,3.41622887,38.233394,3.85157394e-05
82,31,3.46883817,37.953651,1.70550361e-04
83,31,3.52144747,38.018243,6.41031618e-06
84,31,3.57405686,38.169883,8.69182339e-06
85,31,3.62666598,38.098262,1.82989902e-03
86,31,3.67927530,37.711718,3.74127697e-04
87,31,3.73188462,37.459214,2.06337767e-05
88,31,3.78449394,37.402834,7.49066646e-04
89,31,3.83710326,37.612894,3.69544949e-03
90,31,3.88971258,37.383798,6.16769475e-06
91,31,3.94232191,36.509679,1.06435647e-05
92,31,3.99493123,35.678136,1.56101193e-05
93,31,4.04754055,34.934897,2.18898704e-05
94,31,4.10014987,34.330532,2.94795239e-05
95,31,4.15275899,33.897366,3.69243059e-05
96,31,4.20536831,33.641749,4.26426087e-05
97,31,4.25797763,33.524221,4.61267382e-05
98,31,4.31058696,33.481980,4.79904037e-05
99,31,4.36319628,33.473123,4.85651472e-05
0,32,0.00000000,40.168744,7.47518079e-03
1,32,0.06074799,39.864176,8.18628340e-03
2,32,0.12149598,39.187590,6.20086898e-03
3,32,0.18224397,38.724671,2.93887187e-03
4,32,0.24299205,38.904158,1.08770890e-03
5,32,0.30373983,39.283066,7.53555677e-04
6,32,0.36448784,39.130216,1.48801020e-03
7,32,0.42523585,38.425622,3.87690493e-04
8,32,0.48598386,37.779389,1.64808710e-04
9,32,0.54673188,37.193249,5.31736813e-05
10,32,0.60747989,36.701514,5.33913924e-04
11,32,0.66822790,36.737823,3.16276739e-04
12,32,0.72897591,37.506551,9.43926444e-05
13,32,0.78972392,38.309716,8.43483951e-03
14,32,0.85047193,39.010050,4.79423310e-03
15,32,0.91121971,38.740429,4.84933970e-04
16,32,0.97196773,38.395950,4.50051242e-04
17,32,1.03271574,38.081268,4.14627682e-04
18,32,1.09346375,37.841650,3.70076053e-04
19,32,1.15421176,37.762476,6.50576596e-04
20,32,1.15421176,37.762476,6.21947952e-04
21,32,1.18458576,37.786746,6.54579060e-04
22,32,1.21495976,37.858187,7.14753362e-04
23,32,1.24533376,37.972460,5.43363910e-04
24,32,1.27570776,38.117140,2.50651608e-04
25,32,1.30608176,38.257832,5.86745759e-04
26,32,1.33645576,38.276329,7.97649254e-04
27,32,1.36682976,38.106838,6.28662648e-04
28,32,1.39720381,37.881260,4.38113143e-04
29,32,1.42757781,37.654736,4.17943020e-04
30,32,1.45795159,37.441227,3.63039585e-04
31,32,1.48832560,37.248144,2.97470353e-04
32,32,1.51869960,37.082438,1.64710554e-03
33,32,1.54907361,36.972253,2.79790439e-04
34,32,1.57944761,36.980414,2.94651971e-04
35,32,1.60982162,37.105728,1.58259043e-03
36,32,1.64019563,37.260191,4.62378347e-03
37,32,1.67056963,37.397567,4.61772866e-03
38,32,1.70094364,37.493348,4.37450571e-03
39,32,1.73131764,37.531444,4.27602862e-03
40,32,1.73131764,37.531444,4.30998352e-03
41,32,1.75279515,37.482682,4.42121347e-03
42,32,1.77427297,37.447900,4.71073341e-03
43,32,1.79575048,37.420767,4.99113028e-03
44,32,1.81722830,37.396045,5.25574527e-03
45,32,1.83870581,37.368152,5.49354659e-03
46,32,1.86018364,37.331716,5.68560138e-03
47,32,1.88166114,37.280994,5.80515514e-03
48,32,1.90313897,37.207548,5.81588981e-03
49,32,1.92461647,37.109429,5.69127384e-03
50,32,1.94609430,36.977466,5.40784543e-03
51,32,1.96757180,36.811573,4.99148599e-03
52,32,1.98904963,36.610367,4.48677299e-03
53,32,2.01052713,36.375783,3.95548703e-03
54,32,2.03200496,36.234575,3.79908166e-04
55,32,2.05348246,36.193734,3.15383444e-04
56,32,2.07496029,36.162570,2.70381652e-04
57,32,2.09643779,36.139855,2.41235277e-04
58,32,2.11791562,36.126184,2.26433756e-04
59,32,2.13939312,36.121709,2.24845768e-04
60,32,2.13939312,36.121709,2.24846252e-04
61,32,2.20382612,36.319558,3.33523081e-04
62,32,2.26825912,36.490231,3.90490765e-04
63,32,2.33269211,36.590627,3.34036771e-04
64,32,2.39712495,36.660976,2.57175630e-04
65,32,2.46155794,36.794337,1.34998209e-03
66,32,2.52599094,36.924109,1.49296042e-04
67,32,2.59042394,37.145959,9.08954922e-05
68,32,2.65485693,37.427301,3.46291339e-05
69,32,2.71928993,37.532363,5.32217577e-05
70,32,2.78372276,37.849929,2.20761297e-05
71,32,2.84815576,38.269645,1.37935669e-04
72,32,2.91258876,38.106812,6.75094264e-04
73,32,2.97702175,37.959847,8.63351199e-06
74,32,3.04145475,38.069466,3.24709715e-04
75,32,3.10588775,38.178802,2.69572879e-04
76,32,3.17032058,38.265970,5.16406092e-03
77,32,3.23475363,39.177469,7.05940386e-03
78,32,3.29918661,39.895885,8.69348932e-03
79,32,3.36361957,40.168744,9.86400841e-03
80,32,3.36361957,40.168744,8.45336540e-04
81,32,3.41622887,40.047032,6.73440868e-03
82,32,3.46883817,39.663171,3.35352918e-04
83,32,3.52144747,39.135250,1.95621520e-03
84,32,3.57405686,38.585417,7.25745805e-03
85,32,3.62666598,38.098262,1.91926529e-03
86,32,3.67927530,37.711718,7.41331976e-04
87,32,3.73188462,37.459214,1.09807496e-05
88,32,3.78449394,37.402834,4.82721981e-04
89,32,3.83710326,37.612894,1.87060432e-03
90,32,3.88971258,38.094965,4.46541892e-03
91,32,3.94232191,37.937833,9.13617912e-06
92,32,3.99493123,37.675961,7.21216597e-06
93,32,4.04754055,37.288675,1.18869758e-07
94,32,4.10014987,36.915857,1.34029365e-07
95,32,4.15275899,36.594656,1.48888001e-07
96,32,4.20536831,36.332457,1.62598601e-07
97,32,4.25797763,36.137189,1.73625992e-07
98,32,4.31058696,36.016318,1.80507323e-07
99,32,4.36319628,35.974999,1.82144966e-07
0,33,0.00000000,40.168744,1.12276683e-02
1,33,0.06074799,40.168969,8.95269553e-03
2,33,0.12149598,40.117760,8.20070062e-03
3,33,0.18224397,40.049402,7.15601838e-03
4,33,0.24299205,39.984419,5.91727343e-03
5,33,0.30373983,39.893912,1.14284321e-03
6,33,0.36448784,39.130216,4.13527248e-04
7,33,0.42523585,38.425622,1.30179367e-03
8,33,0.48598386,37.779389,1.31567014e-03
9,33,0.54673188,37.193249,1.12589659e-03
10,33,0.60747989,36.701514,3.93421287e-06
11,33,0.66822790,36.737823,3.40658750e-03
12,33,0.72897591,37.506552,7.69660223e-03
13,33,0.78972392,38.309716,1.26723105e-03
14,33,0.85047193,39.010050,5.86327391e-03
15,33,0.91121971,39.293499,8.62980886e-05
16,33,0.97196773,39.203800,3.51344920e-05
17,33,1.03271574,38.628276,1.05204154e-04
18,33,1.09346375,37.992059,3.13536996e-04
19,33,1.15421176,37.762476,1.06660283e-04
20,33,1.15421176,37.762476,1.35273370e-04
21,33,1.18458576,37.786746,9.67552298e-05
22,33,1.21495976,37.858187,2.72917032e-05
23,33,1.24533376,37.972460,1.73923920e-04
24,33,1.27570776,38.117140,4.07202739e-04
25,33,1.30608176,38.257832,2.88721286e-05
26,33,1.33645576,38.276329,5.12195598e-04
27,33,1.36682976,38.106838,1.57416167e-03
28,33,1.39720381,37.881260,2.03742873e-03
29,33,1.42757781,37.654736,2.08878468e-03
30,33,1.45795159,37.441227,2.07978559e-03
31,33,1.48832560,37.248144,2.03970133e-03
32,33,1.51869960,37.082438,6.09813344e-04
33,33,1.54907361,36.972254,2.20213261e-03
34,33,1.57944761,36.980414,3.50402008e-03
35,33,1.60982162,37.105728,3.76619736e-03
36,33,1.64019563,37.260191,1.87615577e-03
37,33,1.67056963,37.397567,2.79790638e-03
38,33,1.70094364,37.493348,3.68715878e-03
39,33,1.73131764,37.531444,4.05898698e-03
40,33,1.73131764,37.531444,4.02505078e-03
41,33,1.75279515,37.568443,3.16058722e-03
42,33,1.77427297,37.581013,1.98826373e-03
43,33,1.79575048,37.587528,8.72476373e-04
44,33,1.81722830,37.619425,1.45200964e-04
45,33,1.83870581,37.702387,1.32664435e-04
46,33,1.86018364,37.837979,7.54514733e-04
47,33,1.88166114,38.008611,1.66396166e-03
48,33,1.90313897,38.196230,2.64047463e-03
49,33,1.92461647,38.387360,3.57468017e-03
50,33,1.94609430,38.572547,4.35066460e-03
51,33,1.96757180,38.730146,4.69316664e-03
52,33,1.98904963,38.821464,3.82670815e-03
53,33,2.01052713,38.745516,1.40364421e-03
54,33,2.03200496,38.485115,2.37956234e-04
55,33,2.05348246,38.156514,2.85526495e-05
56,33,2.07496029,37.830534,1.97802661e-06
57,33,2.09643779,37.547394,2.12595307e-06
58,33,2.11791562,37.347907,4.13451925e-06
59,33,2.13939312,37.274717,6.53687847e-06
60,33,2.13939312,37.274717,6.53704357e-06
61,33,2.20382612,37.107432,1.82531001e-05
62,33,2.26825912,37.056260,8.47662328e-05
63,33,2.33269211,37.160875,2.54795562e-04
64,33,2.39712495,37.389491,4.19409848e-04
65,33,2.46155794,37.461609,1.11720517e-02
66,33,2.52599094,37.289841,7.66374209e-04
67,33,2.59042394,37.735316,2.60827571e-03
68,33,2.65485693,37.429798,7.26157661e-04
69,33,2.71928993,37.756346,8.42745919e-06
70,33,2.78372276,38.109365,6.86253452e-05
71,33,2.84815576,38.438250,6.43562007e-04
72,33,2.91258876,38.712832,3.90497745e-04
73,33,2.97702175,38.854946,8.45779419e-04
74,33,3.04145475,38.915315,1.58710229e-03
75,33,3.10588775,39.051007,3.16495982e-03
76,33,3.17032058,39.376233,5.12922271e-03
77,33,3.23475363,39.766229,7.00797216e-03
78,33,3.29918661,40.071600,8.58128685e-03
79,33,3.36361957,40.168744,8.83866057e-03
80,33,3.36361957,40.168744,1.78575887e-02
81,33,3.41622887,40.047032,1.12682486e-02
82,33,3.46883817,39.663171,1.54295419e-02
83,33,3.52144747,39.135250,1.00898868e-02
84,33,3.57405686,38.585417,3.74798389e-04
85,33,3.62666598,38.300205,1.05275676e-05
86,33,3.67927530,38.389770,1.15583109e-05
87,33,3.73188462,38.422865,1.13019870e-05
88,33,3.78449394,38.382042,8.97908182e-06
89,33,3.83710326,38.166405,1.71328305e-07
90,33,3.88971258,38.094965,7.75328363e-03
91,33,3.94232191,38.165362,8.89743606e-08
92,33,3.99493123,37.706896,1.03336598e-07
93,33,4.04754055,37.394430,5.79420815e-06
94,33,4.10014987,37.110292,4.66955272e-06
95,33,4.15275899,36.837528,3.64930908e-06
96,33,4.20536831,36.593709,2.63939474e-06
97,33,4.25797763,36.397027,1.62229348e-06
98,33,4.31058696,36.267800,7.10760461e-07
99,33,4.36319628,36.222245,1.28031463e-07
0,34,0.00000000,41.694681,4.91553838e-05
1,34,0.06074799,41.687792,2.71935859e-04
2,34,0.12149598,41.641482,3.15933652e-04
3,34,0.18224397,41.552269,3.48914239e-04
4,34,0.24299205,40.712203,1.36675444e-03
5,34,0.30373983,39.893913,9.98861652e-04
6,34,0.36448784,39.694328,6.73465173e-04
7,34,0.42523585,40.069312,1.87440876e-03
8,34,0.48598386,40.290964,7.94063123e-04
9,34,0.54673188,40.421484,1.69658664e-05
10,34,0.60747989,40.168790,2.44599976e-05
11,34,0.66822790,39.942439,2.48019700e-05
12,34,0.72897591,39.724529,5.81001066e-04
13,34,0.78972392,39.418373,5.53916640e-04
14,34,0.85047193,39.086730,5.19681755e-04
15,34,0.91121971,39.293499,2.16150179e-04
16,34,0.97196773,39.203801,1.00285750e-05
17,34,1.03271574,39.137316,1.58839147e-05
18,34,1.09346375,39.097360,4.97659243e-06
19,34,1.15421176,39.084028,3.70998993e-06
20,34,1.15421176,39.084028,3.51996979e-06
21,34,1.18458576,39.128412,1.12792932e-05
22,34,1.21495976,39.243603,1.89697601e-04
23,34,1.24533376,39.321831,2.85166659e-04
24,34,1.27570776,39.143750,2.24830705e-03
25,34,1.30608176,38.916647,5.34802215e-04
26,34,1.33645576,38.841835,8.35350444e-04
27,34,1.36682976,38.990383,8.58130939e-04
28,34,1.39720381,39.223687,8.49582764e-04
29,34,1.42757781,39.477470,8.68631545e-04
30,34,1.45795159,39.725841,9.79434486e-04
31,34,1.48832560,39.941008,1.12936314e-03
32,34,1.51869960,40.094752,6.74640756e-05
33,34,1.54907361,40.176147,8.52781180e-04
34,34,1.57944761,40.178843,2.15782742e-03
35,34,1.60982162,40.115924,1.76330306e-03
36,34,1.64019563,40.019094,3.43212674e-03
37,34,1.67056963,39.918996,8.49511379e-04
38,34,1.70094364,39.845074,4.63192524e-03
39,34,1.73131764,39.831247,3.87487846e-03
40,34,1.73131764,39.831247,3.79687057e-03
41,34,1.75279515,39.819584,3.82508008e-03
42,34,1.77427297,39.792522,3.64836078e-03
43,34,1.79575048,39.744394,3.37891258e-03
44,34,1.81722830,39.681002,3.02377394e-03
45,34,1.83870581,39.598009,2.61275514e-03
46,34,1.86018364,39.497159,2.18898147e-03
47,34,1.88166114,39.382449,1.80742880e-03
48,34,1.90313897,39.259953,1.52821870e-03
49,34,1.92461647,39.137917,1.40157334e-03
50,34,1.94609430,39.021195,1.45493477e-03
51,34,1.96757180,38.922275,1.67335632e-03
52,34,1.98904963,38.841131,2.00808596e-03
53,34,2.01052713,38.780275,2.38854297e-03
54,34,2.03200496,38.732751,2.77261862e-03
55,34,2.05348246,38.698687,3.11535756e-03
56,34,2.07496029,38.675557,3.39510794e-03
57,34,2.09643779,38.660448,3.60293175e-03
58,34,2.11791562,38.652052,3.73458430e-03
59,34,2.13939312,38.649451,3.78881574e-03
60,34,2.13939312,38.649451,3.78884346e-03
61,34,2.20382612,38.502458,3.32636792e-03
62,34,2.26825912,38.232441,2.28911826e-03
63,34,2.33269211,37.933888,1.04848109e-03
64,34,2.39712495,37.735710,1.66182600e-04
65,34,2.46155794,37.684276,5.19402034e-04
66,34,2.52599094,37.877340,4.27171839e-04
67,34,2.59042394,37.832214,4.63816915e-04
68,34,2.65485693,38.389257,7.87775568e-04
69,34,2.71928993,38.833874,1.31997179e-03
70,34,2.78372276,39.172404,1.77421332e-03
71,34,2.84815576,38.598883,1.90826819e-03
72,34,2.91258876,38.754485,2.90727517e-04
73,34,2.97702175,39.291579,4.56955992e-04
74,34,3.04145475,39.871717,6.23809596e-04
75,34,3.10588775,40.486018,7.66526405e-04
76,34,3.17032058,41.081896,8.16161537e-04
77,34,3.23475363,41.520050,6.65595512e-04
78,34,3.29918661,41.682386,4.41855024e-04
79,34,3.36361957,41.694681,3.62702634e-04
80,34,3.36361957,41.694681,2.30999834e-05
81,34,3.41622887,41.706912,5.66253283e-04
82,34,3.46883817,41.690228,6.11909220e-04
83,34,3.52144747,41.611560,3.35894971e-04
84,34,3.57405686,41.482661,1.76061524e-04
85,34,3.62666598,41.279020,4.24314415e-06
86,34,3.67927530,40.719730,5.90802302e-06
87,34,3.73188462,40.018444,7.39614826e-06
88,34,3.78449394,39.216854,9.83013435e-06
89,34,3.83710326,38.453795,1.82903538e-05
90,34,3.88971258,38.169403,1.22668942e-05
91,34,3.94232191,38.765785,1.45985761e-02
92,34,3.99493123,39.509117,1.36564160e-02
93,34,4.04754055,40.137266,2.11976484e-02
94,34,4.10014987,40.354583,1.24432593e-02
95,34,4.15275899,40.382208,9.24102078e-03
96,34,4.20536831,40.382192,3.56298121e-03
97,34,4.25797763,40.377367,5.30317189e-03
98,34,4.31058696,40.373685,5.07659752e-03
99,34,4.36319628,40.371869,1.02484612e-02
0,35,0.00000000,41.694681,1.91953650e-04
1,35,0.06074799,41.742891,2.37996638e-04
2,35,0.12149598,41.833660,4.53840865e-04
3,35,0.18224397,41.552269,2.03541666e-03
4,35,0.24299205,40.712203,1.02002960e-03
5,35,0.30373983,39.947205,4.56720191e-03
6,35,0.36448784,39.965335,3.18418571e-03
7,35,0.42523585,40.098219,6.63868296e-04
8,35,0.48598386,40.461687,6.74442692e-04
9,35,0.54673188,40.421484,1.00431081e-04
10,35,0.60747989,40.168790,5.58734186e-05
11,35,0.66822790,39.942439,2.53734884e-05
12,35,0.72897591,39.741761,7.02930638e-06
13,35,0.78972392,39.568965,8.48492287e-06
14,35,0.85047193,39.424342,3.21453859e-05
15,35,0.91121971,39.579322,7.85481096e-03
16,35,0.97196773,39.521156,1.52870798e-08
17,35,1.03271574,39.137316,5.96328707e-07
18,35,1.09346375,39.097360,2.25325936e-06
19,35,1.15421176,39.084028,3.19153009e-07
20,35,1.15421176,39.084028,5.13786977e-07
21,35,1.18458576,39.128412,2.84643507e-04
22,35,1.21495976,39.243603,9.74106803e-04
23,35,1.24533376,39.321831,2.91253930e-03
24,35,1.27570776,39.143750,2.10230851e-03
25,35,1.30608176,38.916647,3.75421098e-03
26,35,1.33645576,38.841835,2.61859130e-03
27,35,1.36682976,38.990383,1.71320749e-03
28,35,1.39720381,39.223687,1.51559426e-03
29,35,1.42757781,39.477470,1.63186658e-03
30,35,1.45795159,39.725841,1.91840983e-03
31,35,1.48832560,39.941008,2.47016425e-03
32,35,1.51869960,40.094753,4.55114108e-03
33,35,1.54907361,40.176147,4.88831119e-03
34,35,1.57944761,40.178843,4.47006027e-03
35,35,1.60982162,40.115924,5.27167454e-03
36,35,1.64019563,40.019094,3.55435164e-03
37,35,1.67056963,39.918996,5.82261256e-03
38,35,1.70094364,39.845074,1.69138364e-03
39,35,1.73131764,39.831247,2.26566513e-03
40,35,1.73131764,39.831247,2.34370796e-03
41,35,1.75279515,39.848874,3.13136078e-03
42,35,1.77427297,39.932085,4.01600855e-03
43,35,1.79575048,40.061167,4.78538051e-03
44,35,1.81722830,40.224797,5.36382115e-03
45,35,1.83870581,40.406233,5.74914994e-03
46,35,1.86018364,40.584061,5.93797731e-03
47,35,1.88166114,40.718355,5.81706257e-03
48,35,1.90313897,40.734326,5.04277872e-03
49,35,1.92461647,40.571619,3.92756489e-03
50,35,1.94609430,40.281533,3.38847163e-03
51,35,1.96757180,39.956151,3.69667956e-03
52,35,1.98904963,39.661028,5.42055678e-03
53,35,2.01052713,39.507896,8.76173658e-03
54,35,2.03200496,39.528382,1.08715632e-02
55,35,2.05348246,39.611056,1.19853557e-02
56,35,2.07496029,39.699871,1.28112737e-02
57,35,2.09643779,39.769206,1.34476023e-02
58,35,2.11791562,39.813594,1.38667426e-02
59,35,2.13939312,39.834394,1.40384630e-02
60,35,2.13939312,39.834394,1.40386558e-02
61,35,2.20382612,39.464423,1.40364719e-02
62,35,2.26825912,39.040571,1.36894016e-02
63,35,2.33269211,38.559585,1.30530107e-02
64,35,2.39712495,38.013338,1.22020157e-02
65,35,2.46155794,37.721694,4.82845753e-05
66,35,2.52599094,38.014582,5.58390699e-04
67,35,2.59042394,38.154913,8.08041125e-04
68,35,2.65485693,38.547172,6.27395605e-04
69,35,2.71928993,39.091398,8.47547163e-05
70,35,2.78372276,39.249757,1.40363960e-03
71,35,2.84815576,39.673780,1.41283156e-03
72,35,2.91258876,40.102858,1.40787646e-03
73,35,2.97702175,40.531605,1.41937377e-03
74,35,3.04145475,40.951361,1.46076943e-03
75,35,3.10588775,41.352772,1.50531140e-03
76,35,3.17032058,41.675555,1.30620525e-03
77,35,3.23475363,41.784605,6.11813245e-04
78,35,3.29918661,41.736733,2.09435495e-04
79,35,3.36361957,41.694681,2.57178699e-04
80,35,3.36361957,41.694681,6.68468480e-04
81,35,3.41622887,41.706912,1.53605523e-04
82,35,3.46883817,41.690230,2.62080206e-05
83,35,3.52144747,41.611560,1.12508827e-04
84,35,3.57405686,41.482661,1.38871493e-04
85,35,3.62666598,41.335423,2.22074554e-04
86,35,3.67927530,40.942045,3.37132931e-08
87,35,3.73188462,40.330570,4.27340079e-08
88,35,3.78449394,39.744998,5.21680977e-08
89,35,3.83710326,39.187376,6.35171316e-08
90,35,3.88971258,38.659946,7.56751244e-08
91,35,3.94232191,38.765785,4.75979674e-03
92,35,3.99493123,39.509117,1.22664846e-02
93,35,4.04754055,40.137267,5.79127348e-03
94,35,4.10014987,40.354583,3.72070509e-03
95,35,4.15275899,40.382208,3.16050740e-03
96,35,4.20536831,40.382192,7.88543050e-03
97,35,4.25797763,40.377367,5.92529455e-03
98,35,4.31058696,40.373685,6.13049195e-03
99,35,4.36319628,40.371869,9.53703992e-04
0,36,0.00000000,41.694682,4.75534560e-04
1,36,0.06074799,41.742891,2.95953824e-04
2,36,0.12149598,41.833664,1.92993844e-04
3,36,0.18224397,41.555752,3.60446208e-04
4,36,0.24299205,41.433946,4.04078805e-04
5,36,0.30373983,41.283300,4.46097087e-04
6,36,0.36448784,41.110093,4.87060799e-04
7,36,0.42523585,40.919768,5.24230484e-04
8,36,0.48598386,40.698686,6.05860867e-05
9,36,0.54673188,40.497869,5.79455533e-04
10,36,0.60747989,40.265068,5.92331696e-04
11,36,0.66822790,40.003347,5.95289695e-04
12,36,0.72897591,39.741761,1.91144584e-05
13,36,0.78972392,39.568965,1.13269083e-06
14,36,0.85047193,39.424342,3.07068468e-05
15,36,0.91121971,39.579322,2.56418871e-03
16,36,0.97196773,39.936509,3.55398837e-03
17,36,1.03271574,40.142125,6.73518029e-03
18,36,1.09346375,40.242470,2.29125580e-03
19,36,1.15421176,40.271838,6.21512286e-03
20,36,1.15421176,40.271838,2.89869377e-03
21,36,1.18458576,40.143634,2.14081931e-03
22,36,1.21495976,39.884896,2.24878788e-03
23,36,1.24533376,39.698424,3.39940720e-03
24,36,1.27570776,39.826880,1.25225610e-03
25,36,1.30608176,40.087796,1.59825381e-03
26,36,1.33645576,40.383734,1.77551467e-03
27,36,1.36682976,40.693361,2.01191905e-03
28,36,1.39720381,41.008183,2.73428945e-03
29,36,1.42757781,41.318273,1.11976976e-03
30,36,1.45795159,41.610784,1.53820710e-03
31,36,1.48832560,41.855345,4.19273505e-04
32,36,1.51869960,42.021060,3.95552924e-03
33,36,1.54907361,42.142113,2.37908704e-03
34,36,1.57944761,42.270632,3.58211211e-03
35,36,1.60982162,42.416963,1.82652854e-03
36,36,1.64019563,42.566680,1.43922375e-03
37,36,1.67056963,42.694847,2.04817651e-03
38,36,1.70094364,42.781184,4.51363907e-04
39,36,1.73131764,42.813245,2.87284657e-03
40,36,1.73131764,42.813245,1.01479236e-03
41,36,1.75279515,42.774663,4.81092182e-04
42,36,1.77427297,42.724202,4.26270459e-04
43,36,1.79575048,42.664647,5.01884770e-04
44,36,1.81722830,42.601608,6.96553827e-04
45,36,1.83870581,42.436645,6.62085546e-04
46,36,1.86018364,42.208539,2.68171363e-04
47,36,1.88166114,41.991691,1.79485612e-04
48,36,1.90313897,41.874665,7.07689225e-04
49,36,1.92461647,41.922994,1.55079781e-03
50,36,1.94609430,42.087437,1.85230506e-03
51,36,1.96757180,42.294771,1.58337660e-03
52,36,1.98904963,42.414592,2.86159674e-03
53,36,2.01052713,42.444002,2.83755828e-03
54,36,2.03200496,42.477001,2.74259171e-03
55,36,2.05348246,42.512976,2.56964947e-03
56,36,2.07496029,42.549706,2.32725692e-03
57,36,2.09643779,42.580065,2.08318093e-03
58,36,2.11791562,42.577504,1.21330590e-03
59,36,2.13939312,42.573228,1.17468802e-03
60,36,2.13939312,42.573228,1.17452393e-03
61,36,2.20382612,42.715409,9.91095730e-03
62,36,2.26825912,41.884461,8.85991535e-03
63,36,2.33269211,41.013420,7.93012626e-03
64,36,2.39712495,40.099075,6.93537858e-03
65,36,2.46155794,39.226011,5.83533729e-03
66,36,2.52599094,38.403040,4.46879832e-03
67,36,2.59042394,38.369025,5.31602442e-04
68,36,2.65485693,38.737805,3.99246950e-04
69,36,2.71928993,39.147932,2.17886641e-04
70,36,2.78372276,39.747295,4.76717572e-03
71,36,2.84815576,39.979162,1.48831718e-03
72,36,2.91258876,40.333909,7.20413045e-04
73,36,2.97702175,40.729347,2.96194488e-04
74,36,3.04145475,41.151991,7.07633427e-05
75,36,3.10588775,41.555182,1.96502280e-06
76,36,3.17032058,41.815864,3.19793900e-05
77,36,3.23475363,41.836908,7.56188494e-05
78,36,3.29918661,41.745777,1.63666348e-04
79,36,3.36361957,41.694682,9.68569841e-05
80,36,3.36361957,41.694684,2.50756498e-05
81,36,3.41622887,41.736836,6.42015148e-09
82,36,3.46883817,41.810882,1.39368602e-07
83,36,3.52144747,41.829885,7.46990845e-07
84,36,3.57405686,41.663372,2.30144254e-06
85,36,3.62666598,41.335423,6.19600136e-05
86,36,3.67927530,41.189897,2.14540081e-04
87,36,3.73188462,41.055813,3.28786338e-04
88,36,3.78449394,40.937448,3.25350586e-04
89,36,3.83710326,40.836659,4.63929333e-04
90,36,3.88971258,40.755278,5.50191310e-04
91,36,3.94232191,40.697690,1.79029870e-04
92,36,3.99493123,40.682117,1.02941468e-04
93,36,4.04754055,40.810974,3.46199257e-04
94,36,4.10014987,41.290111,6.40726427e-03
95,36,4.15275899,41.757432,6.78707612e-03
96,36,4.20536831,42.024924,3.37277163e-03
97,36,4.25797763,42.140962,1.30797295e-03
98,36,4.31058696,42.186208,4.23812430e-04
99,36,4.36319628,42.196188,2.25713467e-05
0,37,0.00000000,43.459501,2.40872693e-06
1,37,0.06074799,43.154709,4.47814524e-04
2,37,0.12149598,42.467361,2.23445063e-03
3,37,0.18224397,41.980951,9.20994294e-04
4,37,0.24299205,41.879552,1.54947530e-04
5,37,0.30373983,41.624510,2.01395296e-05
6,37,0.36448784,41.311844,2.72993328e-04
7,37,0.42523585,40.997278,6.09258863e-06
8,37,0.48598386,40.698686,1.01200853e-04
9,37,0.54673188,40.657420,1.36037044e-04
10,37,0.60747989,40.958696,6.75454635e-04
11,37,0.66822790,41.069647,6.48162638e-04
12,37,0.72897591,41.079092,6.00387246e-04
13,37,0.78972392,40.995298,5.19998546e-04
14,37,0.85047193,40.779983,3.69743196e-04
15,37,0.91121971,40.317027,1.27518374e-04
16,37,0.97196773,39.936509,6.37319961e-03
17,37,1.03271574,40.142126,2.27817179e-03
18,37,1.09346375,40.242470,6.08266246e-03
19,37,1.15421176,40.271838,1.98724245e-03
20,37,1.15421176,40.271838,5.30369542e-03
21,37,1.18458576,40.143634,4.81486342e-03
22,37,1.21495976,39.884896,3.16493223e-03
23,37,1.24533376,39.698424,6.16978445e-05
24,37,1.27570776,39.826880,1.48599373e-03
25,37,1.30608176,40.087796,1.70154499e-03
26,37,1.33645576,40.383734,2.12156817e-03
27,37,1.36682976,40.693361,2.40017111e-03
28,37,1.39720381,41.008183,2.11661252e-03
29,37,1.42757781,41.318273,4.11024917e-03
30,37,1.45795159,41.610784,4.06171784e-03
31,37,1.48832560,41.855345,5.65364974e-03
32,37,1.51869960,42.021062,2.42836798e-03
33,37,1.54907361,42.142113,3.47454922e-03
34,37,1.57944761,42.270632,1.27376583e-03
35,37,1.60982162,42.416963,2.16709104e-03
36,37,1.64019563,42.566681,2.02001604e-03
37,37,1.67056963,42.694848,1.15403808e-03
38,37,1.70094364,42.781184,2.66021380e-03
39,37,1.73131764,42.813245,2.28223832e-04
40,37,1.73131764,42.813245,2.08624521e-03
41,37,1.75279515,42.829057,2.38654879e-03
42,37,1.77427297,42.811606,2.19907044e-03
43,37,1.79575048,42.747601,1.80299871e-03
44,37,1.81722830,42.623853,1.22901962e-03
45,37,1.83870581,42.540179,9.85901696e-04
46,37,1.86018364,42.485295,1.33616848e-03
47,37,1.88166114,42.440810,1.70843755e-03
48,37,1.90313897,42.408365,2.06591268e-03
49,37,1.92461647,42.390627,2.37653669e-03
50,37,1.94609430,42.388240,2.61606142e-03
51,37,1.96757180,42.396125,2.78155171e-03
52,37,1.98904963,42.489069,1.04160981e-03
53,37,2.01052713,42.610575,9.00736844e-04
54,37,2.03200496,42.646447,1.21494551e-03
55,37,2.05348246,42.637796,1.39430188e-03
56,37,2.07496029,42.615545,1.38918048e-03
57,37,2.09643779,42.593208,1.30141067e-03
58,37,2.11791562,42.600918,1.89681294e-03
59,37,2.13939312,42.608410,1.84659383e-03
60,37,2.13939312,42.608410,1.84666130e-03
61,37,2.20382612,42.899903,3.68865088e-03
62,37,2.26825912,43.146798,3.71751430e-03
63,37,2.33269211,43.072091,4.94807763e-03
64,37,2.39712495,42.848127,6.12380971e-03
65,37,2.46155794,42.526377,7.22783460e-03
66,37,2.52599094,42.102683,8.18110748e-03
67,37,2.59042394,41.572417,8.84789596e-03
68,37,2.65485693,40.944610,8.98269479e-03
69,37,2.71928993,40.240760,8.40109003e-03
70,37,2.78372276,39.846683,2.75385420e-04
71,37,2.84815576,40.572298,4.13833278e-04
72,37,2.91258876,41.273705,5.65497847e-04
73,37,2.97702175,41.860485,6.28054948e-04
74,37,3.04145475,42.236605,4.55083930e-04
75,37,3.10588775,42.400333,1.20931446e-04
76,37,3.17032058,42.487425,6.92781591e-05
77,37,3.23475363,42.737740,6.26873880e-04
78,37,3.29918661,43.168488,6.97028941e-04
79,37,3.36361957,43.459501,3.68151785e-06
80,37,3.36361957,43.459501,5.96578201e-06
81,37,3.41622887,43.314191,3.86686479e-07
82,37,3.46883817,43.064564,7.32579982e-07
83,37,3.52144747,42.871380,1.15110938e-06
84,37,3.57405686,42.233250,1.94946365e-08
85,37,3.62666598,41.577239,2.69388529e-08
86,37,3.67927530,41.189897,1.18197890e-04
87,37,3.73188462,41.055813,1.14784743e-04
88,37,3.78449394,40.937448,2.74245856e-04
89,37,3.83710326,40.836659,2.99162936e-04
90,37,3.88971258,40.755278,3.03550375e-04
91,37,3.94232191,40.697690,5.24195125e-04
92,37,3.99493123,40.682117,7.21990157e-06
93,37,4.04754055,40.810975,2.58868388e-03
94,37,4.10014987,41.290112,7.10150051e-03
95,37,4.15275899,41.757432,4.92089631e-03
96,37,4.20536831,42.024924,2.66433425e-03
97,37,4.25797763,42.140962,9.61724618e-04
98,37,4.31058696,42.186208,6.38239110e-05
99,37,4.36319628,42.196188,4.81854337e-06
0,38,0.00000000,43.459506,4.23382365e-06
1,38,0.06074799,43.154710,8.84547137e-04
2,38,0.12149598,42.467364,2.72782632e-04
3,38,0.18224397,41.980951,2.87306991e-05
4,38,0.24299205,41.879553,4.35563666e-04
5,38,0.30373983,41.624511,3.71529503e-04
6,38,0.36448784,41.311844,1.18102326e-05
7,38,0.42523585,40.997278,2.09339395e-04
8,38,0.48598386,40.715535,5.55880054e-04
9,38,0.54673188,40.755001,6.82088814e-04
10,38,0.60747989,41.181287,2.60373165e-05
11,38,0.66822790,41.855937,4.33383787e-04
12,38,0.72897591,42.422839,4.18375988e-04
13,38,0.78972392,42.061062,4.77966505e-04
14,38,0.85047193,41.772938,5.45513442e-04
15,38,0.91121971,41.558036,6.13579162e-04
16,38,0.97196773,41.408736,6.72084752e-04
17,38,1.03271574,41.318848,7.19473891e-04
18,38,1.09346375,41.281737,7.53877212e-04
19,38,1.15421176,41.293846,4.32768781e-04
20,38,1.15421176,41.293846,5.20143062e-04
21,38,1.18458576,41.430173,5.37618631e-04
22,38,1.21495976,41.717965,3.08573981e-03
23,38,1.24533376,42.029580,5.85165419e-03
24,38,1.27570776,42.304499,2.37188133e-03
25,38,1.30608176,42.507870,1.01597529e-02
26,38,1.33645576,42.625710,1.34468773e-02
27,38,1.36682976,42.659282,7.32958326e-03
28,38,1.39720381,42.641645,9.05758321e-03
29,38,1.42757781,42.596749,5.40411132e-03
30,38,1.45795159,42.558735,1.08693307e-02
31,38,1.48832560,42.573253,1.22048488e-02
32,38,1.51869960,42.692545,2.41194037e-03
33,38,1.54907361,42.909646,3.70767206e-03
34,38,1.57944761,43.174411,8.08722825e-03
35,38,1.60982162,43.425910,2.36126994e-03
36,38,1.64019563,43.658135,4.51395696e-04
37,38,1.67056963,43.847466,3.58966533e-03
38,38,1.70094364,43.974090,6.32948576e-03
39,38,1.73131764,44.024680,5.31420528e-03
40,38,1.73131764,44.024680,7.83849818e-03
41,38,1.75279515,43.909468,1.52256018e-03
42,38,1.77427297,43.774251,1.85587063e-03
43,38,1.79575048,43.628002,2.36515442e-03
44,38,1.81722830,43.494343,3.03581978e-03
45,38,1.83870581,43.387420,3.67201401e-03
46,38,1.86018364,43.306763,4.13662530e-03
47,38,1.88166114,43.243249,4.44563152e-03
48,38,1.90313897,43.189705,4.66336037e-03
49,38,1.92461647,43.142419,4.83921631e-03
50,38,1.94609430,43.104022,5.01840385e-03
51,38,1.96757180,43.081220,5.24461603e-03
52,38,1.98904963,43.100128,5.42817085e-03
53,38,2.01052713,43.205275,5.00604699e-03
54,38,2.03200496,43.406528,3.98148733e-03
55,38,2.05348246,43.603095,1.07295426e-02
56,38,2.07496029,43.543165,1.09834742e-02
57,38,2.09643779,43.491592,1.12299312e-02
58,38,2.11791562,43.458008,1.14090949e-02
59,38,2.13939312,43.448306,1.14486342e-02
60,38,2.13939312,43.448306,1.14484431e-02
61,38,2.20382612,43.009387,2.42586265e-03
62,38,2.26825912,43.369392,5.78000405e-03
63,38,2.33269211,43.875435,7.50531214e-03
64,38,2.39712495,44.318381,8.38394569e-03
65,38,2.46155794,44.189354,3.84549211e-04
66,38,2.52599094,43.629951,4.01286065e-04
67,38,2.59042394,43.153484,4.25635397e-04
68,38,2.65485693,42.763925,4.37165583e-04
69,38,2.71928993,42.462367,4.28228696e-04
70,38,2.78372276,42.249839,3.97004051e-04
71,38,2.84815576,42.127588,3.46267617e-04
72,38,2.91258876,42.092505,2.80844363e-04
73,38,2.97702175,42.143841,2.07178673e-04
74,38,3.04145475,42.278522,1.31785764e-04
75,38,3.10588775,42.493001,6.27044167e-05
76,38,3.17032058,42.778783,1.35371696e-05
77,38,3.23475363,43.109981,3.45042610e-07
78,38,3.29918661,43.353191,3.12673387e-04
79,38,3.36361957,43.459504,1.48313119e-06
80,38,3.36361957,43.459510,1.78085791e-06
81,38,3.41622887,43.378166,4.53329207e-05
82,38,3.46883817,43.289824,8.15675278e-06
83,38,3.52144747,42.904913,1.27171910e-08
84,38,3.57405686,42.824320,1.11807639e-06
85,38,3.62666598,42.913254,9.11403473e-07
86,38,3.67927530,43.060327,6.78976535e-07
87,38,3.73188462,43.230812,1.37400326e-08
88,38,3.78449394,43.265389,2.84326593e-05
89,38,3.83710326,43.083214,4.98680862e-05
90,38,3.88971258,42.903059,5.76462579e-05
91,38,3.94232191,42.753520,6.20365380e-05
92,38,3.99493123,42.633827,6.46872744e-05
93,38,4.04754055,42.539438,6.60912578e-05
94,38,4.10014987,42.467421,6.74467720e-05
95,38,4.15275899,42.412354,6.77071763e-05
96,38,4.20536831,42.372490,6.76567324e-05
97,38,4.25797763,42.345581,6.72102032e-05
98,38,4.31058696,42.330056,6.64321934e-05
99,38,4.36319628,42.324425,6.53010268e-05
0,39,0.00000000,43.459527,2.22234663e-06
1,39,0.06074799,43.574858,7.86462762e-04
2,39,0.12149598,43.435709,1.06245056e-04
3,39,0.18224397,43.069482,1.02421932e-04
4,39,0.24299205,42.990504,2.33261228e-04
5,39,0.30373983,43.146614,6.98223526e-04
6,39,0.36448784,43.366754,6.61125081e-04
7,39,0.42523585,43.534603,1.05984590e-03
8,39,0.48598386,43.581922,9.93104806e-04
9,39,0.54673188,43.502539,5.06858422e-04
10,39,0.60747989,43.339806,3.46956220e-04
11,39,0.66822790,42.853687,3.73756010e-04
12,39,0.72897591,42.659812,1.19750877e-03
13,39,0.78972392,43.002992,4.36456747e-04
14,39,0.85047193,43.072309,6.38121194e-04
15,39,0.91121971,42.298733,3.74187964e-04
16,39,0.97196773,41.751340,5.58317628e-04
17,39,1.03271574,41.490637,5.95090393e-04
18,39,1.09346375,41.357826,5.74826209e-04
19,39,1.15421176,41.293846,8.79312376e-04
20,39,1.15421176,41.293846,7.92115078e-04
21,39,1.18458576,41.430173,2.31003266e-03
22,39,1.21495976,41.717966,2.08579576e-03
23,39,1.24533376,42.029580,1.73412779e-03
24,39,1.27570776,42.304501,7.76240819e-03
25,39,1.30608176,42.507870,2.38157479e-03
26,39,1.33645576,42.625710,8.88123030e-04
27,39,1.36682976,42.659282,7.92195667e-03
28,39,1.39720381,42.641646,6.35154779e-03
29,39,1.42757781,42.596749,9.54872139e-03
30,39,1.45795159,42.558735,3.10191696e-03
31,39,1.48832560,42.573253,2.05348581e-04
32,39,1.51869960,42.692548,8.16389365e-03
33,39,1.54907361,42.909647,5.74263393e-03
34,39,1.57944761,43.174411,8.99967234e-04
35,39,1.60982162,43.425910,6.50340946e-03
36,39,1.64019563,43.658135,8.40786847e-03
37,39,1.67056963,43.847466,5.29062082e-03
38,39,1.70094364,43.974090,2.56814884e-03
39,39,1.73131764,44.024680,3.61694045e-03
40,39,1.73131764,44.024680,1.09257934e-03
41,39,1.75279515,44.111105,8.26435614e-03
42,39,1.77427297,44.179411,8.84018321e-03
43,39,1.79575048,44.225248,9.32331129e-03
44,39,1.81722830,44.250503,9.72086572e-03
45,39,1.83870581,44.252894,1.00027311e-02
46,39,1.86018364,44.233977,1.01743162e-02
47,39,1.88166114,44.196470,1.02539329e-02
48,39,1.90313897,44.143222,1.02679009e-02
49,39,1.92461647,44.078548,1.02499808e-02
50,39,1.94609430,43.998788,1.02396242e-02
51,39,1.96757180,43.919860,1.02364313e-02
52,39,1.98904963,43.837989,1.02710687e-02
53,39,2.01052713,43.756570,1.03850898e-02
54,39,2.03200496,43.677108,1.05279706e-02
55,39,2.05348246,43.655579,2.98007869e-03
56,39,2.07496029,43.914620,2.10305349e-03
57,39,2.09643779,44.155635,1.28613020e-03
58,39,2.11791562,44.341980,5.57733894e-04
59,39,2.13939312,44.416442,1.98749572e-04
60,39,2.13939312,44.416442,1.99048864e-04
61,39,2.20382612,45.337411,1.25586797e-05
62,39,2.26825912,45.983013,7.71190669e-04
63,39,2.33269211,45.445458,4.57486823e-04
64,39,2.39712495,44.803816,3.85634980e-04
65,39,2.46155794,44.618890,8.25072445e-03
66,39,2.52599094,44.753459,7.39118568e-03
67,39,2.59042394,44.756075,6.25506292e-03
68,39,2.65485693,44.692230,5.12062636e-03
69,39,2.71928993,44.152431,3.81196795e-04
70,39,2.78372276,43.710189,5.78030417e-04
71,39,2.84815576,43.407615,7.51569451e-04
72,39,2.91258876,43.238319,8.89515403e-04
73,39,2.97702175,43.170746,1.01203506e-03
74,39,3.04145475,43.162652,1.08784152e-03
75,39,3.10588775,43.205924,1.01048622e-03
76,39,3.17032058,43.270193,2.01248097e-04
77,39,3.23475363,43.272135,7.73126907e-04
78,39,3.29918661,43.387146,2.87477844e-06
79,39,3.36361957,43.459517,3.65624267e-06
80,39,3.36361957,43.459564,1.10343330e-06
81,39,3.41622887,43.378227,2.33462634e-05
82,39,3.46883817,43.289825,7.83935269e-06
83,39,3.52144747,43.335927,8.05353319e-05
84,39,3.57405686,43.436034,4.26894225e-04
85,39,3.62666598,43.488899,1.38273207e-04
86,39,3.67927530,43.501095,1.65493466e-05
87,39,3.73188462,43.495209,4.12547250e-05
88,39,3.78449394,43.477097,5.88480411e-06
89,39,3.83710326,43.447673,4.81457207e-06
90,39,3.88971258,43.412209,2.60861532e-05
91,39,3.94232191,43.380377,5.67505826e-05
92,39,3.99493123,43.369746,7.41187200e-04
93,39,4.04754055,43.413829,1.44636090e-03
94,39,4.10014987,43.533392,2.63137495e-07
95,39,4.15275899,43.484884,1.70081933e-07
96,39,4.20536831,43.444873,7.81566745e-08
97,39,4.25797763,43.414395,1.79986448e-08
98,39,4.31058696,43.395252,2.15623401e-09
99,39,4.36319628,43.387981,4.11347454e-08
0,40,0.00000000,44.055217,1.06802939e-07
1,40,0.06074799,44.026444,6.35552462e-04
2,40,0.12149598,43.435710,1.90658678e-04
3,40,0.18224397,43.069482,8.99237495e-05
4,40,0.24299205,42.990504,3.03515566e-04
5,40,0.30373983,43.146615,2.26963515e-04
6,40,0.36448784,43.366754,5.26944390e-04
7,40,0.42523585,43.534604,2.12877698e-04
8,40,0.48598386,43.581922,1.27561520e-04
9,40,0.54673188,43.502539,3.10563603e-04
10,40,0.60747989,43.349509,2.08917733e-04
11,40,0.66822790,43.183732,1.63332651e-04
12,40,0.72897591,43.053609,2.77606663e-04
13,40,0.78972392,43.002992,1.50240464e-04
14,40,0.85047193,43.072309,8.87981421e-04
15,40,0.91121971,43.299610,8.41207220e-04
16,40,0.97196773,43.670413,8.98985579e-04
17,40,1.03271574,44.105297,7.01050487e-04
18,40,1.09346375,44.471858,3.06164031e-04
19,40,1.15421176,44.618596,1.44077797e-05
20,40,1.15421176,44.618596,1.74014528e-05
21,40,1.18458576,44.631218,9.18081722e-05
22,40,1.21495976,44.673207,1.86575655e-04
23,40,1.24533376,44.757275,2.08452772e-04
24,40,1.27570776,44.901361,2.53680823e-04
25,40,1.30608176,45.123291,5.10294236e-04
26,40,1.33645576,45.426761,1.03668609e-03
27,40,1.36682976,45.794940,1.45216073e-03
28,40,1.39720381,46.194554,1.46881817e-03
29,40,1.42757781,46.572076,1.96654232e-03
30,40,1.45795159,46.830485,4.00734854e-03
31,40,1.48832560,46.919709,3.51912015e-03
32,40,1.51869960,46.928674,2.07275754e-03
33,40,1.54907361,46.929468,7.08545753e-03
34,40,1.57944761,46.934498,6.71547967e-03
35,40,1.60982162,46.943392,7.97959341e-03
36,40,1.64019563,46.946316,6.34166537e-03
37,40,1.67056963,46.930855,7.17649146e-03
38,40,1.70094364,46.903326,7.11550244e-03
39,40,1.73131764,46.891396,2.02885640e-03
40,40,1.73131764,46.891396,7.15902048e-03
41,40,1.75279515,46.783733,1.59742465e-03
42,40,1.77427297,46.661342,1.15121144e-03
43,40,1.79575048,46.547114,7.99447424e-04
44,40,1.81722830,46.455213,5.39504115e-04
45,40,1.83870581,46.388907,3.80042567e-04
46,40,1.86018364,46.347983,3.19885616e-04
47,40,1.88166114,46.329617,3.46443441e-04
48,40,1.90313897,46.330484,4.37677918e-04
49,40,1.92461647,46.344702,5.69947118e-04
50,40,1.94609430,46.364279,7.20195500e-04
51,40,1.96757180,46.394361,8.79071003e-04
52,40,1.98904963,46.428026,1.03457701e-03
53,40,2.01052713,46.460009,1.17141697e-03
54,40,2.03200496,46.455636,8.32764291e-04
55,40,2.05348246,46.278148,9.64708379e-04
56,40,2.07496029,46.082126,1.23932449e-03
57,40,2.09643779,45.885067,1.66332889e-03
58,40,2.11791562,45.724659,2.17383152e-03
59,40,2.13939312,45.660911,2.46855494e-03
60,40,2.13939312,45.660911,2.46853830e-03
61,40,2.20382612,46.029351,1.51926626e-03
62,40,2.26825912,46.355325,9.19805346e-05
63,40,2.33269211,47.227316,4.88708029e-04
64,40,2.39712495,47.123874,7.70776453e-05
65,40,2.46155794,46.646710,1.67185004e-05
66,40,2.52599094,46.100380,1.45492619e-04
67,40,2.59042394,45.382139,1.40312168e-04
68,40,2.65485693,44.719252,2.20607318e-04
69,40,2.71928993,44.593560,4.08271162e-03
70,40,2.78372276,44.502145,3.12255951e-03
71,40,2.84815576,44.202830,1.63844287e-05
72,40,2.91258876,43.921318,2.20958929e-05
73,40,2.97702175,43.676102,3.14171257e-05
74,40,3.04145475,43.469650,4.88309694e-05
75,40,3.10588775,43.317010,8.89146145e-05
76,40,3.17032058,43.352153,1.15145367e-03
77,40,3.23475363,43.472073,4.79472339e-04
78,40,3.29918661,44.029195,8.04946444e-04
79,40,3.36361957,44.055113,1.11264488e-07
80,40,3.36361957,44.055259,1.28170352e-07
81,40,3.41622887,44.210258,5.25035909e-09
82,40,3.46883817,43.579454,9.48426670e-09
83,40,3.52144747,43.335928,1.83541899e-04
84,40,3.57405686,43.436034,2.28116234e-06
85,40,3.62666598,43.488899,1.96732016e-04
86,40,3.67927530,43.501096,2.14825009e-04
87,40,3.73188462,43.495209,1.06707034e-04
88,40,3.78449394,43.477097,6.28601519e-05
89,40,3.83710326,43.447673,4.93133288e-06
90,40,3.88971258,43.412209,5.23794701e-06
91,40,3.94232191,43.380377,2.33792435e-04
92,40,3.99493123,43.369746,4.27914878e-04
93,40,4.04754055,43.413829,2.17482283e-03
94,40,4.10014987,43.581721,8.98570536e-03
95,40,4.15275899,43.964536,2.28129117e-03
96,40,4.20536831,44.582456,1.71957559e-02
97,40,4.25797763,45.312283,3.99514599e-02
98,40,4.31058696,45.985014,5.18070026e-02
99,40,4.36319628,46.286398,4.09253105e-02
0,41,0.00000000,44.457719,2.96988625e-07
1,41,0.06074799,44.026471,5.91669908e-04
2,41,0.12149598,43.718511,1.06684280e-03
3,41,0.18224397,43.877393,1.01947716e-03
4,41,0.24299205,44.069438,9.07943789e-04
5,41,0.30373983,44.294635,7.89599516e-04
6,41,0.36448784,44.548053,6.88373425e-04
7,41,0.42523585,44.833587,6.20602869e-04
8,41,0.48598386,44.430764,3.48374509e-04
9,41,0.54673188,43.871748,3.39536810e-04
10,41,0.60747989,43.349509,3.05710516e-04
11,41,0.66822790,43.183732,1.44588271e-04
12,41,0.72897591,43.053609,1.22728957e-06
13,41,0.78972392,43.567846,2.13244420e-03
14,41,0.85047193,43.262536,1.36020233e-04
15,41,0.91121971,43.299610,2.58816783e-03
16,41,0.97196773,43.670413,5.26381318e-03
17,41,1.03271574,44.105297,8.39279823e-03
18,41,1.09346375,44.471858,1.11708876e-02
19,41,1.15421176,44.618596,1.24213709e-02
20,41,1.15421176,44.618596,1.24183802e-02
21,41,1.18458576,44.631218,1.19913503e-02
22,41,1.21495976,44.673207,1.09124424e-02
23,41,1.24533376,44.757275,9.26818741e-03
24,41,1.27570776,44.901361,7.10595015e-03
25,41,1.30608176,45.123291,4.64227528e-03
26,41,1.33645576,45.426761,2.33907619e-03
27,41,1.36682976,45.794940,8.40987014e-04
28,41,1.39720381,46.194554,4.65467159e-04
29,41,1.42757781,46.572076,4.82841119e-04
30,41,1.45795159,46.830485,3.97156074e-04
31,41,1.48832560,46.919709,2.94686991e-03
32,41,1.51869960,46.928674,5.44221148e-03
33,41,1.54907361,46.929468,9.78523286e-04
34,41,1.57944761,46.934498,1.72400406e-03
35,41,1.60982162,46.943392,7.63751946e-04
36,41,1.64019563,46.946316,2.59446969e-03
37,41,1.67056963,46.930855,1.68445230e-03
38,41,1.70094364,46.903326,1.45246437e-03
39,41,1.73131764,46.891396,6.36379244e-03
40,41,1.73131764,46.891396,1.23390874e-03
41,41,1.75279515,46.956188,5.64321738e-03
42,41,1.77427297,46.974615,4.59062602e-03
43,41,1.79575048,46.953507,3.44492118e-03
44,41,1.81722830,46.917178,2.56422126e-03
45,41,1.83870581,46.885635,1.99130205e-03
46,41,1.86018364,46.866238,1.62635400e-03
47,41,1.88166114,46.857520,1.38824472e-03
48,41,1.90313897,46.853908,1.22979000e-03
49,41,1.92461647,46.846854,1.11423170e-03
50,41,1.94609430,46.828503,1.02600145e-03
51,41,1.96757180,46.786892,9.40677657e-04
52,41,1.98904963,46.714665,8.64178437e-04
53,41,2.01052713,46.601555,8.10477470e-04
54,41,2.03200496,46.493311,1.30270773e-03
55,41,2.05348246,46.523395,1.41712261e-03
56,41,2.07496029,46.551232,1.51623780e-03
57,41,2.09643779,46.570208,1.58869114e-03
58,41,2.11791562,46.581991,1.63749882e-03
59,41,2.13939312,46.586622,1.66614585e-03
60,41,2.13939312,46.586622,1.66622143e-03
61,41,2.20382612,47.291777,2.09136696e-03
62,41,2.26825912,47.628057,1.17224106e-03
63,41,2.33269211,47.500515,3.56181195e-04
64,41,2.39712495,47.373107,5.38648280e-04
65,41,2.46155794,46.813327,2.54086931e-04
66,41,2.52599094,46.156227,6.38954105e-06
67,41,2.59042394,45.692798,5.92613074e-06
68,41,2.65485693,45.268315,7.74931740e-06
69,41,2.71928993,44.876431,9.91495558e-06
70,41,2.78372276,44.520984,1.25688877e-05
71,41,2.84815576,44.458406,2.22861904e-03
72,41,2.91258876,44.522764,1.41063581e-03
73,41,2.97702175,44.766706,7.09291498e-04
74,41,3.04145475,44.293751,5.29810032e-04
75,41,3.10588775,43.749975,6.46705163e-04
76,41,3.17032058,43.394486,2.98070596e-04
77,41,3.23475363,43.697235,1.81851926e-04
78,41,3.29918661,44.146887,3.52875880e-05
79,41,3.36361957,44.457719,5.78724679e-06
80,41,3.36361957,44.457719,2.32731940e-06
81,41,3.41622887,44.220783,1.71033294e-06
82,41,3.46883817,44.113848,1.24871451e-07
83,41,3.52144747,44.026532,4.38272831e-05
84,41,3.57405686,44.037930,2.06416478e-05
85,41,3.62666598,43.890950,2.67717532e-05
86,41,3.67927530,43.734925,3.48518815e-05
87,41,3.73188462,43.571163,4.70057241e-05
88,41,3.78449394,43.555163,2.91618062e-05
89,41,3.83710326,43.757223,1.20790804e-05
90,41,3.88971258,43.768663,1.60086281e-06
91,41,3.94232191,43.706290,7.24123115e-07
92,41,3.99493123,43.642100,5.29118140e-07
93,41,4.04754055,43.584237,4.00398045e-07
94,41,4.10014987,43.581721,8.05164993e-04
95,41,4.15275899,43.964536,1.89082845e-02
96,41,4.20536831,44.582456,1.70675491e-02
97,41,4.25797763,45.312283,6.22589219e-03
98,41,4.31058696,45.985014,7.31065802e-03
99,41,4.36319628,46.286398,2.82587162e-02
0,42,0.00000000,44.457759,1.29362386e-05
1,42,0.06074799,44.376500,2.81217530e-04
2,42,0.12149598,44.785348,3.60030163e-03
3,42,0.18224397,45.059763,3.44295248e-03
4,42,0.24299205,45.423838,3.21485135e-03
5,42,0.30373983,45.864570,2.94599239e-03
6,42,0.36448784,45.526353,3.98105222e-04
7,42,0.42523585,44.995256,3.69653950e-04
8,42,0.48598386,45.163284,5.90732749e-04
9,42,0.54673188,45.553727,6.01062390e-04
10,42,0.60747989,46.019452,6.39318757e-04
11,42,0.66822790,46.507251,5.94233518e-04
12,42,0.72897591,45.768992,7.15927993e-06
13,42,0.78972392,44.486434,2.05559646e-05
14,42,0.85047193,44.552042,3.08399035e-03
15,42,0.91121971,45.602763,3.96729307e-03
16,42,0.97196773,46.685515,4.69959324e-03
17,42,1.03271574,47.795935,5.24835908e-03
18,42,1.09346375,48.718888,2.41519974e-03
19,42,1.15421176,48.639918,3.70724562e-03
20,42,1.15421176,48.639918,4.29942342e-03
21,42,1.18458576,48.589416,4.44731270e-03
22,42,1.21495976,48.458555,4.43042224e-03
23,42,1.24533376,48.286073,4.05717611e-03
24,42,1.27570776,48.098877,5.07104526e-03
25,42,1.30608176,47.915739,7.68428817e-04
26,42,1.33645576,47.748338,4.55454501e-03
27,42,1.36682976,47.604536,2.61740713e-03
28,42,1.39720381,47.498739,4.55576236e-03
29,42,1.42757781,47.463183,1.67188565e-04
30,42,1.45795159,47.565904,1.65021620e-03
31,42,1.48832560,47.814609,8.27101608e-04
32,42,1.51869960,48.065351,2.26162017e-04
33,42,1.54907361,48.198176,1.62854138e-03
34,42,1.57944761,48.186668,1.27271601e-03
35,42,1.60982162,48.079584,6.23892127e-04
36,42,1.64019563,47.971743,6.12027046e-04
37,42,1.67056963,47.927156,6.25777338e-05
38,42,1.70094364,47.973600,2.97111942e-04
39,42,1.73131764,48.049360,5.06650001e-04
40,42,1.73131764,48.049360,1.08809388e-06
41,42,1.75279515,47.928170,1.39297691e-03
42,42,1.77427297,47.837072,2.47596599e-03
43,42,1.79575048,47.818014,3.61092122e-03
44,42,1.81722830,47.850263,4.40906094e-03
45,42,1.83870581,47.905022,4.81171841e-03
46,42,1.86018364,47.965092,4.89642350e-03
47,42,1.88166114,48.021208,4.72677527e-03
48,42,1.90313897,48.071205,4.34713297e-03
49,42,1.92461647,48.108690,3.79745118e-03
50,42,1.94609430,48.135462,3.12131712e-03
51,42,1.96757180,48.156973,2.41655203e-03
52,42,1.98904963,48.175078,1.74057153e-03
53,42,2.01052713,48.190790,1.16780579e-03
54,42,2.03200496,48.209410,7.21206762e-04
55,42,2.05348246,48.229030,4.07554977e-04
56,42,2.07496029,48.248792,2.09329157e-04
57,42,2.09643779,48.264730,9.67809151e-05
58,42,2.11791562,48.275306,4.51169703e-05
59,42,2.13939312,48.279768,3.69900336e-05
60,42,2.13939312,48.279768,3.69907347e-05
61,42,2.20382612,47.702028,7.43572383e-06
62,42,2.26825912,47.640966,1.45176205e-04
63,42,2.33269211,48.158050,1.11697733e-04
64,42,2.39712495,48.867383,1.65359368e-05
65,42,2.46155794,48.794881,5.72033026e-04
66,42,2.52599094,48.610262,7.56834311e-04
67,42,2.59042394,48.040020,1.74333541e-03
68,42,2.65485693,47.461413,1.34026226e-03
69,42,2.71928993,46.936363,8.27407150e-04
70,42,2.78372276,46.505812,3.94917252e-04
71,42,2.84815576,46.214137,1.71134763e-04
72,42,2.91258876,45.658818,2.89295552e-04
73,42,2.97702175,44.942810,4.09846622e-04
74,42,3.04145475,45.136714,1.57080563e-05
75,42,3.10588775,44.846931,2.20708168e-04
76,42,3.17032058,44.634019,3.56817222e-04
77,42,3.23475363,44.524499,4.06944706e-04
78,42,3.29918661,44.371198,4.57165982e-05
79,42,3.36361957,44.457759,4.60169431e-06
80,42,3.36361957,44.457740,1.16806660e-06
81,42,3.41622887,44.318530,9.67431532e-05
82,42,3.46883817,44.113851,4.66461413e-07
83,42,3.52144747,44.026534,8.71715911e-05
84,42,3.57405686,44.121797,3.80191169e-04
85,42,3.62666598,44.417916,3.16294643e-04
86,42,3.67927530,44.840803,1.16331166e-03
87,42,3.73188462,44.388463,6.63669851e-06
88,42,3.78449394,44.107830,4.85791411e-06
89,42,3.83710326,44.012583,1.07648241e-05
90,42,3.88971258,44.265309,2.18357762e-05
91,42,3.94232191,44.692380,2.61499227e-05
92,42,3.99493123,45.194371,3.00308584e-05
93,42,4.04754055,45.752868,3.33675793e-05
94,42,4.10014987,46.349818,3.62798514e-05
95,42,4.15275899,46.967430,3.84758479e-05
96,42,4.20536831,47.586034,4.00802950e-05
97,42,4.25797763,48.160004,4.13677351e-05
98,42,4.31058696,48.204701,2.29525425e-04
99,42,4.36319628,48.008729,1.41908336e-06
0,43,0.00000000,44.459044,2.06605960e-06
1,43,0.06074799,44.613329,3.66631094e-03
2,43,0.12149598,45.069687,2.73817552e-05
3,43,0.18224397,45.596193,1.10234261e-04
4,43,0.24299205,45.972935,2.68113947e-04
5,43,0.30373983,45.925633,3.89874008e-04
6,43,0.36448784,46.370619,2.66423644e-03
7,43,0.42523585,46.568384,3.92901608e-04
8,43,0.48598386,46.559520,6.53247175e-04
9,43,0.54673188,46.751535,6.84643363e-04
10,43,0.60747989,47.089305,1.59168620e-03
11,43,0.66822790,47.186019,9.20682557e-05
12,43,0.72897591,47.334428,7.31551962e-04
13,43,0.78972392,48.051762,8.19641655e-04
14,43,0.85047193,48.711448,4.73783085e-03
15,43,0.91121971,48.943142,5.51218638e-03
16,43,0.97196773,48.988188,3.98477975e-03
17,43,1.03271574,48.881537,3.15288258e-04
18,43,1.09346375,48.718888,2.96890067e-03
19,43,1.15421176,48.639918,1.23937867e-03
20,43,1.15421176,48.639918,6.47619467e-04
21,43,1.18458576,48.589416,7.88928392e-04
22,43,1.21495976,48.458555,1.33087004e-03
23,43,1.24533376,48.286073,2.20297388e-03
24,43,1.27570776,48.098877,1.59887542e-03
25,43,1.30608176,47.915739,6.24219916e-03
26,43,1.33645576,47.748338,2.75423339e-03
27,43,1.36682976,47.604536,4.95128900e-03
28,43,1.39720381,47.498739,3.15497802e-03
29,43,1.42757781,47.463183,7.21504427e-03
30,43,1.45795159,47.565905,4.17614471e-03
31,43,1.48832560,47.814609,3.44298024e-03
32,43,1.51869960,48.065352,3.39035203e-03
33,43,1.54907361,48.198177,1.39053607e-03
34,43,1.57944761,48.186668,9.10841355e-04
35,43,1.60982162,48.079585,7.16441854e-04
36,43,1.64019563,47.971745,1.05896383e-04
37,43,1.67056963,47.927156,4.40639838e-04
38,43,1.70094364,47.973600,3.86357568e-04
39,43,1.73131764,48.049360,4.27773270e-04
40,43,1.73131764,48.049360,9.33405550e-04
41,43,1.75279515,48.142144,4.79949635e-04
42,43,1.77427297,48.280583,6.81806680e-04
43,43,1.79575048,48.412201,7.28705940e-04
44,43,1.81722830,48.514945,6.97812046e-04
45,43,1.83870581,48.620451,7.53620846e-04
46,43,1.86018364,48.735407,8.32436377e-04
47,43,1.88166114,48.859852,9.14690468e-04
48,43,1.90313897,48.992590,9.90593948e-04
49,43,1.92461647,49.131387,1.05385795e-03
50,43,1.94609430,49.276455,1.10032710e-03
51,43,1.96757180,49.362592,2.13872751e-03
52,43,1.98904963,49.207711,2.70449790e-03
53,43,2.01052713,49.067574,3.15878781e-03
54,43,2.03200496,48.953401,3.49021468e-03
55,43,2.05348246,48.862629,3.65883486e-03
56,43,2.07496029,48.795390,3.70977450e-03
57,43,2.09643779,48.747971,3.68679181e-03
58,43,2.11791562,48.720047,3.64366105e-03
59,43,2.13939312,48.715449,3.61177346e-03
60,43,2.13939312,48.715449,3.61292725e-03
61,43,2.20382612,48.947226,2.61150757e-03
62,43,2.26825912,49.019375,1.20407276e-03
63,43,2.33269211,48.783342,1.53622927e-04
64,43,2.39712495,48.884492,3.39454937e-04
65,43,2.46155794,49.052505,1.57979522e-03
66,43,2.52599094,48.622085,1.86810467e-03
67,43,2.59042394,48.356829,7.36834502e-04
68,43,2.65485693,48.019840,5.89855371e-04
69,43,2.71928993,47.602136,4.01912247e-04
70,43,2.78372276,47.125805,2.24455438e-04
71,43,2.84815576,46.426818,8.61867132e-05
72,43,2.91258876,46.108510,2.74484556e-05
73,43,2.97702175,45.625512,5.17649095e-05
74,43,3.04145475,45.330376,4.24228993e-04
75,43,3.10588775,45.629906,9.03118354e-04
76,43,3.17032058,45.167563,7.74926494e-04
77,43,3.23475363,44.805446,7.21120885e-04
78,43,3.29918661,44.481331,3.35489588e-04
79,43,3.36361957,44.458258,7.23912689e-06
80,43,3.36361957,44.458312,1.05084663e-05
81,43,3.41622887,44.318835,7.08532309e-05
82,43,3.46883817,44.266707,8.46300332e-06
83,43,3.52144747,44.170710,1.46832799e-05
84,43,3.57405686,44.121797,2.88483167e-04
85,43,3.62666598,44.417917,1.22530463e-03
86,43,3.67927530,44.840804,1.30410762e-03
87,43,3.73188462,45.327068,2.75393499e-03
88,43,3.78449394,45.843542,2.15021028e-04
89,43,3.83710326,46.365212,1.35420727e-03
90,43,3.88971258,46.872028,4.24896584e-03
91,43,3.94232191,47.343085,1.23585280e-03
92,43,3.99493123,47.759554,2.19085890e-03
93,43,4.04754055,48.127265,6.95687959e-03
94,43,4.10014987,48.402072,6.28798712e-04
95,43,4.15275899,48.576600,3.78888447e-03
96,43,4.20536831,48.627761,1.37429789e-02
97,43,4.25797763,48.488878,7.25619907e-03
98,43,4.31058696,48.204702,7.31404554e-03
99,43,4.36319628,48.008729,1.00149084e-06
0,44,0.00000000,44.550056,4.74016404e-03
1,44,0.06074799,44.635952,1.10560557e-06
2,44,0.12149598,45.206781,1.43131225e-03
3,44,0.18224397,45.824997,7.04961098e-04
4,44,0.24299205,46.397748,1.10631793e-03
5,44,0.30373983,46.846824,2.19195827e-04
6,44,0.36448784,46.757925,3.75287902e-04
7,44,0.42523585,46.568510,6.62784169e-05
8,44,0.48598386,46.559523,1.95452717e-04
9,44,0.54673188,46.751536,7.58334602e-04
10,44,0.60747989,47.089310,5.17313684e-04
11,44,0.66822790,47.514828,5.90636940e-04
12,44,0.72897591,47.953723,1.13184289e-03
13,44,0.78972392,48.370028,2.11601357e-03
14,44,0.85047193,48.711448,4.13208211e-04
15,44,0.91121971,48.943143,4.14857716e-04
16,44,0.97196773,48.988188,2.34421308e-03
17,44,1.03271574,48.881537,5.76981649e-03
18,44,1.09346375,48.921605,5.57328039e-03
19,44,1.15421176,50.046804,4.21759589e-03
20,44,1.15421176,50.046804,1.94048005e-03
21,44,1.18458576,50.095754,6.60337678e-04
22,44,1.21495976,50.220610,9.75470042e-03
23,44,1.24533376,50.380543,3.06131989e-03
24,44,1.27570776,50.537695,5.04359062e-03
25,44,1.30608176,50.666232,1.46910934e-03
26,44,1.33645576,50.745024,4.35643614e-03
27,44,1.36682976,50.755553,1.32575691e-03
28,44,1.39720381,50.698412,7.58545036e-04
29,44,1.42757781,50.580230,6.54161710e-04
30,44,1.45795159,50.421775,8.48052522e-05
31,44,1.48832560,50.260221,8.64005433e-04
32,44,1.51869960,50.140707,3.44403905e-04
33,44,1.54907361,50.041465,1.35418965e-04
34,44,1.57944761,49.722123,1.55540473e-03
35,44,1.60982162,49.347957,5.63812987e-04
36,44,1.64019563,48.993232,4.35146236e-04
37,44,1.67056963,48.672136,8.98572976e-04
38,44,1.70094364,48.402631,1.04962682e-03
39,44,1.73131764,48.257026,6.24581494e-04
40,44,1.73131764,48.257026,3.46490087e-05
41,44,1.75279515,48.305315,1.90648759e-04
42,44,1.77427297,48.377481,2.04362416e-04
43,44,1.79575048,48.502381,3.24747454e-04
44,44,1.81722830,48.691633,4.92814414e-04
45,44,1.83870581,48.905119,5.60469425e-04
46,44,1.86018364,49.130614,5.99228012e-04
47,44,1.88166114,49.362954,6.33865894e-04
48,44,1.90313897,49.597754,6.66901331e-04
49,44,1.92461647,49.671844,8.22308877e-04
50,44,1.94609430,49.526633,1.53554135e-03
51,44,1.96757180,49.420319,1.12727675e-03
52,44,1.98904963,49.562115,1.12726897e-03
53,44,2.01052713,49.697795,1.09598177e-03
54,44,2.03200496,49.822698,1.02753367e-03
55,44,2.05348246,49.931628,9.31517408e-04
56,44,2.07496029,50.022194,8.17585853e-04
57,44,2.09643779,50.085770,7.05572304e-04
58,44,2.11791562,50.123838,6.35414683e-04
59,44,2.13939312,50.139678,6.40483308e-04
60,44,2.13939312,50.139721,6.44740903e-04
61,44,2.20382612,49.927362,1.28059960e-04
62,44,2.26825912,49.539610,2.08859965e-05
63,44,2.33269211,49.213608,6.34820835e-05
64,44,2.39712495,48.972073,2.71648089e-04
65,44,2.46155794,49.603562,5.31223145e-05
66,44,2.52599094,49.944824,3.18627709e-03
67,44,2.59042394,49.611399,2.60528576e-03
68,44,2.65485693,48.853988,2.75411024e-04
69,44,2.71928993,48.024207,3.67703098e-05
70,44,2.78372276,47.207839,1.47871303e-05
71,44,2.84815576,46.616121,9.10405289e-05
72,44,2.91258876,46.124360,1.95393978e-05
73,44,2.97702175,46.226066,3.06197917e-05
74,44,3.04145475,46.155538,1.02384138e-03
75,44,3.10588775,45.801523,1.98194249e-03
76,44,3.17032058,45.267601,2.15054041e-03
77,44,3.23475363,44.809150,2.37581145e-03
78,44,3.29918661,44.551386,2.98042503e-03
79,44,3.36361957,44.550056,1.21723751e-03
80,44,3.36361957,44.550056,6.25656055e-03
81,44,3.41622887,44.492681,2.47527764e-06
82,44,3.46883817,44.797075,6.07527984e-07
83,44,3.52144747,45.308831,8.61206059e-08
84,44,3.57405686,45.834350,5.39760111e-07
85,44,3.62666598,45.510294,5.84872711e-06
86,44,3.67927530,44.863711,7.64451148e-06
87,44,3.73188462,45.327074,6.70078723e-04
88,44,3.78449394,45.843552,4.21281403e-03
89,44,3.83710326,46.365212,4.12736048e-03
90,44,3.88971258,46.872030,2.28483870e-03
91,44,3.94232191,47.343086,6.29500474e-03
92,44,3.99493123,47.759558,6.27220793e-03
93,44,4.04754055,48.127265,2.57343485e-03
94,44,4.10014987,48.402073,1.02314149e-02
95,44,4.15275899,48.576601,8.72775547e-03
96,44,4.20536831,48.627762,2.38752457e-04
97,44,4.25797763,48.488878,6.17753309e-03
98,44,4.31058696,48.598220,4.24200203e-05
99,44,4.36319628,48.771833,4.19222518e-05
0,45,0.00000000,44.550161,5.57936353e-03
1,45,0.06074799,44.776612,7.98981938e-05
2,45,0.12149598,45.267967,6.08518108e-04
3,45,0.18224397,45.825112,1.82975566e-03
4,45,0.24299205,46.399179,1.20160255e-03
5,45,0.30373983,46.850970,1.38046271e-03
6,45,0.36448784,46.759207,6.88076809e-05
7,45,0.42523585,46.932438,2.36539034e-03
8,45,0.48598386,47.542188,2.03373121e-03
9,45,0.54673188,48.193766,1.72272104e-03
10,45,0.60747989,48.126111,8.60642481e-07
11,45,0.66822790,47.514829,2.21919118e-03
12,45,0.72897591,47.953738,2.40527309e-03
13,45,0.78972392,48.370028,2.20883757e-03
14,45,0.85047193,48.849783,8.82581073e-04
15,45,0.91121971,49.705009,9.41681016e-04
16,45,0.97196773,50.584141,1.00675805e-03
17,45,1.03271574,51.462967,1.09660935e-03
18,45,1.09346375,51.141597,5.13999155e-03
19,45,1.15421176,50.046805,6.82031828e-03
20,45,1.15421176,50.046806,9.09806183e-03
21,45,1.18458576,50.095754,1.00478965e-02
22,45,1.21495976,50.220610,2.48488860e-04
23,45,1.24533376,50.380545,6.12146462e-03
24,45,1.27570776,50.537698,3.23399025e-03
25,45,1.30608176,50.666234,5.79279494e-03
26,45,1.33645576,50.745033,1.76124854e-03
27,45,1.36682976,50.755586,3.52114311e-03
28,45,1.39720381,50.698491,2.87003758e-03
29,45,1.42757781,50.580293,1.84461899e-03
30,45,1.45795159,50.421779,1.48307148e-03
31,45,1.48832560,50.260232,5.86567317e-05
32,45,1.51869960,50.140786,4.61826742e-04
33,45,1.54907361,50.041620,1.50532008e-03
34,45,1.57944761,49.722144,4.37542080e-05
35,45,1.60982162,49.347959,9.34685776e-04
36,45,1.64019563,48.993237,9.96602948e-04
37,45,1.67056963,48.672137,4.43067239e-04
38,45,1.70094364,48.402631,1.46066650e-04
39,45,1.73131764,48.257027,3.80798434e-04
40,45,1.73131764,48.257026,9.70742783e-04
41,45,1.75279515,48.328372,7.63966859e-04
42,45,1.77427297,48.477299,6.83416142e-04
43,45,1.79575048,48.650464,6.00878221e-04
44,45,1.81722830,48.839018,5.01481124e-04
45,45,1.83870581,49.038490,3.88734776e-04
46,45,1.86018364,49.245429,2.72579664e-04
47,45,1.88166114,49.454532,1.67016597e-04
48,45,1.90313897,49.644383,1.45563565e-04
49,45,1.92461647,49.831030,7.10070700e-04
50,45,1.94609430,50.057481,7.53807279e-04
51,45,1.96757180,50.270057,8.11403871e-04
52,45,1.98904963,50.462462,8.68543844e-04
53,45,2.01052713,50.626555,8.97228581e-04
54,45,2.03200496,50.765493,9.28558480e-04
55,45,2.05348246,50.882684,9.29079901e-04
56,45,2.07496029,50.987595,9.47354545e-04
57,45,2.09643779,51.087292,8.84564016e-04
58,45,2.11791562,51.180334,6.37180730e-04
59,45,2.13939312,51.233653,2.69593843e-04
60,45,2.13939312,51.235037,2.75040893e-04
61,45,2.20382612,50.826994,2.99065151e-05
62,45,2.26825912,50.504114,9.00850476e-05
63,45,2.33269211,50.374302,3.25340778e-06
64,45,2.39712495,50.120158,1.02508665e-04
65,45,2.46155794,50.054155,5.34391621e-05
66,45,2.52599094,50.093147,7.59833298e-04
67,45,2.59042394,49.631560,6.99801781e-04
68,45,2.65485693,49.237148,2.17666551e-03
69,45,2.71928993,48.807088,1.87167884e-03
70,45,2.78372276,48.331437,1.64300413e-03
71,45,2.84815576,47.816182,1.46296623e-03
72,45,2.91258876,47.271961,1.31142723e-03
73,45,2.97702175,46.711975,1.16554810e-03
74,45,3.04145475,46.361744,1.91742789e-03
75,45,3.10588775,46.007098,3.58904195e-04
76,45,3.17032058,45.493283,4.99810232e-04
77,45,3.23475363,44.890865,2.83152983e-04
78,45,3.29918661,44.577434,6.73954533e-04
79,45,3.36361957,44.550223,5.56647050e-03
80,45,3.36361957,44.550132,4.41257087e-03
81,45,3.41622887,44.737081,7.93557579e-04
82,45,3.46883817,45.159185,9.70625936e-04
83,45,3.52144747,45.690821,7.07537171e-03
84,45,3.57405686,46.292325,1.38843670e-03
85,45,3.62666598,46.805112,1.38200140e-07
86,45,3.67927530,47.542549,6.40605328e-07
87,45,3.73188462,48.349262,5.62831548e-04
88,45,3.78449394,48.854125,9.02730257e-05
89,45,3.83710326,48.956891,1.75644438e-04
90,45,3.88971258,49.143436,2.69097649e-04
91,45,3.94232191,49.423121,2.35213181e-04
92,45,3.99493123,49.791332,1.52122052e-03
93,45,4.04754055,50.236780,1.94856478e-03
94,45,4.10014987,50.716217,9.64767465e-04
95,45,4.15275899,51.182695,1.14777106e-03
96,45,4.20536831,51.596755,1.16120012e-03
97,45,4.25797763,51.904576,1.71106150e-03
98,45,4.31058696,52.095108,8.74288936e-04
99,45,4.36319628,51.996956,2.53350872e-07
0,46,0.00000000,44.550637,5.80402637e-04
1,46,0.06074799,44.776709,3.75284790e-03
2,46,0.12149598,45.268009,2.29824586e-03
3,46,0.18224397,46.275984,2.37611783e-03
4,46,0.24299205,46.862179,1.62403386e-03
5,46,0.30373983,47.352417,2.34605626e-03
6,46,0.36448784,47.930114,3.19944256e-03
7,46,0.42523585,48.556626,1.69319701e-03
8,46,0.48598386,49.041937,2.79501799e-05
9,46,0.54673188,48.757037,2.70261766e-05
10,46,0.60747989,48.881408,1.41997665e-03
11,46,0.66822790,49.603934,1.10010754e-03
12,46,0.72897591,50.345215,7.52918391e-04
13,46,0.78972392,51.096425,4.55965741e-04
14,46,0.85047193,51.829430,1.39193793e-04
15,46,0.91121971,52.463413,3.56226143e-05
16,46,0.97196773,52.683810,1.47963054e-03
17,46,1.03271574,52.119455,4.01053253e-03
18,46,1.09346375,52.318586,1.21253640e-03
19,46,1.15421176,53.091118,1.00030897e-03
20,46,1.15421176,53.091065,2.48382231e-03
21,46,1.18458576,53.088025,1.88799989e-04
22,46,1.21495976,53.077568,1.37452724e-03
23,46,1.24533376,53.058452,2.99619869e-04
24,46,1.27570776,53.014910,1.12024647e-03
25,46,1.30608176,52.933056,1.49343250e-03
26,46,1.33645576,52.786067,6.54002891e-04
27,46,1.36682976,52.551818,5.10711908e-04
28,46,1.39720381,52.233899,1.74286376e-04
29,46,1.42757781,51.857097,1.74012776e-04
30,46,1.45795159,51.448350,1.98916222e-04
31,46,1.48832560,51.030393,4.01346611e-04
32,46,1.51869960,50.617408,7.68644579e-05
33,46,1.54907361,50.315107,9.30313335e-05
34,46,1.57944761,50.379882,2.90812184e-04
35,46,1.60982162,50.588433,1.52139435e-03
36,46,1.64019563,50.808839,2.34757351e-03
37,46,1.67056963,50.988841,2.84634995e-03
38,46,1.70094364,51.103920,2.11839367e-03
39,46,1.73131764,51.147692,4.59812962e-03
40,46,1.73131764,51.147682,3.45867022e-03
41,46,1.75279515,51.032106,5.39315954e-04
42,46,1.77427297,50.905908,3.12434451e-04
43,46,1.79575048,50.767454,1.34016528e-04
44,46,1.81722830,50.618538,2.62846399e-05
45,46,1.83870581,50.460623,1.16357823e-05
46,46,1.86018364,50.295620,1.08842399e-04
47,46,1.88166114,50.128099,3.25832531e-04
48,46,1.90313897,49.979741,6.00063283e-04
49,46,1.92461647,49.994784,3.07496954e-04
50,46,1.94609430,50.188293,9.66572876e-05
51,46,1.96757180,50.403319,3.76726255e-05
52,46,1.98904963,50.615476,2.45232848e-05
53,46,2.01052713,50.815055,2.09115060e-05
54,46,2.03200496,50.991368,1.83766721e-05
55,46,2.05348246,51.136124,1.71266526e-05
56,46,2.07496029,51.245677,8.64939111e-06
57,46,2.09643779,51.317426,5.86771678e-06
58,46,2.11791562,51.357790,4.15704402e-06
59,46,2.13939312,51.371305,4.45780547e-06
60,46,2.13939312,51.371428,5.43744795e-06
61,46,2.20382612,50.833036,4.22496109e-03
62,46,2.26825912,50.527420,5.56562448e-03
63,46,2.33269211,50.442787,5.78152500e-03
64,46,2.39712495,50.374032,4.95845114e-03
65,46,2.46155794,50.208832,3.97180040e-03
66,46,2.52599094,50.113037,7.04827831e-04
67,46,2.59042394,49.950751,1.59816319e-03
68,46,2.65485693,49.537434,1.77936671e-03
69,46,2.71928993,49.059840,1.81878336e-03
70,46,2.78372276,48.552491,1.82232374e-03
71,46,2.84815576,48.026381,1.82114379e-03
72,46,2.91258876,47.482047,1.82518743e-03
73,46,2.97702175,46.924748,1.84755819e-03
74,46,3.04145475,46.426977,2.27217655e-04
75,46,3.10588775,46.089706,5.84409514e-04
76,46,3.17032058,46.344884,2.37007896e-03
77,46,3.23475363,45.662277,3.45566920e-03
78,46,3.29918661,44.939181,4.19216336e-03
79,46,3.36361957,44.551926,4.12566098e-03
80,46,3.36361957,44.551392,2.45375207e-04
81,46,3.41622887,44.737548,8.71058245e-03
82,46,3.46883817,45.159287,7.57026970e-03
83,46,3.52144747,45.691273,1.00388358e-03
84,46,3.57405686,46.292491,6.38254468e-03
85,46,3.62666598,46.949654,3.54041216e-03
86,46,3.67927530,47.649915,6.63769521e-03
87,46,3.73188462,48.380319,1.15587072e-03
88,46,3.78449394,48.891322,8.21170526e-04
89,46,3.83710326,48.958420,7.20949784e-05
90,46,3.88971258,49.144039,1.18804414e-04
91,46,3.94232191,49.423268,5.95556469e-04
92,46,3.99493123,49.791584,4.22677744e-05
93,46,4.04754055,50.236802,6.24741277e-04
94,46,4.10014987,50.716233,2.55105539e-03
95,46,4.15275899,51.182752,2.95531526e-03
96,46,4.20536831,51.597436,2.82670487e-03
97,46,4.25797763,51.906408,1.02286324e-03
98,46,4.31058696,52.122218,7.59832421e-05
99,46,4.36319628,52.161236,1.80701400e-05
0,47,0.00000000,45.906459,7.58641472e-06
1,47,0.06074799,45.973595,1.84014748e-04
2,47,0.12149598,46.160084,6.14144564e-04
3,47,0.18224397,46.461124,1.13089254e-03
4,47,0.24299205,47.464320,2.45754500e-03
5,47,0.30373983,47.612756,3.05759376e-04
6,47,0.36448784,47.954030,1.29809794e-03
7,47,0.42523585,48.607183,1.62939963e-03
8,47,0.48598386,49.301816,1.43789094e-03
9,47,0.54673188,50.075262,2.21312533e-03
10,47,0.60747989,50.849673,6.56898846e-04
11,47,0.66822790,51.644705,3.52809257e-03
12,47,0.72897591,52.267156,2.49931301e-04
13,47,0.78972392,52.563690,6.22376369e-04
14,47,0.85047193,53.012464,6.93360111e-04
15,47,0.91121971,53.523490,1.17327299e-03
16,47,0.97196773,54.102715,3.74164312e-04
17,47,1.03271574,54.083951,2.33360764e-03
18,47,1.09346375,53.701802,1.76207066e-03
19,47,1.15421176,53.091830,1.75714045e-03
20,47,1.15421176,53.091198,2.42391081e-04
21,47,1.18458576,53.088239,2.51820628e-03
22,47,1.21495976,53.077953,1.20421686e-03
23,47,1.24533376,53.059403,2.11159856e-03
24,47,1.27570776,53.015403,1.01672911e-03
25,47,1.30608176,52.936641,6.64713190e-05
26,47,1.33645576,52.792725,3.26802584e-04
27,47,1.36682976,52.553536,9.01536068e-05
28,47,1.39720381,52.236382,2.72522583e-04
29,47,1.42757781,51.859958,2.84483631e-04
30,47,1.45795159,51.448639,4.41591206e-04
31,47,1.48832560,51.030422,3.51651323e-04
32,47,1.51869960,50.617476,6.48081666e-04
33,47,1.54907361,50.315138,2.43522322e-04
34,47,1.57944761,50.379900,1.08148579e-03
35,47,1.60982162,50.588557,1.02358922e-03
36,47,1.64019563,50.809113,1.18904235e-03
37,47,1.67056963,50.988893,1.45396209e-03
38,47,1.70094364,51.103929,2.66481472e-03
39,47,1.73131764,51.147860,3.70013708e-04
40,47,1.73131764,51.147746,1.49469965e-03
41,47,1.75279515,51.245262,4.15990535e-03
42,47,1.77427297,51.330826,4.09011015e-03
43,47,1.79575048,51.399449,3.93797098e-03
44,47,1.81722830,51.457887,3.71818353e-03
45,47,1.83870581,51.502681,3.46748315e-03
46,47,1.86018364,51.534060,3.14650728e-03
47,47,1.88166114,51.553967,2.84756058e-03
48,47,1.90313897,51.561503,2.46699561e-03
49,47,1.92461647,51.565652,2.12772118e-03
50,47,1.94609430,51.564812,1.84793473e-03
51,47,1.96757180,51.569505,1.55508294e-03
52,47,1.98904963,51.581183,1.43120055e-03
53,47,2.01052713,51.597238,1.29710543e-03
54,47,2.03200496,51.609172,1.45746404e-03
55,47,2.05348246,51.607703,1.58723432e-03
56,47,2.07496029,51.580322,1.82379376e-03
57,47,2.09643779,51.524715,2.10184508e-03
58,47,2.11791562,51.451805,2.49153028e-03
59,47,2.13939312,51.407179,2.90709199e-03
60,47,2.13939312,51.407420,2.94496479e-03
61,47,2.20382612,52.305661,7.04274496e-04
62,47,2.26825912,52.662135,1.14335362e-03
63,47,2.33269211,52.372609,1.80191225e-03
64,47,2.39712495,51.868753,2.10276514e-03
65,47,2.46155794,51.447228,1.98088747e-03
66,47,2.52599094,51.328163,1.16866426e-03
67,47,2.59042394,51.683242,3.58251746e-05
68,47,2.65485693,50.973205,3.54716962e-06
69,47,2.71928993,50.256470,6.75227350e-05
70,47,2.78372276,49.551677,1.90609756e-04
71,47,2.84815576,48.866999,3.46638555e-04
72,47,2.91258876,48.203291,4.86811331e-04
73,47,2.97702175,47.571720,5.81559536e-04
74,47,3.04145475,47.091598,4.28379017e-04
75,47,3.10588775,47.428124,4.06035994e-04
76,47,3.17032058,47.397818,9.19467579e-04
77,47,3.23475363,47.339785,2.66572270e-03
78,47,3.29918661,46.324890,7.27870992e-05
79,47,3.36361957,45.906459,4.53619499e-06
80,47,3.36361957,45.906459,2.54599805e-06
81,47,3.41622887,46.279766,6.88166426e-04
82,47,3.46883817,46.990750,2.46599405e-04
83,47,3.52144747,47.484642,1.79891585e-05
84,47,3.57405686,46.615087,2.62782186e-06
85,47,3.62666598,46.950211,3.96819618e-03
86,47,3.67927530,47.649954,5.44083261e-04
87,47,3.73188462,48.403256,4.80913272e-03
88,47,3.78449394,49.170716,4.99999169e-04
89,47,3.83710326,49.939385,6.30660186e-04
90,47,3.88971258,50.589750,1.82744517e-04
91,47,3.94232191,51.127829,5.78557667e-06
92,47,3.99493123,51.648099,8.68092469e-06
93,47,4.04754055,51.990652,3.05082986e-05
94,47,4.10014987,52.351192,1.50259846e-05
95,47,4.15275899,52.647572,1.03956063e-05
96,47,4.20536831,52.785129,5.98504621e-06
97,47,4.25797763,52.510153,4.28162074e-07
98,47,4.31058696,52.154456,2.46080875e-08
99,47,4.36319628,52.168843,2.41706858e-05
