k_index,band_index,k_distance,energy_eV,weight
0,0,0.00000000,-12.174008,3.61202376e-09
1,0,0.06074799,-12.161831,7.31299750e-06
2,0,0.12149598,-12.125518,3.28599370e-05
3,0,0.18224397,-12.065039,8.73266462e-05
4,0,0.24299205,-11.980516,1.87892133e-04
5,0,0.30373983,-11.871987,3.57269607e-04
6,0,0.36448784,-11.739760,6.22689908e-04
7,0,0.42523585,-11.583992,1.01418969e-03
8,0,0.48598386,-11.404888,1.56311981e-03
9,0,0.54673188,-11.202855,2.30046599e-03
10,0,0.60747989,-10.978205,3.25500414e-03
11,0,0.66822790,-10.731338,4.45151959e-03
12,0,0.72897591,-10.462806,5.90997245e-03
13,0,0.78972392,-10.173086,7.64322795e-03
14,0,0.85047193,-9.862951,9.65676325e-03
15,0,0.91121971,-9.532994,1.19471885e-02
16,0,0.97196773,-9.184204,1.45044291e-02
17,0,1.03271574,-8.817441,1.73087489e-02
18,0,1.09346375,-8.433770,2.03334226e-02
19,0,1.15421176,-8.034362,3.14299297e-03
20,0,1.15421176,-8.034362,3.14376556e-03
21,0,1.18458576,-8.033320,3.85147518e-03
22,0,1.21495976,-8.030216,5.96766861e-03
23,0,1.24533376,-8.025095,9.49797691e-03
24,0,1.27570776,-8.018102,1.42453288e-02
25,0,1.30608176,-8.009363,2.01138690e-02
26,0,1.33645576,-7.999066,2.69532441e-02
27,0,1.36682976,-7.987477,3.43759861e-02
28,0,1.39720381,-7.974810,4.21667210e-02
29,0,1.42757781,-7.961386,5.04216139e-02
30,0,1.45795159,-7.947528,5.73874130e-02
31,0,1.48832560,-7.933662,6.51221493e-02
32,0,1.51869960,-7.920150,7.18442627e-02
33,0,1.54907361,-7.907380,7.65786629e-02
34,0,1.57944761,-7.895736,7.58597384e-02
35,0,1.60982162,-7.885624,5.81857995e-02
36,0,1.64019563,-7.877365,1.70789018e-02
37,0,1.67056963,-7.871244,6.27184031e-04
38,0,1.70094364,-7.867476,2.58339828e-03
39,0,1.73131764,-7.866182,8.94834541e-03
40,0,1.73131764,-7.866182,8.91941471e-03
41,0,1.75279515,-7.924879,6.44879602e-02
42,0,1.77427297,-7.980461,6.46797605e-02
43,0,1.79575048,-8.032927,6.48592736e-02
44,0,1.81722830,-8.082250,6.50324542e-02
45,0,1.83870581,-8.128431,6.51959950e-02
46,0,1.86018364,-8.171462,6.53496299e-02
47,0,1.88166114,-8.211334,6.54931100e-02
48,0,1.90313897,-8.248035,6.56263350e-02
49,0,1.92461647,-8.281571,6.57488719e-02
50,0,1.94609430,-8.311938,6.58605250e-02
51,0,1.96757180,-8.339113,6.59614032e-02
52,0,1.98904963,-8.363101,6.60512112e-02
53,0,2.01052713,-8.383910,6.61283628e-02
54,0,2.03200496,-8.401513,6.61956264e-02
55,0,2.05348246,-8.415920,6.62514704e-02
56,0,2.07496029,-8.427121,6.62964047e-02
57,0,2.09643779,-8.435128,6.63291230e-02
58,0,2.11791562,-8.439933,6.63502129e-02
59,0,2.13939312,-8.441535,6.63598028e-02
60,0,2.13939312,-8.441535,6.63598084e-02
61,0,2.20382612,-8.639944,7.43707487e-02
62,0,2.26825912,-8.879154,7.65152848e-02
63,0,2.33269211,-9.149303,7.32529158e-02
64,0,2.39712495,-9.438544,6.61144000e-02
65,0,2.46155794,-9.736095,5.68180220e-02
66,0,2.52599094,-10.033039,4.67842360e-02
67,0,2.59042394,-10.322529,3.70296516e-02
68,0,2.65485693,-10.599298,2.81857028e-02
69,0,2.71928993,-10.859598,2.05942500e-02
70,0,2.78372276,-11.100614,1.43869517e-02
71,0,2.84815576,-11.320138,9.54687982e-03
72,0,2.91258876,-11.516590,5.96134025e-03
73,0,2.97702175,-11.688792,3.45608487e-03
74,0,3.04145475,-11.835792,1.82382922e-03
75,0,3.10588775,-11.956914,8.50878865e-04
76,0,3.17032058,-12.051610,3.35267738e-04
77,0,3.23475363,-12.119498,1.02220178e-04
78,0,3.29918661,-12.160320,1.84164914e-05
79,0,3.36361957,-12.174008,3.61204462e-09
80,0,3.36361957,-12.174008,3.61206489e-09
81,0,3.41622887,-12.164855,1.52648513e-05
82,0,3.46883817,-12.137635,6.09943643e-05
83,0,3.52144747,-12.092341,1.37039488e-04
84,0,3.57405686,-12.029118,2.43165162e-04
85,0,3.62666598,-11.948130,3.79082565e-04
86,0,3.67927530,-11.849741,5.44503429e-04
87,0,3.73188462,-11.734281,7.39192757e-04
88,0,3.78449394,-11.602234,9.63127153e-04
89,0,3.83710326,-11.454415,1.21636510e-03
90,0,3.88971258,-11.291718,1.49954647e-03
91,0,3.94232191,-11.115499,1.81382339e-03
92,0,3.99493123,-10.927719,2.16104610e-03
93,0,4.04754055,-10.731246,2.54372544e-03
94,0,4.10014987,-10.530251,2.96430778e-03
95,0,4.15275899,-10.331492,3.42199185e-03
96,0,4.20536831,-10.145155,3.90594321e-03
97,0,4.25797763,-9.986820,4.37760553e-03
98,0,4.31058696,-9.877355,4.74895108e-03
99,0,4.36319628,-9.837738,4.89488160e-03
0,1,0.00000000,-0.221237,4.17661141e-10
1,1,0.06074799,-0.304028,1.11767208e-01
2,1,0.12149598,-0.533108,1.03002471e-01
3,1,0.18224397,-0.861308,9.35181573e-02
4,1,0.24299205,-1.249585,8.51933957e-02
5,1,0.30373983,-1.673052,7.82745649e-02
6,1,0.36448784,-2.117453,7.25063842e-02
7,1,0.42523585,-2.574406,6.75722530e-02
8,1,0.48598386,-3.038851,6.32120034e-02
9,1,0.54673188,-3.507869,5.92237170e-02
10,1,0.60747989,-3.979083,5.54632971e-02
11,1,0.66822790,-4.451056,5.18328388e-02
12,1,0.72897591,-4.921378,4.82497467e-02
13,1,0.78972392,-5.388366,4.46785506e-02
14,1,0.85047193,-5.851013,4.10959217e-02
15,1,0.91121971,-6.307241,3.75056530e-02
16,1,0.97196773,-6.755448,3.39251411e-02
17,1,1.03271574,-7.193728,3.03806306e-02
18,1,1.09346375,-7.620536,2.69077800e-02
19,1,1.15421176,-8.034362,4.39481044e-02
20,1,1.15421176,-8.034362,4.39473316e-02
21,1,1.18458576,-8.033320,4.34277883e-02
22,1,1.21495976,-8.030216,4.18752738e-02
23,1,1.24533376,-8.025095,3.92822434e-02
24,1,1.27570776,-8.018102,3.58405632e-02
25,1,1.30608176,-8.009363,3.16412270e-02
26,1,1.33645576,-7.999066,2.68276201e-02
27,1,1.36682976,-7.987477,2.17773025e-02
28,1,1.39720381,-7.974810,1.66998926e-02
29,1,1.42757781,-7.961386,1.14856699e-02
30,1,1.45795159,-7.947528,7.87689598e-03
31,1,1.48832560,-7.933662,3.80326089e-03
32,1,1.51869960,-7.920150,1.02972488e-03
33,1,1.54907361,-7.907380,5.21014893e-04
34,1,1.57944761,-7.895736,5.72430242e-03
35,1,1.60982162,-7.885624,2.81213203e-02
36,1,1.64019563,-7.877365,7.41688856e-02
37,1,1.67056963,-7.871244,9.57537308e-02
38,1,1.70094364,-7.867476,9.90938889e-02
39,1,1.73131764,-7.866182,9.81556977e-02
40,1,1.73131764,-7.866182,9.81846257e-02
41,1,1.75279515,-7.808596,4.82503722e-02
42,1,1.77427297,-7.756296,5.38517957e-02
43,1,1.79575048,-7.709236,5.95361924e-02
44,1,1.81722830,-7.667276,6.52167648e-02
45,1,1.83870581,-7.630209,7.08090022e-02
46,1,1.86018364,-7.597762,7.62340655e-02
47,1,1.88166114,-7.569606,8.14224907e-02
48,1,1.90313897,-7.545351,8.63165452e-02
49,1,1.92461647,-7.524711,9.08661367e-02
50,1,1.94609430,-7.507363,9.50344048e-02
51,1,1.96757180,-7.492793,9.87973018e-02
52,1,1.98904963,-7.480754,1.02135062e-01
53,1,2.01052713,-7.470955,1.05035538e-01
54,1,2.03200496,-7.463114,1.07492251e-01
55,1,2.05348246,-7.457014,1.09501739e-01
56,1,2.07496029,-7.452412,1.11068006e-01
57,1,2.09643779,-7.449271,1.12181188e-01
58,1,2.11791562,-7.447428,1.12847248e-01
59,1,2.13939312,-7.446815,1.13067565e-01
60,1,2.13939312,-7.446815,1.13067571e-01
61,1,2.20382612,-7.247460,9.55544675e-02
62,1,2.26825912,-7.019417,7.77226054e-02
63,1,2.33269211,-6.762998,6.03096896e-02
64,1,2.39712495,-6.478367,4.40500307e-02
65,1,2.46155794,-6.166004,2.96372006e-02
66,1,2.52599094,-5.826264,1.77190237e-02
67,1,2.59042394,-5.459647,8.86590369e-03
68,1,2.65485693,-5.066690,3.55916591e-03
69,1,2.71928993,-4.648299,2.18577338e-03
70,1,2.78372276,-4.205520,5.04035671e-03
71,1,2.84815576,-3.739690,1.23385989e-02
72,1,2.91258876,-3.252868,2.42500084e-02
73,1,2.97702175,-2.748308,4.09606828e-02
74,1,3.04145475,-2.230417,6.27684231e-02
75,1,3.10588775,-1.707984,9.02335348e-02
76,1,3.17032058,-1.196202,1.24253033e-01
77,1,3.23475363,-0.726540,1.65395452e-01
78,1,3.29918661,-0.364477,2.08852581e-01
79,1,3.36361957,-0.221237,3.07907966e-10
80,1,3.36361957,-0.221237,3.62288024e-10
81,1,3.41622887,-0.329993,3.34783446e-04
82,1,3.46883817,-0.619918,1.01836175e-03
83,1,3.52144747,-1.018698,1.65627563e-03
84,1,3.57405686,-1.474774,2.13461182e-03
85,1,3.62666598,-1.958536,2.46472166e-03
86,1,3.67927530,-2.454449,2.67550760e-03
87,1,3.73188462,-2.952316,2.79215368e-03
88,1,3.78449394,-3.445848,2.83116400e-03
89,1,3.83710326,-3.930558,2.80294698e-03
90,1,3.88971258,-4.402823,2.71367897e-03
91,1,3.94232191,-4.859400,2.56638086e-03
92,1,3.99493123,-5.296989,2.36167770e-03
93,1,4.04754055,-5.711758,2.09822190e-03
94,1,4.10014987,-6.098368,1.77409639e-03
95,1,4.15275899,-6.449798,1.38913149e-03
96,1,4.20536831,-6.755259,9.54087018e-04
97,1,4.25797763,-6.998913,5.08376192e-04
98,1,4.31058696,-7.159679,1.45289268e-04
99,1,4.36319628,-7.216452,3.77000028e-09
0,2,0.00000000,-0.221237,6.79980752e-01
1,2,0.06074799,-0.273253,5.76972013e-02
2,2,0.12149598,-0.417348,5.77157392e-02
3,2,0.18224397,-0.620436,5.84321715e-02
4,2,0.24299205,-0.854281,6.00144225e-02
5,2,0.30373983,-1.099562,6.23646558e-02
6,2,0.36448784,-1.345517,6.52989717e-02
7,2,0.42523585,-1.584481,6.86541796e-02
8,2,0.48598386,-1.811733,7.22836203e-02
9,2,0.54673188,-2.024671,7.60524442e-02
10,2,0.60747989,-2.220993,7.98471373e-02
11,2,0.66822790,-2.399222,8.35606302e-02
12,2,0.72897591,-2.558338,8.70940866e-02
13,2,0.78972392,-2.697456,9.03586226e-02
14,2,0.85047193,-2.816014,9.32714470e-02
15,2,0.91121971,-2.913496,9.57636785e-02
16,2,0.97196773,-2.989660,9.77676277e-02
17,2,1.03271574,-3.044267,9.92345441e-02
18,2,1.09346375,-3.077078,1.00129877e-01
19,2,1.15421176,-3.088023,1.00430805e-01
20,2,1.15421176,-3.088023,1.00430805e-01
21,2,1.18458576,-3.097704,9.90341315e-02
22,2,1.21495976,-3.126067,9.50087112e-02
23,2,1.24533376,-3.171205,8.87918258e-02
24,2,1.27570776,-3.230427,8.09594481e-02
25,2,1.30608176,-3.300545,7.20968182e-02
26,2,1.33645576,-3.378349,6.27079821e-02
27,2,1.36682976,-3.460868,5.31625566e-02
28,2,1.39720381,-3.545310,4.38173572e-02
29,2,1.42757781,-3.629326,3.48918355e-02
30,2,1.45795159,-3.710912,2.65701137e-02
31,2,1.48832560,-3.788257,1.90520021e-02
32,2,1.51869960,-3.859926,1.25025353e-02
33,2,1.54907361,-3.924565,7.13159791e-03
34,2,1.57944761,-3.981093,3.12572874e-03
35,2,1.60982162,-4.028638,6.89697775e-04
36,2,1.64019563,-4.066409,2.23949723e-05
37,2,1.67056963,-4.093817,1.31063532e-03
38,2,1.70094364,-4.110419,4.71018245e-03
39,2,1.73131764,-4.115971,1.03653647e-02
40,2,1.73131764,-4.115971,1.03653369e-02
41,2,1.75279515,-4.160922,7.33480781e-02
42,2,1.77427297,-4.203776,7.40626735e-02
43,2,1.79575048,-4.244477,7.47364921e-02
44,2,1.81722830,-4.282950,7.53616048e-02
45,2,1.83870581,-4.319157,7.59431496e-02
46,2,1.86018364,-4.353049,7.64818901e-02
47,2,1.88166114,-4.384584,7.69784892e-02
48,2,1.90313897,-4.413723,7.74332185e-02
49,2,1.92461647,-4.440438,7.78472630e-02
50,2,1.94609430,-4.464692,7.82204697e-02
51,2,1.96757180,-4.486462,7.85537588e-02
52,2,1.98904963,-4.505724,7.88472300e-02
53,2,2.01052713,-4.522484,7.91006481e-02
54,2,2.03200496,-4.536669,7.93152306e-02
55,2,2.05348246,-4.548295,7.94907110e-02
56,2,2.07496029,-4.557325,7.96259127e-02
57,2,2.09643779,-4.563799,7.97236280e-02
58,2,2.11791562,-4.567686,7.97825796e-02
59,2,2.13939312,-4.568962,7.98069367e-02
60,2,2.13939312,-4.568962,7.98069358e-02
61,2,2.20382612,-4.667231,4.39762990e-02
62,2,2.26825912,-4.683691,1.94285991e-02
63,2,2.33269211,-4.625347,5.45137973e-03
64,2,2.39712495,-4.502100,2.63727065e-04
65,2,2.46155794,-4.323677,1.96803059e-03
66,2,2.52599094,-4.098907,9.05446470e-03
67,2,2.59042394,-3.834999,2.05281946e-02
68,2,2.65485693,-3.537912,3.58610777e-02
69,2,2.71928993,-3.213237,5.48958746e-02
70,2,2.78372276,-2.866140,7.78036117e-02
71,2,2.84815576,-2.501942,1.05043295e-01
72,2,2.91258876,-2.126895,1.37345448e-01
73,2,2.97702175,-1.748566,1.75672107e-01
74,2,3.04145475,-1.376798,2.21042705e-01
75,2,3.10588775,-1.024255,2.74034632e-01
76,2,3.17032058,-0.708614,3.33530931e-01
77,2,3.23475363,-0.451775,3.94013750e-01
78,2,3.29918661,-0.280740,4.42785959e-01
79,2,3.36361957,-0.221237,4.36388559e-01
80,2,3.36361957,-0.221237,5.66686570e-01
81,2,3.41622887,-0.236100,3.05641297e-01
82,2,3.46883817,-0.282174,1.28014711e-01
83,2,3.52144747,-0.352540,3.23637740e-01
84,2,3.57405686,-0.440122,3.29468380e-01
85,2,3.62666598,-0.538050,2.35722064e-01
86,2,3.67927530,-0.640874,1.67093854e-01
87,2,3.73188462,-0.744147,2.93263551e-01
88,2,3.78449394,-0.844362,2.08869672e-01
89,2,3.83710326,-0.939896,3.16482027e-02
90,2,3.88971258,-1.028758,5.51045515e-02
91,2,3.94232191,-1.109818,2.67498622e-02
92,2,3.99493123,-1.182323,4.62598372e-02
93,2,4.04754055,-1.245711,5.44738219e-02
94,2,4.10014987,-1.299418,1.94047841e-02
95,2,4.15275899,-1.343739,2.75140332e-02
96,2,4.20536831,-1.378237,1.17609371e-02
97,2,4.25797763,-1.402944,6.36349321e-03
98,2,4.31058696,-1.417777,1.23823127e-03
99,2,4.36319628,-1.422833,4.15294870e-05
0,3,0.00000000,-0.221237,1.31368962e-02
1,3,0.06074799,-0.273253,5.00098794e-01
2,3,0.12149598,-0.417348,4.52721366e-01
3,3,0.18224397,-0.620436,3.96779645e-01
4,3,0.24299205,-0.854280,3.42874312e-01
5,3,0.30373983,-1.099562,2.94114494e-01
6,3,0.36448784,-1.345517,2.50690825e-01
7,3,0.42523585,-1.584481,2.11962296e-01
8,3,0.48598386,-1.811733,1.77281673e-01
9,3,0.54673188,-2.024671,1.46203695e-01
10,3,0.60747989,-2.220993,1.18383492e-01
11,3,0.66822790,-2.399221,9.36194985e-02
12,3,0.72897591,-2.558338,7.17975237e-02
13,3,0.78972392,-2.697456,5.28622595e-02
14,3,0.85047193,-2.816014,3.67979918e-02
15,3,0.91121971,-2.913496,2.36070699e-02
16,3,0.97196773,-2.989660,1.33148998e-02
17,3,1.03271574,-3.044267,5.94710271e-03
18,3,1.09346375,-3.077077,1.51798726e-03
19,3,1.15421176,-3.088023,4.01006592e-05
20,3,1.15421176,-3.088023,4.01001080e-05
21,3,1.18458576,-3.097704,2.01543280e-03
22,3,1.21495976,-3.126067,7.74706991e-03
23,3,1.24533376,-3.171205,1.67183358e-02
24,3,1.27570776,-3.230427,2.82358211e-02
25,3,1.30608176,-3.300545,4.15947563e-02
26,3,1.33645576,-3.378349,5.61759949e-02
27,3,1.36682976,-3.460868,7.15060178e-02
28,3,1.39720381,-3.545310,8.71517136e-02
29,3,1.42757781,-3.629326,1.02822988e-01
30,3,1.45795159,-3.710911,1.18277135e-01
31,3,1.48832560,-3.788257,1.33269476e-01
32,3,1.51869960,-3.859926,1.47594130e-01
33,3,1.54907361,-3.924565,1.61004922e-01
34,3,1.57944761,-3.981093,1.73284777e-01
35,3,1.60982162,-4.028638,1.84200818e-01
36,3,1.64019563,-4.066409,1.93532958e-01
37,3,1.67056963,-4.093817,2.01076096e-01
38,3,1.70094364,-4.110419,2.06662521e-01
39,3,1.73131764,-4.115970,2.10142049e-01
40,3,1.73131764,-4.115970,2.10142079e-01
41,3,1.75279515,-4.065517,1.40105454e-01
42,3,1.77427297,-4.006250,1.31878311e-01
43,3,1.79575048,-3.938490,1.23310894e-01
44,3,1.81722830,-3.862762,1.14476095e-01
45,3,1.83870581,-3.779723,1.05443872e-01
46,3,1.86018364,-3.690187,9.62766088e-02
47,3,1.88166114,-3.595116,8.70264233e-02
48,3,1.90313897,-3.495610,7.77336977e-02
49,3,1.92461647,-3.393066,6.84391056e-02
50,3,1.94609430,-3.289015,5.91710075e-02
51,3,1.96757180,-3.185156,4.99868573e-02
52,3,1.98904963,-3.083567,4.09519768e-02
53,3,2.01052713,-2.986564,3.21749439e-02
54,3,2.03200496,-2.896860,2.38441586e-02
55,3,2.05348246,-2.817356,1.62125154e-02
56,3,2.07496029,-2.750976,9.61891176e-03
57,3,2.09643779,-2.700999,4.48009404e-03
58,3,2.11791562,-2.669834,1.19082165e-03
59,3,2.13939312,-2.659237,5.41234261e-05
60,3,2.13939312,-2.659237,5.41234439e-05
61,3,2.20382612,-2.519168,5.13073511e-05
62,3,2.26825912,-2.362696,4.81834860e-05
63,3,2.33269211,-2.191907,4.47896429e-05
64,3,2.39712495,-2.009155,4.11622577e-05
65,3,2.46155794,-1.817763,3.73525144e-05
66,3,2.52599094,-1.621230,3.34051643e-05
67,3,2.59042394,-1.423757,2.93742847e-05
68,3,2.65485693,-1.229855,2.53229110e-05
69,3,2.71928993,-1.044774,2.13282823e-05
70,3,2.78372276,-0.873833,1.74754234e-05
71,3,2.84815576,-0.720502,1.38632062e-05
72,3,2.91258876,-0.588153,1.05814338e-05
73,3,2.97702175,-0.478361,7.70625442e-06
74,3,3.04145475,-0.390914,5.28694637e-06
75,3,3.10588775,-0.324440,3.34266259e-06
76,3,3.17032058,-0.276357,1.86710809e-06
77,3,3.23475363,-0.244265,8.39095689e-07
78,3,3.29918661,-0.225970,2.34363295e-07
79,3,3.36361957,-0.221237,2.56729097e-01
80,3,3.36361957,-0.221237,1.26431084e-01
81,3,3.41622887,-0.236100,3.74124322e-01
82,3,3.46883817,-0.282174,5.14533890e-01
83,3,3.52144747,-0.352540,2.65431116e-01
84,3,3.57405686,-0.440122,1.97811520e-01
85,3,3.62666598,-0.538050,2.27475039e-01
86,3,3.67927530,-0.640874,2.33437817e-01
87,3,3.73188462,-0.744147,4.80091319e-02
88,3,3.78449394,-0.844362,7.74519053e-02
89,3,3.83710326,-0.939896,2.04543188e-01
90,3,3.88971258,-1.028758,1.35850715e-01
91,3,3.94232191,-1.109818,1.23876424e-01
92,3,3.99493123,-1.182323,6.89137539e-02
93,3,4.04754055,-1.245711,3.00702677e-02
94,3,4.10014987,-1.299418,3.93013594e-02
95,3,4.15275899,-1.343739,1.01000282e-02
96,3,4.20536831,-1.378237,9.46920103e-03
97,3,4.25797763,-1.402944,3.18962113e-03
98,3,4.31058696,-1.417777,1.31601669e-03
99,3,4.36319628,-1.422833,1.82670469e-04
0,4,0.00000000,2.274995,4.47461777e-03
1,4,0.06074799,2.244732,1.16828079e-03
2,4,0.12149598,2.154349,1.59299338e-03
3,4,0.18224397,2.016423,2.25868529e-03
4,4,0.24299205,1.845019,3.12185517e-03
5,4,0.30373983,1.653898,4.14267527e-03
6,4,0.36448784,1.454130,5.28835166e-03
7,4,0.42523585,1.254906,6.53034741e-03
8,4,0.48598386,1.063070,7.84325296e-03
9,4,0.54673188,0.883751,9.20393302e-03
10,4,0.60747989,0.720924,1.05901447e-02
11,4,0.66822790,0.577793,1.19810032e-02
12,4,0.72897591,0.456413,1.33584702e-02
13,4,0.78972392,0.359191,1.47072534e-02
14,4,0.85047193,0.287551,1.60143313e-02
15,4,0.91121971,0.243231,1.72704955e-02
16,4,0.97196773,0.226879,1.84721217e-02
17,4,1.03271574,0.240200,1.96190445e-02
18,4,1.09346375,0.284534,2.07175376e-02
19,4,1.15421176,0.360751,4.17361250e-02
20,4,1.15421176,0.360751,4.17363496e-02
21,4,1.18458576,0.378034,3.47353633e-02
22,4,1.21495976,0.429218,2.33114576e-02
23,4,1.24533376,0.512893,1.42287879e-02
24,4,1.27570776,0.625517,8.02849150e-03
25,4,1.30608176,0.764456,4.13649163e-03
26,4,1.33645576,0.926614,2.00043392e-03
27,4,1.36682976,1.109305,1.12323452e-03
28,4,1.39720381,1.309518,1.08394990e-03
29,4,1.42757781,1.525288,1.55357603e-03
30,4,1.45795159,1.754526,2.27188460e-03
31,4,1.48832560,1.995871,3.04761869e-03
32,4,1.51869960,2.247569,3.71492287e-03
33,4,1.54907361,2.508368,4.13686570e-03
34,4,1.57944761,2.777064,4.16762073e-03
35,4,1.60982162,3.050460,3.64508982e-03
36,4,1.64019563,3.325448,2.44124536e-03
37,4,1.67056963,3.593549,9.78274903e-04
38,4,1.70094364,3.828788,4.74912079e-03
39,4,1.73131764,3.942405,2.97641743e-03
40,4,1.73131764,3.942405,2.97692473e-03
41,4,1.75279515,3.837369,4.77381308e-02
42,4,1.77427297,3.652729,6.66716687e-02
43,4,1.79575048,3.435041,7.83069357e-02
44,4,1.81722830,3.206234,8.64248855e-02
45,4,1.83870581,2.975236,9.29691538e-02
46,4,1.86018364,2.746290,9.88214262e-02
47,4,1.88166114,2.521870,1.04412336e-01
48,4,1.90313897,2.303456,1.09977292e-01
49,4,1.92461647,2.093182,1.15635060e-01
50,4,1.94609430,1.891880,1.21466558e-01
51,4,1.96757180,1.702051,1.27483408e-01
52,4,1.98904963,1.525161,1.33664058e-01
53,4,2.01052713,1.363358,1.39926007e-01
54,4,2.03200496,1.219159,1.46103835e-01
55,4,2.05348246,1.095297,1.51955448e-01
56,4,2.07496029,0.995251,1.57159851e-01
57,4,2.09643779,0.920814,1.61293994e-01
58,4,2.11791562,0.875006,1.63979932e-01
59,4,2.13939312,0.859611,1.64927997e-01
60,4,2.13939312,0.859611,1.64927998e-01
61,4,2.20382612,1.022667,1.63990049e-01
62,4,2.26825912,1.205036,1.62774967e-01
63,4,2.33269211,1.403751,1.61144365e-01
64,4,2.39712495,1.615620,1.58909608e-01
65,4,2.46155794,1.834222,1.55712154e-01
66,4,2.52599094,2.052884,1.51043084e-01
67,4,2.59042394,2.261745,1.44139451e-01
68,4,2.65485693,2.448497,1.34081707e-01
69,4,2.71928993,2.598664,1.20236761e-01
70,4,2.78372276,2.700806,1.03086745e-01
71,4,2.84815576,2.751308,8.46058657e-02
72,4,2.91258876,2.756410,6.73311873e-02
73,4,2.97702175,2.728260,5.30225709e-02
74,4,3.04145475,2.624919,4.82477989e-05
75,4,3.10588775,2.499518,4.99497319e-05
76,4,3.17032058,2.401936,5.13071750e-05
77,4,3.23475363,2.332191,5.22950760e-05
78,4,3.29918661,2.290323,5.28952596e-05
79,4,3.36361957,2.274995,4.47462662e-03
80,4,3.36361957,2.274995,4.47461840e-03
81,4,3.41622887,2.299708,1.31672229e-02
82,4,3.46883817,2.333157,2.14283932e-03
83,4,3.52144747,2.315336,1.16323836e-03
84,4,3.57405686,2.255115,6.88514317e-04
85,4,3.62666598,2.169645,4.46160619e-04
86,4,3.67927530,2.070163,3.07456976e-04
87,4,3.73188462,1.964771,2.19103264e-04
88,4,3.78449394,1.858751,1.58718315e-04
89,4,3.83710326,1.755657,1.15590483e-04
90,4,3.88971258,1.658128,8.39110225e-05
91,4,3.94232191,1.568001,6.02619288e-05
92,4,3.99493123,1.486340,4.24565306e-05
93,4,4.04754055,1.414128,2.89816223e-05
94,4,4.10014987,1.352965,1.88621328e-05
95,4,4.15275899,1.302102,1.14866814e-05
96,4,4.20536831,1.262291,6.21677467e-06
97,4,4.25797763,1.233807,2.69029666e-06
98,4,4.31058696,1.216620,6.66669373e-07
99,4,4.36319628,1.210881,7.25218582e-09
0,5,0.00000000,2.274995,3.80051181e-05
1,5,0.06074799,2.344461,3.92419719e-03
2,5,0.12149598,2.532908,4.73155360e-03
3,5,0.18224397,2.809689,5.34922735e-03
4,5,0.24299205,3.146167,5.56728188e-03
5,5,0.30373983,3.523605,5.44476002e-03
6,5,0.36448784,3.928399,5.08458880e-03
7,5,0.42523585,3.766002,4.00478955e-02
8,5,0.48598386,3.391923,3.70530370e-02
9,5,0.54673188,2.987801,3.45906382e-02
10,5,0.60747989,2.587837,3.26163341e-02
11,5,0.66822790,2.207108,3.09638959e-02
12,5,0.72897591,1.854986,2.95173835e-02
13,5,0.78972392,1.536719,2.82216092e-02
14,5,0.85047193,1.252390,2.70314246e-02
15,5,0.91121971,1.003715,2.59222739e-02
16,5,0.97196773,0.790614,2.48603835e-02
17,5,1.03271574,0.612883,2.38294821e-02
18,5,1.09346375,0.469881,2.28077576e-02
19,5,1.15421176,0.360751,1.81587073e-03
20,5,1.15421176,0.360751,1.81564882e-03
21,5,1.18458576,0.378034,8.51539692e-03
22,5,1.21495976,0.429218,1.90631021e-02
23,5,1.24533376,0.512893,2.67700807e-02
24,5,1.27570776,0.625517,3.11940949e-02
25,5,1.30608176,0.764456,3.30153655e-02
26,5,1.33645576,0.926614,3.28795872e-02
27,5,1.36682976,1.109305,3.13513452e-02
28,5,1.39720381,1.309518,2.89077389e-02
29,5,1.42757781,1.525288,2.59028521e-02
30,5,1.45795159,1.754526,2.25980441e-02
31,5,1.48832560,1.995871,1.91638863e-02
32,5,1.51869960,2.247569,1.57076318e-02
33,5,1.54907361,2.508368,1.23111100e-02
34,5,1.57944761,2.777064,8.98732151e-03
35,5,1.60982162,3.050460,5.75924464e-03
36,5,1.64019563,3.325448,2.68636962e-03
37,5,1.67056963,3.593549,2.96184368e-04
38,5,1.70094364,3.828788,2.11574245e-03
39,5,1.73131764,3.942405,6.71744293e-02
40,5,1.73131764,3.942405,6.71739237e-02
41,5,1.75279515,3.977453,7.24362581e-02
42,5,1.77427297,3.993789,9.51780206e-02
43,5,1.79575048,3.995050,1.14247104e-01
44,5,1.81722830,3.987634,1.28979812e-01
45,5,1.83870581,3.974346,1.40160557e-01
46,5,1.86018364,3.957735,1.48655423e-01
47,5,1.88166114,3.939508,1.55187198e-01
48,5,1.90313897,3.920883,1.60283623e-01
49,5,1.92461647,3.902477,1.64319509e-01
50,5,1.94609430,3.884730,1.67533182e-01
51,5,1.96757180,3.868368,1.70138812e-01
52,5,1.98904963,3.853489,1.72244778e-01
53,5,2.01052713,3.839893,1.73949391e-01
54,5,2.03200496,3.828516,1.75297765e-01
55,5,2.05348246,3.819082,1.76348633e-01
56,5,2.07496029,3.811827,1.77144171e-01
57,5,2.09643779,3.806493,1.77689188e-01
58,5,2.11791562,3.803278,1.78008618e-01
59,5,2.13939312,3.802232,1.78127222e-01
60,5,2.13939312,3.802232,1.78127215e-01
61,5,2.20382612,4.605246,1.72174788e-01
62,5,2.26825912,5.396746,1.28445013e-01
63,5,2.33269211,5.788534,1.79462600e-05
64,5,2.39712495,5.371642,2.07884944e-05
65,5,2.46155794,4.979658,2.37345091e-05
66,5,2.52599094,4.611788,2.67493140e-05
67,5,2.59042394,4.269688,2.97945925e-05
68,5,2.65485693,3.954048,3.28286859e-05
69,5,2.71928993,3.664845,3.58061431e-05
70,5,2.78372276,3.402087,3.86814202e-05
71,5,2.84815576,3.166828,4.14076324e-05
72,5,2.91258876,2.958744,4.39390351e-05
73,5,2.97702175,2.778083,4.62325095e-05
74,5,3.04145475,2.679440,4.22276331e-02
75,5,3.10588775,2.619012,3.47694624e-02
76,5,3.17032058,2.496909,1.15565005e-01
77,5,3.23475363,2.381671,6.47844615e-02
78,5,3.29918661,2.304197,2.07929719e-02
79,5,3.36361957,2.274995,4.67539134e-05
80,5,3.36361957,2.274995,6.63248709e-05
81,5,3.41622887,2.299708,9.02272573e-04
82,5,3.46883817,2.366765,1.76220657e-02
83,5,3.52144747,2.469830,2.77102944e-02
84,5,3.57405686,2.598166,7.15658491e-02
85,5,3.62666598,2.739683,1.32645184e-01
86,5,3.67927530,2.881542,6.76451472e-02
87,5,3.73188462,3.011233,2.67750286e-01
88,5,3.78449394,3.117875,2.73680037e-01
89,5,3.83710326,3.192899,3.93641448e-01
90,5,3.88971258,3.234047,2.67854844e-02
91,5,3.94232191,3.244219,4.19724606e-01
92,5,3.99493123,3.230154,3.54904385e-01
93,5,4.04754055,3.200406,2.93820365e-01
94,5,4.10014987,3.162864,2.18341986e-01
95,5,4.15275899,3.124037,3.21333201e-01
96,5,4.20536831,3.089200,3.66019108e-01
97,5,4.25797763,3.061860,3.27380674e-02
98,5,4.31058696,3.044540,1.43873115e-01
99,5,4.36319628,3.037693,1.54121887e-01
0,6,0.00000000,2.274995,2.86607553e-05
1,6,0.06074799,2.344461,1.94280422e-02
2,6,0.12149598,2.532908,6.58263991e-02
3,6,0.18224397,2.809689,1.19722724e-01
4,6,0.24299205,3.146167,1.70323953e-01
5,6,0.30373983,3.523605,2.14522291e-01
6,6,0.36448784,3.928399,2.51839885e-01
7,6,0.42523585,4.353477,4.59426282e-03
8,6,0.48598386,4.794438,4.04985224e-03
9,6,0.54673188,5.246494,3.49319593e-03
10,6,0.60747989,5.707975,2.96226672e-03
11,6,0.66822790,6.178182,2.48084705e-03
12,6,0.72897591,6.653573,2.06394565e-03
13,6,0.78972392,7.135955,1.72786746e-03
14,6,0.85047193,7.623230,1.47921567e-03
15,6,0.91121971,8.117273,1.32386381e-03
16,6,0.97196773,8.610386,1.26201542e-03
17,6,1.03271574,9.095365,1.28753670e-03
18,6,1.09346375,9.540429,1.36848638e-03
19,6,1.15421176,9.778134,1.41158309e-03
20,6,1.15421176,9.778134,1.41156475e-03
21,6,1.18458576,9.751137,2.95490859e-03
22,6,1.21495976,9.664357,8.51756207e-03
23,6,1.24533376,9.507946,1.91607337e-02
24,6,1.27570776,9.284278,3.27581790e-02
25,6,1.30608176,9.010263,4.56052797e-02
26,6,1.33645576,8.704441,5.59438313e-02
27,6,1.36682976,8.378108,6.40505083e-02
28,6,1.39720381,8.042206,6.97430928e-02
29,6,1.42757781,7.701520,7.38392787e-02
30,6,1.45795159,7.358434,7.68552131e-02
31,6,1.48832560,7.015337,7.85970077e-02
32,6,1.51869960,6.672463,7.97078354e-02
33,6,1.54907361,6.334162,7.96199439e-02
34,6,1.57944761,6.000866,7.87753391e-02
35,6,1.60982162,5.673880,7.66003886e-02
36,6,1.64019563,5.357423,7.28786397e-02
37,6,1.67056963,5.059744,6.56388062e-02
38,6,1.70094364,4.807018,4.57292291e-02
39,6,1.73131764,4.688886,1.04724299e-02
40,6,1.73131764,4.688886,1.04736346e-02
41,6,1.75279515,4.699999,5.18316655e-02
42,6,1.77427297,4.799212,3.59540947e-02
43,6,1.79575048,4.939569,2.72176597e-02
44,6,1.81722830,5.065296,7.95680836e-02
45,6,1.83870581,5.195651,6.88335490e-02
46,6,1.86018364,5.333572,6.06106948e-02
47,6,1.88166114,5.477195,5.42101834e-02
48,6,1.90313897,5.625267,4.91245995e-02
49,6,1.92461647,5.776664,4.49508534e-02
50,6,1.94609430,5.930598,4.14470841e-02
51,6,1.96757180,6.086532,3.83409920e-02
52,6,1.98904963,6.243739,3.54704323e-02
53,6,2.01052713,6.401394,3.25912828e-02
54,6,2.03200496,6.558659,2.95828882e-02
55,6,2.05348246,6.713933,2.60615241e-02
56,6,2.07496029,6.864863,2.14809245e-02
57,6,2.09643779,7.004239,1.49779901e-02
58,6,2.11791562,7.116496,6.00722640e-03
59,6,2.13939312,7.164785,1.03064975e-05
60,6,2.13939312,7.164785,1.03065104e-05
61,6,2.20382612,6.686147,1.26854514e-05
62,6,2.26825912,6.227142,1.52376008e-05
63,6,2.33269211,5.881088,1.83172459e-03
64,6,2.39712495,5.666431,4.92333176e-02
65,6,2.46155794,5.304217,9.34615542e-02
66,6,2.52599094,4.938639,1.25141054e-01
67,6,2.59042394,4.591579,1.51462509e-01
68,6,2.65485693,4.267603,1.74162349e-01
69,6,2.71928993,3.966560,1.93214944e-01
70,6,2.78372276,3.688152,2.07717128e-01
71,6,2.84815576,3.434025,2.16562511e-01
72,6,2.91258876,3.203003,2.18086251e-01
73,6,2.97702175,2.994195,2.10363885e-01
74,6,3.04145475,2.806825,1.91364790e-01
75,6,3.10588775,2.640663,1.59614164e-01
76,6,3.17032058,2.548351,3.00853591e-02
77,6,3.23475363,2.458214,2.56913751e-02
78,6,3.29918661,2.342919,1.35450618e-02
79,6,3.36361957,2.274995,1.99019296e-05
80,6,3.36361957,2.274995,3.40334687e-07
81,6,3.41622887,2.303229,3.65074992e-03
82,6,3.46883817,2.366765,3.52320074e-02
83,6,3.52144747,2.469830,8.10095865e-02
84,6,3.57405686,2.598166,1.01741039e-01
85,6,3.62666598,2.739683,1.07207277e-01
86,6,3.67927530,2.881542,2.35549414e-01
87,6,3.73188462,3.011233,9.14459087e-02
88,6,3.78449394,3.117875,1.30669465e-01
89,6,3.83710326,3.192899,4.24776894e-02
90,6,3.88971258,3.234047,4.27624178e-01
91,6,3.94232191,3.244219,4.17033822e-02
92,6,3.99493123,3.230154,1.05769916e-01
93,6,4.04754055,3.200406,1.61795841e-01
94,6,4.10014987,3.162864,2.30537048e-01
95,6,4.15275899,3.124037,1.20753691e-01
96,6,4.20536831,3.089200,7.01642129e-02
97,6,4.25797763,3.061860,3.99001694e-01
98,6,4.31058696,3.044540,2.85119076e-01
99,6,4.36319628,3.037693,2.73823440e-01
0,7,0.00000000,3.020503,3.16636352e-03
1,7,0.06074799,3.103032,6.18547475e-03
2,7,0.12149598,3.322531,1.34933682e-02
3,7,0.18224397,3.618009,2.24261505e-02
4,7,0.24299205,3.911187,3.17053431e-02
5,7,0.30373983,4.090297,3.97228719e-02
6,7,0.36448784,4.036068,4.23245635e-02
7,7,0.42523585,4.353477,2.82939830e-01
8,7,0.48598386,4.794438,3.08501275e-01
9,7,0.54673188,5.246494,3.28827088e-01
10,7,0.60747989,5.707975,3.44463406e-01
11,7,0.66822790,6.178182,3.55904465e-01
12,7,0.72897591,6.653573,3.63582750e-01
13,7,0.78972392,7.135955,3.68576370e-01
14,7,0.85047193,7.623230,3.71808393e-01
15,7,0.91121971,8.117273,3.75466823e-01
16,7,0.97196773,8.610387,3.82547468e-01
17,7,1.03271574,9.095365,4.01497754e-01
18,7,1.09346375,9.540429,4.53647213e-01
19,7,1.15421176,9.778135,5.29688696e-01
20,7,1.15421176,9.778135,5.29688717e-01
21,7,1.18458576,9.751137,5.25730372e-01
22,7,1.21495976,9.664358,5.06784348e-01
23,7,1.24533376,9.507946,4.63205345e-01
24,7,1.27570776,9.284278,4.04751329e-01
25,7,1.30608176,9.010263,3.50792052e-01
26,7,1.33645576,8.704441,3.09489375e-01
27,7,1.36682976,8.378108,2.79600636e-01
28,7,1.39720381,8.042206,2.59003893e-01
29,7,1.42757781,7.701520,2.44883981e-01
30,7,1.45795159,7.358434,2.35098992e-01
31,7,1.48832560,7.015337,2.28921076e-01
32,7,1.51869960,6.672463,2.25015346e-01
33,7,1.54907361,6.334162,2.23607855e-01
34,7,1.57944761,6.000866,2.24001994e-01
35,7,1.60982162,5.673880,2.26525785e-01
36,7,1.64019563,5.357423,2.31234319e-01
37,7,1.67056963,5.059744,2.38796250e-01
38,7,1.70094364,4.807018,2.49156822e-01
39,7,1.73131764,4.688886,2.19712005e-01
40,7,1.73131764,4.688886,2.19710807e-01
41,7,1.75279515,4.752448,1.33138101e-01
42,7,1.77427297,4.839416,1.11694529e-01
43,7,1.79575048,4.945198,9.36186327e-02
44,7,1.81722830,5.099288,2.21285101e-02
45,7,1.83870581,5.269835,1.88486524e-02
46,7,1.86018364,5.447473,1.65391710e-02
47,7,1.88166114,5.630333,1.47946156e-02
48,7,1.90313897,5.817656,1.33957048e-02
49,7,1.92461647,6.008183,1.22371167e-02
50,7,1.94609430,6.201417,1.12354588e-02
51,7,1.96757180,6.397613,1.03556005e-02
52,7,1.98904963,6.596115,9.56614167e-03
53,7,2.01052713,6.797382,8.84246937e-03
54,7,2.03200496,6.999308,8.19966198e-03
55,7,2.05348246,7.202049,7.63624968e-03
56,7,2.07496029,7.405057,7.18079594e-03
57,7,2.09643779,7.603816,6.95216528e-03
58,7,2.11791562,7.748707,6.94543339e-02
59,7,2.13939312,7.702336,7.51547205e-02
60,7,2.13939312,7.702336,7.51547233e-02
61,7,2.20382612,7.215723,1.07317144e-01
62,7,2.26825912,6.799880,1.73042842e-01
63,7,2.33269211,6.732269,3.15248193e-01
64,7,2.39712495,6.440299,9.65976784e-04
65,7,2.46155794,6.139456,5.48560549e-04
66,7,2.52599094,5.875243,1.77346817e-03
67,7,2.59042394,5.655426,5.62502078e-03
68,7,2.65485693,5.488431,1.34170988e-02
69,7,2.71928993,5.380580,2.64702920e-02
70,7,2.78372276,5.329732,4.53707150e-02
71,7,2.84815576,5.315887,6.93784982e-02
72,7,2.91258876,5.287425,9.61324484e-02
73,7,2.97702175,5.157682,1.18354830e-01
74,7,3.04145475,4.851312,1.22278878e-01
75,7,3.10588775,4.393370,1.04816611e-01
76,7,3.17032058,3.882557,7.45312170e-02
77,7,3.23475363,3.423254,3.91622480e-02
78,7,3.29918661,3.119101,1.16729704e-02
79,7,3.36361957,3.020503,3.16636313e-03
80,7,3.36361957,3.020503,3.16636338e-03
81,7,3.41622887,3.086656,3.54221418e-03
82,7,3.46883817,3.296273,4.15525605e-03
83,7,3.52144747,3.633642,4.32975240e-03
84,7,3.57405686,4.047656,4.13752431e-03
85,7,3.62666598,4.499263,3.80352996e-03
86,7,3.67927530,4.965141,3.43752971e-03
87,7,3.73188462,5.433911,3.08631019e-03
88,7,3.78449394,5.897802,2.77222753e-03
89,7,3.83710326,6.348814,2.50757973e-03
90,7,3.88971258,6.772653,2.29520582e-03
91,7,3.94232191,7.135813,2.10010158e-03
92,7,3.99493123,7.373992,1.79474282e-03
93,7,4.04754055,7.454108,1.38879935e-03
94,7,4.10014987,7.437108,1.09387507e-03
95,7,4.15275899,7.387328,9.24267962e-04
96,7,4.20536831,7.335059,8.28113247e-04
97,7,4.25797763,7.292487,7.73826654e-04
98,7,4.31058696,7.265248,7.45736550e-04
99,7,4.36319628,7.255859,7.37057312e-04
0,8,0.00000000,7.439846,1.40435351e-07
1,8,0.06074799,7.358478,9.95555733e-04
2,8,0.12149598,7.083810,2.58742009e-03
3,8,0.18224397,6.723670,3.06809357e-03
4,8,0.24299205,6.374932,1.73345239e-03
5,8,0.30373983,6.161960,5.34216989e-04
6,8,0.36448784,6.211337,4.09698146e-03
7,8,0.42523585,6.510669,1.04805233e-02
8,8,0.48598386,6.951435,1.56323226e-02
9,8,0.54673188,7.459296,1.90451636e-02
10,8,0.60747989,8.000236,2.11606875e-02
11,8,0.66822790,8.557251,2.23430625e-02
12,8,0.72897591,9.118172,2.28679804e-02
13,8,0.78972392,9.678603,2.28883772e-02
14,8,0.85047193,10.073465,7.49472591e-03
15,8,0.91121971,10.459379,7.85454789e-03
16,8,0.97196773,10.873249,8.09050458e-03
17,8,1.03271574,11.308836,8.20685314e-03
18,8,1.09346375,10.962063,2.47540319e-03
19,8,1.15421176,10.719854,2.32116628e-03
20,8,1.15421176,10.719854,2.32116683e-03
21,8,1.18458576,10.676350,4.52824424e-04
22,8,1.21495976,10.576012,8.10882585e-03
23,8,1.24533376,10.472638,1.61701443e-02
24,8,1.27570776,10.395856,1.98870004e-02
25,8,1.30608176,10.346946,2.15234549e-02
26,8,1.33645576,10.317337,2.25111280e-02
27,8,1.36682976,10.298527,2.35234873e-02
28,8,1.39720381,10.287642,2.47903438e-02
29,8,1.42757781,10.281729,2.62016007e-02
30,8,1.45795159,10.278302,2.78715512e-02
31,8,1.48832560,10.277010,2.94492588e-02
32,8,1.51869960,10.276169,3.10020951e-02
33,8,1.54907361,10.276772,3.24598719e-02
34,8,1.57944761,10.277770,3.37678733e-02
35,8,1.60982162,10.278861,3.48530595e-02
36,8,1.64019563,10.279888,3.56769856e-02
37,8,1.67056963,10.280718,3.62014334e-02
38,8,1.70094364,10.281969,3.64272361e-02
39,8,1.73131764,10.282995,3.63302277e-02
40,8,1.73131764,10.282995,3.63303736e-02
41,8,1.75279515,10.167889,3.38894199e-02
42,8,1.77427297,10.045536,3.54930392e-02
43,8,1.79575048,9.918268,3.68462783e-02
44,8,1.81722830,9.786249,3.79882940e-02
45,8,1.83870581,9.649955,3.89785776e-02
46,8,1.86018364,9.509888,3.98589872e-02
47,8,1.88166114,9.366472,4.06684442e-02
48,8,1.90313897,9.220458,4.14334373e-02
49,8,1.92461647,9.071449,4.22180628e-02
50,8,1.94609430,8.920199,4.30486687e-02
51,8,1.96757180,8.767125,4.39961095e-02
52,8,1.98904963,8.612697,4.51281654e-02
53,8,2.01052713,8.455845,4.66014308e-02
54,8,2.03200496,8.300848,4.84923476e-02
55,8,2.05348246,8.147483,5.11286673e-02
56,8,2.07496029,7.998617,5.50063358e-02
57,8,2.09643779,7.860322,6.09565733e-02
58,8,2.11791562,7.787577,7.28019017e-03
59,8,2.13939312,7.889672,8.30445879e-03
60,8,2.13939312,7.889672,8.30445889e-03
61,8,2.20382612,7.501657,6.34880001e-03
62,8,2.26825912,7.127311,4.26449769e-03
63,8,2.33269211,6.771575,2.35654594e-03
64,8,2.39712495,6.737550,2.27025866e-06
65,8,2.46155794,6.455206,2.70594770e-06
66,8,2.52599094,6.214921,3.22105783e-06
67,8,2.59042394,6.022615,3.81271384e-06
68,8,2.65485693,5.885740,4.46868486e-06
69,8,2.71928993,5.804898,5.15731482e-06
70,8,2.78372276,5.783720,5.83885423e-06
71,8,2.84815576,5.826822,6.45533979e-06
72,8,2.91258876,5.934049,6.95786522e-06
73,8,2.97702175,6.102644,7.30925912e-06
74,8,3.04145475,6.326262,7.50204110e-06
75,8,3.10588775,6.593194,7.56345857e-06
76,8,3.17032058,6.883560,7.55324043e-06
77,8,3.23475363,7.163689,7.54545645e-06
78,8,3.29918661,7.379632,7.58245885e-06
79,8,3.36361957,7.439846,1.40434467e-07
80,8,3.36361957,7.439846,1.40434468e-07
81,8,3.41622887,7.428910,9.54602183e-04
82,8,3.46883817,7.334219,7.36345895e-04
83,8,3.52144747,7.202059,1.29906320e-03
84,8,3.57405686,7.057679,6.63545130e-03
85,8,3.62666598,6.923868,8.46665803e-04
86,8,3.67927530,6.819811,7.72486618e-04
87,8,3.73188462,6.762105,7.60420694e-06
88,8,3.78449394,6.765239,7.87659935e-04
89,8,3.83710326,6.836767,1.04049969e-02
90,8,3.88971258,6.980951,8.85434272e-03
91,8,3.94232191,7.195369,4.31785965e-02
92,8,3.99493123,7.473271,6.46344895e-02
93,8,4.04754055,7.808703,3.79948029e-02
94,8,4.10014987,8.190079,8.28494539e-04
95,8,4.15275899,8.608903,8.54549500e-02
96,8,4.20536831,9.063518,1.16095978e-01
97,8,4.25797763,9.535658,6.90797318e-02
98,8,4.31058696,10.003533,7.53893247e-02
99,8,4.36319628,10.290997,9.87539041e-06
0,9,0.00000000,7.456025,5.47277472e-05
1,9,0.06074799,7.477038,1.58595091e-04
2,9,0.12149598,7.517033,3.54021276e-04
3,9,0.18224397,7.583765,6.72932290e-04
4,9,0.24299205,7.677220,1.10505790e-03
5,9,0.30373983,7.797374,1.63647753e-03
6,9,0.36448784,7.944199,2.25007491e-03
7,9,0.42523585,8.117658,2.92606260e-03
8,9,0.48598386,8.317712,3.64282731e-03
9,9,0.54673188,8.544302,4.37680053e-03
10,9,0.60747989,8.797372,5.10438067e-03
11,9,0.66822790,9.077530,5.80197951e-03
12,9,0.72897591,9.383311,6.44653031e-03
13,9,0.78972392,9.715326,7.01706588e-03
14,9,0.85047193,10.228431,2.25309650e-02
15,9,0.91121971,10.765232,2.18860206e-02
16,9,0.97196773,11.282688,2.10492142e-02
17,9,1.03271574,11.418463,2.90855960e-03
18,9,1.09346375,10.962063,8.05387972e-02
19,9,1.15421176,10.719854,1.87934949e-07
20,9,1.15421176,10.719854,1.87598384e-07
21,9,1.18458576,10.676350,1.29497266e-03
22,9,1.21495976,10.576012,6.93193410e-04
23,9,1.24533376,10.472638,1.93538061e-02
24,9,1.27570776,10.395856,5.49347934e-02
25,9,1.30608176,10.346946,8.89489608e-02
26,9,1.33645576,10.317337,1.13385474e-01
27,9,1.36682976,10.298527,1.28553141e-01
28,9,1.39720381,10.287642,1.36433919e-01
29,9,1.42757781,10.281729,1.39128712e-01
30,9,1.45795159,10.278302,1.38088114e-01
31,9,1.48832560,10.277010,1.34600734e-01
32,9,1.51869960,10.276169,1.29340593e-01
33,9,1.54907361,10.276772,1.22707714e-01
34,9,1.57944761,10.277771,1.15177346e-01
35,9,1.60982162,10.278861,1.07096259e-01
36,9,1.64019563,10.279888,9.87118888e-02
37,9,1.67056963,10.280718,9.02385538e-02
38,9,1.70094364,10.281969,8.18213673e-02
39,9,1.73131764,10.282995,7.36237810e-02
40,9,1.73131764,10.282995,7.36236321e-02
41,9,1.75279515,10.385342,6.86936814e-02
42,9,1.77427297,10.466852,5.79379884e-02
43,9,1.79575048,10.520452,4.60535931e-02
44,9,1.81722830,10.538206,3.38944953e-02
45,9,1.83870581,10.514916,2.28341398e-02
46,9,1.86018364,10.450343,1.40610475e-02
47,9,1.88166114,10.349022,7.94627834e-03
48,9,1.90313897,10.218542,4.11186000e-03
49,9,1.92461647,10.064740,1.93416305e-03
50,9,1.94609430,9.893144,8.25098583e-04
51,9,1.96757180,9.710458,3.83089312e-04
52,9,1.98904963,9.519077,3.36396137e-04
53,9,2.01052713,9.319986,5.19552460e-04
54,9,2.03200496,9.118471,8.22193316e-04
55,9,2.05348246,8.914771,1.16646692e-03
56,9,2.07496029,8.711371,1.47364078e-03
57,9,2.09643779,8.511147,1.60500755e-03
58,9,2.11791562,8.326354,1.17845542e-03
59,9,2.13939312,8.224283,1.22763503e-06
60,9,2.13939312,8.224283,1.22763801e-06
61,9,2.20382612,7.807405,1.39582157e-06
62,9,2.26825912,7.418616,1.61995872e-06
63,9,2.33269211,7.061166,1.90731878e-06
64,9,2.39712495,7.397290,2.93558553e-01
65,9,2.46155794,8.228929,2.70785843e-01
66,9,2.52599094,9.040115,2.58762860e-01
67,9,2.59042394,9.734722,2.46123905e-01
68,9,2.65485693,10.178476,2.18185870e-01
69,9,2.71928993,10.294186,1.74266848e-01
70,9,2.78372276,9.525204,9.06817253e-02
71,9,2.84815576,8.749934,7.71045872e-02
72,9,2.91258876,8.084559,5.42061296e-02
73,9,2.97702175,7.595495,2.60989780e-02
74,9,3.04145475,7.341954,6.49495156e-03
75,9,3.10588775,7.284385,6.63301357e-04
76,9,3.17032058,7.326265,4.33959128e-04
77,9,3.23475363,7.392862,5.76695208e-04
78,9,3.29918661,7.444525,3.32545744e-04
79,9,3.36361957,7.456025,6.21933750e-05
80,9,3.36361957,7.456025,2.19264694e-05
81,9,3.41622887,7.428910,7.74158254e-04
82,9,3.46883817,7.334219,4.35446538e-03
83,9,3.52144747,7.202059,6.43891920e-03
84,9,3.57405686,7.057679,1.37651032e-03
85,9,3.62666598,6.923868,4.93211748e-03
86,9,3.67927530,6.819811,1.56172822e-03
87,9,3.73188462,6.762105,1.15109009e-04
88,9,3.78449394,6.765239,1.41401875e-03
89,9,3.83710326,6.836767,5.60636894e-04
90,9,3.88971258,6.980951,1.79433000e-02
91,9,3.94232191,7.195369,4.54443472e-03
92,9,3.99493123,7.473271,5.84535831e-03
93,9,4.04754055,7.808703,5.37722703e-02
94,9,4.10014987,8.190079,1.08530578e-01
95,9,4.15275899,8.608903,3.57065514e-02
96,9,4.20536831,9.063518,9.12979678e-03
97,9,4.25797763,9.535658,4.77898799e-02
98,9,4.31058696,10.003533,4.41412972e-03
99,9,4.36319628,10.290997,4.06100606e-06
0,10,0.00000000,7.456025,1.14809939e-04
1,10,0.06074799,7.495489,4.11727910e-06
2,10,0.12149598,7.657169,2.66858913e-05
3,10,0.18224397,7.913552,9.29686408e-05
4,10,0.24299205,8.249913,2.29451486e-04
5,10,0.30373983,8.651824,4.55658270e-04
6,10,0.36448784,9.105844,7.83332701e-04
7,10,0.42523585,9.600887,1.21952566e-03
8,10,0.48598386,10.126813,1.77134480e-03
9,10,0.54673188,10.673041,2.45121194e-03
10,10,0.60747989,11.227907,3.28235466e-03
11,10,0.66822790,11.776296,4.30515503e-03
12,10,0.72897591,12.296502,5.57945751e-03
13,10,0.78972392,12.757777,7.17121820e-03
14,10,0.85047193,12.824583,5.80969490e-03
15,10,0.91121971,12.400700,4.48750730e-03
16,10,0.97196773,11.915740,3.56304115e-03
17,10,1.03271574,11.418463,1.33384759e-01
18,10,1.09346375,11.769927,8.18822610e-03
19,10,1.15421176,12.256298,1.60666813e-02
20,10,1.15421176,12.256298,1.60666775e-02
21,10,1.18458576,12.289874,1.40879750e-02
22,10,1.21495976,12.351798,5.49474028e-03
23,10,1.24533376,12.398739,7.15954559e-04
24,10,1.27570776,12.429150,4.24304622e-05
25,10,1.30608176,12.453178,9.43845492e-06
26,10,1.33645576,12.475427,9.88303404e-06
27,10,1.36682976,12.497270,5.13811250e-05
28,10,1.39720381,12.519539,1.99992333e-04
29,10,1.42757781,12.543216,5.27849180e-04
30,10,1.45795159,12.567286,1.04168601e-03
31,10,1.48832560,12.591549,1.78742103e-03
32,10,1.51869960,12.615304,2.78974091e-03
33,10,1.54907361,12.637992,3.97719820e-03
34,10,1.57944761,12.661070,5.34288785e-03
35,10,1.60982162,12.678304,6.74862266e-03
36,10,1.64019563,12.693327,8.48923558e-03
37,10,1.67056963,12.704531,1.03978313e-02
38,10,1.70094364,12.712000,1.22470286e-02
39,10,1.73131764,12.715142,1.43978265e-02
40,10,1.73131764,12.715142,1.43976196e-02
41,10,1.75279515,12.604635,4.33376294e-02
42,10,1.77427297,12.509566,5.14407640e-02
43,10,1.79575048,12.439568,6.06962875e-02
44,10,1.81722830,12.402184,7.02715032e-02
45,10,1.83870581,12.403074,7.88401647e-02
46,10,1.86018364,12.443153,8.52362463e-02
47,10,1.88166114,12.518517,8.90779743e-02
48,10,1.90313897,12.623087,9.07201803e-02
49,10,1.92461647,12.749617,9.07726755e-02
50,10,1.94609430,12.892086,8.97973922e-02
51,10,1.96757180,13.047807,8.82609690e-02
52,10,1.98904963,13.212775,8.64369484e-02
53,10,2.01052713,13.384773,8.45497050e-02
54,10,2.03200496,13.560909,8.27658255e-02
55,10,2.05348246,13.739177,8.13365180e-02
56,10,2.07496029,13.917630,8.08029458e-02
57,10,2.09643779,14.088133,8.21496596e-02
58,10,2.11791562,14.236996,8.83974874e-02
59,10,2.13939312,14.310373,9.75104780e-02
60,10,2.13939312,14.310373,9.75104747e-02
61,10,2.20382612,14.326600,3.43198353e-02
62,10,2.26825912,13.987909,5.80109434e-03
63,10,2.33269211,13.562116,1.28609334e-03
64,10,2.39712495,13.135326,3.95121142e-04
65,10,2.46155794,12.727055,2.90620992e-04
66,10,2.52599094,12.335868,1.15357930e-03
67,10,2.59042394,11.918516,1.75105249e-02
68,10,2.65485693,11.219374,8.34793165e-02
69,10,2.71928993,10.362869,9.51042950e-02
70,10,2.78372276,10.162406,1.32941611e-01
71,10,2.84815576,9.891680,9.87461757e-02
72,10,2.91258876,9.540361,6.93692763e-02
73,10,2.97702175,9.141487,4.44283586e-02
74,10,3.04145475,8.724592,2.50613344e-02
75,10,3.10588775,8.321355,1.18631015e-02
76,10,3.17032058,7.964033,4.29064253e-03
77,10,3.23475363,7.682671,9.65201103e-04
78,10,3.29918661,7.502275,7.39690014e-05
79,10,3.36361957,7.456025,1.07344301e-04
80,10,3.36361957,7.456025,1.47611188e-04
81,10,3.41622887,7.481654,2.52391406e-05
82,10,3.46883817,7.603432,9.74951913e-05
83,10,3.52144747,7.796201,2.07835794e-04
84,10,3.57405686,8.042624,3.39513622e-04
85,10,3.62666598,8.310864,4.60957248e-04
86,10,3.67927530,8.542050,5.10554586e-04
87,10,3.73188462,8.659973,4.33040001e-04
88,10,3.78449394,8.647300,2.90843531e-04
89,10,3.83710326,8.563165,1.61364614e-04
90,10,3.88971258,8.472282,5.46677626e-05
91,10,3.94232191,8.435490,1.53125285e-07
92,10,3.99493123,8.530259,1.03134985e-04
93,10,4.04754055,8.797496,3.05219394e-04
94,10,4.10014987,9.178371,4.06846354e-04
95,10,4.15275899,9.605455,4.05865400e-04
96,10,4.20536831,10.043164,3.43662140e-04
97,10,4.25797763,10.459301,2.36171793e-04
98,10,4.31058696,10.797734,9.19889871e-05
99,10,4.36319628,10.941567,3.41331004e-08
0,11,0.00000000,10.822728,1.26149598e-07
1,11,0.06074799,10.846622,1.64990477e-02
2,11,0.12149598,10.910313,1.62709156e-02
3,11,0.18224397,11.016333,1.59013432e-02
4,11,0.24299205,11.164296,1.54068159e-02
5,11,0.30373983,11.355910,1.47964256e-02
6,11,0.36448784,11.584741,1.41226270e-02
7,11,0.42523585,11.850341,1.34021049e-02
8,11,0.48598386,12.150350,1.26574847e-02
9,11,0.54673188,12.468299,1.19348972e-02
10,11,0.60747989,12.785547,1.12286403e-02
11,11,0.66822790,13.057650,1.04468795e-02
12,11,0.72897591,13.198087,9.29015807e-03
13,11,0.78972392,13.122071,7.55851285e-03
14,11,0.85047193,12.824583,1.48840897e-01
15,11,0.91121971,12.400700,1.52656017e-01
16,11,0.97196773,11.915740,1.50002412e-01
17,11,1.03271574,11.775185,2.00709948e-02
18,11,1.09346375,12.234754,1.89889940e-02
19,11,1.15421176,12.256298,1.45725980e-06
20,11,1.15421176,12.256298,1.46081858e-06
21,11,1.18458576,12.289874,3.88213744e-04
22,11,1.21495976,12.351798,5.54405447e-03
23,11,1.24533376,12.398739,9.05606289e-03
24,11,1.27570776,12.429150,1.05802967e-02
25,11,1.30608176,12.453178,1.23984078e-02
26,11,1.33645576,12.475427,1.46910870e-02
27,11,1.36682976,12.497270,1.73385919e-02
28,11,1.39720381,12.519539,2.01988405e-02
29,11,1.42757781,12.543216,2.31430464e-02
30,11,1.45795159,12.567286,2.61812741e-02
31,11,1.48832560,12.591549,2.91326844e-02
32,11,1.51869960,12.615304,3.19565401e-02
33,11,1.54907361,12.637992,3.46626635e-02
34,11,1.57944761,12.661070,3.71443449e-02
35,11,1.60982162,12.678304,3.95665515e-02
36,11,1.64019563,12.693327,4.14775717e-02
37,11,1.67056963,12.704531,4.29826633e-02
38,11,1.70094364,12.712000,4.42616253e-02
39,11,1.73131764,12.715142,4.48382309e-02
40,11,1.73131764,12.715142,4.48384383e-02
41,11,1.75279515,12.833813,2.07426306e-02
42,11,1.77427297,12.958591,1.91810521e-02
43,11,1.79575048,13.087967,1.78454438e-02
44,11,1.81722830,13.221856,1.66888535e-02
45,11,1.83870581,13.358965,1.56776468e-02
46,11,1.86018364,13.498644,1.47836285e-02
47,11,1.88166114,13.640320,1.39838750e-02
48,11,1.90313897,13.783566,1.32601610e-02
49,11,1.92461647,13.927639,1.25934826e-02
50,11,1.94609430,14.073285,1.19701333e-02
51,11,1.96757180,14.217594,1.13715512e-02
52,11,1.98904963,14.361086,1.07777971e-02
53,11,2.01052713,14.500257,1.01473025e-02
54,11,2.03200496,14.639514,9.45899087e-03
55,11,2.05348246,14.774935,8.62517770e-03
56,11,2.07496029,14.860824,8.10216241e-03
57,11,2.09643779,14.781619,1.05990548e-02
58,11,2.11791562,14.689321,8.09552157e-03
59,11,2.13939312,14.634897,7.06809784e-07
60,11,2.13939312,14.634897,7.06801850e-07
61,11,2.20382612,14.991442,2.06219025e-02
62,11,2.26825912,14.529700,2.02875107e-02
63,11,2.33269211,14.089122,1.91310268e-02
64,11,2.39712495,13.684470,1.64278662e-02
65,11,2.46155794,13.334839,1.14979683e-02
66,11,2.52599094,13.071446,4.54073892e-03
67,11,2.59042394,12.318770,9.85407041e-02
68,11,2.65485693,11.781289,3.06701027e-02
69,11,2.71928993,11.467761,1.70430734e-02
70,11,2.78372276,11.215014,1.56441782e-02
71,11,2.84815576,11.007548,1.72101064e-02
72,11,2.91258876,10.845867,2.05234676e-02
73,11,2.97702175,10.731252,2.54071375e-02
74,11,3.04145475,10.667642,3.18095382e-02
75,11,3.10588775,10.653806,3.96989506e-02
76,11,3.17032058,10.684899,4.85564320e-02
77,11,3.23475363,10.743953,5.72933638e-02
78,11,3.29918661,10.801488,6.40607173e-02
79,11,3.36361957,10.822728,1.26508471e-07
80,11,3.36361957,10.822728,1.25684741e-07
81,11,3.41622887,10.784795,1.40092428e-07
82,11,3.46883817,10.673344,1.11841395e-07
83,11,3.52144747,10.516833,8.55852445e-07
84,11,3.57405686,10.349258,7.46745258e-06
85,11,3.62666598,10.216837,3.86950698e-05
86,11,3.67927530,10.179490,1.41894932e-04
87,11,3.73188462,10.318658,3.55152597e-04
88,11,3.78449394,10.652245,5.97893915e-04
89,11,3.83710326,11.121407,7.87320403e-04
90,11,3.88971258,11.666553,9.19024667e-04
91,11,3.94232191,12.245464,1.00836805e-03
92,11,3.99493123,12.815947,1.06639075e-03
93,11,4.04754055,13.311784,1.09005031e-03
94,11,4.10014987,13.602422,7.18014508e-02
95,11,4.15275899,13.015949,3.13123010e-02
96,11,4.20536831,12.426351,1.51876722e-01
97,11,4.25797763,11.851412,1.15205555e-01
98,11,4.31058696,11.321113,7.49319614e-03
99,11,4.36319628,11.010095,1.76737302e-01
0,12,0.00000000,10.822728,5.92055310e-03
1,12,0.06074799,10.846622,1.48606800e-01
2,12,0.12149598,10.910313,1.45588075e-01
3,12,0.18224397,11.016333,1.40749696e-01
4,12,0.24299205,11.164296,1.34392039e-01
5,12,0.30373983,11.355910,1.26822042e-01
6,12,0.36448784,11.584741,1.18830064e-01
7,12,0.42523585,11.850341,1.11010062e-01
8,12,0.48598386,12.150350,1.04180151e-01
9,12,0.54673188,12.468299,9.98511425e-02
10,12,0.60747989,12.785547,9.98490075e-02
11,12,0.66822790,13.057650,1.06819712e-01
12,12,0.72897591,13.198087,1.22060211e-01
13,12,0.78972392,13.122071,1.38586480e-01
14,12,0.85047193,13.118528,9.09584898e-03
15,12,0.91121971,13.334138,1.12209575e-02
16,12,0.97196773,13.376436,1.32701815e-02
17,12,1.03271574,13.253234,1.50383971e-02
18,12,1.09346375,12.767689,7.74815912e-03
19,12,1.15421176,12.648925,3.53138136e-02
20,12,1.15421176,12.648925,3.53140468e-02
21,12,1.18458576,12.688796,3.61747903e-02
22,12,1.21495976,12.822789,4.69070022e-02
23,12,1.24533376,13.051138,5.65820128e-02
24,12,1.27570776,13.341012,6.11325357e-02
25,12,1.30608176,13.664647,6.23181457e-02
26,12,1.33645576,14.006766,6.16162831e-02
27,12,1.36682976,14.358662,5.97967966e-02
28,12,1.39720381,14.713812,5.71618722e-02
29,12,1.42757781,15.068216,5.38282759e-02
30,12,1.45795159,15.415296,4.94004431e-02
31,12,1.48832560,15.735894,4.26801055e-02
32,12,1.51869960,15.992078,3.04110538e-02
33,12,1.54907361,16.124975,1.35277182e-02
34,12,1.57944761,16.142470,9.31869391e-04
35,12,1.60982162,16.112061,1.96442313e-03
36,12,1.64019563,16.073330,1.95949986e-03
37,12,1.67056963,16.040432,1.35550206e-03
38,12,1.70094364,16.019954,8.18369933e-04
39,12,1.73131764,16.013269,4.41244604e-04
40,12,1.73131764,16.013269,4.41234431e-04
41,12,1.75279515,15.904599,1.92211910e-03
42,12,1.77427297,15.798912,1.80511863e-03
43,12,1.79575048,15.698660,1.70642018e-03
44,12,1.81722830,15.604185,1.61698163e-03
45,12,1.83870581,15.515978,1.54297032e-03
46,12,1.86018364,15.434221,1.48958734e-03
47,12,1.88166114,15.358880,1.46224641e-03
48,12,1.90313897,15.289687,1.45413742e-03
49,12,1.92461647,15.226486,1.50228815e-03
50,12,1.94609430,15.168468,1.62472558e-03
51,12,1.96757180,15.115463,1.82682333e-03
52,12,1.98904963,15.066300,2.17368241e-03
53,12,2.01052713,15.019534,2.75857998e-03
54,12,2.03200496,14.972687,3.77431584e-03
55,12,2.05348246,14.921601,5.51095697e-03
56,12,2.07496029,14.905886,7.50154443e-03
57,12,2.09643779,15.025974,5.74976794e-03
58,12,2.11791562,15.126305,2.76806238e-03
59,12,2.13939312,15.172913,1.86405092e-08
60,12,2.13939312,15.172913,1.86402127e-08
61,12,2.20382612,15.029316,7.16750821e-07
62,12,2.26825912,15.333100,1.36714084e-01
63,12,2.33269211,15.484666,1.61926982e-01
64,12,2.39712495,15.022681,1.33930014e-01
65,12,2.46155794,14.131803,1.14098096e-01
66,12,2.52599094,13.195347,1.11577960e-01
67,12,2.59042394,12.963624,2.40197608e-05
68,12,2.65485693,13.117862,1.06708639e-02
69,12,2.71928993,13.470587,3.79929324e-02
70,12,2.78372276,13.274738,4.12341274e-02
71,12,2.84815576,12.742649,4.92952029e-02
72,12,2.91258876,12.241778,6.51544009e-02
73,12,2.97702175,11.822122,8.31212807e-02
74,12,3.04145475,11.488964,9.95906575e-02
75,12,3.10588775,11.235044,1.12686442e-01
76,12,3.17032058,11.048081,1.22157532e-01
77,12,3.23475363,10.922229,1.28332934e-01
78,12,3.29918661,10.849111,1.31804499e-01
79,12,3.36361957,10.822728,1.75521679e-01
80,12,3.36361957,10.822728,1.79094331e-01
81,12,3.41622887,10.889489,1.06877300e-01
82,12,3.46883817,11.072575,1.72311043e-01
83,12,3.52144747,11.353993,6.28431984e-02
84,12,3.57405686,11.711286,1.32673526e-01
85,12,3.62666598,12.125878,1.23324527e-01
86,12,3.67927530,12.582440,1.01066779e-01
87,12,3.73188462,13.068289,5.59415394e-02
88,12,3.78449394,13.570550,2.27014266e-02
89,12,3.83710326,14.061474,1.00847090e-01
90,12,3.88971258,14.487827,1.24784828e-01
91,12,3.94232191,14.715523,8.42231282e-02
92,12,3.99493123,14.577287,1.00211923e-01
93,12,4.04754055,14.148369,7.93902020e-02
94,12,4.10014987,13.602422,1.12813687e-01
95,12,4.15275899,13.015949,1.63204048e-01
96,12,4.20536831,12.426351,5.66074428e-02
97,12,4.25797763,11.851412,1.14927562e-01
98,12,4.31058696,11.321113,2.67255178e-01
99,12,4.36319628,11.010095,1.78235799e-01
0,13,0.00000000,10.822728,1.93824380e-01
1,13,0.06074799,10.898141,3.13118322e-02
2,13,0.12149598,11.083295,2.64451993e-02
3,13,0.18224397,11.325101,2.09209973e-02
4,13,0.24299205,11.587036,1.59982095e-02
5,13,0.30373983,11.857184,1.20908678e-02
6,13,0.36448784,12.136838,9.17886450e-03
7,13,0.42523585,12.432266,7.07944098e-03
8,13,0.48598386,12.750070,5.59311713e-03
9,13,0.54673188,13.095972,4.55528696e-03
10,13,0.60747989,13.474745,3.83711279e-03
11,13,0.66822790,13.893457,3.33962460e-03
12,13,0.72897591,14.347145,2.99984089e-03
13,13,0.78972392,14.842557,2.75895671e-03
14,13,0.85047193,15.055748,5.50441004e-03
15,13,0.91121971,14.448588,6.20004023e-03
16,13,0.97196773,13.864237,6.81718450e-03
17,13,1.03271574,13.303791,7.33850645e-03
18,13,1.09346375,12.998182,1.65219815e-02
19,13,1.15421176,12.648925,3.15501816e-04
20,13,1.15421176,12.648925,3.15268063e-04
21,13,1.18458576,12.688796,3.60340267e-03
22,13,1.21495976,12.822789,2.16200237e-03
23,13,1.24533376,13.051138,2.31801434e-04
24,13,1.27570776,13.341012,3.37655701e-04
25,13,1.30608176,13.664647,1.61908651e-03
26,13,1.33645576,14.006766,3.23925993e-03
27,13,1.36682976,14.358662,4.81063241e-03
28,13,1.39720381,14.713812,6.28379505e-03
29,13,1.42757781,15.068216,7.69073667e-03
30,13,1.45795159,15.415296,9.22334392e-03
31,13,1.48832560,15.735894,1.11409518e-02
32,13,1.51869960,15.992078,1.33812856e-02
33,13,1.54907361,16.124975,1.39603547e-02
34,13,1.57944761,16.142470,1.44342790e-02
35,13,1.60982162,16.112061,7.36412730e-03
36,13,1.64019563,16.073330,4.16847456e-03
37,13,1.67056963,16.040432,2.84983408e-03
38,13,1.70094364,16.019954,2.17132561e-03
39,13,1.73131764,16.013269,1.77490915e-03
40,13,1.73131764,16.013269,1.77491818e-03
41,13,1.75279515,16.116076,2.48912816e-04
42,13,1.77427297,16.203064,3.99145496e-04
43,13,1.79575048,16.270627,7.06869389e-04
44,13,1.81722830,16.313717,1.21142733e-03
45,13,1.83870581,16.329602,1.91577331e-03
46,13,1.86018364,16.319182,2.77430869e-03
47,13,1.88166114,16.286583,3.71522023e-03
48,13,1.90313897,16.237449,4.67834886e-03
49,13,1.92461647,16.177153,5.63159564e-03
50,13,1.94609430,16.109825,6.56587781e-03
51,13,1.96757180,16.038345,7.49436993e-03
52,13,1.98904963,15.964180,8.43138841e-03
53,13,2.01052713,15.887602,9.41444658e-03
54,13,2.03200496,15.808921,1.04537484e-02
55,13,2.05348246,15.699235,5.11047690e-02
56,13,2.07496029,15.544713,4.84274683e-02
57,13,2.09643779,15.424969,4.40534433e-02
58,13,2.11791562,15.351456,3.96055156e-02
59,13,2.13939312,15.328357,3.76755811e-02
60,13,2.13939312,15.328357,3.76755786e-02
61,13,2.20382612,15.153339,1.02137340e-01
62,13,2.26825912,15.409789,7.00117811e-07
63,13,2.33269211,15.772961,6.60512803e-07
64,13,2.39712495,16.110075,6.03496086e-07
65,13,2.46155794,16.429155,5.33073660e-07
66,13,2.52599094,16.496413,1.36934214e-04
67,13,2.59042394,15.724878,4.96399737e-04
68,13,2.65485693,14.989507,1.00995048e-03
69,13,2.71928993,14.447326,5.00641536e-04
70,13,2.78372276,14.766306,2.26929588e-02
71,13,2.84815576,15.362452,1.54022720e-08
72,13,2.91258876,14.613544,9.14858732e-09
73,13,2.97702175,13.858646,3.34716600e-08
74,13,3.04145475,13.126806,7.90790198e-08
75,13,3.10588775,12.440528,1.30141792e-07
76,13,3.17032058,11.823754,1.60895437e-07
77,13,3.23475363,11.310862,1.41307257e-07
78,13,3.29918661,10.955625,6.99484277e-08
79,13,3.36361957,10.822728,2.42232553e-02
80,13,3.36361957,10.822728,2.06506018e-02
81,13,3.41622887,10.889489,8.92335148e-02
82,13,3.46883817,11.072575,1.47484982e-02
83,13,3.52144747,11.353993,1.12335831e-01
84,13,3.57405686,11.711286,3.00240540e-02
85,13,3.62666598,12.125878,2.75439125e-02
86,13,3.67927530,12.582440,3.94027154e-02
87,13,3.73188462,13.068289,7.62519598e-02
88,13,3.78449394,13.570550,1.04420617e-01
89,13,3.83710326,14.061474,2.68345135e-02
90,13,3.88971258,14.487827,1.33056455e-02
91,13,3.94232191,14.715523,7.52979669e-02
92,13,3.99493123,14.577287,7.37497831e-02
93,13,4.04754055,14.148369,9.91375254e-02
94,13,4.10014987,13.613470,1.04244954e-03
95,13,4.15275899,13.616008,9.27296665e-04
96,13,4.20536831,13.381619,8.52469451e-04
97,13,4.25797763,13.050858,8.65198450e-04
98,13,4.31058696,12.745836,9.50590548e-04
99,13,4.36319628,12.610695,1.01821997e-03
0,14,0.00000000,14.790353,7.75196067e-05
1,14,0.06074799,14.881885,6.38974267e-04
2,14,0.12149598,15.151778,2.10119726e-03
3,14,0.18224397,15.586005,3.92220538e-03
4,14,0.24299205,16.160873,5.54684499e-03
5,14,0.30373983,16.847476,6.65589598e-03
6,14,0.36448784,17.614560,7.18470898e-03
7,14,0.42523585,18.433157,7.20777930e-03
8,14,0.48598386,17.966993,1.02579709e-03
9,14,0.54673188,17.325598,8.20273077e-04
10,14,0.60747989,16.745566,5.40936226e-04
11,14,0.66822790,16.272650,2.92436681e-04
12,14,0.72897591,15.989634,3.87464710e-04
13,14,0.78972392,15.686110,4.75617571e-03
14,14,0.85047193,15.379398,2.56786607e-03
15,14,0.91121971,15.957133,2.38924601e-03
16,14,0.97196773,16.569050,2.19494962e-03
17,14,1.03271574,17.207193,1.96333639e-03
18,14,1.09346375,17.849333,1.67992248e-03
19,14,1.15421176,18.436794,2.11656751e-04
20,14,1.15421176,18.436794,2.11651124e-04
21,14,1.18458576,18.386747,4.16508841e-04
22,14,1.21495976,18.258969,8.31712406e-04
23,14,1.24533376,18.091153,1.20819328e-03
24,14,1.27570776,17.906013,1.45844325e-03
25,14,1.30608176,17.717266,1.56984764e-03
26,14,1.33645576,17.531983,1.53673939e-03
27,14,1.36682976,17.355232,1.34691226e-03
28,14,1.39720381,17.189594,9.98651377e-04
29,14,1.42757781,17.040050,5.24096246e-04
30,14,1.45795159,16.912552,1.80307416e-04
31,14,1.48832560,16.823962,1.43368705e-03
32,14,1.51869960,16.809962,9.69402182e-03
33,14,1.54907361,16.933630,2.46251394e-02
34,14,1.57944761,17.184375,3.22578284e-02
35,14,1.60982162,17.486592,3.27045014e-02
36,14,1.64019563,17.789953,2.80464260e-02
37,14,1.67056963,18.023803,1.10506231e-02
38,14,1.70094364,18.102944,1.53598926e-03
39,14,1.73131764,18.114348,4.88912172e-03
40,14,1.73131764,18.114348,4.88914028e-03
41,14,1.75279515,17.992803,4.10269821e-03
42,14,1.77427297,17.884294,4.57962759e-03
43,14,1.79575048,17.795154,4.92605651e-03
44,14,1.81722830,17.727069,5.12149527e-03
45,14,1.83870581,17.676019,5.14971952e-03
46,14,1.86018364,17.562552,4.90414475e-02
47,14,1.88166114,17.349514,4.90549798e-02
48,14,1.90313897,17.132930,4.93476293e-02
49,14,1.92461647,16.916780,4.98349850e-02
50,14,1.94609430,16.699418,5.04587558e-02
51,14,1.96757180,16.485997,5.11427138e-02
52,14,1.98904963,16.276297,5.17814503e-02
53,14,2.01052713,16.073230,5.22108597e-02
54,14,2.03200496,15.878761,5.21453880e-02
55,14,2.05348246,15.727432,1.16217460e-02
56,14,2.07496029,15.643006,1.30398812e-02
57,14,2.09643779,15.557078,1.50219415e-02
58,14,2.11791562,15.478065,1.81447583e-02
59,14,2.13939312,15.438804,2.09556176e-02
60,14,2.13939312,15.438804,2.09556198e-02
61,14,2.20382612,15.725243,1.40688478e-08
62,14,2.26825912,16.266058,8.13932846e-08
63,14,2.33269211,16.550898,9.93467963e-04
64,14,2.39712495,16.358283,3.49998521e-02
65,14,2.46155794,16.624232,5.84122392e-02
66,14,2.52599094,16.700570,4.53759750e-07
67,14,2.59042394,16.879563,3.64143384e-07
68,14,2.65485693,16.879334,2.58079107e-07
69,14,2.71928993,16.600906,1.45213246e-07
70,14,2.78372276,16.055238,5.92577149e-08
71,14,2.84815576,15.642135,3.37581529e-02
72,14,2.91258876,16.651118,3.39260599e-02
73,14,2.97702175,17.415825,1.85335810e-02
74,14,3.04145475,16.781749,1.43106554e-02
75,14,3.10588775,16.166137,1.10482786e-02
76,14,3.17032058,15.619451,7.75233205e-03
77,14,3.23475363,15.181082,4.28264711e-03
78,14,3.29918661,14.892178,1.30595326e-03
79,14,3.36361957,14.790353,7.75196218e-05
80,14,3.36361957,14.790353,7.75195918e-05
81,14,3.41622887,14.858479,7.62006300e-05
82,14,3.46883817,15.053277,7.26139218e-05
83,14,3.52144747,15.352848,6.75199238e-05
84,14,3.57405686,15.732201,6.14826528e-05
85,14,3.62666598,16.170095,5.48898514e-05
86,14,3.67927530,16.640360,4.69768524e-05
87,14,3.73188462,17.111318,3.68483853e-05
88,14,3.78449394,17.507857,2.22660818e-05
89,14,3.83710326,17.655505,5.77402443e-06
90,14,3.88971258,17.239492,9.13833296e-03
91,14,3.94232191,16.923703,4.10667215e-03
92,14,3.99493123,16.675766,3.26661406e-07
93,14,4.04754055,16.364977,1.18788550e-05
94,14,4.10014987,16.279373,7.64228117e-05
95,14,4.15275899,16.517682,2.02459435e-04
96,14,4.20536831,17.032274,2.97647271e-04
97,14,4.25797763,17.701132,3.21311076e-04
98,14,4.31058696,18.434742,2.66474825e-04
99,14,4.36319628,19.007652,3.98888918e-08
0,15,0.00000000,22.719198,1.18751557e-07
1,15,0.06074799,22.546671,9.68043076e-04
2,15,0.12149598,22.065225,9.97031114e-04
3,15,0.18224397,21.442135,1.05595662e-03
4,15,0.24299205,20.757139,1.12247941e-03
5,15,0.30373983,20.054746,1.17359825e-03
6,15,0.36448784,19.342403,1.18637758e-03
7,15,0.42523585,18.641315,1.14207175e-03
8,15,0.48598386,17.966993,3.75529500e-02
9,15,0.54673188,17.325598,4.08798980e-02
10,15,0.60747989,16.745566,4.12072403e-02
11,15,0.66822790,16.272650,3.59897947e-02
12,15,0.72897591,15.989635,2.38994498e-02
13,15,0.78972392,15.992210,1.04338709e-03
14,15,0.85047193,16.273939,1.74985144e-03
15,15,0.91121971,16.747693,2.08147239e-03
16,15,0.97196773,17.337832,2.09814990e-03
17,15,1.03271574,18.003016,1.96237908e-03
18,15,1.09346375,18.711444,1.83825768e-03
19,15,1.15421176,18.436794,2.44322751e-03
20,15,1.15421176,18.436794,2.44323360e-03
21,15,1.18458576,18.386747,2.43385262e-03
22,15,1.21495976,18.258969,2.38940557e-03
23,15,1.24533376,18.091153,2.31643088e-03
24,15,1.27570776,17.906013,2.24310797e-03
25,15,1.30608176,17.717266,2.18497618e-03
26,15,1.33645576,17.531983,2.16072343e-03
27,15,1.36682976,17.355232,2.20513226e-03
28,15,1.39720381,17.189594,2.34849867e-03
29,15,1.42757781,17.040050,2.67235958e-03
30,15,1.45795159,16.912552,3.25898832e-03
31,15,1.48832560,16.823962,3.82417076e-03
32,15,1.51869960,16.809962,2.41208503e-03
33,15,1.54907361,16.933630,1.69087190e-04
34,15,1.57944761,17.184375,4.54663644e-04
35,15,1.60982162,17.486592,9.65857991e-04
36,15,1.64019563,17.789953,6.23578174e-04
37,15,1.67056963,18.023803,5.99766346e-04
38,15,1.70094364,18.102944,1.10410388e-03
39,15,1.73131764,18.114348,2.56566378e-04
40,15,1.73131764,18.114348,2.56548465e-04
41,15,1.75279515,18.243378,1.61487083e-03
42,15,1.77427297,18.333372,5.28897449e-02
43,15,1.79575048,18.162267,5.12304427e-02
44,15,1.81722830,17.972497,5.00832436e-02
45,15,1.83870581,17.771179,4.93643374e-02
46,15,1.86018364,17.632356,5.01376769e-03
47,15,1.88166114,17.583590,4.73841446e-03
48,15,1.90313897,17.521006,4.37780084e-03
49,15,1.92461647,17.442721,4.00096032e-03
50,15,1.94609430,17.352514,3.64957251e-03
51,15,1.96757180,17.255580,3.32985507e-03
52,15,1.98904963,17.156821,3.03464119e-03
53,15,2.01052713,17.059382,2.75509452e-03
54,15,2.03200496,16.969591,2.48769662e-03
55,15,2.05348246,16.889843,2.23790738e-03
56,15,2.07496029,16.823822,2.01735382e-03
57,15,2.09643779,16.774022,1.84408797e-03
58,15,2.11791562,16.743130,1.73246426e-03
59,15,2.13939312,16.734622,1.68960379e-03
60,15,2.13939312,16.734622,1.68960400e-03
61,15,2.20382612,17.413512,4.96366079e-03
62,15,2.26825912,17.390007,1.74253110e-02
63,15,2.33269211,16.780357,1.95750815e-07
64,15,2.39712495,17.270579,3.36150493e-07
65,15,2.46155794,17.248218,5.18009329e-04
66,15,2.52599094,16.967113,6.21811516e-02
67,15,2.59042394,17.326962,6.01598198e-02
68,15,2.65485693,17.685157,5.59934416e-02
69,15,2.71928993,18.018601,5.09768465e-02
70,15,2.78372276,18.266586,4.51306681e-02
71,15,2.84815576,18.301537,3.64779109e-02
72,15,2.91258876,17.983229,2.57059564e-02
73,15,2.97702175,17.714571,2.97056140e-02
74,15,3.04145475,18.799180,2.39290105e-02
75,15,3.10588775,19.879223,1.80959545e-02
76,15,3.17032058,20.911364,1.30769662e-02
77,15,3.23475363,21.837410,9.61400925e-03
78,15,3.29918661,22.503265,8.00996509e-03
79,15,3.36361957,22.719198,1.14608114e-07
80,15,3.36361957,22.719198,1.04340448e-07
81,15,3.41622887,22.621420,1.85807974e-07
82,15,3.46883817,22.306203,1.58486756e-07
83,15,3.52144747,21.858488,1.41559370e-02
84,15,3.57405686,21.235373,1.70638918e-02
85,15,3.62666598,20.552574,1.98066245e-03
86,15,3.67927530,19.842388,2.26605435e-02
87,15,3.73188462,19.130628,8.48392529e-03
88,15,3.78449394,18.440632,2.46192424e-02
89,15,3.83710326,17.789934,1.01175894e-02
90,15,3.88971258,17.239492,1.85168094e-02
91,15,3.94232191,16.923703,5.63350475e-03
92,15,3.99493123,17.008209,2.81960041e-05
93,15,4.04754055,17.421751,8.58528054e-04
94,15,4.10014987,17.989504,2.55138253e-03
95,15,4.15275899,18.626343,3.33773037e-03
96,15,4.20536831,19.301538,1.12398134e-04
97,15,4.25797763,19.989633,3.93037384e-04
98,15,4.31058696,20.157782,4.40042126e-04
99,15,4.36319628,19.554761,7.26647960e-04
0,16,0.00000000,22.719198,3.45212655e-04
1,16,0.06074799,22.546671,9.29791101e-03
2,16,0.12149598,22.065225,1.13125197e-02
3,16,0.18224397,21.442135,1.43703981e-02
4,16,0.24299205,20.757139,1.82478162e-02
5,16,0.30373983,20.054746,2.28009150e-02
6,16,0.36448784,19.342403,2.77511397e-02
7,16,0.42523585,18.641315,3.28189028e-02
8,16,0.48598386,19.137204,1.11451575e-03
9,16,0.54673188,18.412211,1.73539734e-03
10,16,0.60747989,17.702257,2.43870646e-03
11,16,0.66822790,17.009889,3.19536584e-03
12,16,0.72897591,16.336952,3.97667188e-03
13,16,0.78972392,15.992210,1.09817763e-02
14,16,0.85047193,16.273939,4.18567534e-03
15,16,0.91121971,16.747693,1.90933334e-03
16,16,0.97196773,17.337832,1.31471032e-03
17,16,1.03271574,18.003016,1.26485771e-03
18,16,1.09346375,18.711444,1.25625646e-03
19,16,1.15421176,19.255671,2.18006065e-03
20,16,1.15421176,19.255671,2.18006115e-03
21,16,1.18458576,19.256795,1.78158369e-03
22,16,1.21495976,19.241778,1.15795783e-03
23,16,1.24533376,19.194951,8.23875560e-04
24,16,1.27570776,19.122315,7.44215849e-04
25,16,1.30608176,19.034741,8.14645474e-04
26,16,1.33645576,18.940225,9.90723327e-04
27,16,1.36682976,18.843777,1.25388578e-03
28,16,1.39720381,18.749089,1.61224906e-03
29,16,1.42757781,18.658716,2.06894213e-03
30,16,1.45795159,18.574507,2.63286975e-03
31,16,1.48832560,18.496961,3.31108227e-03
32,16,1.51869960,18.426123,4.11952473e-03
33,16,1.54907361,18.365897,5.13337955e-03
34,16,1.57944761,18.316741,6.48217135e-03
35,16,1.60982162,18.280500,8.66987159e-03
36,16,1.64019563,18.267413,1.56659460e-02
37,16,1.67056963,18.322540,2.72464984e-02
38,16,1.70094364,18.497276,3.95548924e-02
39,16,1.73131764,18.601261,3.97083597e-02
40,16,1.73131764,18.601261,3.97084364e-02
41,16,1.75279515,18.487621,5.23531770e-02
42,16,1.77427297,18.385029,1.67213031e-04
43,16,1.79575048,18.532224,3.06583313e-04
44,16,1.81722830,18.519350,4.35217363e-04
45,16,1.83870581,18.463471,2.67013399e-04
46,16,1.86018364,18.428678,1.19464311e-04
47,16,1.88166114,18.426012,3.01603242e-05
48,16,1.90313897,18.460181,3.75690589e-06
49,16,1.92461647,18.527892,9.61490240e-06
50,16,1.94609430,18.621337,1.93206035e-05
51,16,1.96757180,18.732932,2.28270657e-05
52,16,1.98904963,18.855398,2.15842108e-05
53,16,2.01052713,18.984317,1.96013152e-05
54,16,2.03200496,19.111169,2.06346271e-05
55,16,2.05348246,19.231832,2.64447281e-05
56,16,2.07496029,19.332430,1.62976700e-02
57,16,2.09643779,19.333768,1.64772890e-02
58,16,2.11791562,19.334540,1.65821924e-02
59,16,2.13939312,19.335132,1.66190555e-02
60,16,2.13939312,19.335132,1.66190557e-02
61,16,2.20382612,18.358093,1.98900699e-02
62,16,2.26825912,18.031916,6.92221473e-03
63,16,2.33269211,18.266697,5.18327401e-03
64,16,2.39712495,17.901353,1.93407805e-03
65,16,2.46155794,17.753136,4.85819642e-07
66,16,2.52599094,18.226331,6.33741088e-07
67,16,2.59042394,18.691476,7.72105539e-07
68,16,2.65485693,19.159061,8.94771938e-07
69,16,2.71928993,19.631417,9.99020900e-07
70,16,2.78372276,19.964691,3.53054308e-08
71,16,2.84815576,20.203211,3.09809363e-08
72,16,2.91258876,20.423671,9.97391750e-03
73,16,2.97702175,20.650020,1.20201440e-02
74,16,3.04145475,21.018323,1.11565224e-02
75,16,3.10588775,21.437804,9.20449221e-03
76,16,3.17032058,21.873957,7.13973276e-03
77,16,3.23475363,22.287136,5.39467894e-03
78,16,3.29918661,22.611051,4.20928834e-03
79,16,3.36361957,22.719198,6.66722423e-03
80,16,3.36361957,22.719198,5.46394557e-03
81,16,3.41622887,22.651069,7.48204002e-03
82,16,3.46883817,22.354804,1.01204410e-02
83,16,3.52144747,21.858488,2.08301643e-04
84,16,3.57405686,21.235373,6.51628978e-04
85,16,3.62666598,20.552574,2.02474638e-02
86,16,3.67927530,19.842388,4.68445915e-03
87,16,3.73188462,19.130628,2.38659962e-02
88,16,3.78449394,18.440632,1.14810515e-02
89,16,3.83710326,17.789934,2.58569641e-02
90,16,3.88971258,17.453136,1.36470513e-07
91,16,3.94232191,17.075878,6.90615965e-08
92,16,3.99493123,17.008209,5.94631000e-05
93,16,4.04754055,17.421751,1.01676129e-03
94,16,4.10014987,17.989504,1.05918667e-03
95,16,4.15275899,18.626343,2.14847859e-04
96,16,4.20536831,19.301538,2.45720737e-03
97,16,4.25797763,19.989633,1.00172811e-03
98,16,4.31058696,20.676291,3.92841747e-04
99,16,4.36319628,21.237225,2.55679106e-05
0,17,0.00000000,22.719198,1.10650231e-02
1,17,0.06074799,22.757619,1.84848647e-03
2,17,0.12149598,22.802377,1.73882750e-03
3,17,0.18224397,22.749868,2.29012095e-04
4,17,0.24299205,22.070749,2.71789420e-05
5,17,0.30373983,21.350066,3.36041191e-05
6,17,0.36448784,20.611371,2.33514007e-04
7,17,0.42523585,19.869806,6.01799438e-04
8,17,0.48598386,19.275570,6.82559673e-03
9,17,0.54673188,20.106565,6.13520830e-03
10,17,0.60747989,19.768662,1.91057444e-03
11,17,0.66822790,19.338188,2.24001580e-03
12,17,0.72897591,18.956024,2.41351972e-03
13,17,0.78972392,18.660009,2.35046055e-03
14,17,0.85047193,18.481510,2.00684388e-03
15,17,0.91121971,18.458478,1.46651796e-03
16,17,0.97196773,18.588426,9.58894204e-04
17,17,1.03271574,18.782752,7.23370657e-04
18,17,1.09346375,18.805466,9.12133570e-04
19,17,1.15421176,19.255671,1.12702907e-05
20,17,1.15421176,19.255671,1.12702163e-05
21,17,1.18458576,19.256795,3.75870272e-05
22,17,1.21495976,19.241778,6.27307354e-05
23,17,1.24533376,19.194951,6.93607298e-05
24,17,1.27570776,19.122315,7.07775083e-05
25,17,1.30608176,19.034741,7.03398073e-05
26,17,1.33645576,18.940225,6.79389216e-05
27,17,1.36682976,18.843777,6.37324809e-05
28,17,1.39720381,18.749089,5.92795090e-05
29,17,1.42757781,18.658716,5.89538264e-05
30,17,1.45795159,18.574507,7.26808213e-05
31,17,1.48832560,18.496961,1.15142091e-04
32,17,1.51869960,18.426123,2.10540100e-04
33,17,1.54907361,18.365897,4.22115120e-04
34,17,1.57944761,18.316741,8.63703741e-04
35,17,1.60982162,18.280500,1.78635141e-03
36,17,1.64019563,18.267413,1.97573040e-03
37,17,1.67056963,18.322540,9.87768370e-03
38,17,1.70094364,18.497276,1.17866528e-02
39,17,1.73131764,18.601261,1.35040479e-02
40,17,1.73131764,18.601261,1.35039707e-02
41,17,1.75279515,18.653473,8.39400242e-04
42,17,1.77427297,18.635102,7.24952369e-04
43,17,1.79575048,18.582307,5.91667982e-04
44,17,1.81722830,18.686335,1.81700695e-04
45,17,1.83870581,18.843321,5.61296349e-05
46,17,1.86018364,18.997641,2.09664020e-04
47,17,1.88166114,19.135727,1.62990027e-03
48,17,1.90313897,19.231484,5.73149862e-03
49,17,1.92461647,19.278167,9.80982890e-03
50,17,1.94609430,19.299490,1.21986077e-02
51,17,1.96757180,19.311451,1.35975051e-02
52,17,1.98904963,19.319058,1.45249400e-02
53,17,2.01052713,19.323532,1.51830949e-02
54,17,2.03200496,19.327342,1.56731141e-02
55,17,2.05348246,19.330124,1.60366856e-02
56,17,2.07496029,19.339949,3.70928571e-05
57,17,2.09643779,19.426919,5.04302861e-05
58,17,2.11791562,19.484272,6.20637685e-05
59,17,2.13939312,19.504431,6.68570693e-05
60,17,2.13939312,19.504431,6.68570365e-05
61,17,2.20382612,19.527816,4.34346248e-05
62,17,2.26825912,19.502083,3.40100210e-04
63,17,2.33269211,19.592485,3.85008653e-03
64,17,2.39712495,19.990740,8.05859594e-03
65,17,2.46155794,20.434301,9.69533336e-03
66,17,2.52599094,20.814819,1.00613423e-02
67,17,2.59042394,20.757774,6.95213316e-09
68,17,2.65485693,20.182791,7.09445838e-09
69,17,2.71928993,19.922526,2.45288385e-08
70,17,2.78372276,20.103186,1.08077785e-06
71,17,2.84815576,20.501799,4.39457722e-03
72,17,2.91258876,20.545085,2.06082951e-08
73,17,2.97702175,20.937993,1.14287830e-08
74,17,3.04145475,21.348109,6.21051204e-09
75,17,3.10588775,21.756071,4.70337740e-09
76,17,3.17032058,22.134300,5.25895841e-09
77,17,3.23475363,22.449371,5.95543612e-09
78,17,3.29918661,22.663129,5.88130549e-09
79,17,3.36361957,22.719198,4.74301572e-03
80,17,3.36361957,22.719198,5.94630243e-03
81,17,3.41622887,22.651069,4.19434171e-03
82,17,3.46883817,22.354804,2.34074833e-03
83,17,3.52144747,21.876955,7.61123945e-08
84,17,3.57405686,21.388782,5.13265023e-07
85,17,3.62666598,20.883735,2.01013592e-06
86,17,3.67927530,20.366915,5.43599208e-06
87,17,3.73188462,19.883572,1.18425561e-05
88,17,3.78449394,19.509986,2.31709688e-05
89,17,3.83710326,19.422835,3.66479977e-05
90,17,3.88971258,19.728694,3.88762675e-05
91,17,3.94232191,20.263325,3.33292374e-05
92,17,3.99493123,20.894339,2.57990978e-05
93,17,4.04754055,21.569207,1.67464482e-05
94,17,4.10014987,22.251457,3.80734084e-06
95,17,4.15275899,22.582660,1.19384648e-04
96,17,4.20536831,21.834481,2.66307237e-04
97,17,4.25797763,20.986569,3.39774650e-04
98,17,4.31058696,20.676291,7.62742648e-05
99,17,4.36319628,21.237225,2.59870903e-05
0,18,0.00000000,23.904286,1.00376947e-03
1,18,0.06074799,23.770166,1.06512241e-03
2,18,0.12149598,23.341940,6.17315789e-04
3,18,0.18224397,22.878537,1.56204401e-03
4,18,0.24299205,22.680461,3.29031501e-05
5,18,0.30373983,22.214128,1.62253364e-04
6,18,0.36448784,21.720467,3.92490918e-04
7,18,0.42523585,21.222174,7.11407153e-04
8,18,0.48598386,20.724569,1.09456799e-03
9,18,0.54673188,20.236504,1.50930378e-03
10,18,0.60747989,20.892446,5.19921981e-03
11,18,0.66822790,21.603377,4.10687026e-03
12,18,0.72897591,22.215292,3.01181111e-03
13,18,0.78972392,22.759297,2.06702615e-03
14,18,0.85047193,23.197409,1.36915136e-03
15,18,0.91121971,22.418063,2.07544969e-04
16,18,0.97196773,21.671107,3.94183907e-04
17,18,1.03271574,21.046985,5.51399681e-04
18,18,1.09346375,20.406554,6.95609337e-04
19,18,1.15421176,19.823427,3.42278437e-04
20,18,1.15421176,19.823427,3.42283595e-04
21,18,1.18458576,19.861330,4.36245571e-04
22,18,1.21495976,19.973614,5.86785016e-04
23,18,1.24533376,20.145405,6.46783809e-04
24,18,1.27570776,20.350702,6.12270790e-04
25,18,1.30608176,20.569305,5.36914497e-04
26,18,1.33645576,20.786233,4.59192333e-04
27,18,1.36682976,20.987480,4.20522247e-04
28,18,1.39720381,21.162713,4.28165008e-04
29,18,1.42757781,21.296627,5.67918618e-04
30,18,1.45795159,21.366234,9.14598941e-04
31,18,1.48832560,21.348880,1.60580240e-03
32,18,1.51869960,21.233750,2.51113106e-03
33,18,1.54907361,21.036860,3.32610371e-03
34,18,1.57944761,20.784679,3.92561657e-03
35,18,1.60982162,20.497436,4.21702563e-03
36,18,1.64019563,20.196849,4.01613763e-03
37,18,1.67056963,19.901103,2.99885608e-03
38,18,1.70094364,19.647607,9.96038192e-04
39,18,1.73131764,19.539497,1.64327203e-05
40,18,1.73131764,19.539497,1.64303698e-05
41,18,1.75279515,19.465319,8.67306349e-04
42,18,1.77427297,19.417472,2.92368063e-03
43,18,1.79575048,19.388742,5.42637168e-03
44,18,1.81722830,19.377808,7.80637843e-03
45,18,1.83870581,19.378523,9.79860446e-03
46,18,1.86018364,19.392186,1.11456696e-02
47,18,1.88166114,19.429540,1.09420205e-02
48,18,1.90313897,19.515005,7.92257134e-03
49,18,1.92461647,19.653313,4.70800764e-03
50,18,1.94609430,19.818218,2.97241400e-03
51,18,1.96757180,19.995636,2.05339773e-03
52,18,1.98904963,20.177747,1.49275089e-03
53,18,2.01052713,20.361252,1.10615702e-03
54,18,2.03200496,20.542006,8.10966261e-04
55,18,2.05348246,20.716263,5.69856134e-04
56,18,2.07496029,20.877906,3.63551062e-04
57,18,2.09643779,21.015398,1.86225397e-04
58,18,2.11791562,21.112143,5.27760558e-05
59,18,2.13939312,21.130204,3.84298583e-08
60,18,2.13939312,21.130204,3.84312479e-08
61,18,2.20382612,21.593024,3.65476328e-08
62,18,2.26825912,21.912212,9.65884239e-05
63,18,2.33269211,21.834523,1.36196298e-04
64,18,2.39712495,22.057560,3.26684868e-04
65,18,2.46155794,22.392271,1.97713662e-08
66,18,2.52599094,21.540739,1.93393483e-08
67,18,2.59042394,21.149312,9.96772404e-03
68,18,2.65485693,21.462892,9.67561451e-03
69,18,2.71928993,21.748735,1.22353666e-04
70,18,2.78372276,20.991935,8.61794110e-04
71,18,2.84815576,20.588906,1.13914641e-06
72,18,2.91258876,21.076065,1.17134718e-06
73,18,2.97702175,21.567693,1.17344690e-06
74,18,3.04145475,22.061206,1.13984525e-06
75,18,3.10588775,22.545950,1.05629864e-06
76,18,3.17032058,23.016082,9.04193108e-07
77,18,3.23475363,23.448373,6.47274195e-07
78,18,3.29918661,23.789966,2.63789625e-07
79,18,3.36361957,23.904286,1.54340360e-03
80,18,3.36361957,23.904286,3.09155019e-04
81,18,3.41622887,23.839318,1.60804976e-03
82,18,3.46883817,23.679982,1.26335531e-04
83,18,3.52144747,23.584189,4.49787776e-04
84,18,3.57405686,23.552556,1.07310196e-03
85,18,3.62666598,23.558663,3.14263427e-03
86,18,3.67927530,23.584252,3.77339016e-03
87,18,3.73188462,23.621558,1.25498684e-03
88,18,3.78449394,23.667048,1.78940560e-03
89,18,3.83710326,23.710107,9.23445659e-04
90,18,3.88971258,23.747057,8.18496495e-04
91,18,3.94232191,23.769544,6.23113197e-04
92,18,3.99493123,23.764498,1.31753219e-03
93,18,4.04754055,23.708332,1.30805679e-03
94,18,4.10014987,23.599735,2.55917813e-03
95,18,4.15275899,23.200300,1.38762149e-04
96,18,4.20536831,23.042441,1.35751265e-03
97,18,4.25797763,22.576414,7.90689196e-04
98,18,4.31058696,22.011466,1.86196288e-04
99,18,4.36319628,21.482021,1.82771139e-06
0,19,0.00000000,23.904286,7.15275974e-04
1,19,0.06074799,23.812018,3.07687951e-04
2,19,0.12149598,23.514475,1.21659159e-04
3,19,0.18224397,23.122950,1.96815803e-05
4,19,0.24299205,22.988149,1.32771182e-03
5,19,0.30373983,23.136752,1.05149206e-03
6,19,0.36448784,23.325332,7.50177110e-04
7,19,0.42523585,23.564749,4.53505976e-04
8,19,0.48598386,23.873360,2.00849522e-04
9,19,0.54673188,24.258848,3.84696029e-05
10,19,0.60747989,24.749818,4.99692685e-06
11,19,0.66822790,25.320811,7.09719300e-04
12,19,0.72897591,24.696175,3.15093655e-04
13,19,0.78972392,23.976616,1.11430248e-04
14,19,0.85047193,23.201610,9.26228174e-05
15,19,0.91121971,22.997339,2.81473240e-04
16,19,0.97196773,22.102161,4.25712460e-04
17,19,1.03271574,21.233279,5.86767641e-04
18,19,1.09346375,20.406554,4.38947007e-03
19,19,1.15421176,19.823427,5.49656881e-03
20,19,1.15421176,19.823427,5.49656434e-03
21,19,1.18458576,19.861330,5.60045420e-03
22,19,1.21495976,19.973614,5.74848668e-03
23,19,1.24533376,20.145405,5.84525524e-03
24,19,1.27570776,20.350702,6.00183420e-03
25,19,1.30608176,20.569305,6.29057467e-03
26,19,1.33645576,20.786233,6.74531467e-03
27,19,1.36682976,20.987480,7.40684030e-03
28,19,1.39720381,21.162713,8.30905222e-03
29,19,1.42757781,21.296627,9.42244219e-03
30,19,1.45795159,21.366234,1.06607398e-02
31,19,1.48832560,21.348880,1.15476568e-02
32,19,1.51869960,21.233750,1.17734788e-02
33,19,1.54907361,21.036860,1.14820489e-02
34,19,1.57944761,20.784679,1.08839293e-02
35,19,1.60982162,20.497436,1.01175301e-02
36,19,1.64019563,20.196849,9.01800519e-03
37,19,1.67056963,19.901103,7.21008984e-03
38,19,1.70094364,19.647607,3.83638389e-03
39,19,1.73131764,19.539497,1.68864140e-04
40,19,1.73131764,19.539497,1.68866591e-04
41,19,1.75279515,19.669297,8.55018825e-05
42,19,1.77427297,19.880595,4.13221626e-05
43,19,1.79575048,20.130891,2.49756619e-05
44,19,1.81722830,20.396279,1.82209490e-05
45,19,1.83870581,20.664106,1.48667670e-05
46,19,1.86018364,20.926954,1.31275814e-05
47,19,1.88166114,21.179433,1.24298016e-05
48,19,1.90313897,21.421144,1.22373702e-05
49,19,1.92461647,21.636295,1.22351542e-05
50,19,1.94609430,21.812326,3.69044921e-05
51,19,1.96757180,21.855615,2.98612037e-04
52,19,1.98904963,21.759773,3.79085384e-04
53,19,2.01052713,21.636248,3.27846430e-04
54,19,2.03200496,21.512599,2.53777977e-04
55,19,2.05348246,21.394792,1.78161374e-04
56,19,2.07496029,21.290383,1.09262049e-04
57,19,2.09643779,21.205374,5.20164776e-05
58,19,2.11791562,21.149296,1.35150816e-05
59,19,2.13939312,21.147891,5.86556174e-07
60,19,2.13939312,21.147891,5.86558098e-07
61,19,2.20382612,21.753653,4.42337560e-07
62,19,2.26825912,22.130549,3.28882973e-08
63,19,2.33269211,22.727573,2.97645463e-08
64,19,2.39712495,23.054225,3.54872269e-09
65,19,2.46155794,22.565209,9.53644191e-04
66,19,2.52599094,23.269552,1.82071444e-03
67,19,2.59042394,23.586761,2.85157627e-05
68,19,2.65485693,22.634420,3.86921461e-05
69,19,2.71928993,21.759253,9.32237373e-03
70,19,2.78372276,22.044705,8.85661748e-03
71,19,2.84815576,22.322167,8.27221096e-03
72,19,2.91258876,22.584411,7.58871638e-03
73,19,2.97702175,22.825610,6.81765449e-03
74,19,3.04145475,23.043890,5.98145671e-03
75,19,3.10588775,23.241787,5.13555262e-03
76,19,3.17032058,23.419010,4.26343254e-03
77,19,3.23475363,23.592197,3.28335302e-03
78,19,3.29918661,23.794538,2.20089432e-03
79,19,3.36361957,23.904286,1.75643000e-04
80,19,3.36361957,23.904286,1.40989202e-03
81,19,3.41622887,23.839318,3.17406025e-04
82,19,3.46883817,23.679982,2.57917337e-03
83,19,3.52144747,23.584189,3.13734828e-03
84,19,3.57405686,23.552556,3.01925307e-03
85,19,3.62666598,23.558663,1.11614180e-03
86,19,3.67927530,23.584252,4.70473893e-04
87,19,3.73188462,23.621558,2.86869313e-03
88,19,3.78449394,23.667048,2.17695722e-03
89,19,3.83710326,23.710107,2.86083811e-03
90,19,3.88971258,23.747057,2.79813481e-03
91,19,3.94232191,23.769544,2.85601077e-03
92,19,3.99493123,23.764498,2.07089883e-03
93,19,4.04754055,23.708332,1.97403520e-03
94,19,4.10014987,23.599735,5.29300331e-04
95,19,4.15275899,23.382357,1.57357160e-03
96,19,4.20536831,23.042441,4.75022281e-04
97,19,4.25797763,22.576414,1.08856419e-04
98,19,4.31058696,22.011466,2.01543213e-05
99,19,4.36319628,21.482021,2.01261623e-05
0,20,0.00000000,25.363618,3.92778508e-05
1,20,0.06074799,25.459118,2.25825493e-04
2,20,0.12149598,25.652306,5.79726792e-04
3,20,0.18224397,25.870517,9.62087163e-04
4,20,0.24299205,26.070125,1.31863644e-03
5,20,0.30373983,26.237942,1.61594246e-03
6,20,0.36448784,26.333801,1.83320063e-03
7,20,0.42523585,26.360505,1.93020405e-03
8,20,0.48598386,26.295064,1.87148286e-03
9,20,0.54673188,26.114002,1.62606052e-03
10,20,0.60747989,25.791732,1.20521267e-03
11,20,0.66822790,25.362800,7.79726568e-05
12,20,0.72897591,25.657553,4.43877649e-05
13,20,0.78972392,24.797155,9.07957088e-05
14,20,0.85047193,23.898869,1.69123048e-04
15,20,0.91121971,22.997339,6.45613800e-03
16,20,0.97196773,22.102161,5.59166774e-03
17,20,1.03271574,21.233279,4.82455746e-03
18,20,1.09346375,20.781035,5.30389868e-04
19,20,1.15421176,21.046957,1.00084376e-04
20,20,1.15421176,21.046957,1.00080817e-04
21,20,1.18458576,21.073704,2.03734765e-04
22,20,1.21495976,21.151135,3.70282066e-04
23,20,1.24533376,21.272787,4.96952756e-04
24,20,1.27570776,21.431236,5.72570049e-04
25,20,1.30608176,21.620872,5.93728288e-04
26,20,1.33645576,21.836738,5.62019923e-04
27,20,1.36682976,22.071762,4.83291940e-04
28,20,1.39720381,22.313546,3.73867244e-04
29,20,1.42757781,22.536639,2.58029486e-04
30,20,1.45795159,22.691833,1.80407275e-04
31,20,1.48832560,22.769124,1.85006626e-04
32,20,1.51869960,22.821543,3.36966479e-04
33,20,1.54907361,22.889667,6.45062925e-04
34,20,1.57944761,22.973538,9.88552163e-04
35,20,1.60982162,23.060279,1.27747069e-03
36,20,1.64019563,23.138866,1.47828079e-03
37,20,1.67056963,23.200885,1.58763579e-03
38,20,1.70094364,23.240748,1.61053456e-03
39,20,1.73131764,23.257778,1.55315939e-03
40,20,1.73131764,23.257778,1.55316134e-03
41,20,1.75279515,23.144313,1.45177098e-03
42,20,1.77427297,23.031485,1.39711508e-03
43,20,1.79575048,22.916389,1.33379007e-03
44,20,1.81722830,22.801538,1.26332121e-03
45,20,1.83870581,22.685230,1.18639569e-03
46,20,1.86018364,22.567244,1.10399881e-03
47,20,1.88166114,22.447584,1.01742044e-03
48,20,1.90313897,22.326893,9.28559417e-04
49,20,1.92461647,22.207979,8.39382524e-04
50,20,1.94609430,22.102741,7.26837861e-04
51,20,1.96757180,22.107284,3.81069354e-04
52,20,1.98904963,22.225119,2.21384889e-04
53,20,2.01052713,22.344077,1.99391826e-04
54,20,2.03200496,22.443599,2.05052284e-04
55,20,2.05348246,22.521548,2.18288020e-04
56,20,2.07496029,22.588488,2.32224123e-04
57,20,2.09643779,22.556157,3.41047185e-04
58,20,2.11791562,22.459848,4.23149280e-04
59,20,2.13939312,22.424274,4.56682878e-04
60,20,2.13939312,22.424274,4.56682798e-04
61,20,2.20382612,22.239753,1.35781146e-04
62,20,2.26825912,22.397044,2.96978674e-07
63,20,2.33269211,22.972455,1.31705238e-07
64,20,2.39712495,23.371008,3.04098084e-08
65,20,2.46155794,24.045996,3.89173493e-08
66,20,2.52599094,24.562750,1.60501750e-05
67,20,2.59042394,24.088913,2.47823829e-03
68,20,2.65485693,24.960679,2.74160784e-03
69,20,2.71928993,25.749004,2.47276001e-03
70,20,2.78372276,26.201840,1.52636285e-03
71,20,2.84815576,26.283940,9.46333208e-04
72,20,2.91258876,26.234138,7.71154501e-04
73,20,2.97702175,26.148182,7.15398558e-04
74,20,3.04145475,26.052810,6.88355743e-04
75,20,3.10588775,25.954687,6.43623488e-04
76,20,3.17032058,25.838914,5.76963857e-04
77,20,3.23475363,25.680137,2.52194468e-06
78,20,3.29918661,25.469669,2.94701783e-06
79,20,3.36361957,25.363618,3.92677085e-05
80,20,3.36361957,25.363618,3.92723031e-05
81,20,3.41622887,25.447532,3.07724147e-04
82,20,3.46883817,25.594530,4.97289800e-04
83,20,3.52144747,25.733949,1.23017141e-03
84,20,3.57405686,25.848360,1.37528819e-03
85,20,3.62666598,25.944110,1.72080139e-03
86,20,3.67927530,26.028329,4.57182511e-03
87,20,3.73188462,26.106734,1.09654143e-02
88,20,3.78449394,26.183305,1.15636772e-02
89,20,3.83710326,26.255734,1.09717121e-02
90,20,3.88971258,26.324500,4.52590458e-03
91,20,3.94232191,26.350719,8.48373954e-05
92,20,3.99493123,25.468043,1.22631387e-04
93,20,4.04754055,24.567893,1.63599435e-04
94,20,4.10014987,23.701789,2.11962893e-04
95,20,4.15275899,23.382357,1.04825140e-03
96,20,4.20536831,23.782665,3.76331218e-05
97,20,4.25797763,24.434896,2.21031787e-05
98,20,4.31058696,24.968068,1.55491432e-05
99,20,4.36319628,25.194597,1.34364282e-05
0,21,0.00000000,25.363619,1.83035899e-05
1,21,0.06074799,25.503351,1.82331819e-05
2,21,0.12149598,25.787483,3.19759297e-05
3,21,0.18224397,26.087826,3.59998602e-05
4,21,0.24299205,26.347003,3.49840351e-05
5,21,0.30373983,26.562253,3.30785180e-05
6,21,0.36448784,26.737882,3.21622031e-05
7,21,0.42523585,26.883133,3.09666563e-05
8,21,0.48598386,26.993302,2.90211421e-05
9,21,0.54673188,27.025880,2.93920990e-05
10,21,0.60747989,26.876965,2.67621608e-05
11,21,0.66822790,26.405737,2.36667682e-05
12,21,0.72897591,25.657553,1.01022410e-02
13,21,0.78972392,24.797155,8.59556862e-03
14,21,0.85047193,23.898869,7.43988213e-03
15,21,0.91121971,23.498860,9.92912266e-04
16,21,0.97196773,23.152693,6.84957005e-04
17,21,1.03271574,22.383900,5.25147839e-04
18,21,1.09346375,21.644234,4.53719441e-04
19,21,1.15421176,21.046957,7.82441842e-04
20,21,1.15421176,21.046957,7.82444948e-04
21,21,1.18458576,21.073704,6.94227305e-04
22,21,1.21495976,21.151135,5.69216104e-04
23,21,1.24533376,21.272787,4.98980434e-04
24,21,1.27570776,21.431236,4.80568479e-04
25,21,1.30608176,21.620872,5.07838161e-04
26,21,1.33645576,21.836738,5.76375963e-04
27,21,1.36682976,22.071762,6.85303569e-04
28,21,1.39720381,22.313546,8.39667481e-04
29,21,1.42757781,22.536639,1.02628848e-03
30,21,1.45795159,22.691833,1.10924502e-03
31,21,1.48832560,22.769124,8.77054676e-04
32,21,1.51869960,22.821543,5.22859543e-04
33,21,1.54907361,22.889667,2.79259815e-04
34,21,1.57944761,22.973538,1.59995879e-04
35,21,1.60982162,23.060279,1.07861561e-04
36,21,1.64019563,23.138866,8.74819694e-05
37,21,1.67056963,23.200885,8.00641546e-05
38,21,1.70094364,23.240748,7.94885543e-05
39,21,1.73131764,23.257778,8.87512521e-05
40,21,1.73131764,23.257778,8.87495896e-05
41,21,1.75279515,23.363574,1.69445997e-04
42,21,1.77427297,23.460692,1.86719028e-04
43,21,1.79575048,23.545156,1.96817809e-04
44,21,1.81722830,23.615361,1.98179935e-04
45,21,1.83870581,23.668453,1.90928480e-04
46,21,1.86018364,23.701726,1.74304017e-04
47,21,1.88166114,23.711972,1.48228333e-04
48,21,1.90313897,23.696751,1.14119223e-04
49,21,1.92461647,23.650097,7.72031676e-05
50,21,1.94609430,23.571672,4.51254454e-05
51,21,1.96757180,23.462903,2.70678919e-05
52,21,1.98904963,23.328636,2.91146900e-05
53,21,2.01052713,23.175980,5.36691761e-05
54,21,2.03200496,23.012961,9.94377874e-05
55,21,2.05348246,22.848150,1.65007335e-04
56,21,2.07496029,22.692025,2.48315028e-04
57,21,2.09643779,22.626957,2.44053071e-04
58,21,2.11791562,22.649126,2.51772845e-04
59,21,2.13939312,22.656596,2.54317856e-04
60,21,2.13939312,22.656596,2.54318243e-04
61,21,2.20382612,22.911679,6.34859849e-05
62,21,2.26825912,23.455868,8.07768096e-05
63,21,2.33269211,24.043157,4.74152986e-04
64,21,2.39712495,24.660444,1.09064522e-03
65,21,2.46155794,25.173926,9.08478371e-04
66,21,2.52599094,24.717697,6.51565193e-08
67,21,2.59042394,25.343338,1.29328737e-07
68,21,2.65485693,25.863116,2.61643682e-07
69,21,2.71928993,26.228472,4.70473903e-07
70,21,2.78372276,26.418898,7.17247599e-07
71,21,2.84815576,26.486913,9.58318455e-07
72,21,2.91258876,26.464948,1.18318304e-06
73,21,2.97702175,26.385902,1.40160299e-06
74,21,3.04145475,26.259967,1.62856611e-06
75,21,3.10588775,26.099173,1.87817520e-06
76,21,3.17032058,25.902922,2.16761120e-06
77,21,3.23475363,25.689537,4.41453516e-04
78,21,3.29918661,25.495657,2.29038300e-04
79,21,3.36361957,25.363619,2.97546681e-05
80,21,3.36361957,25.363619,1.39268661e-06
81,21,3.41622887,25.447532,2.23264576e-04
82,21,3.46883817,25.594530,1.19865949e-03
83,21,3.52144747,25.733949,1.98711381e-03
84,21,3.57405686,25.848360,3.63660996e-03
85,21,3.62666598,25.944110,5.34038784e-03
86,21,3.67927530,26.028329,4.79064533e-03
87,21,3.73188462,26.106734,9.11944721e-04
88,21,3.78449394,26.183305,2.93500881e-03
89,21,3.83710326,26.255734,6.28964276e-03
90,21,3.88971258,26.324500,1.54864740e-02
91,21,3.94232191,26.387080,2.22026754e-02
92,21,3.99493123,26.437494,1.57016283e-02
93,21,4.04754055,26.474462,2.39341483e-02
94,21,4.10014987,26.480839,8.72956452e-03
95,21,4.15275899,26.430445,1.95261176e-02
96,21,4.20536831,26.320427,4.31432282e-03
97,21,4.25797763,26.192302,1.46685626e-03
98,21,4.31058696,26.101870,3.22075650e-04
99,21,4.36319628,26.067566,8.95226557e-05
0,22,0.00000000,25.363619,2.45754918e-05
1,22,0.06074799,25.503351,4.08032079e-05
2,22,0.12149598,25.787483,2.09332283e-04
3,22,0.18224397,26.087826,6.89496564e-04
4,22,0.24299205,26.347003,1.51393755e-03
5,22,0.30373983,26.562253,2.62532344e-03
6,22,0.36448784,26.737882,4.02949349e-03
7,22,0.42523585,26.883133,5.74175285e-03
8,22,0.48598386,26.993302,7.80983654e-03
9,22,0.54673188,27.025880,1.03152293e-02
10,22,0.60747989,26.876965,1.24123172e-02
11,22,0.66822790,26.405737,1.19434250e-02
12,22,0.72897591,26.034017,8.82787885e-05
13,22,0.78972392,26.014247,1.15192640e-04
14,22,0.85047193,25.178366,2.35427232e-04
15,22,0.91121971,24.374642,1.29425855e-04
16,22,0.97196773,24.215365,9.44420576e-05
17,22,1.03271574,24.514305,6.08913640e-05
18,22,1.09346375,24.859204,5.74220027e-05
19,22,1.15421176,25.211164,1.83876739e-04
20,22,1.15421176,25.211164,1.84026838e-04
21,22,1.18458576,25.178431,1.32601554e-04
22,22,1.21495976,25.083573,4.07180534e-05
23,22,1.24533376,24.936273,1.05130812e-05
24,22,1.27570776,24.746664,9.12863203e-05
25,22,1.30608176,24.528516,2.78811985e-04
26,22,1.33645576,24.295400,5.51153838e-04
27,22,1.36682976,24.055358,9.04993958e-04
28,22,1.39720381,23.841194,1.37231316e-03
29,22,1.42757781,23.700900,1.89120723e-03
30,22,1.45795159,23.692700,1.87332933e-03
31,22,1.48832560,23.855653,1.31874560e-03
32,22,1.51869960,24.140703,9.67890777e-04
33,22,1.54907361,24.491723,7.76218497e-04
34,22,1.57944761,24.882486,6.55478286e-04
35,22,1.60982162,25.295801,5.71040916e-04
36,22,1.64019563,25.727328,5.02875936e-04
37,22,1.67056963,26.172742,4.43333210e-04
38,22,1.70094364,26.629800,3.94520964e-04
39,22,1.73131764,27.024139,6.32417500e-04
40,22,1.73131764,27.024139,6.32432128e-04
41,22,1.75279515,26.838394,4.83407507e-05
42,22,1.77427297,26.603535,1.78210102e-05
43,22,1.79575048,26.366862,4.40419887e-06
44,22,1.81722830,26.134892,3.70160145e-06
45,22,1.83870581,25.910882,1.61554071e-05
46,22,1.86018364,25.698555,4.25897773e-05
47,22,1.88166114,25.502116,8.35335306e-05
48,22,1.90313897,25.326365,1.37953746e-04
49,22,1.92461647,25.175715,2.01727475e-04
50,22,1.94609430,25.050418,2.67478716e-04
51,22,1.96757180,24.956432,3.26128528e-04
52,22,1.98904963,24.887718,3.72372689e-04
53,22,2.01052713,24.839081,4.05333241e-04
54,22,2.03200496,24.805864,4.27335050e-04
55,22,2.05348246,24.783482,4.41471244e-04
56,22,2.07496029,24.772327,4.49168223e-04
57,22,2.09643779,24.763110,4.54616002e-04
58,22,2.11791562,24.758058,4.57794127e-04
59,22,2.13939312,24.756516,4.59424043e-04
60,22,2.13939312,24.756516,4.59424162e-04
61,22,2.20382612,25.522379,7.31870049e-04
62,22,2.26825912,26.259932,3.03116027e-07
63,22,2.33269211,25.318197,3.54285357e-07
64,22,2.39712495,24.977049,3.72481781e-07
65,22,2.46155794,25.495073,2.55696543e-07
66,22,2.52599094,26.172390,3.92736168e-03
67,22,2.59042394,26.862656,5.06474793e-03
68,22,2.65485693,27.208603,2.16803322e-04
69,22,2.71928993,27.242286,4.88840943e-04
70,22,2.78372276,27.641812,1.22350706e-03
71,22,2.84815576,28.441738,1.51666765e-03
72,22,2.91258876,28.828195,8.02880194e-03
73,22,2.97702175,28.257150,5.29415223e-03
74,22,3.04145475,27.636578,3.33166804e-03
75,22,3.10588775,27.012338,1.92208999e-03
76,22,3.17032058,26.425725,9.44170085e-04
77,22,3.23475363,25.909233,3.47253524e-04
78,22,3.29918661,25.523749,7.01761043e-05
79,22,3.36361957,25.363619,1.31346877e-05
80,22,3.36361957,25.363619,4.14909044e-05
81,22,3.41622887,25.479985,3.96745802e-05
82,22,3.46883817,25.753881,4.03751555e-05
83,22,3.52144747,26.116222,4.13723147e-05
84,22,3.57405686,26.513705,4.19469218e-05
85,22,3.62666598,26.931057,4.08862926e-05
86,22,3.67927530,27.319888,3.75830957e-05
87,22,3.73188462,27.670269,2.94044000e-05
88,22,3.78449394,27.920407,1.15919410e-05
89,22,3.83710326,27.820326,4.17418458e-06
90,22,3.88971258,27.183725,4.55704761e-05
91,22,3.94232191,26.387080,3.98534899e-04
92,22,3.99493123,26.437494,9.08519470e-03
93,22,4.04754055,26.474462,2.06044226e-03
94,22,4.10014987,26.480839,1.63541618e-02
95,22,4.15275899,26.430445,6.74554598e-04
96,22,4.20536831,26.320427,7.28315554e-03
97,22,4.25797763,26.192302,3.03758225e-03
98,22,4.31058696,26.101870,7.50707015e-04
99,22,4.36319628,26.067566,4.89536925e-05
0,23,0.00000000,28.862843,8.58430882e-06
1,23,0.06074799,28.960004,1.17742229e-05
2,23,0.12149598,29.239397,2.04782551e-05
3,23,0.18224397,29.697813,3.92541677e-05
4,23,0.24299205,30.310506,7.31308668e-05
5,23,0.30373983,31.053175,1.16962982e-04
6,23,0.36448784,31.691542,1.60279608e-03
7,23,0.42523585,30.992835,7.27343015e-05
8,23,0.48598386,30.176855,7.05652713e-05
9,23,0.54673188,29.394471,5.69147617e-05
10,23,0.60747989,28.772326,5.29385396e-05
11,23,0.66822790,28.339023,4.53119067e-04
12,23,0.72897591,27.415327,6.42039392e-04
13,23,0.78972392,27.359483,7.46645789e-04
14,23,0.85047193,27.020546,1.19189298e-03
15,23,0.91121971,26.651309,9.84024874e-04
16,23,0.97196773,26.280733,7.36807908e-04
17,23,1.03271574,25.920249,4.96456997e-04
18,23,1.09346375,25.565110,2.87401333e-04
19,23,1.15421176,25.211164,8.64207214e-05
20,23,1.15421176,25.211164,8.62710054e-05
21,23,1.18458576,25.178431,2.89503117e-04
22,23,1.21495976,25.083573,7.95356560e-04
23,23,1.24533376,24.936273,1.40071960e-03
24,23,1.27570776,24.746664,1.94732147e-03
25,23,1.30608176,24.528517,2.34263608e-03
26,23,1.33645576,24.295400,2.52825767e-03
27,23,1.36682976,24.055358,2.43179743e-03
28,23,1.39720381,23.841194,1.90187973e-03
29,23,1.42757781,23.700900,9.19659459e-04
30,23,1.45795159,23.692700,1.69311930e-04
31,23,1.48832560,23.855653,1.15722318e-04
32,23,1.51869960,24.140703,1.67727537e-04
33,23,1.54907361,24.491723,2.11279767e-04
34,23,1.57944761,24.882486,2.35202815e-04
35,23,1.60982162,25.295801,2.48206592e-04
36,23,1.64019563,25.727328,2.54354270e-04
37,23,1.67056963,26.172742,2.60565469e-04
38,23,1.70094364,26.629800,2.84774940e-04
39,23,1.73131764,27.024139,4.49987636e-04
40,23,1.73131764,27.024139,4.49973789e-04
41,23,1.75279515,26.872088,5.61987788e-04
42,23,1.77427297,26.661498,4.23839337e-04
43,23,1.79575048,26.459189,3.31562529e-04
44,23,1.81722830,26.269853,2.59874634e-04
45,23,1.83870581,26.094810,2.01996899e-04
46,23,1.86018364,25.936081,1.55626165e-04
47,23,1.88166114,25.795638,1.19368898e-04
48,23,1.90313897,25.675696,9.20300481e-05
49,23,1.92461647,25.577271,7.23225604e-05
50,23,1.94609430,25.501174,5.88791225e-05
51,23,1.96757180,25.448710,5.08851826e-05
52,23,1.98904963,25.418224,4.73208454e-05
53,23,2.01052713,25.406383,4.77533864e-05
54,23,2.03200496,25.410721,5.14672964e-05
55,23,2.05348246,25.425140,5.78638324e-05
56,23,2.07496029,25.447643,6.66948593e-05
57,23,2.09643779,25.465617,7.42794451e-05
58,23,2.11791562,25.478248,7.95625946e-05
59,23,2.13939312,25.483119,8.11765558e-05
60,23,2.13939312,25.483119,8.11764345e-05
61,23,2.20382612,26.185011,2.23353972e-04
62,23,2.26825912,26.332487,9.43684695e-04
63,23,2.33269211,27.162505,1.22743894e-03
64,23,2.39712495,26.798946,1.49854079e-03
65,23,2.46155794,25.898424,2.18600555e-03
66,23,2.52599094,26.331204,1.65262995e-07
67,23,2.59042394,27.276904,1.04611664e-07
68,23,2.65485693,27.596942,6.33565887e-03
69,23,2.71928993,28.311669,7.90757771e-03
70,23,2.78372276,28.918208,1.00409914e-02
71,23,2.84815576,29.147188,1.09675001e-02
72,23,2.91258876,29.387188,1.34080319e-03
73,23,2.97702175,30.320205,1.41362308e-08
74,23,3.04145475,30.036131,5.30801574e-08
75,23,3.10588775,29.687085,7.77424667e-08
76,23,3.17032058,29.357556,8.16405923e-08
77,23,3.23475363,29.093574,7.21940418e-08
78,23,3.29918661,28.924367,6.11603392e-08
79,23,3.36361957,28.862843,6.76061110e-07
80,23,3.36361957,28.862843,1.54493039e-05
81,23,3.41622887,28.874768,1.05702238e-07
82,23,3.46883817,28.899725,1.04397440e-07
83,23,3.52144747,28.941168,1.02259085e-07
84,23,3.57405686,28.998800,9.92783906e-08
85,23,3.62666598,29.072198,9.54324225e-08
86,23,3.67927530,29.160729,9.07551442e-08
87,23,3.73188462,29.263596,8.53426478e-08
88,23,3.78449394,29.380314,7.91522806e-08
89,23,3.83710326,29.036216,1.13326257e-04
90,23,3.88971258,29.070822,8.90656056e-05
91,23,3.94232191,29.251610,7.04642376e-05
92,23,3.99493123,29.410280,5.68049568e-05
93,23,4.04754055,28.710297,2.31336820e-05
94,23,4.10014987,28.078537,8.50507328e-04
95,23,4.15275899,27.601533,6.91099154e-03
96,23,4.20536831,27.315426,1.49326118e-02
97,23,4.25797763,27.181962,6.63159840e-03
98,23,4.31058696,27.129888,1.39925672e-02
99,23,4.36319628,27.115447,2.53964323e-03
0,24,0.00000000,28.862843,1.33353906e-05
1,24,0.06074799,28.960004,4.53632411e-06
2,24,0.12149598,29.239397,2.30643404e-05
3,24,0.18224397,29.697813,1.29058188e-04
4,24,0.24299205,30.310506,4.58059164e-04
5,24,0.30373983,31.053175,1.19827760e-03
6,24,0.36448784,31.691542,1.78210663e-03
7,24,0.42523585,30.992835,1.95880731e-03
8,24,0.48598386,30.176855,1.40996057e-03
9,24,0.54673188,29.394471,5.24975732e-04
10,24,0.60747989,28.772326,6.73804941e-05
11,24,0.66822790,28.350921,1.04194665e-03
12,24,0.72897591,27.842838,1.26778617e-03
13,24,0.78972392,27.411034,1.30720462e-03
14,24,0.85047193,28.261352,6.04230879e-04
15,24,0.91121971,28.796354,4.67246566e-05
16,24,0.97196773,28.931455,3.94521703e-05
17,24,1.03271574,29.038756,4.10134190e-05
18,24,1.09346375,29.111063,2.11149888e-05
19,24,1.15421176,29.136372,4.08112040e-05
20,24,1.15421176,29.136372,3.52657214e-05
21,24,1.18458576,29.162416,5.94220926e-05
22,24,1.21495976,29.236950,1.25762877e-04
23,24,1.24533376,29.350410,1.45169750e-04
24,24,1.27570776,29.489349,1.30962343e-04
25,24,1.30608176,29.638639,1.21877074e-04
26,24,1.33645576,29.781450,2.09247672e-05
27,24,1.36682976,29.895117,9.75506981e-03
28,24,1.39720381,29.962737,8.47560910e-03
29,24,1.42757781,29.964432,6.14110838e-03
30,24,1.45795159,29.894462,3.90239353e-03
31,24,1.48832560,29.766048,2.26048355e-03
32,24,1.51869960,29.599505,1.18124135e-03
33,24,1.54907361,29.410687,5.01003569e-04
34,24,1.57944761,29.193485,1.11192043e-04
35,24,1.60982162,28.902836,1.40327540e-04
36,24,1.64019563,28.506547,5.53281254e-04
37,24,1.67056963,28.052925,5.32006134e-04
38,24,1.70094364,27.585367,4.23221403e-04
39,24,1.73131764,27.187755,2.82676262e-05
40,24,1.73131764,27.187755,2.82677220e-05
41,24,1.75279515,27.194277,5.12905409e-05
42,24,1.77427297,27.251582,6.70967278e-05
43,24,1.79575048,27.321718,7.91581936e-05
44,24,1.81722830,27.398215,9.06616958e-05
45,24,1.83870581,27.480000,1.02654469e-04
46,24,1.86018364,27.566510,1.15063136e-04
47,24,1.88166114,27.657198,1.27341075e-04
48,24,1.90313897,27.751504,1.38607400e-04
49,24,1.92461647,27.848299,1.47818134e-04
50,24,1.94609430,27.948349,1.53814077e-04
51,24,1.96757180,28.046753,1.54918276e-04
52,24,1.98904963,28.143582,1.49829917e-04
53,24,2.01052713,28.236651,1.37488664e-04
54,24,2.03200496,28.323752,1.17290257e-04
55,24,2.05348246,28.401877,9.02300317e-05
56,24,2.07496029,28.468742,5.94329071e-05
57,24,2.09643779,28.519072,2.96936271e-05
58,24,2.11791562,28.550746,7.98906688e-06
59,24,2.13939312,28.561970,2.50281141e-07
60,24,2.13939312,28.561970,2.50260344e-07
61,24,2.20382612,27.375306,2.75253605e-07
62,24,2.26825912,26.931171,4.16292055e-04
63,24,2.33269211,27.566799,3.02418674e-04
64,24,2.39712495,27.716405,9.56051645e-05
65,24,2.46155794,27.599945,1.39181858e-04
66,24,2.52599094,27.446804,1.50256215e-04
67,24,2.59042394,27.306253,1.61890289e-04
68,24,2.65485693,28.290491,6.31834705e-08
69,24,2.71928993,29.343464,3.52420417e-08
70,24,2.78372276,29.933308,2.88912049e-07
71,24,2.84815576,30.294030,9.70897004e-08
72,24,2.91258876,30.437136,5.36824792e-09
73,24,2.97702175,30.366711,1.03162460e-03
74,24,3.04145475,30.944938,8.05146546e-07
75,24,3.10588775,30.285539,8.10411812e-07
76,24,3.17032058,29.716686,8.11122993e-07
77,24,3.23475363,29.266051,8.10668644e-07
78,24,3.29918661,28.971073,8.10706224e-07
79,24,3.36361957,28.862843,2.12436438e-05
80,24,3.36361957,28.862843,6.47034838e-06
81,24,3.41622887,28.996058,1.88059876e-04
82,24,3.46883817,29.358471,1.38190156e-03
83,24,3.52144747,29.896097,9.27295806e-05
84,24,3.57405686,30.542130,3.00543069e-03
85,24,3.62666598,31.242488,1.15819685e-03
86,24,3.67927530,31.093611,4.54778372e-05
87,24,3.73188462,30.265120,6.39216189e-05
88,24,3.78449394,29.495746,9.36285949e-05
89,24,3.83710326,29.508301,7.22327710e-08
90,24,3.88971258,29.646337,6.46535964e-08
91,24,3.94232191,29.792050,5.65025464e-08
92,24,3.99493123,29.446258,2.03977750e-04
93,24,4.04754055,28.710297,4.20131184e-05
94,24,4.10014987,28.078537,7.23388517e-04
95,24,4.15275899,27.601533,6.39686365e-04
96,24,4.20536831,27.315426,2.45008268e-03
97,24,4.25797763,27.181962,1.89429874e-02
98,24,4.31058696,27.129888,1.58705292e-02
99,24,4.36319628,27.115447,2.86019227e-02
0,25,0.00000000,28.862843,1.06156660e-07
1,25,0.06074799,29.038018,4.77966362e-04
2,25,0.12149598,29.488888,1.67904688e-03
3,25,0.18224397,30.114103,3.31702807e-03
4,25,0.24299205,30.829552,5.24939726e-03
5,25,0.30373983,31.583733,7.41732240e-03
6,25,0.36448784,31.983872,3.54159723e-05
7,25,0.42523585,31.219780,7.04788428e-05
8,25,0.48598386,30.430381,1.70372460e-04
9,25,0.54673188,29.660967,3.77982814e-04
10,25,0.60747989,28.956807,6.97592810e-04
11,25,0.66822790,28.466331,5.28601912e-05
12,25,0.72897591,28.428536,5.19408115e-05
13,25,0.78972392,28.520940,5.11970733e-05
14,25,0.85047193,28.652034,5.03065121e-05
15,25,0.91121971,28.796354,1.24728557e-02
16,25,0.97196773,28.931455,1.41679575e-02
17,25,1.03271574,29.038756,1.55096750e-02
18,25,1.09346375,29.111063,1.63960565e-02
19,25,1.15421176,29.136372,1.66804227e-02
20,25,1.15421176,29.136372,1.66859649e-02
21,25,1.18458576,29.162416,1.65061644e-02
22,25,1.21495976,29.236950,1.60028898e-02
23,25,1.24533376,29.350410,1.53307127e-02
24,25,1.27570776,29.489349,1.45257281e-02
25,25,1.30608176,29.638639,1.35457526e-02
26,25,1.33645576,29.781450,1.24115998e-02
27,25,1.36682976,29.895117,1.05209851e-03
28,25,1.39720381,29.962737,2.37259636e-04
29,25,1.42757781,29.964432,1.69337272e-04
30,25,1.45795159,29.894462,1.56859941e-04
31,25,1.48832560,29.766048,1.56903945e-04
32,25,1.51869960,29.599505,1.71970913e-04
33,25,1.54907361,29.410687,2.16670608e-04
34,25,1.57944761,29.193485,3.41122559e-04
35,25,1.60982162,28.902836,5.35072464e-04
36,25,1.64019563,28.506547,4.13151936e-04
37,25,1.67056963,28.052925,3.92482302e-04
38,25,1.70094364,27.585367,2.83687503e-04
39,25,1.73131764,27.187755,2.88375964e-06
40,25,1.73131764,27.187755,2.88358604e-06
41,25,1.75279515,27.524002,2.35544068e-04
42,25,1.77427297,27.928547,1.80753718e-04
43,25,1.79575048,28.321513,3.25026196e-05
44,25,1.81722830,28.530189,4.66674203e-04
45,25,1.83870581,28.495874,8.36713227e-04
46,25,1.86018364,28.442060,9.42221675e-04
47,25,1.88166114,28.394493,9.95496004e-04
48,25,1.90313897,28.358390,1.02791684e-03
49,25,1.92461647,28.334094,1.04581596e-03
50,25,1.94609430,28.324166,1.05109972e-03
51,25,1.96757180,28.330203,1.04643331e-03
52,25,1.98904963,28.353989,1.03053739e-03
53,25,2.01052713,28.397191,1.00158098e-03
54,25,2.03200496,28.461600,9.61775385e-04
55,25,2.05348246,28.548423,9.09258504e-04
56,25,2.07496029,28.663635,8.39937818e-04
57,25,2.09643779,28.797085,7.50987040e-04
58,25,2.11791562,28.950793,5.99245656e-04
59,25,2.13939312,29.086369,2.29777165e-07
60,25,2.13939312,29.086369,2.29861853e-07
61,25,2.20382612,28.815053,1.29938542e-03
62,25,2.26825912,28.547008,1.32491002e-03
63,25,2.33269211,27.855770,1.80931876e-03
64,25,2.39712495,28.017786,1.02976302e-03
65,25,2.46155794,28.854504,1.19952869e-03
66,25,2.52599094,28.915760,7.02839389e-07
67,25,2.59042394,28.998441,7.22417533e-07
68,25,2.65485693,29.193820,6.60880562e-07
69,25,2.71928993,29.523370,5.02312561e-07
70,25,2.78372276,30.420690,1.88983832e-08
71,25,2.84815576,30.790386,7.13885749e-06
72,25,2.91258876,31.223279,1.12024772e-03
73,25,2.97702175,31.656134,7.82927402e-07
74,25,3.04145475,31.337131,6.92755461e-04
75,25,3.10588775,31.582464,9.86898455e-03
76,25,3.17032058,30.603558,5.73448054e-03
77,25,3.23475363,29.735297,2.56590219e-03
78,25,3.29918661,29.104092,6.45725244e-04
79,25,3.36361957,28.862843,1.06142118e-07
80,25,3.36361957,28.862843,1.06211877e-07
81,25,3.41622887,28.996058,1.52985517e-04
82,25,3.46883817,29.358471,1.33726084e-05
83,25,3.52144747,29.896097,3.23906571e-03
84,25,3.57405686,30.542130,3.22368918e-03
85,25,3.62666598,31.242488,8.98770813e-03
86,25,3.67927530,31.900709,1.12532361e-02
87,25,3.73188462,32.376224,7.05229881e-03
88,25,3.78449394,32.354343,1.90575652e-02
89,25,3.83710326,31.804075,1.01233975e-02
90,25,3.88971258,31.048898,6.85756725e-03
91,25,3.94232191,30.241970,3.16206889e-03
92,25,3.99493123,29.446258,9.08876690e-04
93,25,4.04754055,29.489367,4.38884377e-05
94,25,4.10014987,29.445315,3.05863336e-05
95,25,4.15275899,29.234076,1.77827298e-05
96,25,4.20536831,28.867004,8.01157190e-06
97,25,4.25797763,28.402247,2.56511054e-06
98,25,4.31058696,27.963766,5.79069261e-07
99,25,4.36319628,27.765535,2.40965409e-07
0,26,0.00000000,34.511773,5.83556436e-06
1,26,0.06074799,34.458467,2.31146176e-05
2,26,0.12149598,34.194862,1.93788142e-04
3,26,0.18224397,33.774737,3.03710015e-05
4,26,0.24299205,33.223151,8.72293541e-05
5,26,0.30373983,32.568430,1.12034495e-04
6,26,0.36448784,32.004451,3.09616692e-04
7,26,0.42523585,32.592182,1.80468125e-04
8,26,0.48598386,31.510244,2.32637793e-04
9,26,0.54673188,30.434592,2.92061106e-04
10,26,0.60747989,29.375039,3.60602873e-04
11,26,0.66822790,28.466331,2.13118637e-03
12,26,0.72897591,28.428536,5.40287564e-03
13,26,0.78972392,28.520940,8.18296048e-03
14,26,0.85047193,28.652034,1.04962353e-02
15,26,0.91121971,29.336263,4.83320683e-04
16,26,0.97196773,30.476652,3.44689640e-04
17,26,1.03271574,31.639578,2.05748455e-04
18,26,1.09346375,32.774841,8.77990250e-05
19,26,1.15421176,33.718480,4.77697159e-04
20,26,1.15421176,33.718480,4.77550934e-04
21,26,1.18458576,33.482166,3.26550241e-04
22,26,1.21495976,33.206008,3.87868754e-04
23,26,1.24533376,32.927413,4.60490249e-05
24,26,1.27570776,32.652498,3.19543177e-05
25,26,1.30608176,32.389063,2.88924355e-05
26,26,1.33645576,32.147210,2.58118387e-05
27,26,1.36682976,31.939772,1.82752884e-05
28,26,1.39720381,31.785389,1.33563611e-05
29,26,1.42757781,31.693960,6.98501929e-05
30,26,1.45795159,31.610463,3.13879692e-03
31,26,1.48832560,31.229248,2.12761572e-03
32,26,1.51869960,30.742621,1.33285889e-03
33,26,1.54907361,30.257652,9.88120514e-04
34,26,1.57944761,29.806466,6.62398199e-04
35,26,1.60982162,29.441301,2.22577078e-04
36,26,1.64019563,29.213696,1.21709368e-05
37,26,1.67056963,29.080602,5.98973114e-05
38,26,1.70094364,29.007643,5.26464417e-05
39,26,1.73131764,28.983956,5.40641359e-05
40,26,1.73131764,28.983956,5.41652633e-05
41,26,1.75279515,28.878086,9.61396695e-04
42,26,1.77427297,28.784048,1.05141791e-03
43,26,1.79575048,28.717795,1.20342830e-03
44,26,1.81722830,28.849012,8.17972739e-04
45,26,1.83870581,29.235294,4.31363280e-04
46,26,1.86018364,29.652323,3.20475219e-04
47,26,1.88166114,30.072605,2.69049016e-04
48,26,1.90313897,30.455125,2.64004232e-03
49,26,1.92461647,30.640356,3.93002518e-03
50,26,1.94609430,30.781739,5.54324122e-03
51,26,1.96757180,30.863676,7.05110119e-03
52,26,1.98904963,30.692553,4.33891609e-04
53,26,2.01052713,30.463305,4.63135313e-04
54,26,2.03200496,30.229615,5.02636463e-04
55,26,2.05348246,29.995671,5.52276372e-04
56,26,2.07496029,29.766921,6.15872635e-04
57,26,2.09643779,29.545612,6.99105391e-04
58,26,2.11791562,29.338089,8.45112696e-04
59,26,2.13939312,29.185799,1.41348448e-03
60,26,2.13939312,29.185799,1.41348830e-03
61,26,2.20382612,29.054437,3.02509159e-07
62,26,2.26825912,28.899742,3.17515326e-03
63,26,2.33269211,28.471490,1.87728049e-03
64,26,2.39712495,28.920721,2.86153100e-03
65,26,2.46155794,28.905683,6.38096058e-07
66,26,2.52599094,29.667882,1.39873620e-03
67,26,2.59042394,30.413969,1.88046515e-03
68,26,2.65485693,30.972555,3.14004745e-03
69,26,2.71928993,31.089831,4.19049825e-03
70,26,2.78372276,30.845718,2.19642093e-03
71,26,2.84815576,31.506866,1.73049945e-08
72,26,2.91258876,32.290367,4.98971439e-07
73,26,2.97702175,31.860454,1.93836409e-03
74,26,3.04145475,32.512197,1.49611859e-02
75,26,3.10588775,32.267749,6.04060756e-04
76,26,3.17032058,33.120756,3.25633865e-04
77,26,3.23475363,33.845097,1.74574443e-04
78,26,3.29918661,34.358796,8.58782190e-05
79,26,3.36361957,34.511773,4.47298401e-05
80,26,3.36361957,34.511773,1.79578733e-05
81,26,3.41622887,34.401500,1.72295590e-05
82,26,3.46883817,33.992336,1.83306374e-05
83,26,3.52144747,33.401549,2.10218921e-05
84,26,3.57405686,32.693703,2.58784411e-05
85,26,3.62666598,31.913848,3.36190710e-05
86,26,3.67927530,31.900709,3.91351242e-03
87,26,3.73188462,32.376224,1.36855773e-02
88,26,3.78449394,32.354343,3.91456236e-04
89,26,3.83710326,31.804075,2.59361930e-03
90,26,3.88971258,31.048898,5.36986586e-04
91,26,3.94232191,30.241970,4.76042859e-04
92,26,3.99493123,29.942367,4.78386271e-08
93,26,4.04754055,30.093334,3.88350255e-08
94,26,4.10014987,30.244057,2.97337777e-08
95,26,4.15275899,30.379970,2.08721095e-08
96,26,4.20536831,30.498004,1.28168674e-08
97,26,4.25797763,30.590270,6.21258986e-09
98,26,4.31058696,30.649333,1.83646618e-09
99,26,4.36319628,30.669515,2.97542753e-10
0,27,0.00000000,34.511773,4.00766228e-05
1,27,0.06074799,34.460322,1.06916195e-04
2,27,0.12149598,34.194862,1.78750197e-04
3,27,0.18224397,33.774737,6.83605917e-04
4,27,0.24299205,33.223151,9.81794274e-04
5,27,0.30373983,32.568430,1.16196377e-03
6,27,0.36448784,32.004451,1.33078727e-04
7,27,0.42523585,32.777105,3.52341209e-04
8,27,0.48598386,33.668907,1.42832896e-02
9,27,0.54673188,34.182476,1.58994867e-02
10,27,0.60747989,34.576303,1.67320599e-02
11,27,0.66822790,34.579116,2.38638795e-05
12,27,0.72897591,34.579021,1.47310810e-05
13,27,0.78972392,34.643305,2.69125829e-05
14,27,0.85047193,34.723939,1.48437726e-03
15,27,0.91121971,34.390600,1.21083172e-03
16,27,0.97196773,34.109945,2.84745948e-04
17,27,1.03271574,33.897408,5.03539255e-04
18,27,1.09346375,33.764042,4.88510866e-04
19,27,1.15421176,33.718480,6.90545570e-08
20,27,1.15421176,33.718480,2.14986833e-07
21,27,1.18458576,33.482166,5.03020005e-07
22,27,1.21495976,33.206008,2.30779247e-05
23,27,1.24533376,32.927413,5.33274219e-04
24,27,1.27570776,32.652498,8.27752619e-04
25,27,1.30608176,32.389063,1.28397415e-03
26,27,1.33645576,32.147210,2.01192374e-03
27,27,1.36682976,31.939772,3.14679759e-03
28,27,1.39720381,31.785389,4.69881030e-03
29,27,1.42757781,31.693960,6.15805217e-03
30,27,1.45795159,31.610463,1.74495198e-03
31,27,1.48832560,31.229248,1.88028939e-03
32,27,1.51869960,30.742621,2.49495849e-03
33,27,1.54907361,30.257652,2.37988513e-03
34,27,1.57944761,29.806466,2.08848178e-03
35,27,1.60982162,29.441301,1.63851666e-03
36,27,1.64019563,29.213696,1.09661626e-03
37,27,1.67056963,29.080602,7.60468904e-04
38,27,1.70094364,29.007643,7.42281932e-04
39,27,1.73131764,28.983956,8.55795943e-04
40,27,1.73131764,28.983956,8.55692787e-04
41,27,1.75279515,29.107996,6.84517065e-05
42,27,1.77427297,29.256555,1.51868565e-04
43,27,1.79575048,29.426621,2.79847936e-04
44,27,1.81722830,29.614860,4.68158107e-04
45,27,1.83870581,29.817575,7.41942630e-04
46,27,1.86018364,30.030051,1.14320572e-03
47,27,1.88166114,30.245574,1.74028293e-03
48,27,1.90313897,30.488355,2.51912634e-04
49,27,1.92461647,30.865333,2.98830848e-04
50,27,1.94609430,31.031888,4.22209232e-04
51,27,1.96757180,30.900793,4.21822490e-04
52,27,1.98904963,30.888122,8.02667826e-03
53,27,2.01052713,30.872018,8.46094270e-03
54,27,2.03200496,30.832960,8.57646439e-03
55,27,2.05348246,30.785112,8.55040488e-03
56,27,2.07496029,30.739356,8.47923448e-03
57,27,2.09643779,30.700471,8.41410096e-03
58,27,2.11791562,30.674952,8.37145345e-03
59,27,2.13939312,30.666272,8.35757379e-03
60,27,2.13939312,30.666272,8.35757021e-03
61,27,2.20382612,29.872566,5.25599648e-03
62,27,2.26825912,29.017302,3.82881126e-07
63,27,2.33269211,28.974984,4.68589372e-07
64,27,2.39712495,28.931165,5.55600647e-07
65,27,2.46155794,29.678888,3.89181754e-03
66,27,2.52599094,30.482209,5.28009981e-03
67,27,2.59042394,31.274662,7.06404584e-03
68,27,2.65485693,32.031174,9.28251954e-03
69,27,2.71928993,32.713333,1.20008747e-02
70,27,2.78372276,33.274220,1.53003001e-02
71,27,2.84815576,33.286959,7.53101309e-07
72,27,2.91258876,32.821679,3.06448011e-07
73,27,2.97702175,33.263482,1.93545351e-02
74,27,3.04145475,32.521286,1.99024442e-03
75,27,3.10588775,33.152416,1.63788525e-03
76,27,3.17032058,33.709250,1.10267216e-03
77,27,3.23475363,34.152758,5.60976951e-04
78,27,3.29918661,34.443120,1.60320951e-04
79,27,3.36361957,34.511773,3.91185048e-06
80,27,3.36361957,34.511773,3.28251568e-05
81,27,3.41622887,34.524829,9.34162972e-05
82,27,3.46883817,34.444721,4.38562693e-05
83,27,3.52144747,34.317124,8.43221824e-04
84,27,3.57405686,34.147650,7.72623317e-04
85,27,3.62666598,33.943632,1.43784097e-03
86,27,3.67927530,33.715177,1.45525901e-03
87,27,3.73188462,33.503080,3.56218477e-04
88,27,3.78449394,33.412873,4.57423900e-05
89,27,3.83710326,33.235522,9.59286589e-05
90,27,3.88971258,32.979007,3.30887810e-04
91,27,3.94232191,32.738187,2.06585650e-04
92,27,3.99493123,32.525081,1.08444595e-03
93,27,4.04754055,32.344407,1.75835491e-03
94,27,4.10014987,32.195695,8.32109018e-04
95,27,4.15275899,32.079845,2.90887809e-04
96,27,4.20536831,32.004916,2.23396291e-04
97,27,4.25797763,31.957067,1.83638858e-04
98,27,4.31058696,31.935305,7.35716499e-05
99,27,4.36319628,31.928747,2.71769615e-06
0,28,0.00000000,34.511773,2.04042213e-05
1,28,0.06074799,34.460322,2.41909470e-05
2,28,0.12149598,34.198104,2.34764207e-05
3,28,0.18224397,33.803314,2.37992022e-05
4,28,0.24299205,33.295155,2.45610720e-05
5,28,0.30373983,32.684738,2.66688780e-05
6,28,0.36448784,32.325538,9.75614176e-03
7,28,0.42523585,32.777105,2.78188039e-03
8,28,0.48598386,33.695163,2.20853392e-04
9,28,0.54673188,34.612575,5.76336762e-04
10,28,0.60747989,34.650706,6.75192874e-05
11,28,0.66822790,34.856237,1.67743635e-02
12,28,0.72897591,35.042882,1.62271533e-02
13,28,0.78972392,35.105654,2.69479671e-03
14,28,0.85047193,34.723939,7.97861474e-04
15,28,0.91121971,34.390600,6.48946840e-04
16,28,0.97196773,34.109945,1.11647780e-03
17,28,1.03271574,33.897408,4.44045298e-04
18,28,1.09346375,33.764042,1.17585111e-04
19,28,1.15421176,33.792977,2.65625455e-05
20,28,1.15421176,33.792977,2.65631409e-05
21,28,1.18458576,34.018990,2.03478503e-04
22,28,1.21495976,34.264924,3.45810241e-04
23,28,1.24533376,34.495166,8.94384160e-04
24,28,1.27570776,34.547114,1.33859080e-05
25,28,1.30608176,34.170726,9.31037179e-05
26,28,1.33645576,33.735839,2.59433114e-04
27,28,1.36682976,33.272462,3.10241278e-04
28,28,1.39720381,32.786991,3.17915182e-04
29,28,1.42757781,32.303053,1.41676021e-04
30,28,1.45795159,31.878186,2.79217902e-04
31,28,1.48832560,31.806267,1.45561916e-03
32,28,1.51869960,31.875952,1.15130409e-03
33,28,1.54907361,31.972568,1.09620306e-03
34,28,1.57944761,32.073371,1.24221753e-03
35,28,1.60982162,32.166291,1.01993719e-03
36,28,1.64019563,32.245126,1.40773833e-03
37,28,1.67056963,32.305028,1.30022354e-03
38,28,1.70094364,32.351586,2.41511809e-03
39,28,1.73131764,32.373828,1.61540599e-03
40,28,1.73131764,32.373828,3.31435874e-03
41,28,1.75279515,32.329042,1.49577400e-02
42,28,1.77427297,32.269182,1.42784488e-02
43,28,1.79575048,32.214922,1.35309189e-02
44,28,1.81722830,32.159778,1.26946330e-02
45,28,1.83870581,32.104051,1.17678931e-02
46,28,1.86018364,31.986948,1.69297514e-04
47,28,1.88166114,31.831377,1.81870343e-04
48,28,1.90313897,31.665530,1.80334634e-04
49,28,1.92461647,31.519815,1.27898204e-04
50,28,1.94609430,31.568741,5.93093590e-06
51,28,1.96757180,31.903940,1.53926446e-05
52,28,1.98904963,32.304351,2.13548264e-05
53,28,2.01052713,32.605453,2.95351854e-04
54,28,2.03200496,32.883209,4.90920723e-05
55,28,2.05348246,33.181535,3.28558354e-06
56,28,2.07496029,33.495461,5.02087974e-05
57,28,2.09643779,33.807049,1.09436803e-04
58,28,2.11791562,34.101581,8.89684034e-05
59,28,2.13939312,34.276019,8.64002597e-09
60,28,2.13939312,34.276019,8.69177851e-09
61,28,2.20382612,34.238794,5.93334058e-08
62,28,2.26825912,34.101032,6.55633858e-08
63,28,2.33269211,33.991910,7.50532031e-08
64,28,2.39712495,33.913977,8.74811665e-08
65,28,2.46155794,33.883303,9.99595928e-08
66,28,2.52599094,33.882325,1.10391585e-07
67,28,2.59042394,33.452410,1.17755945e-02
68,28,2.65485693,33.113562,7.73999921e-03
69,28,2.71928993,33.196963,3.50916953e-03
70,28,2.78372276,33.709205,1.71944314e-03
71,28,2.84815576,33.638981,1.88174014e-02
72,28,2.91258876,33.667590,2.09418779e-02
73,28,2.97702175,33.794802,5.83890910e-08
74,28,3.04145475,34.257888,1.14843910e-07
75,28,3.10588775,34.377060,2.19916487e-07
76,28,3.17032058,34.457441,3.01393061e-07
77,28,3.23475363,34.509254,3.56138774e-07
78,28,3.29918661,34.538801,3.86647800e-07
79,28,3.36361957,34.511773,1.76722344e-05
80,28,3.36361957,34.511773,1.55330383e-05
81,28,3.41622887,34.524829,7.15096386e-05
82,28,3.46883817,34.444721,4.47991820e-04
83,28,3.52144747,34.317124,1.40314408e-04
84,28,3.57405686,34.147650,7.80122308e-04
85,28,3.62666598,33.943633,5.76352386e-04
86,28,3.67927530,33.715177,4.60107906e-04
87,28,3.73188462,33.503080,1.12376816e-04
88,28,3.78449394,33.412873,2.67421548e-04
89,28,3.83710326,33.235522,7.91205674e-06
90,28,3.88971258,32.979007,5.82891911e-04
91,28,3.94232191,32.738187,1.41379161e-03
92,28,3.99493123,32.525081,8.46591158e-04
93,28,4.04754055,32.344408,1.63636011e-04
94,28,4.10014987,32.195695,8.66650118e-04
95,28,4.15275899,32.079845,1.04079535e-03
96,28,4.20536831,32.004916,6.97917977e-04
97,28,4.25797763,31.957067,3.05688312e-04
98,28,4.31058696,31.935305,7.38984419e-05
99,28,4.36319628,31.928747,8.13733455e-06
0,29,0.00000000,37.687382,2.21368689e-07
1,29,0.06074799,37.755726,1.34596959e-06
2,29,0.12149598,37.521813,3.61735138e-05
3,29,0.18224397,36.703250,4.89429290e-05
4,29,0.24299205,35.753144,6.97506737e-05
5,29,0.30373983,34.730768,9.87224088e-05
6,29,0.36448784,33.670225,1.35710491e-04
7,29,0.42523585,33.023397,1.21262789e-02
8,29,0.48598386,33.695163,4.80565091e-03
9,29,0.54673188,34.612575,6.68653167e-03
10,29,0.60747989,35.486501,3.42805545e-03
11,29,0.66822790,35.868751,6.06581712e-03
12,29,0.72897591,35.516184,2.02638969e-03
13,29,0.78972392,35.105654,1.92798989e-05
14,29,0.85047193,34.744721,4.70228720e-05
15,29,0.91121971,34.861266,6.33907380e-05
16,29,0.97196773,34.942586,6.53555831e-05
17,29,1.03271574,34.887789,4.20635881e-05
18,29,1.09346375,34.537368,5.43750631e-06
19,29,1.15421176,33.792977,1.17742397e-08
20,29,1.15421176,33.792977,1.05548467e-08
21,29,1.18458576,34.018990,3.23108313e-05
22,29,1.21495976,34.264924,1.23729338e-05
23,29,1.24533376,34.495166,8.33514971e-07
24,29,1.27570776,34.547114,1.25536290e-02
25,29,1.30608176,34.170726,1.24784663e-02
26,29,1.33645576,33.735839,1.09075265e-02
27,29,1.36682976,33.272462,9.62590603e-03
28,29,1.39720381,32.786991,8.68113601e-03
29,29,1.42757781,32.303053,8.50458539e-03
30,29,1.45795159,31.878186,1.09880692e-02
31,29,1.48832560,31.806267,1.14785074e-02
32,29,1.51869960,31.875952,1.24063364e-02
33,29,1.54907361,31.972568,1.30602371e-02
34,29,1.57944761,32.073371,1.33970599e-02
35,29,1.60982162,32.166291,1.40156673e-02
36,29,1.64019563,32.245126,1.39388468e-02
37,29,1.67056963,32.305028,1.42683067e-02
38,29,1.70094364,32.351586,1.32489929e-02
39,29,1.73131764,32.373828,1.40341881e-02
40,29,1.73131764,32.373828,1.23352255e-02
41,29,1.75279515,32.387599,6.83078341e-05
42,29,1.77427297,32.366121,8.79714356e-05
43,29,1.79575048,32.315694,1.09420513e-04
44,29,1.81722830,32.233616,1.30937683e-04
45,29,1.83870581,32.122723,1.51381167e-04
46,29,1.86018364,32.050987,1.07161413e-02
47,29,1.88166114,32.006061,9.47931572e-03
48,29,1.90313897,31.979058,7.96077368e-03
49,29,1.92461647,31.984284,6.09941647e-03
50,29,1.94609430,32.041533,4.01106653e-03
51,29,1.96757180,32.168170,2.14851495e-03
52,29,1.98904963,32.361644,9.20147523e-04
53,29,2.01052713,32.708941,1.92127662e-05
54,29,2.03200496,33.108819,1.45818175e-05
55,29,2.05348246,33.490717,9.80819503e-06
56,29,2.07496029,33.844575,5.88688844e-06
57,29,2.09643779,34.139148,2.76151332e-06
58,29,2.11791562,34.343976,7.85522451e-07
59,29,2.13939312,34.419050,5.58159010e-08
60,29,2.13939312,34.419050,5.57681590e-08
61,29,2.20382612,34.454535,7.20911950e-09
62,29,2.26825912,34.657328,6.42268989e-09
63,29,2.33269211,34.702877,1.41868743e-02
64,29,2.39712495,34.606711,1.64184907e-02
65,29,2.46155794,34.337596,1.65117564e-02
66,29,2.52599094,33.920748,1.47058850e-02
67,29,2.59042394,33.899380,1.09569177e-07
68,29,2.65485693,33.929344,8.85279135e-08
69,29,2.71928993,33.939668,3.99849611e-08
70,29,2.78372276,33.898920,1.67729464e-09
71,29,2.84815576,33.860923,1.51710327e-08
72,29,2.91258876,33.928581,6.67577403e-09
73,29,2.97702175,34.098997,1.96042135e-08
74,29,3.04145475,34.866468,7.25572291e-08
75,29,3.10588775,35.892243,1.10230424e-07
76,29,3.17032058,36.823312,1.62032707e-07
77,29,3.23475363,37.598256,2.24066977e-07
78,29,3.29918661,37.762244,2.05104993e-06
79,29,3.36361957,37.687382,2.21590347e-07
80,29,3.36361957,37.687382,2.21775183e-07
81,29,3.41622887,37.738415,9.77022926e-07
82,29,3.46883817,37.863728,2.89263757e-06
83,29,3.52144747,37.509347,1.30191535e-03
84,29,3.57405686,36.912894,2.60325681e-03
85,29,3.62666598,36.194556,2.19573233e-03
86,29,3.67927530,35.419730,1.55628306e-03
87,29,3.73188462,34.690716,4.43202030e-05
88,29,3.78449394,34.194303,1.37043356e-03
89,29,3.83710326,34.072792,2.77232076e-04
90,29,3.88971258,34.019882,5.35187151e-03
91,29,3.94232191,33.875856,4.97826192e-03
92,29,3.99493123,33.666079,3.66299784e-03
93,29,4.04754055,33.425778,2.44165310e-03
94,29,4.10014987,33.190857,1.92248028e-03
95,29,4.15275899,32.967394,1.71225037e-03
96,29,4.20536831,32.773799,1.54451439e-03
97,29,4.25797763,32.617263,1.51992199e-03
98,29,4.31058696,32.513765,2.98546480e-04
99,29,4.36319628,32.473527,1.66483553e-03
0,30,0.00000000,38.292740,4.98621060e-05
1,30,0.06074799,38.108767,3.05634361e-05
2,30,0.12149598,37.908492,6.45026744e-05
3,30,0.18224397,37.837468,9.20172978e-04
4,30,0.24299205,37.212410,1.37618864e-03
5,30,0.30373983,36.516808,1.11124541e-03
6,30,0.36448784,35.910319,7.90907370e-04
7,30,0.42523585,35.428184,5.16248423e-04
8,30,0.48598386,35.065020,3.05509450e-04
9,30,0.54673188,34.809610,1.58169739e-04
10,30,0.60747989,35.486501,6.49600481e-03
11,30,0.66822790,35.868751,5.68147821e-04
12,30,0.72897591,35.516184,1.41058761e-03
13,30,0.78972392,35.169561,1.53405493e-02
14,30,0.85047193,35.244066,1.43112616e-02
15,30,0.91121971,35.298717,1.32442311e-02
16,30,0.97196773,35.334876,1.22216674e-02
17,30,1.03271574,35.368700,1.12573677e-02
18,30,1.09346375,35.406918,1.03596680e-02
19,30,1.15421176,35.454259,4.44858241e-05
20,30,1.15421176,35.454259,5.26270356e-05
21,30,1.18458576,35.391111,9.56379953e-06
22,30,1.21495976,35.211567,1.10826489e-04
23,30,1.24533376,34.943695,1.05343708e-04
24,30,1.27570776,34.765584,3.71153701e-04
25,30,1.30608176,34.953206,5.34235618e-05
26,30,1.33645576,35.154457,1.87102651e-04
27,30,1.36682976,35.354784,3.58377685e-04
28,30,1.39720381,35.551699,5.83749097e-04
29,30,1.42757781,35.749261,9.18907971e-04
30,30,1.45795159,35.949680,1.31259634e-03
31,30,1.48832560,36.147257,1.82699011e-03
32,30,1.51869960,36.336386,1.85779950e-03
33,30,1.54907361,36.492133,2.37792501e-03
34,30,1.57944761,36.549464,1.65729111e-03
35,30,1.60982162,36.499752,1.10384516e-03
36,30,1.64019563,36.427596,6.07922091e-04
37,30,1.67056963,36.366748,6.80233666e-05
38,30,1.70094364,36.329032,2.24041671e-05
39,30,1.73131764,36.318339,2.03661360e-04
40,30,1.73131764,36.318339,2.20733733e-06
41,30,1.75279515,36.184536,9.17902315e-04
42,30,1.77427297,36.041345,1.28181106e-03
43,30,1.79575048,35.896575,1.66946036e-03
44,30,1.81722830,35.753623,2.06146601e-03
45,30,1.83870581,35.614671,2.45435255e-03
46,30,1.86018364,35.481949,2.84338477e-03
47,30,1.88166114,35.357068,3.22414762e-03
48,30,1.90313897,35.241337,3.59370860e-03
49,30,1.92461647,35.135144,3.94307391e-03
50,30,1.94609430,35.038427,4.26945480e-03
51,30,1.96757180,34.952821,4.56502533e-03
52,30,1.98904963,34.877673,4.82411275e-03
53,30,2.01052713,34.812913,5.03985894e-03
54,30,2.03200496,34.758204,5.19988081e-03
55,30,2.05348246,34.713149,5.28227606e-03
56,30,2.07496029,34.677305,5.23249750e-03
57,30,2.09643779,34.647096,4.86200525e-03
58,30,2.11791562,34.611459,3.48021784e-03
59,30,2.13939312,34.561549,1.49104052e-03
60,30,2.13939312,34.561549,1.49107245e-03
61,30,2.20382612,34.590781,7.30735648e-03
62,30,2.26825912,34.667416,1.09636782e-02
63,30,2.33269211,34.880947,6.46550543e-09
64,30,2.39712495,35.116912,8.22939092e-09
65,30,2.46155794,35.359313,1.49683385e-08
66,30,2.52599094,35.572776,3.90930760e-08
67,30,2.59042394,35.662912,1.32185015e-07
68,30,2.65485693,35.431311,3.67172675e-07
69,30,2.71928993,34.837499,5.80970130e-07
70,30,2.78372276,34.069882,6.95327793e-07
71,30,2.84815576,34.381574,1.30227615e-03
72,30,2.91258876,35.087384,1.28225122e-03
73,30,2.97702175,35.727128,1.19858106e-06
74,30,3.04145475,36.435608,9.76906045e-07
75,30,3.10588775,37.044321,1.34958608e-03
76,30,3.17032058,37.566135,1.08694198e-03
77,30,3.23475363,37.933476,2.20405514e-05
78,30,3.29918661,38.133658,2.78807781e-07
79,30,3.36361957,38.292740,8.81141079e-05
80,30,3.36361957,38.292740,5.00097123e-05
81,30,3.41622887,38.233394,1.71292326e-04
82,30,3.46883817,37.953650,3.53979971e-04
83,30,3.52144747,37.509347,3.54224919e-04
84,30,3.57405686,36.912895,7.23164171e-05
85,30,3.62666598,36.194557,6.15829817e-04
86,30,3.67927530,35.419730,9.60472427e-05
87,30,3.73188462,34.690716,1.02402030e-04
88,30,3.78449394,34.194303,7.02601548e-04
89,30,3.83710326,34.072792,6.38869911e-03
90,30,3.88971258,34.019882,1.46356969e-03
91,30,3.94232191,33.875856,3.79716170e-04
92,30,3.99493123,33.666079,3.10431029e-04
93,30,4.04754055,33.425778,5.31614687e-04
94,30,4.10014987,33.190857,3.83086086e-04
95,30,4.15275899,32.967394,2.01350381e-04
96,30,4.20536831,32.773799,1.60081301e-04
97,30,4.25797763,32.617263,1.51564362e-04
98,30,4.31058696,32.513765,1.42742403e-03
99,30,4.36319628,32.473527,8.82352836e-05
0,31,0.00000000,38.292740,4.79957811e-05
1,31,0.06074799,38.297954,1.55527675e-04
2,31,0.12149598,38.203820,3.95430467e-04
3,31,0.18224397,38.059507,7.49198564e-04
4,31,0.24299205,37.877699,1.17413964e-03
5,31,0.30373983,37.671076,1.63583102e-03
6,31,0.36448784,37.450662,2.11320168e-03
7,31,0.42523585,37.225310,2.59530760e-03
8,31,0.48598386,37.001818,3.07970456e-03
9,31,0.54673188,36.785267,3.56383031e-03
10,31,0.60747989,36.579406,4.05317376e-03
11,31,0.66822790,36.387553,4.55234852e-03
12,31,0.72897591,36.210316,5.06398401e-03
13,31,0.78972392,36.049763,5.59485745e-03
14,31,0.85047193,35.906633,6.15018406e-03
15,31,0.91121971,35.782994,6.74431889e-03
16,31,0.97196773,35.679420,7.37821229e-03
17,31,1.03271574,35.588574,8.04334253e-03
18,31,1.09346375,35.514041,8.75768945e-03
19,31,1.15421176,35.454259,1.90111686e-02
20,31,1.15421176,35.454259,1.90031715e-02
21,31,1.18458576,35.391111,1.85458891e-02
22,31,1.21495976,35.211567,1.71027953e-02
23,31,1.24533376,34.943695,1.49725535e-02
24,31,1.27570776,34.765584,1.44744615e-03
25,31,1.30608176,34.953206,2.85484436e-04
26,31,1.33645576,35.154457,2.87511384e-04
27,31,1.36682976,35.354784,3.40388680e-04
28,31,1.39720381,35.551699,4.14465023e-04
29,31,1.42757781,35.749261,4.70982447e-04
30,31,1.45795159,35.949680,5.98778051e-04
31,31,1.48832560,36.147257,7.98799948e-04
32,31,1.51869960,36.336386,1.80285538e-03
33,31,1.54907361,36.492133,2.72273775e-03
34,31,1.57944761,36.549464,3.79543937e-03
35,31,1.60982162,36.499752,3.03061311e-03
36,31,1.64019563,36.427596,2.37200875e-03
37,31,1.67056963,36.366748,2.03374287e-03
38,31,1.70094364,36.329032,1.37802398e-03
39,31,1.73131764,36.318339,6.48305279e-04
40,31,1.73131764,36.318339,8.49783854e-04
41,31,1.75279515,36.447590,2.57519253e-04
42,31,1.77427297,36.579584,2.69771928e-04
43,31,1.79575048,36.698143,2.97950907e-04
44,31,1.81722830,36.781266,3.43591016e-04
45,31,1.83870581,36.808147,3.89885018e-04
46,31,1.86018364,36.781640,4.20071856e-04
47,31,1.88166114,36.721372,4.36060224e-04
48,31,1.90313897,36.645481,4.44909050e-04
49,31,1.92461647,36.564700,4.50824648e-04
50,31,1.94609430,36.484385,4.55528619e-04
51,31,1.96757180,36.410499,4.59564507e-04
52,31,1.98904963,36.343734,4.63195741e-04
53,31,2.01052713,36.284380,4.65874064e-04
54,31,2.03200496,36.115301,6.83404377e-03
55,31,2.05348246,35.834114,5.91190979e-03
56,31,2.07496029,35.540907,5.28852091e-03
57,31,2.09643779,35.244530,5.16709340e-03
58,31,2.11791562,34.976530,6.27894896e-03
59,31,2.13939312,34.849955,8.17531318e-03
60,31,2.13939312,34.849955,8.17534860e-03
61,31,2.20382612,35.135030,6.84608564e-03
62,31,2.26825912,35.513560,6.30972329e-03
63,31,2.33269211,35.916169,5.24459436e-03
64,31,2.39712495,36.340154,3.75186658e-03
65,31,2.46155794,36.764561,4.67987274e-04
66,31,2.52599094,36.887307,5.19224437e-07
67,31,2.59042394,36.320350,6.38218383e-07
68,31,2.65485693,35.792193,7.89147214e-07
69,31,2.71928993,35.355054,9.79009903e-07
70,31,2.78372276,35.092486,1.16513685e-06
71,31,2.84815576,35.064851,1.26934281e-06
72,31,2.91258876,35.269764,1.29545343e-06
73,31,2.97702175,35.782470,1.36787127e-03
74,31,3.04145475,36.439927,1.42595362e-03
75,31,3.10588775,37.316120,7.23325154e-07
76,31,3.17032058,38.107269,1.33374179e-04
77,31,3.23475363,37.974459,6.74248204e-04
78,31,3.29918661,38.237826,2.71485682e-04
79,31,3.36361957,38.292740,9.76672399e-06
80,31,3.36361957,38.292741,4.78836477e-05
81,31,3.41622887,38.233394,6.00342382e-05
82,31,3.46883817,37.953651,3.59207279e-04
83,31,3.52144747,38.018243,5.42222046e-06
84,31,3.57405686,38.169883,8.10833062e-06
85,31,3.62666598,38.098262,1.40114543e-03
86,31,3.67927530,37.711718,5.46294814e-05
87,31,3.73188462,37.459214,2.07514660e-05
88,31,3.78449394,37.402834,3.04991681e-04
89,31,3.83710326,37.612894,1.55437130e-03
90,31,3.88971258,37.383798,8.00431910e-06
91,31,3.94232191,36.509679,1.38467863e-05
92,31,3.99493123,35.678136,2.06583216e-05
93,31,4.04754055,34.934897,2.95946602e-05
94,31,4.10014987,34.330532,4.07523608e-05
95,31,4.15275899,33.897366,5.20335355e-05
96,31,4.20536831,33.641749,6.09863946e-05
97,31,4.25797763,33.524221,6.65201573e-05
98,31,4.31058696,33.481980,6.94601300e-05
99,31,4.36319628,33.473123,7.03584376e-05
0,32,0.00000000,40.168744,9.07041125e-03
1,32,0.06074799,39.864176,4.09317848e-03
2,32,0.12149598,39.187590,3.10513072e-03
3,32,0.18224397,38.724671,1.44101954e-03
4,32,0.24299205,38.904158,5.11631775e-04
5,32,0.30373983,39.283066,3.46801512e-04
6,32,0.36448784,39.130216,6.93553790e-04
7,32,0.42523585,38.425622,1.07936799e-04
8,32,0.48598386,37.779389,2.40954079e-04
9,32,0.54673188,37.193249,1.30725019e-04
10,32,0.60747989,36.701514,2.63803730e-04
11,32,0.66822790,36.737823,1.08606392e-04
12,32,0.72897591,37.506551,8.61385244e-04
13,32,0.78972392,38.309716,1.16785110e-02
14,32,0.85047193,39.010050,1.16808959e-02
15,32,0.91121971,38.740429,2.44998503e-04
16,32,0.97196773,38.395950,2.39926690e-04
17,32,1.03271574,38.081268,2.34061278e-04
18,32,1.09346375,37.841650,2.22473128e-04
19,32,1.15421176,37.762476,2.70910874e-04
20,32,1.15421176,37.762476,2.54336057e-04
21,32,1.18458576,37.786746,2.85164631e-04
22,32,1.21495976,37.858187,2.68316190e-04
23,32,1.24533376,37.972460,1.12009485e-04
24,32,1.27570776,38.117140,5.52896396e-07
25,32,1.30608176,38.257832,9.25471896e-06
26,32,1.33645576,38.276329,7.07900396e-04
27,32,1.36682976,38.106838,9.31748351e-04
28,32,1.39720381,37.881260,7.26407844e-04
29,32,1.42757781,37.654736,6.69264116e-04
30,32,1.45795159,37.441227,5.10978070e-04
31,32,1.48832560,37.248144,3.08919885e-04
32,32,1.51869960,37.082438,1.37889551e-03
33,32,1.54907361,36.972253,6.86222110e-05
34,32,1.57944761,36.980414,5.74787884e-04
35,32,1.60982162,37.105728,2.19963181e-03
36,32,1.64019563,37.260191,1.54515380e-05
37,32,1.67056963,37.397567,3.45617928e-04
38,32,1.70094364,37.493348,9.20925225e-04
39,32,1.73131764,37.531444,2.16491375e-03
40,32,1.73131764,37.531444,2.18934076e-03
41,32,1.75279515,37.482682,9.57598297e-03
42,32,1.77427297,37.447900,1.01533929e-02
43,32,1.79575048,37.420767,1.07360324e-02
44,32,1.81722830,37.396045,1.13054285e-02
45,32,1.83870581,37.368152,1.18266670e-02
46,32,1.86018364,37.331716,1.22448489e-02
47,32,1.88166114,37.280994,1.24875909e-02
48,32,1.90313897,37.207548,1.24659766e-02
49,32,1.92461647,37.109429,1.21150378e-02
50,32,1.94609430,36.977466,1.13919064e-02
51,32,1.96757180,36.811573,1.03733257e-02
52,32,1.98904963,36.610367,9.17734763e-03
53,32,2.01052713,36.375783,7.95206441e-03
54,32,2.03200496,36.234575,4.68727456e-04
55,32,2.05348246,36.193734,4.71130618e-04
56,32,2.07496029,36.162570,4.72546296e-04
57,32,2.09643779,36.139855,4.73807926e-04
58,32,2.11791562,36.126184,4.74517580e-04
59,32,2.13939312,36.121709,4.74967404e-04
60,32,2.13939312,36.121709,4.74967211e-04
61,32,2.20382612,36.319558,7.12697017e-04
62,32,2.26825912,36.490231,8.60219614e-04
63,32,2.33269211,36.590627,7.64120353e-04
64,32,2.39712495,36.660976,5.98727366e-04
65,32,2.46155794,36.794337,2.27050303e-03
66,32,2.52599094,36.924109,3.42404349e-04
67,32,2.59042394,37.145959,2.05550375e-04
68,32,2.65485693,37.427301,7.67479703e-05
69,32,2.71928993,37.532363,2.64770875e-07
70,32,2.78372276,37.849929,1.89896958e-07
71,32,2.84815576,38.269645,1.56371385e-07
72,32,2.91258876,38.106812,1.27093844e-03
73,32,2.97702175,37.959847,2.52710751e-05
74,32,3.04145475,38.069466,7.29653943e-04
75,32,3.10588775,38.178802,5.82036668e-04
76,32,3.17032058,38.265970,4.94445512e-07
77,32,3.23475363,39.177469,2.82060856e-07
78,32,3.29918661,39.895885,9.42448956e-08
79,32,3.36361957,40.168744,4.77059902e-03
80,32,3.36361957,40.168744,9.70463061e-03
81,32,3.41622887,40.047032,1.70026122e-02
82,32,3.46883817,39.663171,5.80534090e-03
83,32,3.52144747,39.135250,5.27885680e-03
84,32,3.57405686,38.585417,2.22709504e-03
85,32,3.62666598,38.098262,2.19643050e-03
86,32,3.67927530,37.711718,9.58606408e-04
87,32,3.73188462,37.459214,1.84675362e-06
88,32,3.78449394,37.402834,1.03379864e-03
89,32,3.83710326,37.612894,4.22614699e-03
90,32,3.88971258,38.094965,3.71851874e-03
91,32,3.94232191,37.937833,9.90822564e-06
92,32,3.99493123,37.675961,7.70096401e-06
93,32,4.04754055,37.288675,5.65295243e-08
94,32,4.10014987,36.915857,6.44461163e-08
95,32,4.15275899,36.594656,7.20801712e-08
96,32,4.20536831,36.332457,7.91990275e-08
97,32,4.25797763,36.137189,8.51227897e-08
98,32,4.31058696,36.016318,8.90708062e-08
99,32,4.36319628,35.974999,9.04730157e-08
0,33,0.00000000,40.168744,9.58673503e-03
1,33,0.06074799,40.168969,1.36832441e-02
2,33,0.12149598,40.117760,1.27427391e-02
3,33,0.18224397,40.049402,1.13127066e-02
4,33,0.24299205,39.984419,9.52892945e-03
5,33,0.30373983,39.893912,3.87643052e-04
6,33,0.36448784,39.130216,1.88311386e-04
7,33,0.42523585,38.425622,6.92246007e-04
8,33,0.48598386,37.779389,5.00627749e-04
9,33,0.54673188,37.193249,4.79159945e-04
10,33,0.60747989,36.701514,2.67678672e-05
11,33,0.66822790,36.737823,5.81425321e-03
12,33,0.72897591,37.506552,1.06243299e-02
13,33,0.78972392,38.309716,2.56039817e-03
14,33,0.85047193,39.010050,4.06927560e-03
15,33,0.91121971,39.293499,1.01761049e-04
16,33,0.97196773,39.203800,4.88667366e-05
17,33,1.03271574,38.628276,3.92377963e-05
18,33,1.09346375,37.992059,1.24860564e-04
19,33,1.15421176,37.762476,1.14412576e-04
20,33,1.15421176,37.762476,1.30966592e-04
21,33,1.18458576,37.786746,8.20678163e-05
22,33,1.21495976,37.858187,4.93351189e-05
23,33,1.24533376,37.972460,1.23334493e-04
24,33,1.27570776,38.117140,1.03457733e-04
25,33,1.30608176,38.257832,4.51193924e-05
26,33,1.33645576,38.276329,8.61874921e-04
27,33,1.36682976,38.106838,2.48667679e-03
28,33,1.39720381,37.881260,3.18807021e-03
29,33,1.42757781,37.654736,3.17581831e-03
30,33,1.45795159,37.441227,2.97872250e-03
31,33,1.48832560,37.248144,2.57638379e-03
32,33,1.51869960,37.082438,5.89734212e-04
33,33,1.54907361,36.972254,6.19049415e-04
34,33,1.57944761,36.980414,3.24282764e-06
35,33,1.60982162,37.105728,1.08329538e-04
36,33,1.64019563,37.260191,4.07915453e-03
37,33,1.67056963,37.397567,5.50914603e-03
38,33,1.70094364,37.493348,6.67907542e-03
39,33,1.73131764,37.531444,6.98769421e-03
40,33,1.73131764,37.531444,6.96329538e-03
41,33,1.75279515,37.568443,1.54982744e-04
42,33,1.77427297,37.581013,1.62286931e-04
43,33,1.79575048,37.587528,1.47604126e-04
44,33,1.81722830,37.619425,1.11341597e-04
45,33,1.83870581,37.702387,7.14167644e-05
46,33,1.86018364,37.837979,4.63718805e-05
47,33,1.88166114,38.008611,3.55731771e-05
48,33,1.90313897,38.196230,3.23624750e-05
49,33,1.92461647,38.387360,3.21948144e-05
50,33,1.94609430,38.572547,3.22984362e-05
51,33,1.96757180,38.730146,2.87370718e-05
52,33,1.98904963,38.821464,1.74630346e-05
53,33,2.01052713,38.745516,2.78918842e-06
54,33,2.03200496,38.485115,5.80016619e-08
55,33,2.05348246,38.156514,2.84629002e-07
56,33,2.07496029,37.830534,3.32431670e-07
57,33,2.09643779,37.547394,4.04029716e-07
58,33,2.11791562,37.347907,7.09640253e-07
59,33,2.13939312,37.274717,1.09099614e-06
60,33,2.13939312,37.274717,1.09087415e-06
61,33,2.20382612,37.107432,1.13215201e-05
62,33,2.26825912,37.056260,1.14227278e-04
63,33,2.33269211,37.160875,4.36133404e-04
64,33,2.39712495,37.389491,7.70056898e-04
65,33,2.46155794,37.461609,4.24613276e-07
66,33,2.52599094,37.289841,1.16385426e-03
67,33,2.59042394,37.735316,6.15202069e-07
68,33,2.65485693,37.429798,4.30817893e-07
69,33,2.71928993,37.756346,1.50753455e-05
70,33,2.78372276,38.109365,1.35233293e-04
71,33,2.84815576,38.438250,1.29116520e-03
72,33,2.91258876,38.712832,8.00517403e-04
73,33,2.97702175,38.854946,1.73835218e-03
74,33,3.04145475,38.915315,3.28537722e-03
75,33,3.10588775,39.051007,6.57091904e-03
76,33,3.17032058,39.376233,1.05933236e-02
77,33,3.23475363,39.766229,1.43637819e-02
78,33,3.29918661,40.071600,1.74522643e-02
79,33,3.36361957,40.168744,1.38864231e-02
80,33,3.36361957,40.168744,8.95252187e-03
81,33,3.41622887,40.047032,1.00003624e-03
82,33,3.46883817,39.663171,9.95595227e-03
83,33,3.52144747,39.135250,6.70163292e-03
84,33,3.57405686,38.585417,5.26908396e-03
85,33,3.62666598,38.300205,1.04429364e-05
86,33,3.67927530,38.389770,1.19216216e-05
87,33,3.73188462,38.422865,1.19142579e-05
88,33,3.78449394,38.382042,9.48655595e-06
89,33,3.83710326,38.166405,1.15028659e-07
90,33,3.88971258,38.094965,8.78403318e-03
91,33,3.94232191,38.165362,4.19573719e-08
92,33,3.99493123,37.706896,4.90796051e-08
93,33,4.04754055,37.394430,6.06182056e-06
94,33,4.10014987,37.110292,4.76685201e-06
95,33,4.15275899,36.837528,3.58758381e-06
96,33,4.20536831,36.593709,2.44058452e-06
97,33,4.25797763,36.397027,1.33762041e-06
98,33,4.31058696,36.267800,4.65552096e-07
99,33,4.36319628,36.222245,1.23443165e-07
0,34,0.00000000,41.694681,9.85748271e-07
1,34,0.06074799,41.687792,1.21247456e-04
2,34,0.12149598,41.641482,1.33387875e-04
3,34,0.18224397,41.552269,4.39605560e-04
4,34,0.24299205,40.712203,5.56248656e-04
5,34,0.30373983,39.893913,6.30198511e-04
6,34,0.36448784,39.694328,3.08267693e-04
7,34,0.42523585,40.069312,3.30137121e-03
8,34,0.48598386,40.290964,1.51842598e-03
9,34,0.54673188,40.421484,4.32599369e-05
10,34,0.60747989,40.168790,5.18539966e-05
11,34,0.66822790,39.942439,1.23206139e-05
12,34,0.72897591,39.724529,2.57661922e-04
13,34,0.78972392,39.418373,2.54858991e-04
14,34,0.85047193,39.086730,2.49833445e-04
15,34,0.91121971,39.293499,3.26404494e-04
16,34,0.97196773,39.203801,8.48823468e-06
17,34,1.03271574,39.137316,1.05455408e-05
18,34,1.09346375,39.097360,2.23343106e-06
19,34,1.15421176,39.084028,1.57818288e-06
20,34,1.15421176,39.084028,1.50408508e-06
21,34,1.18458576,39.128412,6.07148366e-06
22,34,1.21495976,39.243603,3.22137055e-04
23,34,1.24533376,39.321831,9.74249744e-04
24,34,1.27570776,39.143750,2.10425207e-03
25,34,1.30608176,38.916647,1.34026293e-04
26,34,1.33645576,38.841835,2.00989858e-04
27,34,1.36682976,38.990383,2.19479567e-04
28,34,1.39720381,39.223687,3.08547975e-04
29,34,1.42757781,39.477470,5.29134120e-04
30,34,1.45795159,39.725841,7.74295389e-04
31,34,1.48832560,39.941008,1.10217654e-03
32,34,1.51869960,40.094752,7.59044030e-04
33,34,1.54907361,40.176147,1.24289139e-03
34,34,1.57944761,40.178843,3.59316362e-03
35,34,1.60982162,40.115924,3.22150120e-03
36,34,1.64019563,40.019094,5.21205471e-03
37,34,1.67056963,39.918996,3.22578696e-03
38,34,1.70094364,39.845074,4.00795368e-03
39,34,1.73131764,39.831247,2.53348545e-03
40,34,1.73131764,39.831247,3.30854288e-03
41,34,1.75279515,39.819584,3.47533503e-03
42,34,1.77427297,39.792522,2.96223987e-03
43,34,1.79575048,39.744394,2.34660280e-03
44,34,1.81722830,39.681002,1.67635289e-03
45,34,1.83870581,39.598009,1.01481365e-03
46,34,1.86018364,39.497159,4.50901663e-04
47,34,1.88166114,39.382449,8.84576805e-05
48,34,1.90313897,39.259953,3.22850248e-05
49,34,1.92461647,39.137917,3.61597689e-04
50,34,1.94609430,39.021195,1.10542953e-03
51,34,1.96757180,38.922275,2.17623561e-03
52,34,1.98904963,38.841131,3.44210682e-03
53,34,2.01052713,38.780275,4.73814982e-03
54,34,2.03200496,38.732751,5.94124403e-03
55,34,2.05348246,38.698687,6.96779633e-03
56,34,2.07496029,38.675557,7.77800056e-03
57,34,2.09643779,38.660448,8.35693686e-03
58,34,2.11791562,38.652052,8.70242953e-03
59,34,2.13939312,38.649451,8.81550579e-03
60,34,2.13939312,38.649451,8.81546933e-03
61,34,2.20382612,38.502458,7.87261525e-03
62,34,2.26825912,38.232441,5.56388958e-03
63,34,2.33269211,37.933888,2.70183023e-03
64,34,2.39712495,37.735710,5.39718966e-04
65,34,2.46155794,37.684276,9.77351171e-04
66,34,2.52599094,37.877340,6.87112698e-04
67,34,2.59042394,37.832214,6.11993103e-04
68,34,2.65485693,38.389257,1.11342740e-03
69,34,2.71928993,38.833874,2.14826791e-03
70,34,2.78372276,39.172404,3.60679288e-03
71,34,2.84815576,38.598883,3.76544524e-03
72,34,2.91258876,38.754485,1.37098568e-07
73,34,2.97702175,39.291579,1.20950086e-07
74,34,3.04145475,39.871717,1.00375852e-07
75,34,3.10588775,40.486018,7.04423467e-08
76,34,3.17032058,41.081896,3.47579591e-08
77,34,3.23475363,41.520050,7.49317431e-09
78,34,3.29918661,41.682386,3.61773637e-09
79,34,3.36361957,41.694681,1.86668161e-05
80,34,3.36361957,41.694681,7.60269184e-05
81,34,3.41622887,41.706912,6.27775232e-04
82,34,3.46883817,41.690228,2.19232718e-04
83,34,3.52144747,41.611560,3.77604500e-04
84,34,3.57405686,41.482661,2.10158578e-04
85,34,3.62666598,41.279020,5.40665296e-06
86,34,3.67927530,40.719730,7.33488228e-06
87,34,3.73188462,40.018444,9.01512025e-06
88,34,3.78449394,39.216854,1.18031983e-05
89,34,3.83710326,38.453795,2.10309293e-05
90,34,3.88971258,38.169403,1.35131789e-05
91,34,3.94232191,38.765785,6.81973915e-03
92,34,3.99493123,39.509117,1.91309516e-02
93,34,4.04754055,40.137266,3.82814410e-03
94,34,4.10014987,40.354583,1.31608603e-03
95,34,4.15275899,40.382208,1.76247490e-03
96,34,4.20536831,40.382192,4.33944701e-04
97,34,4.25797763,40.377367,4.44779676e-03
98,34,4.31058696,40.373685,9.61481682e-03
99,34,4.36319628,40.371869,2.76029449e-03
0,35,0.00000000,41.694681,6.62255831e-04
1,35,0.06074799,41.742891,4.69866661e-04
2,35,0.12149598,41.833660,3.24519830e-04
3,35,0.18224397,41.552269,7.40457269e-04
4,35,0.24299205,40.712203,6.31171226e-04
5,35,0.30373983,39.947205,7.51279430e-03
6,35,0.36448784,39.965335,5.38171386e-03
7,35,0.42523585,40.098219,3.05787133e-04
8,35,0.48598386,40.461687,3.15240875e-04
9,35,0.54673188,40.421484,6.85157208e-05
10,35,0.60747989,40.168790,2.22433983e-05
11,35,0.66822790,39.942439,3.19744282e-05
12,35,0.72897591,39.741761,9.95307720e-07
13,35,0.78972392,39.568965,4.37464460e-06
14,35,0.85047193,39.424342,1.00789384e-05
15,35,0.91121971,39.579322,1.13691496e-02
16,35,0.97196773,39.521156,1.13372878e-05
17,35,1.03271574,39.137316,6.84723476e-06
18,35,1.09346375,39.097360,2.76370938e-06
19,35,1.15421176,39.084028,1.35066423e-07
20,35,1.15421176,39.084028,2.10439146e-07
21,35,1.18458576,39.128412,5.02844921e-04
22,35,1.21495976,39.243603,1.74405472e-03
23,35,1.24533376,39.321831,4.89293100e-03
24,35,1.27570776,39.143750,5.67317846e-03
25,35,1.30608176,38.916647,7.48524577e-03
26,35,1.33645576,38.841835,5.68685881e-03
27,35,1.36682976,38.990383,3.89748687e-03
28,35,1.39720381,39.223687,3.47339814e-03
29,35,1.42757781,39.477470,3.62662550e-03
30,35,1.45795159,39.725841,4.26935125e-03
31,35,1.48832560,39.941008,5.38510058e-03
32,35,1.51869960,40.094753,7.68740119e-03
33,35,1.54907361,40.176147,9.20053545e-03
34,35,1.57944761,40.178843,8.20426428e-03
35,35,1.60982162,40.115924,8.81048575e-03
36,35,1.64019563,40.019094,5.94077901e-03
37,35,1.67056963,39.918996,6.18765988e-03
38,35,1.70094364,39.845074,3.14744580e-03
39,35,1.73131764,39.831247,2.21559249e-03
40,35,1.73131764,39.831247,1.44060116e-03
41,35,1.75279515,39.848874,7.87699263e-04
42,35,1.77427297,39.932085,7.05618986e-04
43,35,1.79575048,40.061167,6.34568571e-04
44,35,1.81722830,40.224797,5.75365768e-04
45,35,1.83870581,40.406233,5.20906348e-04
46,35,1.86018364,40.584061,4.59404827e-04
47,35,1.88166114,40.718355,3.67955827e-04
48,35,1.90313897,40.734326,2.32609148e-04
49,35,1.92461647,40.571619,1.20211847e-04
50,35,1.94609430,40.281533,7.06809253e-05
51,35,1.96757180,39.956151,5.48732513e-05
52,35,1.98904963,39.661028,5.56785522e-05
53,35,2.01052713,39.507896,6.02558294e-05
54,35,2.03200496,39.528382,5.21420430e-05
55,35,2.05348246,39.611056,3.91218275e-05
56,35,2.07496029,39.699871,2.52340151e-05
57,35,2.09643779,39.769206,1.25864777e-05
58,35,2.11791562,39.813594,3.49887197e-06
59,35,2.13939312,39.834394,9.49474461e-08
60,35,2.13939312,39.834394,9.50061252e-08
61,35,2.20382612,39.464423,1.45825422e-07
62,35,2.26825912,39.040571,2.05176878e-07
63,35,2.33269211,38.559585,2.70614128e-07
64,35,2.39712495,38.013338,3.43056513e-07
65,35,2.46155794,37.721694,4.06600046e-05
66,35,2.52599094,38.014582,1.06068433e-03
67,35,2.59042394,38.154913,1.44907954e-03
68,35,2.65485693,38.547172,1.32819973e-03
69,35,2.71928993,39.091398,1.49298690e-04
70,35,2.78372276,39.249757,2.33864276e-03
71,35,2.84815576,39.673780,2.36517174e-03
72,35,2.91258876,40.102858,2.36343144e-03
73,35,2.97702175,40.531605,2.40070431e-03
74,35,3.04145475,40.951361,2.51173870e-03
75,35,3.10588775,41.352772,2.65347170e-03
76,35,3.17032058,41.675555,2.37500172e-03
77,35,3.23475363,41.784605,1.14185865e-03
78,35,3.29918661,41.736733,4.00267704e-04
79,35,3.36361957,41.694681,6.92093321e-04
80,35,3.36361957,41.694681,5.34889149e-04
81,35,3.41622887,41.706912,9.99733470e-05
82,35,3.46883817,41.690230,4.26901302e-04
83,35,3.52144747,41.611560,7.11401767e-05
84,35,3.57405686,41.482661,9.70531598e-05
85,35,3.62666598,41.335423,8.03468913e-05
86,35,3.67927530,40.942045,1.53916192e-08
87,35,3.73188462,40.330570,1.95452494e-08
88,35,3.78449394,39.744998,2.42658370e-08
89,35,3.83710326,39.187376,2.95190996e-08
90,35,3.88971258,38.659946,3.55822430e-08
91,35,3.94232191,38.765785,1.28516788e-02
92,35,3.99493123,39.509117,7.08760489e-03
93,35,4.04754055,40.137267,2.32697516e-02
94,35,4.10014987,40.354583,1.47474181e-02
95,35,4.15275899,40.382208,1.05159403e-02
96,35,4.20536831,40.382192,1.09008741e-02
97,35,4.25797763,40.377367,6.68691466e-03
98,35,4.31058696,40.373685,1.52415296e-03
99,35,4.36319628,40.371869,8.40243245e-03
0,36,0.00000000,41.694682,5.36243985e-05
1,36,0.06074799,41.742891,1.56919500e-04
2,36,0.12149598,41.833664,3.32568083e-04
3,36,0.18224397,41.555752,1.48002369e-04
4,36,0.24299205,41.433946,1.63570216e-04
5,36,0.30373983,41.283300,1.79671430e-04
6,36,0.36448784,41.110093,1.95888693e-04
7,36,0.42523585,40.919768,2.11879856e-04
8,36,0.48598386,40.698686,2.58650941e-05
9,36,0.54673188,40.497869,2.39290832e-04
10,36,0.60747989,40.265068,2.48849482e-04
11,36,0.66822790,40.003347,2.56295524e-04
12,36,0.72897591,39.741761,1.95911314e-05
13,36,0.78972392,39.568965,1.45978781e-06
14,36,0.85047193,39.424342,8.81138029e-05
15,36,0.91121971,39.579322,4.23670428e-03
16,36,0.97196773,39.936509,2.88139011e-03
17,36,1.03271574,40.142125,1.15067084e-02
18,36,1.09346375,40.242470,4.15195703e-03
19,36,1.15421176,40.271838,9.34364557e-03
20,36,1.15421176,40.271838,4.35401926e-03
21,36,1.18458576,40.143634,4.76256685e-03
22,36,1.21495976,39.884896,5.49913030e-03
23,36,1.24533376,39.698424,4.71994170e-03
24,36,1.27570776,39.826880,2.00150897e-03
25,36,1.30608176,40.087796,2.33959586e-03
26,36,1.33645576,40.383734,2.65730644e-03
27,36,1.36682976,40.693361,3.02680275e-03
28,36,1.39720381,41.008183,3.90214617e-03
29,36,1.42757781,41.318273,1.63482434e-03
30,36,1.45795159,41.610784,2.22984225e-03
31,36,1.48832560,41.855345,6.95074352e-04
32,36,1.51869960,42.021060,5.47047974e-03
33,36,1.54907361,42.142113,4.77034384e-03
34,36,1.57944761,42.270632,3.64531264e-03
35,36,1.60982162,42.416963,1.20744599e-03
36,36,1.64019563,42.566680,3.86721166e-04
37,36,1.67056963,42.694847,7.58371626e-04
38,36,1.70094364,42.781184,1.09564251e-03
39,36,1.73131764,42.813245,1.53850212e-03
40,36,1.73131764,42.813245,1.58699808e-03
41,36,1.75279515,42.774663,1.92816784e-04
42,36,1.77427297,42.724202,5.11082853e-04
43,36,1.79575048,42.664647,9.48055626e-04
44,36,1.81722830,42.601608,1.46607772e-03
45,36,1.83870581,42.436645,5.17797014e-04
46,36,1.86018364,42.208539,3.71048945e-04
47,36,1.88166114,41.991691,3.54192021e-04
48,36,1.90313897,41.874665,4.44466193e-04
49,36,1.92461647,41.922994,5.59780674e-04
50,36,1.94609430,42.087437,6.74420437e-04
51,36,1.96757180,42.294771,8.71035110e-04
52,36,1.98904963,42.414592,3.96378734e-03
53,36,2.01052713,42.444002,3.90525526e-03
54,36,2.03200496,42.477001,3.81375141e-03
55,36,2.05348246,42.512976,3.70920087e-03
56,36,2.07496029,42.549706,3.60791819e-03
57,36,2.09643779,42.580065,3.53044930e-03
58,36,2.11791562,42.577504,2.40613848e-03
59,36,2.13939312,42.573228,2.41167231e-03
60,36,2.13939312,42.573228,2.41158130e-03
61,36,2.20382612,42.715409,3.40993099e-07
62,36,2.26825912,41.884461,4.11228969e-07
63,36,2.33269211,41.013420,4.83374619e-07
64,36,2.39712495,40.099075,5.47712217e-07
65,36,2.46155794,39.226011,6.09961359e-07
66,36,2.52599094,38.403040,6.50854090e-07
67,36,2.59042394,38.369025,1.01165487e-03
68,36,2.65485693,38.737805,7.54317852e-04
69,36,2.71928993,39.147932,6.33380725e-04
70,36,2.78372276,39.747295,9.43064034e-03
71,36,2.84815576,39.979162,2.88653860e-03
72,36,2.91258876,40.333909,1.37348284e-03
73,36,2.97702175,40.729347,5.49028015e-04
74,36,3.04145475,41.151991,1.22287024e-04
75,36,3.10588775,41.555182,3.10074492e-06
76,36,3.17032058,41.815864,6.48553950e-05
77,36,3.23475363,41.836908,1.43720239e-04
78,36,3.29918661,41.745777,3.18629484e-04
79,36,3.36361957,41.694682,6.20166846e-06
80,36,3.36361957,41.694684,1.05990217e-04
81,36,3.41622887,41.736836,7.28754438e-08
82,36,3.46883817,41.810882,3.04960844e-07
83,36,3.52144747,41.829885,1.12673912e-06
84,36,3.57405686,41.663372,3.07454704e-06
85,36,3.62666598,41.335423,1.88333445e-04
86,36,3.67927530,41.189897,9.70413767e-06
87,36,3.73188462,41.055813,8.72923865e-05
88,36,3.78449394,40.937448,4.58950162e-04
89,36,3.83710326,40.836659,6.58362923e-04
90,36,3.88971258,40.755278,1.46838556e-04
91,36,3.94232191,40.697690,9.39874218e-05
92,36,3.99493123,40.682117,5.43909249e-05
93,36,4.04754055,40.810974,6.75392559e-04
94,36,4.10014987,41.290111,9.80230399e-03
95,36,4.15275899,41.757432,1.11082249e-02
96,36,4.20536831,42.024924,2.55647010e-04
97,36,4.25797763,42.140962,2.44576676e-04
98,36,4.31058696,42.186208,6.71109901e-05
99,36,4.36319628,42.196188,1.52803913e-05
0,37,0.00000000,43.459501,1.30727189e-06
1,37,0.06074799,43.154709,8.18232738e-04
2,37,0.12149598,42.467361,1.10806511e-03
3,37,0.18224397,41.980951,9.47011814e-04
4,37,0.24299205,41.879552,3.61661513e-05
5,37,0.30373983,41.624510,1.74796237e-04
6,37,0.36448784,41.311844,2.62987371e-04
7,37,0.42523585,40.997278,5.12626331e-05
8,37,0.48598386,40.698686,1.33307779e-04
9,37,0.54673188,40.657420,3.48059028e-04
10,37,0.60747989,40.958696,3.32226332e-04
11,37,0.66822790,41.069647,3.30039879e-04
12,37,0.72897591,41.079092,3.18794968e-04
13,37,0.78972392,40.995298,2.89735140e-04
14,37,0.85047193,40.779983,2.23731372e-04
15,37,0.91121971,40.317027,9.80740908e-05
16,37,0.97196773,39.936509,1.21188298e-02
17,37,1.03271574,40.142126,2.16825254e-03
18,37,1.09346375,40.242470,8.52828304e-03
19,37,1.15421176,40.271838,2.98677219e-03
20,37,1.15421176,40.271838,7.97620577e-03
21,37,1.18458576,40.143634,5.89467807e-03
22,37,1.21495976,39.884896,2.80213335e-03
23,37,1.24533376,39.698424,1.02360306e-04
24,37,1.27570776,39.826880,1.71710194e-03
25,37,1.30608176,40.087796,2.35554561e-03
26,37,1.33645576,40.383734,2.99088796e-03
27,37,1.36682976,40.693361,3.41424000e-03
28,37,1.39720381,41.008183,3.21005907e-03
29,37,1.42757781,41.318273,6.09973811e-03
30,37,1.45795159,41.610784,6.22653165e-03
31,37,1.48832560,41.855345,8.80460269e-03
32,37,1.51869960,42.021062,4.57897860e-03
33,37,1.54907361,42.142113,4.04675683e-03
34,37,1.57944761,42.270632,3.12277900e-03
35,37,1.60982162,42.416963,3.79448290e-03
36,37,1.64019563,42.566681,3.39671864e-03
37,37,1.67056963,42.694848,2.21359106e-03
38,37,1.70094364,42.781184,1.29140648e-03
39,37,1.73131764,42.813245,3.78745713e-04
40,37,1.73131764,42.813245,3.30425381e-04
41,37,1.75279515,42.829057,1.71903298e-03
42,37,1.77427297,42.811606,1.47569122e-03
43,37,1.79575048,42.747601,1.15374480e-03
44,37,1.81722830,42.623853,7.99505943e-04
45,37,1.83870581,42.540179,2.01925238e-03
46,37,1.86018364,42.485295,2.55924245e-03
47,37,1.88166114,42.440810,3.04102799e-03
48,37,1.90313897,42.408365,3.43464135e-03
49,37,1.92461647,42.390627,3.71761768e-03
50,37,1.94609430,42.388240,3.88688834e-03
51,37,1.96757180,42.396125,3.96465303e-03
52,37,1.98904963,42.489069,1.28436317e-03
53,37,2.01052713,42.610575,1.85664665e-03
54,37,2.03200496,42.646447,2.18982456e-03
55,37,2.05348246,42.637796,2.31018071e-03
56,37,2.07496029,42.615545,2.36174354e-03
57,37,2.09643779,42.593208,2.38995348e-03
58,37,2.11791562,42.600918,3.48325671e-03
59,37,2.13939312,42.608410,3.46797393e-03
60,37,2.13939312,42.608410,3.46841800e-03
61,37,2.20382612,42.899903,7.31486656e-03
62,37,2.26825912,43.146798,7.52116748e-03
63,37,2.33269211,43.072091,1.00370831e-02
64,37,2.39712495,42.848127,1.24464548e-02
65,37,2.46155794,42.526377,1.47010387e-02
66,37,2.52599094,42.102683,1.66308533e-02
67,37,2.59042394,41.572417,1.79554406e-02
68,37,2.65485693,40.944610,1.81729457e-02
69,37,2.71928993,40.240760,1.68965990e-02
70,37,2.78372276,39.846683,7.99165770e-04
71,37,2.84815576,40.572298,1.12274543e-03
72,37,2.91258876,41.273705,1.44190405e-03
73,37,2.97702175,41.860485,1.52707118e-03
74,37,3.04145475,42.236605,1.08569250e-03
75,37,3.10588775,42.400333,3.12411119e-04
76,37,3.17032058,42.487425,9.62424103e-05
77,37,3.23475363,42.737740,1.11018858e-03
78,37,3.29918661,43.168488,1.26981549e-03
79,37,3.36361957,43.459501,2.98141049e-06
80,37,3.36361957,43.459501,4.31348133e-06
81,37,3.41622887,43.314191,6.11061433e-07
82,37,3.46883817,43.064564,1.00621838e-06
83,37,3.52144747,42.871380,1.45386700e-06
84,37,3.57405686,42.233250,8.63347707e-09
85,37,3.62666598,41.577239,1.20410625e-08
86,37,3.67927530,41.189897,2.98682271e-04
87,37,3.73188462,41.055813,3.20437635e-04
88,37,3.78449394,40.937448,9.19170907e-05
89,37,3.83710326,40.836659,4.31303002e-05
90,37,3.88971258,40.755278,6.36258007e-04
91,37,3.94232191,40.697690,5.40287874e-04
92,37,3.99493123,40.682117,2.63424419e-05
93,37,4.04754055,40.810975,2.44335224e-03
94,37,4.10014987,41.290112,4.13046253e-03
95,37,4.15275899,41.757432,1.02814882e-03
96,37,4.20536831,42.024924,6.11321177e-03
97,37,4.25797763,42.140962,2.23738034e-03
98,37,4.31058696,42.186208,5.19986216e-04
99,37,4.36319628,42.196188,1.13694958e-06
0,38,0.00000000,43.459506,5.14564252e-06
1,38,0.06074799,43.154710,6.40085524e-05
2,38,0.12149598,42.467364,5.32007966e-04
3,38,0.18224397,41.980951,1.98392207e-04
4,38,0.24299205,41.879553,6.91596969e-04
5,38,0.30373983,41.624511,2.79410339e-04
6,38,0.36448784,41.311844,4.57826321e-05
7,38,0.42523585,40.997278,1.69989350e-04
8,38,0.48598386,40.715535,2.26300407e-04
9,38,0.54673188,40.755001,3.25814554e-04
10,38,0.60747989,41.181287,1.04020442e-05
11,38,0.66822790,41.855937,4.83653211e-04
12,38,0.72897591,42.422839,1.60165719e-04
13,38,0.78972392,42.061062,1.85106543e-04
14,38,0.85047193,41.772938,2.13998681e-04
15,38,0.91121971,41.558036,2.44264255e-04
16,38,0.97196773,41.408736,2.71842736e-04
17,38,1.03271574,41.318848,2.95764855e-04
18,38,1.09346375,41.281737,3.15587973e-04
19,38,1.15421176,41.293846,2.06574063e-04
20,38,1.15421176,41.293846,3.65976451e-04
21,38,1.18458576,41.430173,3.41446925e-04
22,38,1.21495976,41.717965,2.08764005e-03
23,38,1.24533376,42.029580,7.10445122e-03
24,38,1.27570776,42.304499,3.60685335e-03
25,38,1.30608176,42.507870,1.05951816e-02
26,38,1.33645576,42.625710,1.62513815e-02
27,38,1.36682976,42.659282,7.02263379e-03
28,38,1.39720381,42.641645,1.15012192e-02
29,38,1.42757781,42.596749,4.82637830e-03
30,38,1.45795159,42.558735,1.54597168e-02
31,38,1.48832560,42.573253,1.59551321e-02
32,38,1.51869960,42.692545,2.93126341e-03
33,38,1.54907361,42.909646,2.93907641e-03
34,38,1.57944761,43.174411,7.53252484e-03
35,38,1.60982162,43.425910,2.38446189e-03
36,38,1.64019563,43.658135,3.42468412e-04
37,38,1.67056963,43.847466,2.65908225e-03
38,38,1.70094364,43.974090,3.89390683e-03
39,38,1.73131764,44.024680,2.61520709e-03
40,38,1.73131764,44.024680,3.92012674e-03
41,38,1.75279515,43.909468,8.04552033e-04
42,38,1.77427297,43.774251,9.89563072e-04
43,38,1.79575048,43.628002,1.24405306e-03
44,38,1.81722830,43.494343,1.54265363e-03
45,38,1.83870581,43.387420,1.77800615e-03
46,38,1.86018364,43.306763,1.90080818e-03
47,38,1.88166114,43.243249,1.93818140e-03
48,38,1.90313897,43.189705,1.92450015e-03
49,38,1.92461647,43.142419,1.87527382e-03
50,38,1.94609430,43.104022,1.77789760e-03
51,38,1.96757180,43.081220,1.57878791e-03
52,38,1.98904963,43.100128,1.16492805e-03
53,38,2.01052713,43.205275,5.85406293e-04
54,38,2.03200496,43.406528,2.53724259e-04
55,38,2.05348246,43.603095,3.38062753e-06
56,38,2.07496029,43.543165,2.68162963e-06
57,38,2.09643779,43.491592,2.75698794e-06
58,38,2.11791562,43.458008,1.44313801e-06
59,38,2.13939312,43.448306,2.60998111e-07
60,38,2.13939312,43.448306,2.64079508e-07
61,38,2.20382612,43.009387,4.90615502e-03
62,38,2.26825912,43.369392,1.17429177e-02
63,38,2.33269211,43.875435,1.54098501e-02
64,38,2.39712495,44.318381,1.72848054e-02
65,38,2.46155794,44.189354,5.41141387e-08
66,38,2.52599094,43.629951,5.80224327e-08
67,38,2.59042394,43.153484,6.46919660e-08
68,38,2.65485693,42.763925,7.23054611e-08
69,38,2.71928993,42.462367,7.90928612e-08
70,38,2.78372276,42.249839,8.63189845e-08
71,38,2.84815576,42.127588,9.16973864e-08
72,38,2.91258876,42.092505,9.74519868e-08
73,38,2.97702175,42.143841,1.05838085e-07
74,38,3.04145475,42.278522,1.18000258e-07
75,38,3.10588775,42.493001,1.33622938e-07
76,38,3.17032058,42.778783,1.73302142e-07
77,38,3.23475363,43.109981,2.77212001e-07
78,38,3.29918661,43.353191,7.10162291e-04
79,38,3.36361957,43.459504,6.43090006e-07
80,38,3.36361957,43.459510,3.57060085e-07
81,38,3.41622887,43.378166,5.63167741e-05
82,38,3.46883817,43.289824,1.62799424e-05
83,38,3.52144747,42.904913,4.49999101e-09
84,38,3.57405686,42.824320,1.39090206e-06
85,38,3.62666598,42.913254,1.14064444e-06
86,38,3.67927530,43.060327,9.04979926e-07
87,38,3.73188462,43.230812,6.34895826e-09
88,38,3.78449394,43.265389,3.61109230e-05
89,38,3.83710326,43.083214,6.52159311e-05
90,38,3.88971258,42.903059,7.68120321e-05
91,38,3.94232191,42.753520,8.39619738e-05
92,38,3.99493123,42.633827,8.89598108e-05
93,38,4.04754055,42.539438,9.26961076e-05
94,38,4.10014987,42.467421,9.58170055e-05
95,38,4.15275899,42.412354,9.80022110e-05
96,38,4.20536831,42.372490,9.97497623e-05
97,38,4.25797763,42.345581,1.00996709e-04
98,38,4.31058696,42.330056,1.01802367e-04
99,38,4.36319628,42.324425,1.02045763e-04
0,39,0.00000000,43.459527,5.42277462e-07
1,39,0.06074799,43.574858,3.70847812e-04
2,39,0.12149598,43.435709,1.24049369e-04
3,39,0.18224397,43.069482,1.45631261e-04
4,39,0.24299205,42.990504,3.03444829e-04
5,39,0.30373983,43.146614,1.02487074e-03
6,39,0.36448784,43.366754,9.84655268e-04
7,39,0.42523585,43.534603,1.56750924e-03
8,39,0.48598386,43.581922,1.40157355e-03
9,39,0.54673188,43.502539,3.69586773e-04
10,39,0.60747989,43.339806,1.31483539e-04
11,39,0.66822790,42.853687,1.42397903e-04
12,39,0.72897591,42.659812,1.53523081e-03
13,39,0.78972392,43.002992,2.21335580e-04
14,39,0.85047193,43.072309,3.16103532e-04
15,39,0.91121971,42.298733,1.86386147e-04
16,39,0.97196773,41.751340,2.99390556e-04
17,39,1.03271574,41.490637,3.36584122e-04
18,39,1.09346375,41.357826,3.39713900e-04
19,39,1.15421176,41.293846,4.54914842e-04
20,39,1.15421176,41.293846,2.95564961e-04
21,39,1.18458576,41.430173,2.33298784e-03
22,39,1.21495976,41.717966,3.82537799e-03
23,39,1.24533376,42.029580,2.22303115e-03
24,39,1.27570776,42.304501,9.46056750e-03
25,39,1.30608176,42.507870,6.19952330e-03
26,39,1.33645576,42.625710,3.53013308e-03
27,39,1.36682976,42.659282,1.44835063e-02
28,39,1.39720381,42.641646,1.04761859e-02
29,39,1.42757781,42.596749,1.64449472e-02
30,39,1.45795159,42.558735,3.93997938e-03
31,39,1.48832560,42.573253,2.32163989e-04
32,39,1.51869960,42.692548,9.59201890e-03
33,39,1.54907361,42.909647,7.31277587e-03
34,39,1.57944761,43.174411,1.51046803e-03
35,39,1.60982162,43.425910,5.82747899e-03
36,39,1.64019563,43.658135,7.07504439e-03
37,39,1.67056963,43.847466,3.86640677e-03
38,39,1.70094364,43.974090,1.62192423e-03
39,39,1.73131764,44.024680,1.84696514e-03
40,39,1.73131764,44.024680,5.41954534e-04
41,39,1.75279515,44.111105,3.49588850e-03
42,39,1.77427297,44.179411,3.12497282e-03
43,39,1.79575048,44.225248,2.68849073e-03
44,39,1.81722830,44.250503,2.23448215e-03
45,39,1.83870581,44.252894,1.78370457e-03
46,39,1.86018364,44.233977,1.36596098e-03
47,39,1.88166114,44.196470,1.00054186e-03
48,39,1.90313897,44.143222,6.99525745e-04
49,39,1.92461647,44.078548,4.62761345e-04
50,39,1.94609430,43.998788,2.87019845e-04
51,39,1.96757180,43.919860,1.61928393e-04
52,39,1.98904963,43.837989,8.03578170e-05
53,39,2.01052713,43.756570,3.44007450e-05
54,39,2.03200496,43.677108,1.10857009e-05
55,39,2.05348246,43.655579,1.52569712e-04
56,39,2.07496029,43.914620,1.40479035e-04
57,39,2.09643779,44.155635,1.69909050e-04
58,39,2.11791562,44.341980,2.22169990e-04
59,39,2.13939312,44.416442,2.53109048e-04
60,39,2.13939312,44.416442,2.53429898e-04
61,39,2.20382612,45.337411,7.10643761e-06
62,39,2.26825912,45.983013,1.09363691e-07
63,39,2.33269211,45.445458,6.71764772e-08
64,39,2.39712495,44.803816,5.62233532e-08
65,39,2.46155794,44.618890,1.70154439e-02
66,39,2.52599094,44.753459,1.52157602e-02
67,39,2.59042394,44.756075,1.28343908e-02
68,39,2.65485693,44.692230,1.04544202e-02
69,39,2.71928993,44.152431,7.15448814e-04
70,39,2.78372276,43.710189,1.10784102e-03
71,39,2.84815576,43.407615,1.45719135e-03
72,39,2.91258876,43.238319,1.73562149e-03
73,39,2.97702175,43.170746,1.97923761e-03
74,39,3.04145475,43.162652,2.11914231e-03
75,39,3.10588775,43.205924,1.94192649e-03
76,39,3.17032058,43.270193,1.16195283e-07
77,39,3.23475363,43.272135,1.71414487e-03
78,39,3.29918661,43.387146,4.05639882e-07
79,39,3.36361957,43.459517,3.39219390e-06
80,39,3.36361957,43.459564,2.42677424e-06
81,39,3.41622887,43.378227,6.34314403e-07
82,39,3.46883817,43.289825,3.19345632e-06
83,39,3.52144747,43.335927,3.01899438e-05
84,39,3.57405686,43.436034,1.94241789e-04
85,39,3.62666598,43.488899,1.30953365e-04
86,39,3.67927530,43.501095,1.35751033e-04
87,39,3.73188462,43.495209,8.67391105e-05
88,39,3.78449394,43.477097,5.12861993e-05
89,39,3.83710326,43.447673,8.47307078e-06
90,39,3.88971258,43.412209,1.93161327e-05
91,39,3.94232191,43.380377,1.69957079e-05
92,39,3.99493123,43.369746,3.79386679e-04
93,39,4.04754055,43.413829,1.41051420e-03
94,39,4.10014987,43.533392,6.31263553e-07
95,39,4.15275899,43.484884,5.00544745e-07
96,39,4.20536831,43.444873,3.38613837e-07
97,39,4.25797763,43.414395,1.85784467e-07
98,39,4.31058696,43.395252,7.12018869e-08
99,39,4.36319628,43.387981,2.61603669e-08
0,40,0.00000000,44.055217,1.10343804e-08
1,40,0.06074799,44.026444,7.27305702e-04
2,40,0.12149598,43.435710,1.37923273e-04
3,40,0.18224397,43.069482,1.45624786e-04
4,40,0.24299205,42.990504,4.70271176e-04
5,40,0.30373983,43.146615,2.99724390e-04
6,40,0.36448784,43.366754,7.53208021e-04
7,40,0.42523585,43.534604,3.52406441e-04
8,40,0.48598386,43.581922,3.48663001e-04
9,40,0.54673188,43.502539,9.35660957e-04
10,40,0.60747989,43.349509,6.12022837e-06
11,40,0.66822790,43.183732,1.11669790e-04
12,40,0.72897591,43.053609,1.58371581e-04
13,40,0.78972392,43.002992,2.02575798e-04
14,40,0.85047193,43.072309,1.29064159e-03
15,40,0.91121971,43.299610,3.79289904e-04
16,40,0.97196773,43.670413,3.84629194e-04
17,40,1.03271574,44.105297,2.84665146e-04
18,40,1.09346375,44.471858,1.15216441e-04
19,40,1.15421176,44.618596,2.15191553e-05
20,40,1.15421176,44.618596,2.60214103e-05
21,40,1.18458576,44.631218,9.95081069e-05
22,40,1.21495976,44.673207,1.10958019e-04
23,40,1.24533376,44.757275,3.05000417e-05
24,40,1.27570776,44.901361,7.58029556e-05
25,40,1.30608176,45.123291,5.26421253e-04
26,40,1.33645576,45.426761,1.38965116e-03
27,40,1.36682976,45.794940,1.92461777e-03
28,40,1.39720381,46.194554,1.38292225e-03
29,40,1.42757781,46.572076,6.51151406e-04
30,40,1.45795159,46.830485,1.21030890e-04
31,40,1.48832560,46.919709,1.24401156e-04
32,40,1.51869960,46.928674,7.90213050e-04
33,40,1.54907361,46.929468,5.52262550e-04
34,40,1.57944761,46.934498,3.52006120e-04
35,40,1.60982162,46.943392,8.47432854e-04
36,40,1.64019563,46.946316,3.67226469e-04
37,40,1.67056963,46.930855,1.02646258e-03
38,40,1.70094364,46.903326,2.25354508e-03
39,40,1.73131764,46.891396,3.70640836e-03
40,40,1.73131764,46.891396,3.29142521e-03
41,40,1.75279515,46.783733,2.03129624e-04
42,40,1.77427297,46.661342,2.55127420e-04
43,40,1.79575048,46.547114,3.11939447e-04
44,40,1.81722830,46.455213,3.73058884e-04
45,40,1.83870581,46.388907,4.27230735e-04
46,40,1.86018364,46.347983,4.63493741e-04
47,40,1.88166114,46.329617,4.74516969e-04
48,40,1.90313897,46.330484,4.59383306e-04
49,40,1.92461647,46.344702,4.21350807e-04
50,40,1.94609430,46.364279,3.68411024e-04
51,40,1.96757180,46.394361,3.07166193e-04
52,40,1.98904963,46.428026,2.43934746e-04
53,40,2.01052713,46.460009,1.81906490e-04
54,40,2.03200496,46.455636,9.53342155e-04
55,40,2.05348246,46.278148,7.00324972e-04
56,40,2.07496029,46.082126,4.53412109e-04
57,40,2.09643779,45.885067,2.35976349e-04
58,40,2.11791562,45.724659,6.97849862e-05
59,40,2.13939312,45.660911,1.78258401e-07
60,40,2.13939312,45.660911,1.78227408e-07
61,40,2.20382612,46.029351,1.73993961e-07
62,40,2.26825912,46.355325,3.09687564e-04
63,40,2.33269211,47.227316,1.21182201e-03
64,40,2.39712495,47.123874,3.01425441e-08
65,40,2.46155794,46.646710,2.98817036e-08
66,40,2.52599094,46.100380,2.62629011e-04
67,40,2.59042394,45.382139,2.47301228e-04
68,40,2.65485693,44.719252,4.00578477e-04
69,40,2.71928993,44.593560,8.27775955e-03
70,40,2.78372276,44.502145,6.26645140e-03
71,40,2.84815576,44.202830,5.67757838e-08
72,40,2.91258876,43.921318,6.87977653e-08
73,40,2.97702175,43.676102,7.79299420e-08
74,40,3.04145475,43.469650,9.88526586e-08
75,40,3.10588775,43.317010,1.09711398e-07
76,40,3.17032058,43.352153,2.28637845e-03
77,40,3.23475363,43.472073,1.22142407e-07
78,40,3.29918661,44.029195,6.39748907e-08
79,40,3.36361957,44.055113,2.14985237e-08
80,40,3.36361957,44.055259,2.36590690e-08
81,40,3.41622887,44.210258,1.42158462e-08
82,40,3.46883817,43.579454,3.77614181e-09
83,40,3.52144747,43.335928,2.57915425e-04
84,40,3.57405686,43.436034,2.65757828e-04
85,40,3.62666598,43.488899,2.28737691e-04
86,40,3.67927530,43.501096,1.15507709e-04
87,40,3.73188462,43.495209,7.81433899e-05
88,40,3.78449394,43.477097,3.04302443e-05
89,40,3.83710326,43.447673,6.30246577e-06
90,40,3.88971258,43.412209,1.32477113e-06
91,40,3.94232191,43.380377,2.34721868e-04
92,40,3.99493123,43.369746,7.04638724e-04
93,40,4.04754055,43.413829,2.05622275e-03
94,40,4.10014987,43.581721,3.34549318e-03
95,40,4.15275899,43.964536,4.45272351e-03
96,40,4.20536831,44.582456,3.26282589e-02
97,40,4.25797763,45.312283,3.37310941e-02
98,40,4.31058696,45.985014,4.81228905e-02
99,40,4.36319628,46.286398,6.00484726e-03
0,41,0.00000000,44.457719,4.24293581e-06
1,41,0.06074799,44.026471,1.04810371e-04
2,41,0.12149598,43.718511,5.13499077e-04
3,41,0.18224397,43.877393,4.92822527e-04
4,41,0.24299205,44.069438,4.37477062e-04
5,41,0.30373983,44.294635,3.76079387e-04
6,41,0.36448784,44.548053,3.21415148e-04
7,41,0.42523585,44.833587,2.82218597e-04
8,41,0.48598386,44.430764,1.30715285e-04
9,41,0.54673188,43.871748,1.28063990e-04
10,41,0.60747989,43.349509,7.89688194e-04
11,41,0.66822790,43.183732,2.62050787e-04
12,41,0.72897591,43.053609,9.81243770e-06
13,41,0.78972392,43.567846,2.88431890e-03
14,41,0.85047193,43.262536,6.10466695e-05
15,41,0.91121971,43.299610,3.91301988e-03
16,41,0.97196773,43.670413,8.02125270e-03
17,41,1.03271574,44.105297,1.27741582e-02
18,41,1.09346375,44.471858,1.69117795e-02
19,41,1.15421176,44.618596,1.86721090e-02
20,41,1.15421176,44.618596,1.86676128e-02
21,41,1.18458576,44.631218,1.81739659e-02
22,41,1.21495976,44.673207,1.68583686e-02
23,41,1.24533376,44.757275,1.46756850e-02
24,41,1.27570776,44.901361,1.15134886e-02
25,41,1.30608176,45.123291,7.59558969e-03
26,41,1.33645576,45.426761,3.66943547e-03
27,41,1.36682976,45.794940,9.11538120e-04
28,41,1.39720381,46.194554,9.49496348e-05
29,41,1.42757781,46.572076,1.85361616e-04
30,41,1.45795159,46.830485,9.03702014e-04
31,41,1.48832560,46.919709,1.40123185e-03
32,41,1.51869960,46.928674,9.17465326e-04
33,41,1.54907361,46.929468,1.16954136e-03
34,41,1.57944761,46.934498,1.36695999e-03
35,41,1.60982162,46.943392,9.54915604e-04
36,41,1.64019563,46.946316,1.71211242e-03
37,41,1.67056963,46.930855,1.62472671e-03
38,41,1.70094364,46.903326,1.29327027e-03
39,41,1.73131764,46.891396,1.02411408e-03
40,41,1.73131764,46.891396,1.43919494e-03
41,41,1.75279515,46.956188,3.97583856e-03
42,41,1.77427297,46.974615,3.03144252e-03
43,41,1.79575048,46.953507,2.12189498e-03
44,41,1.81722830,46.917178,1.53138786e-03
45,41,1.83870581,46.885635,1.23048206e-03
46,41,1.86018364,46.866238,1.10743708e-03
47,41,1.88166114,46.857520,1.08990087e-03
48,41,1.90313897,46.853908,1.14015358e-03
49,41,1.92461647,46.846854,1.22210632e-03
50,41,1.94609430,46.828503,1.30972437e-03
51,41,1.96757180,46.786892,1.35288667e-03
52,41,1.98904963,46.714665,1.31644588e-03
53,41,2.01052713,46.601555,1.16863224e-03
54,41,2.03200496,46.493311,1.28111251e-04
55,41,2.05348246,46.523395,8.26111912e-05
56,41,2.07496029,46.551232,4.68650776e-05
57,41,2.09643779,46.570208,2.08435667e-05
58,41,2.11791562,46.581991,5.20415259e-06
59,41,2.13939312,46.586622,1.21555016e-09
60,41,2.13939312,46.586622,1.03544950e-09
61,41,2.20382612,47.291777,9.35397751e-09
62,41,2.26825912,47.628057,2.89598542e-08
63,41,2.33269211,47.500515,2.72792130e-08
64,41,2.39712495,47.373107,1.15924320e-03
65,41,2.46155794,46.813327,4.95275688e-04
66,41,2.52599094,46.156227,3.15191826e-08
67,41,2.59042394,45.692798,3.47219196e-08
68,41,2.65485693,45.268315,3.83939498e-08
69,41,2.71928993,44.876431,4.33819474e-08
70,41,2.78372276,44.520984,4.94230556e-08
71,41,2.84815576,44.458406,4.39876822e-03
72,41,2.91258876,44.522764,2.70350686e-03
73,41,2.97702175,44.766706,1.28417808e-03
74,41,3.04145475,44.293751,1.33353794e-03
75,41,3.10588775,43.749975,1.55589847e-03
76,41,3.17032058,43.394486,7.57356431e-04
77,41,3.23475363,43.697235,3.02832746e-04
78,41,3.29918661,44.146887,5.16509158e-05
79,41,3.36361957,44.457719,3.58205758e-06
80,41,3.36361957,44.457719,2.50588040e-06
81,41,3.41622887,44.220783,7.76201557e-07
82,41,3.46883817,44.113848,1.06752426e-06
83,41,3.52144747,44.026532,1.29317569e-05
84,41,3.57405686,44.037930,2.10648063e-05
85,41,3.62666598,43.890950,2.94490464e-05
86,41,3.67927530,43.734925,4.07604163e-05
87,41,3.73188462,43.571163,5.79688534e-05
88,41,3.78449394,43.555163,3.75567714e-05
89,41,3.83710326,43.757223,1.56225913e-05
90,41,3.88971258,43.768663,2.04566733e-06
91,41,3.94232191,43.706290,1.02515002e-06
92,41,3.99493123,43.642100,8.67196063e-07
93,41,4.04754055,43.584237,7.68660536e-07
94,41,4.10014987,43.581721,6.20763690e-03
95,41,4.15275899,43.964536,1.64523375e-02
96,41,4.20536831,44.582456,1.36374004e-03
97,41,4.25797763,45.312283,1.21950663e-02
98,41,4.31058696,45.985014,1.07605517e-02
99,41,4.36319628,46.286398,6.30307145e-02
0,42,0.00000000,44.457759,6.90791267e-06
1,42,0.06074799,44.376500,1.36363632e-04
2,42,0.12149598,44.785348,5.12584487e-03
3,42,0.18224397,45.059763,4.78469733e-03
4,42,0.24299205,45.423838,4.38511342e-03
5,42,0.30373983,45.864570,3.95814618e-03
6,42,0.36448784,45.526353,1.48287477e-04
7,42,0.42523585,44.995256,1.38213652e-04
8,42,0.48598386,45.163284,2.62233085e-04
9,42,0.54673188,45.553727,2.61939019e-04
10,42,0.60747989,46.019452,2.76208306e-04
11,42,0.66822790,46.507251,2.65562189e-04
12,42,0.72897591,45.768992,8.44150179e-06
13,42,0.78972392,44.486434,7.75413064e-06
14,42,0.85047193,44.552042,4.29129481e-03
15,42,0.91121971,45.602763,5.62020996e-03
16,42,0.97196773,46.685515,6.74679735e-03
17,42,1.03271574,47.795935,7.61599974e-03
18,42,1.09346375,48.718888,3.17249624e-03
19,42,1.15421176,48.639918,1.84451730e-03
20,42,1.15421176,48.639918,2.13849153e-03
21,42,1.18458576,48.589416,1.97191171e-03
22,42,1.21495976,48.458555,2.38432142e-03
23,42,1.24533376,48.286073,3.44757733e-03
24,42,1.27570776,48.098877,9.68479274e-04
25,42,1.30608176,47.915739,1.48795740e-03
26,42,1.33645576,47.748338,7.35275512e-04
27,42,1.36682976,47.604536,1.31488881e-03
28,42,1.39720381,47.498739,1.60907506e-03
29,42,1.42757781,47.463183,1.57520337e-03
30,42,1.45795159,47.565904,2.68094107e-04
31,42,1.48832560,47.814609,4.55322766e-04
32,42,1.51869960,48.065351,1.32012167e-05
33,42,1.54907361,48.198176,4.32740451e-04
34,42,1.57944761,48.186668,2.41898392e-04
35,42,1.60982162,48.079584,2.99826682e-04
36,42,1.64019563,47.971743,7.10084139e-05
37,42,1.67056963,47.927156,1.52944790e-04
38,42,1.70094364,47.973600,1.46877709e-04
39,42,1.73131764,48.049360,6.86240503e-04
40,42,1.73131764,48.049360,5.69838502e-04
41,42,1.75279515,47.928170,2.92883823e-03
42,42,1.77427297,47.837072,4.11256198e-03
43,42,1.79575048,47.818014,5.24595864e-03
44,42,1.81722830,47.850263,6.00386189e-03
45,42,1.83870581,47.905022,6.39110380e-03
46,42,1.86018364,47.965092,6.49392812e-03
47,42,1.88166114,48.021208,6.35806432e-03
48,42,1.90313897,48.071205,5.99967078e-03
49,42,1.92461647,48.108690,5.42853092e-03
50,42,1.94609430,48.135462,4.66311482e-03
51,42,1.96757180,48.156973,3.78077644e-03
52,42,1.98904963,48.175078,2.85785733e-03
53,42,2.01052713,48.190790,2.00868141e-03
54,42,2.03200496,48.209410,1.28838837e-03
55,42,2.05348246,48.229030,7.43302688e-04
56,42,2.07496029,48.248792,3.72937609e-04
57,42,2.09643779,48.264730,1.47160500e-04
58,42,2.11791562,48.275306,3.20144901e-05
59,42,2.13939312,48.279768,5.06092899e-09
60,42,2.13939312,48.279768,5.45957763e-09
61,42,2.20382612,47.702028,2.04417090e-08
62,42,2.26825912,47.640966,9.69810330e-08
63,42,2.33269211,48.158050,1.15008528e-07
64,42,2.39712495,48.867383,1.80730240e-07
65,42,2.46155794,48.794881,1.20409509e-03
66,42,2.52599094,48.610262,1.57114410e-03
67,42,2.59042394,48.040020,4.01320726e-03
68,42,2.65485693,47.461413,3.01012754e-03
69,42,2.71928993,46.936363,1.82679799e-03
70,42,2.78372276,46.505812,8.66149764e-04
71,42,2.84815576,46.214137,3.96787110e-04
72,42,2.91258876,45.658818,8.37800464e-04
73,42,2.97702175,44.942810,1.09416403e-03
74,42,3.04145475,45.136714,2.43668923e-05
75,42,3.10588775,44.846931,4.62651832e-04
76,42,3.17032058,44.634019,7.27827058e-04
77,42,3.23475363,44.524499,8.18594171e-04
78,42,3.29918661,44.371198,1.17514044e-04
79,42,3.36361957,44.457759,1.46406025e-08
80,42,3.36361957,44.457740,5.99001301e-07
81,42,3.41622887,44.318530,5.66373395e-06
82,42,3.46883817,44.113851,2.04686626e-07
83,42,3.52144747,44.026534,1.14872273e-04
84,42,3.57405686,44.121797,4.72956878e-05
85,42,3.62666598,44.417916,1.34325141e-03
86,42,3.67927530,44.840803,1.74106718e-03
87,42,3.73188462,44.388463,9.86843904e-06
88,42,3.78449394,44.107830,7.23419159e-06
89,42,3.83710326,44.012583,1.50388319e-05
90,42,3.88971258,44.265309,2.97054325e-05
91,42,3.94232191,44.692380,3.56587336e-05
92,42,3.99493123,45.194371,4.11630300e-05
93,42,4.04754055,45.752868,4.60041563e-05
94,42,4.10014987,46.349818,5.03763727e-05
95,42,4.15275899,46.967430,5.39041462e-05
96,42,4.20536831,47.586034,5.68707869e-05
97,42,4.25797763,48.160004,5.97664932e-05
98,42,4.31058696,48.204701,3.39667221e-03
99,42,4.36319628,48.008729,3.71483977e-07
0,43,0.00000000,44.459044,5.15570398e-06
1,43,0.06074799,44.613329,5.35252291e-03
2,43,0.12149598,45.069687,2.02940398e-05
3,43,0.18224397,45.596193,5.29116512e-05
4,43,0.24299205,45.972935,1.08953068e-04
5,43,0.30373983,45.925633,1.47930138e-04
6,43,0.36448784,46.370619,3.53406029e-03
7,43,0.42523585,46.568384,2.60168507e-04
8,43,0.48598386,46.559520,4.95503762e-04
9,43,0.54673188,46.751535,9.22545811e-04
10,43,0.60747989,47.089305,2.17765900e-03
11,43,0.66822790,47.186019,3.43469441e-05
12,43,0.72897591,47.334428,3.06297719e-04
13,43,0.78972392,48.051762,3.47668005e-04
14,43,0.85047193,48.711448,3.72687739e-03
15,43,0.91121971,48.943142,2.97129878e-03
16,43,0.97196773,48.988188,4.01335620e-03
17,43,1.03271574,48.881537,2.02221541e-03
18,43,1.09346375,48.718888,2.13100835e-04
19,43,1.15421176,48.639918,6.16648289e-04
20,43,1.15421176,48.639918,3.22816510e-04
21,43,1.18458576,48.589416,8.79922210e-04
22,43,1.21495976,48.458555,1.20008260e-03
23,43,1.24533376,48.286073,6.76783472e-04
24,43,1.27570776,48.098877,3.38700396e-03
25,43,1.30608176,47.915739,2.85338190e-03
26,43,1.33645576,47.748338,3.44195628e-03
27,43,1.36682976,47.604536,2.61674088e-03
28,43,1.39720381,47.498739,2.04605276e-03
29,43,1.42757781,47.463183,1.68948804e-03
30,43,1.45795159,47.565905,2.15824830e-03
31,43,1.48832560,47.814609,1.04030047e-03
32,43,1.51869960,48.065352,9.59899283e-04
33,43,1.54907361,48.198177,1.91124543e-04
34,43,1.57944761,48.186668,1.51749845e-04
35,43,1.60982162,48.079585,1.83662074e-05
36,43,1.64019563,47.971745,2.85174986e-04
37,43,1.67056963,47.927156,2.98888817e-04
38,43,1.70094364,47.973600,5.57044903e-04
39,43,1.73131764,48.049360,1.08264241e-03
40,43,1.73131764,48.049360,1.19920670e-03
41,43,1.75279515,48.142144,7.24027274e-05
42,43,1.77427297,48.280583,5.39787738e-05
43,43,1.79575048,48.412201,5.20440893e-05
44,43,1.81722830,48.514945,1.85701635e-04
45,43,1.83870581,48.620451,2.73200618e-04
46,43,1.86018364,48.735407,3.39836677e-04
47,43,1.88166114,48.859852,3.97454338e-04
48,43,1.90313897,48.992590,4.51931327e-04
49,43,1.92461647,49.131387,5.04524866e-04
50,43,1.94609430,49.276455,5.58628774e-04
51,43,1.96757180,49.362592,3.03021282e-03
52,43,1.98904963,49.207711,3.98859581e-03
53,43,2.01052713,49.067574,4.93839799e-03
54,43,2.03200496,48.953401,5.82790824e-03
55,43,2.05348246,48.862629,6.53203076e-03
56,43,2.07496029,48.795390,7.04289428e-03
57,43,2.09643779,48.747971,7.36891346e-03
58,43,2.11791562,48.720047,7.54574525e-03
59,43,2.13939312,48.715449,7.61231433e-03
60,43,2.13939312,48.715449,7.61465569e-03
61,43,2.20382612,48.947226,5.41543678e-03
62,43,2.26825912,49.019375,2.37114338e-03
63,43,2.33269211,48.783342,2.22648060e-04
64,43,2.39712495,48.884492,9.75643496e-04
65,43,2.46155794,49.052505,3.91408510e-03
66,43,2.52599094,48.622085,4.44049148e-03
67,43,2.59042394,48.356829,1.51014571e-03
68,43,2.65485693,48.019840,1.19251805e-03
69,43,2.71928993,47.602136,7.98844640e-04
70,43,2.78372276,47.125805,4.34508179e-04
71,43,2.84815576,46.426818,3.29504599e-04
72,43,2.91258876,46.108510,4.75167745e-05
73,43,2.97702175,45.625512,1.06258325e-04
74,43,3.04145475,45.330376,7.62545554e-04
75,43,3.10588775,45.629906,1.10253994e-07
76,43,3.17032058,45.167563,3.56029851e-08
77,43,3.23475363,44.805446,5.66831721e-08
78,43,3.29918661,44.481331,6.72818915e-04
79,43,3.36361957,44.458258,1.66194172e-05
80,43,3.36361957,44.458312,9.36298898e-06
81,43,3.41622887,44.318835,1.72870960e-04
82,43,3.46883817,44.266707,6.38038597e-06
83,43,3.52144747,44.170710,1.34535199e-05
84,43,3.57405686,44.121797,6.29927850e-04
85,43,3.62666598,44.417917,2.26592093e-04
86,43,3.67927530,44.840804,7.68960583e-04
87,43,3.73188462,45.327068,9.07076274e-04
88,43,3.78449394,45.843542,1.34090369e-03
89,43,3.83710326,46.365212,8.35673238e-04
90,43,3.88971258,46.872028,5.21867711e-03
91,43,3.94232191,47.343085,5.09270647e-03
92,43,3.99493123,47.759554,7.55688997e-03
93,43,4.04754055,48.127265,7.26697543e-03
94,43,4.10014987,48.402072,7.40944366e-03
95,43,4.15275899,48.576600,7.39933140e-04
96,43,4.20536831,48.627761,8.33213303e-03
97,43,4.25797763,48.488878,1.06014998e-02
98,43,4.31058696,48.204702,4.28751557e-03
99,43,4.36319628,48.008729,8.47829501e-07
0,44,0.00000000,44.550056,3.16094790e-03
1,44,0.06074799,44.635952,5.82804778e-06
2,44,0.12149598,45.206781,6.93654774e-04
3,44,0.18224397,45.824997,6.77343283e-04
4,44,0.24299205,46.397748,1.17677272e-03
5,44,0.30373983,46.846824,4.52771981e-04
6,44,0.36448784,46.757925,1.43371962e-04
7,44,0.42523585,46.568510,9.69165268e-05
8,44,0.48598386,46.559523,3.57015543e-04
9,44,0.54673188,46.751536,7.04596427e-04
10,44,0.60747989,47.089310,3.28134183e-04
11,44,0.66822790,47.514828,1.21748611e-03
12,44,0.72897591,47.953723,3.18640820e-03
13,44,0.78972392,48.370028,6.68620699e-04
14,44,0.85047193,48.711448,2.26909327e-03
15,44,0.91121971,48.943143,3.55675033e-03
16,44,0.97196773,48.988188,2.34002915e-03
17,44,1.03271574,48.881537,3.12555173e-03
18,44,1.09346375,48.921605,8.16387841e-03
19,44,1.15421176,50.046804,6.37223812e-03
20,44,1.15421176,50.046804,2.89279767e-03
21,44,1.18458576,50.095754,5.68435126e-04
22,44,1.21495976,50.220610,1.22952133e-02
23,44,1.24533376,50.380543,8.20912959e-03
24,44,1.27570776,50.537695,9.42125762e-03
25,44,1.30608176,50.666232,5.02204340e-03
26,44,1.33645576,50.745024,2.18677496e-03
27,44,1.36682976,50.755553,1.81989483e-04
28,44,1.39720381,50.698412,1.98191001e-03
29,44,1.42757781,50.580230,1.92233577e-05
30,44,1.45795159,50.421775,1.26302046e-04
31,44,1.48832560,50.260221,1.12985164e-04
32,44,1.51869960,50.140707,1.57831549e-04
33,44,1.54907361,50.041465,3.39100085e-04
34,44,1.57944761,49.722123,1.36644629e-03
35,44,1.60982162,49.347957,1.36135397e-03
36,44,1.64019563,48.993232,1.49909797e-03
37,44,1.67056963,48.672136,1.08439110e-03
38,44,1.70094364,48.402631,1.31890878e-03
39,44,1.73131764,48.257026,3.72422866e-04
40,44,1.73131764,48.257026,2.31143457e-05
41,44,1.75279515,48.305315,2.46382223e-04
42,44,1.77427297,48.377481,3.89183079e-04
43,44,1.79575048,48.502381,5.30583750e-04
44,44,1.81722830,48.691633,5.48029823e-04
45,44,1.83870581,48.905119,6.18014924e-04
46,44,1.86018364,49.130614,7.11139996e-04
47,44,1.88166114,49.362954,8.15346958e-04
48,44,1.90313897,49.597754,9.19003044e-04
49,44,1.92461647,49.671844,1.42979821e-03
50,44,1.94609430,49.526633,2.17651166e-03
51,44,1.96757180,49.420319,6.19437985e-04
52,44,1.98904963,49.562115,6.89743197e-04
53,44,2.01052713,49.697795,7.74339299e-04
54,44,2.03200496,49.822698,8.75097912e-04
55,44,2.05348246,49.931628,9.84263170e-04
56,44,2.07496029,50.022194,1.09292851e-03
57,44,2.09643779,50.085770,1.18026102e-03
58,44,2.11791562,50.123838,1.24102916e-03
59,44,2.13939312,50.139678,1.25608236e-03
60,44,2.13939312,50.139721,1.27343639e-03
61,44,2.20382612,49.927362,2.54054329e-04
62,44,2.26825912,49.539610,4.78216871e-05
63,44,2.33269211,49.213608,1.46933388e-04
64,44,2.39712495,48.972073,5.85616078e-04
65,44,2.46155794,49.603562,1.29767603e-07
66,44,2.52599094,49.944824,2.69204822e-07
67,44,2.59042394,49.611399,2.25597523e-07
68,44,2.65485693,48.853988,3.33959407e-04
69,44,2.71928993,48.024207,1.55337095e-05
70,44,2.78372276,47.207839,1.14193925e-04
71,44,2.84815576,46.616121,1.68065650e-04
72,44,2.91258876,46.124360,3.93555061e-05
73,44,2.97702175,46.226066,7.08838198e-05
74,44,3.04145475,46.155538,2.62888250e-08
75,44,3.10588775,45.801523,4.78231009e-08
76,44,3.17032058,45.267601,6.23770189e-08
77,44,3.23475363,44.809150,2.28559935e-08
78,44,3.29918661,44.551386,1.72809654e-08
79,44,3.36361957,44.550056,2.98549957e-04
80,44,3.36361957,44.550056,7.34753495e-03
81,44,3.41622887,44.492681,1.39382448e-06
82,44,3.46883817,44.797075,4.27383454e-07
83,44,3.52144747,45.308831,7.64103614e-08
84,44,3.57405686,45.834350,9.85726685e-07
85,44,3.62666598,45.510294,8.32245201e-06
86,44,3.67927530,44.863711,1.11032075e-05
87,44,3.73188462,45.327074,2.56959651e-03
88,44,3.78449394,45.843552,3.14897559e-03
89,44,3.83710326,46.365212,4.72278556e-03
90,44,3.88971258,46.872030,1.41839455e-03
91,44,3.94232191,47.343086,2.56733775e-03
92,44,3.99493123,47.759558,1.06800769e-03
93,44,4.04754055,48.127265,2.45480262e-03
94,44,4.10014987,48.402073,3.66539637e-03
95,44,4.15275899,48.576601,1.20032011e-02
96,44,4.20536831,48.627762,5.87245855e-03
97,44,4.25797763,48.488878,3.02943674e-03
98,44,4.31058696,48.598220,6.31323253e-05
99,44,4.36319628,48.771833,6.45474953e-05
0,45,0.00000000,44.550161,4.74958582e-03
1,45,0.06074799,44.776612,1.16032213e-03
2,45,0.12149598,45.267967,1.12280568e-03
3,45,0.18224397,45.825112,1.50985376e-03
4,45,0.24299205,46.399179,8.31328608e-04
5,45,0.30373983,46.850970,7.05497474e-04
6,45,0.36448784,46.759207,1.08205236e-04
7,45,0.42523585,46.932438,3.07824140e-03
8,45,0.48598386,47.542188,2.68365945e-03
9,45,0.54673188,48.193766,2.27570346e-03
10,45,0.60747989,48.126111,1.78194616e-05
11,45,0.66822790,47.514829,2.19781088e-03
12,45,0.72897591,47.953738,1.12072471e-03
13,45,0.78972392,48.370028,4.52515129e-03
14,45,0.85047193,48.849783,3.78568498e-04
15,45,0.91121971,49.705009,4.08762785e-04
16,45,0.97196773,50.584141,4.45366193e-04
17,45,1.03271574,51.462967,4.95541467e-04
18,45,1.09346375,51.141597,7.79905888e-03
19,45,1.15421176,50.046805,1.02186625e-02
20,45,1.15421176,50.046806,1.36982717e-02
21,45,1.18458576,50.095754,1.53814442e-02
22,45,1.21495976,50.220610,2.16715670e-03
23,45,1.24533376,50.380545,4.47522915e-03
24,45,1.27570776,50.537698,1.30454470e-03
25,45,1.30608176,50.666234,3.60301272e-03
26,45,1.33645576,50.745033,4.25187482e-03
27,45,1.36682976,50.755586,4.14702307e-03
28,45,1.39720381,50.698491,6.00918664e-04
29,45,1.42757781,50.580293,1.26091740e-03
30,45,1.45795159,50.421779,3.45338538e-04
31,45,1.48832560,50.260232,2.29153662e-05
32,45,1.51869960,50.140786,1.91421475e-04
33,45,1.54907361,50.041620,1.19741351e-03
34,45,1.57944761,49.722144,4.51498704e-04
35,45,1.60982162,49.347959,5.02059579e-04
36,45,1.64019563,48.993237,4.20514404e-04
37,45,1.67056963,48.672137,8.27191576e-04
38,45,1.70094364,48.402631,3.62320654e-04
39,45,1.73131764,48.257027,1.50349806e-04
40,45,1.73131764,48.257026,4.99646897e-04
41,45,1.75279515,48.328372,3.68997155e-06
42,45,1.77427297,48.477299,1.40434556e-05
43,45,1.79575048,48.650464,2.43818821e-05
44,45,1.81722830,48.839018,3.60746747e-05
45,45,1.83870581,49.038490,5.67426227e-05
46,45,1.86018364,49.245429,9.64938263e-05
47,45,1.88166114,49.454532,1.83417461e-04
48,45,1.90313897,49.644383,4.84879009e-04
49,45,1.92461647,49.831030,1.02437847e-03
50,45,1.94609430,50.057481,1.12142842e-03
51,45,1.96757180,50.270057,1.19507047e-03
52,45,1.98904963,50.462462,1.24402207e-03
53,45,2.01052713,50.626555,1.20792631e-03
54,45,2.03200496,50.765493,1.12569888e-03
55,45,2.05348246,50.882684,9.59025418e-04
56,45,2.07496029,50.987595,7.65231689e-04
57,45,2.09643779,51.087292,6.07423124e-04
58,45,2.11791562,51.180334,5.09031783e-04
59,45,2.13939312,51.233653,5.20856302e-04
60,45,2.13939312,51.235037,5.46847067e-04
61,45,2.20382612,50.826994,2.09426856e-05
62,45,2.26825912,50.504114,1.44295440e-04
63,45,2.33269211,50.374302,2.49867209e-05
64,45,2.39712495,50.120158,3.43801857e-04
65,45,2.46155794,50.054155,7.26057833e-05
66,45,2.52599094,50.093147,3.12233011e-08
67,45,2.59042394,49.631560,1.09726157e-03
68,45,2.65485693,49.237148,2.18926369e-07
69,45,2.71928993,48.807088,2.31609260e-07
70,45,2.78372276,48.331437,2.25057274e-07
71,45,2.84815576,47.816182,1.91274818e-07
72,45,2.91258876,47.271961,2.12353256e-07
73,45,2.97702175,46.711975,9.85236833e-08
74,45,3.04145475,46.361744,8.07115458e-07
75,45,3.10588775,46.007098,6.14400314e-04
76,45,3.17032058,45.493283,1.14175516e-03
77,45,3.23475363,44.890865,6.42163688e-04
78,45,3.29918661,44.577434,1.45901302e-08
79,45,3.36361957,44.550223,1.00893238e-03
80,45,3.36361957,44.550132,4.32452329e-04
81,45,3.41622887,44.737081,4.94770642e-03
82,45,3.46883817,45.159185,1.91787849e-03
83,45,3.52144747,45.690821,1.73589331e-03
84,45,3.57405686,46.292325,1.58079887e-03
85,45,3.62666598,46.805112,7.18940770e-08
86,45,3.67927530,47.542549,7.19662786e-07
87,45,3.73188462,48.349262,1.89967339e-04
88,45,3.78449394,48.854125,9.33219346e-05
89,45,3.83710326,48.956891,1.48626356e-04
90,45,3.88971258,49.143436,2.78847029e-04
91,45,3.94232191,49.423121,5.67925081e-04
92,45,3.99493123,49.791332,6.77514031e-04
93,45,4.04754055,50.236780,1.55470491e-03
94,45,4.10014987,50.716217,1.72964641e-03
95,45,4.15275899,51.182695,1.72376683e-03
96,45,4.20536831,51.596755,3.80650701e-04
97,45,4.25797763,51.904576,2.46801520e-03
98,45,4.31058696,52.095108,7.33318092e-04
99,45,4.36319628,51.996956,6.59220858e-08
0,46,0.00000000,44.550637,2.94210406e-03
1,46,0.06074799,44.776709,1.84570185e-03
2,46,0.12149598,45.268009,1.27020438e-03
3,46,0.18224397,46.275984,1.16357308e-03
4,46,0.24299205,46.862179,2.22328553e-03
5,46,0.30373983,47.352417,3.09317782e-03
6,46,0.36448784,47.930114,4.44802469e-03
7,46,0.42523585,48.556626,3.73683491e-03
8,46,0.48598386,49.041937,1.29998430e-04
9,46,0.54673188,48.757037,4.57736290e-05
10,46,0.60747989,48.881408,1.87497384e-03
11,46,0.66822790,49.603934,1.46567060e-03
12,46,0.72897591,50.345215,1.01933775e-03
13,46,0.78972392,51.096425,6.24556280e-04
14,46,0.85047193,51.829430,1.84322936e-04
15,46,0.91121971,52.463413,5.37720135e-05
16,46,0.97196773,52.683810,2.24858519e-03
17,46,1.03271574,52.119455,6.00619282e-03
18,46,1.09346375,52.318586,5.68957694e-04
19,46,1.15421176,53.091118,4.97988062e-04
20,46,1.15421176,53.091065,1.22997936e-03
21,46,1.18458576,53.088025,2.09854261e-04
22,46,1.21495976,53.077568,1.13641453e-03
23,46,1.24533376,53.058452,5.29717272e-04
24,46,1.27570776,53.014910,9.75559444e-04
25,46,1.30608176,52.933056,7.99699997e-04
26,46,1.33645576,52.786067,7.52177045e-04
27,46,1.36682976,52.551818,1.43417668e-04
28,46,1.39720381,52.233899,1.84114462e-05
29,46,1.42757781,51.857097,7.65588264e-05
30,46,1.45795159,51.448350,3.00590097e-04
31,46,1.48832560,51.030393,6.08495210e-04
32,46,1.51869960,50.617408,5.47022404e-04
33,46,1.54907361,50.315107,4.25268286e-05
34,46,1.57944761,50.379882,5.01195965e-05
35,46,1.60982162,50.588433,6.81435960e-04
36,46,1.64019563,50.808839,1.08004669e-03
37,46,1.67056963,50.988841,1.49300585e-03
38,46,1.70094364,51.103920,9.36237249e-04
39,46,1.73131764,51.147692,2.23916510e-03
40,46,1.73131764,51.147682,1.62784962e-03
41,46,1.75279515,51.032106,3.06593527e-04
42,46,1.77427297,50.905908,1.87284108e-04
43,46,1.79575048,50.767454,8.65242895e-05
44,46,1.81722830,50.618538,2.45136033e-05
45,46,1.83870581,50.460623,2.43276032e-05
46,46,1.86018364,50.295620,1.07932507e-04
47,46,1.88166114,50.128099,2.77092099e-04
48,46,1.90313897,49.979741,3.87245527e-04
49,46,1.92461647,49.994784,1.68500500e-05
50,46,1.94609430,50.188293,3.09253248e-05
51,46,1.96757180,50.403319,8.06786892e-05
52,46,1.98904963,50.615476,1.16435805e-04
53,46,2.01052713,50.815055,1.29810382e-04
54,46,2.03200496,50.991368,1.08134764e-04
55,46,2.05348246,51.136124,9.47136354e-05
56,46,2.07496029,51.245677,5.84482287e-05
57,46,2.09643779,51.317426,3.97143950e-05
58,46,2.11791562,51.357790,3.02336718e-05
59,46,2.13939312,51.371305,1.97189365e-05
60,46,2.13939312,51.371428,2.70614041e-05
61,46,2.20382612,50.833036,2.55163378e-07
62,46,2.26825912,50.527420,1.01307764e-07
63,46,2.33269211,50.442787,1.59194142e-06
64,46,2.39712495,50.374032,2.33585499e-07
65,46,2.46155794,50.208832,1.32737877e-07
66,46,2.52599094,50.113037,1.25683150e-03
67,46,2.59042394,49.950751,6.22323722e-09
68,46,2.65485693,49.537434,1.56073203e-09
69,46,2.71928993,49.059840,4.24859276e-10
70,46,2.78372276,48.552491,9.53111016e-09
71,46,2.84815576,48.026381,3.87011891e-09
72,46,2.91258876,47.482047,4.07109077e-09
73,46,2.97702175,46.924748,6.66249868e-09
74,46,3.04145475,46.426977,5.33584903e-04
75,46,3.10588775,46.089706,1.34483680e-03
76,46,3.17032058,46.344884,4.58377669e-03
77,46,3.23475363,45.662277,6.94237431e-03
78,46,3.29918661,44.939181,8.43853579e-03
79,46,3.36361957,44.551926,9.52055447e-03
80,46,3.36361957,44.551392,3.11753978e-03
81,46,3.41622887,44.737548,4.65898543e-03
82,46,3.46883817,45.159287,6.78400084e-03
83,46,3.52144747,45.691273,6.60140152e-03
84,46,3.57405686,46.292491,6.51235521e-03
85,46,3.62666598,46.949654,7.56871050e-03
86,46,3.67927530,47.649915,4.28446375e-03
87,46,3.73188462,48.380319,4.73389197e-03
88,46,3.78449394,48.891322,6.55870265e-04
89,46,3.83710326,48.958420,2.48045772e-05
90,46,3.88971258,49.144039,3.40432259e-05
91,46,3.94232191,49.423268,1.42707167e-04
92,46,3.99493123,49.791584,7.32414454e-04
93,46,4.04754055,50.236802,8.15503920e-04
94,46,4.10014987,50.716233,1.54377688e-03
95,46,4.15275899,51.182752,2.12741965e-03
96,46,4.20536831,51.597436,3.37059368e-03
97,46,4.25797763,51.906408,4.06447747e-05
98,46,4.31058696,52.122218,1.66261488e-04
99,46,4.36319628,52.161236,1.27313660e-05
0,47,0.00000000,45.906459,2.70495943e-06
1,47,0.06074799,45.973595,1.92724538e-04
2,47,0.12149598,46.160084,7.17645201e-04
3,47,0.18224397,46.461124,1.46004454e-03
4,47,0.24299205,47.464320,1.62855425e-03
5,47,0.30373983,47.612756,1.38218791e-03
6,47,0.36448784,47.954030,1.33081443e-03
7,47,0.42523585,48.607183,2.38507198e-03
8,47,0.48598386,49.301816,2.85911810e-03
9,47,0.54673188,50.075262,1.42048455e-03
10,47,0.60747989,50.849673,1.81551545e-03
11,47,0.66822790,51.644705,3.56234528e-03
12,47,0.72897591,52.267156,1.30720151e-04
13,47,0.78972392,52.563690,2.53851530e-04
14,47,0.85047193,53.012464,2.59768737e-04
15,47,0.91121971,53.523490,4.04128085e-04
16,47,0.97196773,54.102715,1.92608863e-04
17,47,1.03271574,54.083951,1.15313854e-03
18,47,1.09346375,53.701802,7.91842564e-04
19,47,1.15421176,53.091830,8.58748199e-04
20,47,1.15421176,53.091198,1.16647451e-04
21,47,1.18458576,53.088239,1.17950258e-03
22,47,1.21495976,53.077953,3.59520948e-04
23,47,1.24533376,53.059403,1.10030962e-03
24,47,1.27570776,53.015403,6.81163628e-04
25,47,1.30608176,52.936641,6.01026216e-04
26,47,1.33645576,52.792725,2.72616575e-05
27,47,1.36682976,52.553536,3.27282194e-05
28,47,1.39720381,52.236382,1.11661271e-05
29,47,1.42757781,51.859958,8.63557372e-05
30,47,1.45795159,51.448639,1.08286646e-04
31,47,1.48832560,51.030422,3.27198973e-05
32,47,1.51869960,50.617476,1.48898155e-04
33,47,1.54907361,50.315138,2.72034445e-05
34,47,1.57944761,50.379900,5.02846810e-04
35,47,1.60982162,50.588557,5.21027250e-04
36,47,1.64019563,50.809113,6.47137802e-04
37,47,1.67056963,50.988893,6.38066060e-04
38,47,1.70094364,51.103929,1.45197934e-03
39,47,1.73131764,51.147860,2.38886345e-04
40,47,1.73131764,51.147746,8.50758607e-04
41,47,1.75279515,51.245262,2.00192757e-03
42,47,1.77427297,51.330826,1.92404372e-03
43,47,1.79575048,51.399449,1.81247967e-03
44,47,1.81722830,51.457887,1.69640403e-03
45,47,1.83870581,51.502681,1.56393622e-03
46,47,1.86018364,51.534060,1.38961107e-03
47,47,1.88166114,51.553967,1.22230914e-03
48,47,1.90313897,51.561503,1.02429748e-03
49,47,1.92461647,51.565652,8.33760232e-04
50,47,1.94609430,51.564812,6.52983530e-04
51,47,1.96757180,51.569505,4.61232890e-04
52,47,1.98904963,51.581183,3.26941625e-04
53,47,2.01052713,51.597238,1.51162743e-04
54,47,2.03200496,51.609172,1.11352265e-04
55,47,2.05348246,51.607703,7.32769435e-05
56,47,2.07496029,51.580322,5.93704127e-05
57,47,2.09643779,51.524715,5.19164060e-05
58,47,2.11791562,51.451805,3.78395307e-05
59,47,2.13939312,51.407179,4.42233032e-08
60,47,2.13939312,51.407420,2.35947506e-07
61,47,2.20382612,52.305661,1.36505753e-03
62,47,2.26825912,52.662135,4.99862882e-03
63,47,2.33269211,52.372609,1.29446116e-04
64,47,2.39712495,51.868753,1.42060125e-06
65,47,2.46155794,51.447228,6.06957934e-07
66,47,2.52599094,51.328163,8.88406201e-06
67,47,2.59042394,51.683242,7.19234929e-05
68,47,2.65485693,50.973205,4.75924209e-05
69,47,2.71928993,50.256470,2.70610581e-04
70,47,2.78372276,49.551677,5.84726169e-04
71,47,2.84815576,48.866999,9.40583196e-04
72,47,2.91258876,48.203291,1.23424772e-03
73,47,2.97702175,47.571720,1.41135349e-03
74,47,3.04145475,47.091598,1.00362177e-03
75,47,3.10588775,47.428124,1.00191288e-03
76,47,3.17032058,47.397818,1.94025134e-03
77,47,3.23475363,47.339785,7.36076773e-05
78,47,3.29918661,46.324890,2.10298612e-04
79,47,3.36361957,45.906459,3.60526487e-06
80,47,3.36361957,45.906459,1.24913155e-06
81,47,3.41622887,46.279766,3.57547131e-04
82,47,3.46883817,46.990750,2.00810023e-04
83,47,3.52144747,47.484642,9.34984984e-06
84,47,3.57405686,46.615087,3.45963689e-06
85,47,3.62666598,46.950211,2.86528579e-04
86,47,3.67927530,47.649954,3.26063428e-03
87,47,3.73188462,48.403256,2.06658717e-03
88,47,3.78449394,49.170716,1.19723873e-03
89,47,3.83710326,49.939385,2.15226662e-03
90,47,3.88971258,50.589750,6.95072199e-04
91,47,3.94232191,51.127829,2.06344757e-05
92,47,3.99493123,51.648099,1.78609261e-04
93,47,4.04754055,51.990652,4.86767434e-05
94,47,4.10014987,52.351192,3.34043711e-05
95,47,4.15275899,52.647572,2.24640070e-05
96,47,4.20536831,52.785129,1.09365804e-06
97,47,4.25797763,52.510153,1.41474516e-06
98,47,4.31058696,52.154456,6.07727378e-06
99,47,4.36319628,52.168843,7.49922211e-06
