k_index,band_index,k_distance,energy_eV,weight
0,0,0.00000000,-12.174008,1.28785599e-04
1,0,0.06074799,-12.161831,3.21840810e-04
2,0,0.12149598,-12.125518,8.95255445e-04
3,0,0.18224397,-12.065039,1.83089662e-03
4,0,0.24299205,-11.980516,3.09920381e-03
5,0,0.30373983,-11.871987,4.65949559e-03
6,0,0.36448784,-11.739760,6.46385308e-03
7,0,0.42523585,-11.583992,8.45503276e-03
8,0,0.48598386,-11.404888,1.05702739e-02
9,0,0.54673188,-11.202855,1.27442003e-02
10,0,0.60747989,-10.978205,1.49088716e-02
11,0,0.66822790,-10.731338,1.69966166e-02
12,0,0.72897591,-10.462806,1.89444460e-02
13,0,0.78972392,-10.173086,2.06926741e-02
14,0,0.85047193,-9.862951,2.21878949e-02
15,0,0.91121971,-9.532994,2.33844666e-02
16,0,0.97196773,-9.184204,2.42502385e-02
17,0,1.03271574,-8.817441,2.47613238e-02
18,0,1.09346375,-8.433770,2.49050938e-02
19,0,1.15421176,-8.034362,4.93346177e-02
20,0,1.15421176,-8.034362,4.93345417e-02
21,0,1.18458576,-8.033320,4.88177131e-02
22,0,1.21495976,-8.030216,4.72799762e-02
23,0,1.24533376,-8.025095,4.47015872e-02
24,0,1.27570776,-8.018102,4.12513141e-02
25,0,1.30608176,-8.009363,3.69979132e-02
26,0,1.33645576,-7.999066,3.20641085e-02
27,0,1.36682976,-7.987477,2.67738038e-02
28,0,1.39720381,-7.974810,2.13153172e-02
29,0,1.42757781,-7.961386,1.55992548e-02
30,0,1.45795159,-7.947528,1.12426712e-02
31,0,1.48832560,-7.933662,6.32283237e-03
32,0,1.51869960,-7.920150,2.42117273e-03
33,0,1.54907361,-7.907380,1.25436195e-04
34,0,1.57944761,-7.895736,1.71810914e-03
35,0,1.60982162,-7.885624,1.47009472e-02
36,0,1.64019563,-7.877365,4.41254347e-02
37,0,1.67056963,-7.871244,5.91781566e-02
38,0,1.70094364,-7.867476,6.22976221e-02
39,0,1.73131764,-7.866182,6.27544736e-02
40,0,1.73131764,-7.866182,6.27783579e-02
41,0,1.75279515,-7.924879,3.49236343e-02
42,0,1.77427297,-7.980461,3.54776325e-02
43,0,1.79575048,-8.032927,3.59980503e-02
44,0,1.81722830,-8.082250,3.64870425e-02
45,0,1.83870581,-8.128431,3.69437131e-02
46,0,1.86018364,-8.171462,3.73682247e-02
47,0,1.88166114,-8.211334,3.77607472e-02
48,0,1.90313897,-8.248035,3.81215613e-02
49,0,1.92461647,-8.281571,3.84504181e-02
50,0,1.94609430,-8.311938,3.87492217e-02
51,0,1.96757180,-8.339113,3.90148300e-02
52,0,1.98904963,-8.363101,3.92489462e-02
53,0,2.01052713,-8.383910,3.94498945e-02
54,0,2.03200496,-8.401513,3.96212006e-02
55,0,2.05348246,-8.415920,3.97611982e-02
56,0,2.07496029,-8.427121,3.98696837e-02
57,0,2.09643779,-8.435128,3.99471745e-02
58,0,2.11791562,-8.439933,3.99934230e-02
59,0,2.13939312,-8.441535,4.00086750e-02
60,0,2.13939312,-8.441535,4.00086651e-02
61,0,2.20382612,-8.639944,1.69657149e-02
62,0,2.26825912,-8.879154,4.18320023e-03
63,0,2.33269211,-9.149303,6.14180631e-05
64,0,2.39712495,-9.438544,1.53887429e-03
65,0,2.46155794,-9.736095,5.68940362e-03
66,0,2.52599094,-10.033039,1.04167846e-02
67,0,2.59042394,-10.322529,1.44756907e-02
68,0,2.65485693,-10.599298,1.72570341e-02
69,0,2.71928993,-10.859598,1.85679663e-02
70,0,2.78372276,-11.100614,1.84778212e-02
71,0,2.84815576,-11.320138,1.71995592e-02
72,0,2.91258876,-11.516590,1.50272472e-02
73,0,2.97702175,-11.688792,1.22878060e-02
74,0,3.04145475,-11.835792,9.30907916e-03
75,0,3.10588775,-11.956914,6.40038237e-03
76,0,3.17032058,-12.051610,3.83350118e-03
77,0,3.23475363,-12.119498,1.83214700e-03
78,0,3.29918661,-12.160320,5.63128559e-04
79,0,3.36361957,-12.174008,1.28785588e-04
80,0,3.36361957,-12.174008,1.28785603e-04
81,0,3.41622887,-12.164855,1.28600965e-04
82,0,3.46883817,-12.137635,1.28043891e-04
83,0,3.52144747,-12.092341,1.27095318e-04
84,0,3.57405686,-12.029118,1.25724048e-04
85,0,3.62666598,-11.948130,1.23907927e-04
86,0,3.67927530,-11.849741,1.21539983e-04
87,0,3.73188462,-11.734281,1.18563594e-04
88,0,3.78449394,-11.602234,1.14875330e-04
89,0,3.83710326,-11.454415,1.10347429e-04
90,0,3.88971258,-11.291718,1.04816803e-04
91,0,3.94232191,-11.115499,9.80780434e-05
92,0,3.99493123,-10.927719,8.98761217e-05
93,0,4.04754055,-10.731246,7.98906795e-05
94,0,4.10014987,-10.530251,6.78395711e-05
95,0,4.15275899,-10.331492,5.34637331e-05
96,0,4.20536831,-10.145155,3.69962094e-05
97,0,4.25797763,-9.986820,1.98473581e-05
98,0,4.31058696,-9.877355,5.70597681e-06
99,0,4.36319628,-9.837738,1.29615164e-08
0,1,0.00000000,-0.221237,4.77407293e-07
1,1,0.06074799,-0.304028,2.25889130e-04
2,1,0.12149598,-0.533108,8.21290850e-04
3,1,0.18224397,-0.861308,1.65326588e-03
4,1,0.24299205,-1.249585,2.64884968e-03
5,1,0.30373983,-1.673052,3.78577314e-03
6,1,0.36448784,-2.117453,5.06161952e-03
7,1,0.42523585,-2.574406,6.47762615e-03
8,1,0.48598386,-3.038851,8.03190977e-03
9,1,0.54673188,-3.507869,9.71141077e-03
10,1,0.60747989,-3.979083,1.14957754e-02
11,1,0.66822790,-4.451056,1.33582794e-02
12,1,0.72897591,-4.921378,1.52462830e-02
13,1,0.78972392,-5.388366,1.71144068e-02
14,1,0.85047193,-5.851013,1.88992962e-02
15,1,0.91121971,-6.307241,2.05455824e-02
16,1,0.97196773,-6.755448,2.19962238e-02
17,1,1.03271574,-7.193728,2.31974345e-02
18,1,1.09346375,-7.620536,2.41045430e-02
19,1,1.15421176,-8.034362,2.92992525e-05
20,1,1.15421176,-8.034362,2.93782826e-05
21,1,1.18458576,-8.033320,4.33035884e-04
22,1,1.21495976,-8.030216,1.63746793e-03
23,1,1.24533376,-8.025095,3.68260679e-03
24,1,1.27570776,-8.018102,6.42816369e-03
25,1,1.30608176,-8.009363,9.85148425e-03
26,1,1.33645576,-7.999066,1.38879154e-02
27,1,1.36682976,-7.987477,1.82865883e-02
28,1,1.39720381,-7.974810,2.29417393e-02
29,1,1.42757781,-7.961386,2.80438002e-02
30,1,1.45795159,-7.947528,3.20878677e-02
31,1,1.48832560,-7.933662,3.71120099e-02
32,1,1.51869960,-7.920150,4.16610213e-02
33,1,1.54907361,-7.907380,4.52706310e-02
34,1,1.57944761,-7.895736,4.57761869e-02
35,1,1.60982162,-7.885624,3.57717817e-02
36,1,1.64019563,-7.877365,1.02811402e-02
37,1,1.67056963,-7.871244,1.57309211e-04
38,1,1.70094364,-7.867476,2.96010391e-03
39,1,1.73131764,-7.866182,9.37714423e-03
40,1,1.73131764,-7.866182,9.35326082e-03
41,1,1.75279515,-7.808596,3.92369967e-02
42,1,1.77427297,-7.756296,4.06349794e-02
43,1,1.79575048,-7.709236,4.19716908e-02
44,1,1.81722830,-7.667276,4.32338391e-02
45,1,1.83870581,-7.630209,4.44103697e-02
46,1,1.86018364,-7.597762,4.54936875e-02
47,1,1.88166114,-7.569606,4.64795858e-02
48,1,1.90313897,-7.545351,4.73666139e-02
49,1,1.92461647,-7.524711,4.81559354e-02
50,1,1.94609430,-7.507363,4.88499803e-02
51,1,1.96757180,-7.492793,4.94534573e-02
52,1,1.98904963,-7.480754,4.99707571e-02
53,1,2.01052713,-7.470955,5.04059050e-02
54,1,2.03200496,-7.463114,5.07653985e-02
55,1,2.05348246,-7.457014,5.10528470e-02
56,1,2.07496029,-7.452412,5.12726262e-02
57,1,2.09643779,-7.449271,5.14266744e-02
58,1,2.11791562,-7.447428,5.15178260e-02
59,1,2.13939312,-7.446815,5.15481557e-02
60,1,2.13939312,-7.446815,5.15481457e-02
61,1,2.20382612,-7.247460,6.64967014e-02
62,1,2.26825912,-7.019417,8.21275918e-02
63,1,2.33269211,-6.762998,9.79181830e-02
64,1,2.39712495,-6.478367,1.13343482e-01
65,1,2.46155794,-6.166004,1.27881525e-01
66,1,2.52599094,-5.826264,1.41026501e-01
67,1,2.59042394,-5.459647,1.52301497e-01
68,1,2.65485693,-5.066690,1.61260925e-01
69,1,2.71928993,-4.648299,1.67515965e-01
70,1,2.78372276,-4.205520,1.70677121e-01
71,1,2.84815576,-3.739690,1.70417495e-01
72,1,2.91258876,-3.252868,1.66369310e-01
73,1,2.97702175,-2.748308,1.58060825e-01
74,1,3.04145475,-2.230417,1.44905956e-01
75,1,3.10588775,-1.707984,1.25844255e-01
76,1,3.17032058,-1.196202,9.93070856e-02
77,1,3.23475363,-0.726540,6.36062409e-02
78,1,3.29918661,-0.364477,2.23033745e-02
79,1,3.36361957,-0.221237,4.77389794e-07
80,1,3.36361957,-0.221237,4.77399438e-07
81,1,3.41622887,-0.329993,1.20525639e-06
82,1,3.46883817,-0.619918,4.30332907e-06
83,1,3.52144747,-1.018698,1.05575815e-05
84,1,3.57405686,-1.474774,1.96462460e-05
85,1,3.62666598,-1.958536,3.08857032e-05
86,1,3.67927530,-2.454449,4.37326390e-05
87,1,3.73188462,-2.952316,5.77270760e-05
88,1,3.78449394,-3.445848,7.25674545e-05
89,1,3.83710326,-3.930558,8.80680533e-05
90,1,3.88971258,-4.402823,1.04146032e-04
91,1,3.94232191,-4.859400,1.20815505e-04
92,1,3.99493123,-5.296989,1.38183839e-04
93,1,4.04754055,-5.711758,1.56492605e-04
94,1,4.10014987,-6.098368,1.75948193e-04
95,1,4.15275899,-6.449798,1.96707248e-04
96,1,4.20536831,-6.755259,2.18566674e-04
97,1,4.25797763,-6.998913,2.40007860e-04
98,1,4.31058696,-7.159679,2.57077339e-04
99,1,4.36319628,-7.216452,2.63840011e-04
0,2,0.00000000,-0.221237,6.22637723e-06
1,2,0.06074799,-0.273253,1.26062778e-03
2,2,0.12149598,-0.417348,4.07038557e-03
3,2,0.18224397,-0.620436,6.89651822e-03
4,2,0.24299205,-0.854281,8.98304848e-03
5,2,0.30373983,-1.099562,1.02148539e-02
6,2,0.36448784,-1.345517,1.06932548e-02
7,2,0.42523585,-1.584481,1.05802215e-02
8,2,0.48598386,-1.811733,1.00221737e-02
9,2,0.54673188,-2.024671,9.13771131e-03
10,2,0.60747989,-2.220993,8.03422083e-03
11,2,0.66822790,-2.399222,6.80299923e-03
12,2,0.72897591,-2.558338,5.52322123e-03
13,2,0.78972392,-2.697456,4.26590972e-03
14,2,0.85047193,-2.816014,3.09266341e-03
15,2,0.91121971,-2.913496,2.05740034e-03
16,2,0.97196773,-2.989660,1.20422940e-03
17,2,1.03271574,-3.044267,5.68565708e-04
18,2,1.09346375,-3.077078,1.76662792e-04
19,2,1.15421176,-3.088023,4.42664264e-05
20,2,1.15421176,-3.088023,4.42678890e-05
21,2,1.18458576,-3.097704,3.64211878e-03
22,2,1.21495976,-3.126067,1.40155472e-02
23,2,1.24533376,-3.171205,3.00543126e-02
24,2,1.27570776,-3.230427,5.02871105e-02
25,2,1.30608176,-3.300545,7.32486225e-02
26,2,1.33645576,-3.378349,9.76960798e-02
27,2,1.36682976,-3.460868,1.22761654e-01
28,2,1.39720381,-3.545310,1.47620286e-01
29,2,1.42757781,-3.629326,1.71836215e-01
30,2,1.45795159,-3.710912,1.95112215e-01
31,2,1.48832560,-3.788257,2.17093875e-01
32,2,1.51869960,-3.859926,2.37605408e-01
33,2,1.54907361,-3.924565,2.56320360e-01
34,2,1.57944761,-3.981093,2.73039414e-01
35,2,1.60982162,-4.028638,2.87499688e-01
36,2,1.64019563,-4.066409,2.99476522e-01
37,2,1.67056963,-4.093817,3.08738706e-01
38,2,1.70094364,-4.110419,3.15056911e-01
39,2,1.73131764,-4.115971,3.18416289e-01
40,2,1.73131764,-4.115971,3.18416156e-01
41,2,1.75279515,-4.160922,4.47177528e-01
42,2,1.77427297,-4.203776,4.48887469e-01
43,2,1.79575048,-4.244477,4.50513581e-01
44,2,1.81722830,-4.282950,4.52074353e-01
45,2,1.83870581,-4.319157,4.53555069e-01
46,2,1.86018364,-4.353049,4.54952006e-01
47,2,1.88166114,-4.384584,4.56261499e-01
48,2,1.90313897,-4.413723,4.57481860e-01
49,2,1.92461647,-4.440438,4.58606364e-01
50,2,1.94609430,-4.464692,4.59634395e-01
51,2,1.96757180,-4.486462,4.60562172e-01
52,2,1.98904963,-4.505724,4.61387683e-01
53,2,2.01052713,-4.522484,4.62101016e-01
54,2,2.03200496,-4.536669,4.62716091e-01
55,2,2.05348246,-4.548295,4.63223059e-01
56,2,2.07496029,-4.557325,4.63624527e-01
57,2,2.09643779,-4.563799,4.63911434e-01
58,2,2.11791562,-4.567686,4.64087022e-01
59,2,2.13939312,-4.568962,4.64148451e-01
60,2,2.13939312,-4.568962,4.64148451e-01
61,2,2.20382612,-4.667231,5.04918347e-01
62,2,2.26825912,-4.683691,5.25811624e-01
63,2,2.33269211,-4.625347,5.29716052e-01
64,2,2.39712495,-4.502100,5.21030520e-01
65,2,2.46155794,-4.323677,5.03803130e-01
66,2,2.52599094,-4.098907,4.80940045e-01
67,2,2.59042394,-3.834999,4.54334709e-01
68,2,2.65485693,-3.537912,4.25070588e-01
69,2,2.71928993,-3.213237,3.93723099e-01
70,2,2.78372276,-2.866140,3.60451423e-01
71,2,2.84815576,-2.501942,3.25167843e-01
72,2,2.91258876,-2.126895,2.87525282e-01
73,2,2.97702175,-1.748566,2.46984857e-01
74,2,3.04145475,-1.376798,2.02928407e-01
75,2,3.10588775,-1.024255,1.55040498e-01
76,2,3.17032058,-0.708614,1.04183438e-01
77,2,3.23475363,-0.451775,5.44865329e-02
78,2,3.29918661,-0.280740,1.53675688e-02
79,2,3.36361957,-0.221237,3.57751693e-06
80,2,3.36361957,-0.221237,3.06782902e-06
81,2,3.41622887,-0.236100,6.46460221e-03
82,2,3.46883817,-0.282174,1.08190888e-02
83,2,3.52144747,-0.352540,6.19529914e-02
84,2,3.57405686,-0.440122,1.11843504e-01
85,2,3.62666598,-0.538050,1.25323301e-01
86,2,3.67927530,-0.640874,1.30045451e-01
87,2,3.73188462,-0.744147,3.22300570e-01
88,2,3.78449394,-0.844362,3.18666913e-01
89,2,3.83710326,-0.939896,6.91413564e-02
90,2,3.88971258,-1.028758,1.50940846e-01
91,2,3.94232191,-1.109818,9.69366455e-02
92,2,3.99493123,-1.182323,2.36209641e-01
93,2,4.04754055,-1.245711,4.14311632e-01
94,2,4.10014987,-1.299418,2.23449561e-01
95,2,4.15275899,-1.343739,4.85172854e-01
96,2,4.20536831,-1.378237,3.87999184e-01
97,2,4.25797763,-1.402944,4.28913201e-01
98,2,4.31058696,-1.417777,2.72297163e-01
99,2,4.36319628,-1.422833,3.00204424e-02
0,3,0.00000000,-0.221237,2.39163201e-06
1,3,0.06074799,-0.273253,2.30071283e-02
2,3,0.12149598,-0.417348,7.83644384e-02
3,3,0.18224397,-0.620436,1.43762541e-01
4,3,0.24299205,-0.854280,2.06817660e-01
5,3,0.30373983,-1.099562,2.63940850e-01
6,3,0.36448784,-1.345517,3.14788829e-01
7,3,0.42523585,-1.584481,3.60163919e-01
8,3,0.48598386,-1.811733,4.00840949e-01
9,3,0.54673188,-2.024671,4.37280734e-01
10,3,0.60747989,-2.220993,4.69910597e-01
11,3,0.66822790,-2.399221,4.98963694e-01
12,3,0.72897591,-2.558338,5.24558080e-01
13,3,0.78972392,-2.697456,5.46776465e-01
14,3,0.85047193,-2.816014,5.65624843e-01
15,3,0.91121971,-2.913496,5.81121732e-01
16,3,0.97196773,-2.989660,5.93201249e-01
17,3,1.03271574,-3.044267,6.01840790e-01
18,3,1.09346375,-3.077077,6.07036687e-01
19,3,1.15421176,-3.088023,6.08770460e-01
20,3,1.15421176,-3.088023,6.08770457e-01
21,3,1.18458576,-3.097704,6.04259535e-01
22,3,1.21495976,-3.126067,5.91288498e-01
23,3,1.24533376,-3.171205,5.71331799e-01
24,3,1.27570776,-3.230427,5.46323751e-01
25,3,1.30608176,-3.300545,5.18141908e-01
26,3,1.33645576,-3.378349,4.88317067e-01
27,3,1.36682976,-3.460868,4.57844203e-01
28,3,1.39720381,-3.545310,4.27573921e-01
29,3,1.42757781,-3.629326,3.97842964e-01
30,3,1.45795159,-3.710911,3.68780864e-01
31,3,1.48832560,-3.788257,3.40526775e-01
32,3,1.51869960,-3.859926,3.13013914e-01
33,3,1.54907361,-3.924565,2.86355679e-01
34,3,1.57944761,-3.981093,2.60502315e-01
35,3,1.60982162,-4.028638,2.35515141e-01
36,3,1.64019563,-4.066409,2.11440811e-01
37,3,1.67056963,-4.093817,1.88374240e-01
38,3,1.70094364,-4.110419,1.66463443e-01
39,3,1.73131764,-4.115970,1.45687458e-01
40,3,1.73131764,-4.115970,1.45687604e-01
41,3,1.75279515,-4.065517,1.68536639e-02
42,3,1.77427297,-4.006250,1.50740618e-02
43,3,1.79575048,-3.938490,1.33783102e-02
44,3,1.81722830,-3.862762,1.17783156e-02
45,3,1.83870581,-3.779723,1.02827665e-02
46,3,1.86018364,-3.690187,8.89669900e-03
47,3,1.88166114,-3.595116,7.62147792e-03
48,3,1.90313897,-3.495610,6.45536822e-03
49,3,1.92461647,-3.393066,5.39474881e-03
50,3,1.94609430,-3.289015,4.43406070e-03
51,3,1.96757180,-3.185156,3.56810790e-03
52,3,1.98904963,-3.083567,2.79177009e-03
53,3,2.01052713,-2.986564,2.10116198e-03
54,3,2.03200496,-2.896860,1.49763594e-03
55,3,2.05348246,-2.817356,9.83682244e-04
56,3,2.07496029,-2.750976,5.66353893e-04
57,3,2.09643779,-2.700999,2.56495496e-04
58,3,2.11791562,-2.669834,6.50667537e-05
59,3,2.13939312,-2.659237,8.84676129e-07
60,3,2.13939312,-2.659237,8.84678452e-07
61,3,2.20382612,-2.519168,1.13245965e-06
62,3,2.26825912,-2.362696,1.38844361e-06
63,3,2.33269211,-2.191907,1.64274741e-06
64,3,2.39712495,-2.009155,1.88462532e-06
65,3,2.46155794,-1.817763,2.10488579e-06
66,3,2.52599094,-1.621230,2.29353672e-06
67,3,2.59042394,-1.423757,2.44218187e-06
68,3,2.65485693,-1.229855,2.54433839e-06
69,3,2.71928993,-1.044774,2.59691603e-06
70,3,2.78372276,-0.873833,2.60009240e-06
71,3,2.84815576,-0.720502,2.55992630e-06
72,3,2.91258876,-0.588153,2.48572795e-06
73,3,2.97702175,-0.478361,2.39010450e-06
74,3,3.04145475,-0.390914,2.28653210e-06
75,3,3.10588775,-0.324440,2.18718984e-06
76,3,3.17032058,-0.276357,2.10188062e-06
77,3,3.23475363,-0.244265,2.03713846e-06
78,3,3.29918661,-0.225970,1.99692983e-06
79,3,3.36361957,-0.221237,5.04048770e-06
80,3,3.36361957,-0.221237,5.55020183e-06
81,3,3.41622887,-0.236100,8.17624501e-03
82,3,3.46883817,-0.282174,4.41679451e-02
83,3,3.52144747,-0.352540,5.08071146e-02
84,3,3.57405686,-0.440122,6.73557300e-02
85,3,3.62666598,-0.538050,1.22434096e-01
86,3,3.67927530,-0.640874,1.84368290e-01
87,3,3.73188462,-0.744147,5.48239684e-02
88,3,3.78449394,-0.844362,1.16413534e-01
89,3,3.83710326,-0.939896,4.18570884e-01
90,3,3.88971258,-1.028758,3.84152934e-01
91,3,3.94232191,-1.109818,4.80344687e-01
92,3,3.99493123,-1.182323,3.78148054e-01
93,3,4.04754055,-1.245711,2.32095081e-01
94,3,4.10014987,-1.299418,4.50067237e-01
95,3,4.15275899,-1.343739,2.10465581e-01
96,3,4.20536831,-1.378237,3.24875361e-01
97,3,4.25797763,-1.402944,2.96244386e-01
98,3,4.31058696,-1.417777,4.60231610e-01
99,3,4.36319628,-1.422833,7.04973011e-01
0,4,0.00000000,2.274995,5.88762172e-09
1,4,0.06074799,2.244732,1.32259655e-01
2,4,0.12149598,2.154349,1.29674587e-01
3,4,0.18224397,2.016423,1.26044364e-01
4,4,0.24299205,1.845019,1.21957144e-01
5,4,0.30373983,1.653898,1.17803353e-01
6,4,0.36448784,1.454130,1.13777849e-01
7,4,0.42523585,1.254906,1.09932527e-01
8,4,0.48598386,1.063070,1.06252809e-01
9,4,0.54673188,0.883751,1.02701151e-01
10,4,0.60747989,0.720924,9.92352415e-02
11,4,0.66822790,0.577793,9.58205741e-02
12,4,0.72897591,0.456413,9.24339270e-02
13,4,0.78972392,0.359191,8.90631025e-02
14,4,0.85047193,0.287551,8.57007711e-02
15,4,0.91121971,0.243231,8.23487793e-02
16,4,0.97196773,0.226879,7.90190438e-02
17,4,1.03271574,0.240200,7.57170035e-02
18,4,1.09346375,0.284534,7.24553319e-02
19,4,1.15421176,0.360751,1.00306627e-03
20,4,1.15421176,0.360751,1.00336534e-03
21,4,1.18458576,0.378034,2.58919741e-02
22,4,1.21495976,0.429218,6.68103354e-02
23,4,1.24533376,0.512893,9.99057166e-02
24,4,1.27570776,0.625517,1.23172785e-01
25,4,1.30608176,0.764456,1.38454092e-01
26,4,1.33645576,0.926614,1.47473585e-01
27,4,1.36682976,1.109305,1.51758912e-01
28,4,1.39720381,1.309518,1.52633466e-01
29,4,1.42757781,1.525288,1.51104153e-01
30,4,1.45795159,1.754526,1.47971587e-01
31,4,1.48832560,1.995871,1.43815705e-01
32,4,1.51869960,2.247569,1.39083445e-01
33,4,1.54907361,2.508368,1.34104038e-01
34,4,1.57944761,2.777064,1.29149417e-01
35,4,1.60982162,3.050460,1.24442715e-01
36,4,1.64019563,3.325448,1.20192198e-01
37,4,1.67056963,3.593549,1.16461800e-01
38,4,1.70094364,3.828788,1.11531601e-01
39,4,1.73131764,3.942405,9.15316669e-03
40,4,1.73131764,3.942405,9.15750927e-03
41,4,1.75279515,3.837369,1.73277013e-02
42,4,1.77427297,3.652729,5.24027521e-03
43,4,1.79575048,3.435041,1.43725263e-03
44,4,1.81722830,3.206234,2.89525648e-04
45,4,1.83870581,2.975236,2.64468122e-05
46,4,1.86018364,2.746290,8.70443019e-05
47,4,1.88166114,2.521870,2.74703984e-04
48,4,1.90313897,2.303456,5.14736820e-04
49,4,1.92461647,2.093182,7.75757583e-04
50,4,1.94609430,1.891880,1.04566245e-03
51,4,1.96757180,1.702051,1.31783085e-03
52,4,1.98904963,1.525161,1.58888473e-03
53,4,2.01052713,1.363358,1.85522081e-03
54,4,2.03200496,1.219159,2.11007807e-03
55,4,2.05348246,1.095297,2.34539948e-03
56,4,2.07496029,0.995251,2.55038254e-03
57,4,2.09643779,0.920814,2.70989233e-03
58,4,2.11791562,0.875006,2.81128138e-03
59,4,2.13939312,0.859611,2.84542144e-03
60,4,2.13939312,0.859611,2.84542118e-03
61,4,2.20382612,1.022667,4.31223424e-03
62,4,2.26825912,1.205036,6.43070321e-03
63,4,2.33269211,1.403751,9.51366471e-03
64,4,2.39712495,1.615620,1.40536730e-02
65,4,2.46155794,1.834222,2.07775580e-02
66,4,2.52599094,2.052884,3.07992096e-02
67,4,2.59042394,2.261745,4.56327798e-02
68,4,2.65485693,2.448497,6.69717935e-02
69,4,2.71928993,2.598664,9.58059657e-02
70,4,2.78372276,2.700806,1.31100810e-01
71,4,2.84815576,2.751308,1.69282154e-01
72,4,2.91258876,2.756410,2.06361930e-01
73,4,2.97702175,2.728260,2.40647684e-01
74,4,3.04145475,2.624919,7.57312482e-07
75,4,3.10588775,2.499518,5.03157719e-07
76,4,3.17032058,2.401936,2.97234066e-07
77,4,3.23475363,2.332191,1.45603456e-07
78,4,3.29918661,2.290323,5.27830922e-08
79,4,3.36361957,2.274995,6.18742430e-09
80,4,3.36361957,2.274995,5.87544313e-09
81,4,3.41622887,2.299708,7.10860888e-01
82,4,3.46883817,2.333157,7.07213373e-05
83,4,3.52144747,2.315336,1.41658684e-04
84,4,3.57405686,2.255115,2.20871858e-04
85,4,3.62666598,2.169645,3.03258107e-04
86,4,3.67927530,2.070163,3.84928209e-04
87,4,3.73188462,1.964771,4.63346043e-04
88,4,3.78449394,1.858751,5.36906816e-04
89,4,3.83710326,1.755657,6.04701581e-04
90,4,3.88971258,1.658128,6.66302933e-04
91,4,3.94232191,1.568001,7.21517789e-04
92,4,3.99493123,1.486340,7.70266316e-04
93,4,4.04754055,1.414128,8.12672651e-04
94,4,4.10014987,1.352965,8.48405442e-04
95,4,4.15275899,1.302102,8.77701134e-04
96,4,4.20536831,1.262291,9.00501902e-04
97,4,4.25797763,1.233807,9.16824312e-04
98,4,4.31058696,1.216620,9.26608804e-04
99,4,4.36319628,1.210881,9.29870573e-04
0,5,0.00000000,2.274995,3.66584501e-01
1,5,0.06074799,2.344461,6.51324797e-02
2,5,0.12149598,2.532908,6.15621418e-02
3,5,0.18224397,2.809689,5.75181637e-02
4,5,0.24299205,3.146167,5.37946573e-02
5,5,0.30373983,3.523605,5.05396118e-02
6,5,0.36448784,3.928399,4.76905541e-02
7,5,0.42523585,3.766002,2.81615961e-02
8,5,0.48598386,3.391923,3.38755209e-02
9,5,0.54673188,2.987801,3.81120134e-02
10,5,0.60747989,2.587837,4.16719225e-02
11,5,0.66822790,2.207108,4.49048267e-02
12,5,0.72897591,1.854986,4.79833346e-02
13,5,0.78972392,1.536719,5.09789509e-02
14,5,0.85047193,1.252390,5.39509478e-02
15,5,0.91121971,1.003715,5.69277071e-02
16,5,0.97196773,0.790614,5.99322858e-02
17,5,1.03271574,0.612883,6.29811599e-02
18,5,1.09346375,0.469881,6.60833210e-02
19,5,1.15421176,0.360751,1.37481011e-01
20,5,1.15421176,0.360751,1.37480711e-01
21,5,1.18458576,0.378034,1.13240985e-01
22,5,1.21495976,0.429218,7.41238575e-02
23,5,1.24533376,0.512893,4.36100262e-02
24,5,1.27570776,0.625517,2.32031043e-02
25,5,1.30608176,0.764456,1.06108944e-02
26,5,1.33645576,0.926614,3.75824025e-03
27,5,1.36682976,1.109305,8.86575883e-04
28,5,1.39720381,1.309518,5.77146608e-04
29,5,1.42757781,1.525288,1.78296098e-03
30,5,1.45795159,1.754526,3.71274181e-03
31,5,1.48832560,1.995871,5.84523211e-03
32,5,1.51869960,2.247569,7.76187472e-03
33,5,1.54907361,2.508368,9.16036751e-03
34,5,1.57944761,2.777064,9.75633121e-03
35,5,1.60982162,3.050460,9.20295195e-03
36,5,1.64019563,3.325448,7.08842833e-03
37,5,1.67056963,3.593549,3.09115992e-03
38,5,1.70094364,3.828788,6.84348777e-04
39,5,1.73131764,3.942405,1.15538405e-01
40,5,1.73131764,3.942405,1.15534063e-01
41,5,1.75279515,3.977453,1.02211781e-01
42,5,1.77427297,3.993789,1.24257094e-01
43,5,1.79575048,3.995050,1.41582613e-01
44,5,1.81722830,3.987634,1.54239407e-01
45,5,1.83870581,3.974346,1.63405216e-01
46,5,1.86018364,3.957735,1.70097199e-01
47,5,1.88166114,3.939508,1.75071844e-01
48,5,1.90313897,3.920883,1.78837883e-01
49,5,1.92461647,3.902477,1.81755670e-01
50,5,1.94609430,3.884730,1.84032354e-01
51,5,1.96757180,3.868368,1.85850878e-01
52,5,1.98904963,3.853489,1.87301911e-01
53,5,2.01052713,3.839893,1.88471264e-01
54,5,2.03200496,3.828516,1.89383224e-01
55,5,2.05348246,3.819082,1.90089860e-01
56,5,2.07496029,3.811827,1.90615344e-01
57,5,2.09643779,3.806493,1.90979974e-01
58,5,2.11791562,3.803278,1.91194239e-01
59,5,2.13939312,3.802232,1.91269715e-01
60,5,2.13939312,3.802232,1.91269722e-01
61,5,2.20382612,4.605246,1.49758926e-01
62,5,2.26825912,5.396746,1.04176161e-01
63,5,2.33269211,5.788534,4.22863078e-06
64,5,2.39712495,5.371642,4.01710305e-06
65,5,2.46155794,4.979658,3.76593920e-06
66,5,2.52599094,4.611788,3.47829657e-06
67,5,2.59042394,4.269688,3.15946053e-06
68,5,2.65485693,3.954048,2.81645349e-06
69,5,2.71928993,3.664845,2.45747722e-06
70,5,2.78372276,3.402087,2.09190029e-06
71,5,2.84815576,3.166828,1.72907061e-06
72,5,2.91258876,2.958744,1.37922075e-06
73,5,2.97702175,2.778083,1.05217447e-06
74,5,3.04145475,2.679440,2.73354182e-01
75,5,3.10588775,2.619012,3.08949415e-01
76,5,3.17032058,2.496909,1.64943199e-01
77,5,3.23475363,2.381671,2.11883517e-01
78,5,3.29918661,2.304197,2.50694152e-01
79,5,3.36361957,2.274995,5.77909617e-01
80,5,3.36361957,2.274995,1.60586959e-01
81,5,3.41622887,2.299708,7.16022320e-02
82,5,3.46883817,2.366765,2.44904536e-01
83,5,3.52144747,2.469830,1.62160130e-01
84,5,3.57405686,2.598166,2.35453202e-01
85,5,3.62666598,2.739683,2.73409706e-01
86,5,3.67927530,2.881542,9.44013595e-02
87,5,3.73188462,3.011233,2.48270000e-01
88,5,3.78449394,3.117875,1.71078849e-01
89,5,3.83710326,3.192899,1.65677955e-01
90,5,3.88971258,3.234047,7.49697625e-03
91,5,3.94232191,3.244219,7.73701828e-02
92,5,3.99493123,3.230154,4.25137603e-02
93,5,4.04754055,3.200406,2.17661817e-02
94,5,4.10014987,3.162864,9.69574706e-03
95,5,4.15275899,3.124037,8.20614303e-03
96,5,4.20536831,3.089200,4.93447772e-03
97,5,4.25797763,3.061860,1.98518890e-04
98,5,4.31058696,3.044540,3.85818124e-04
99,5,4.36319628,3.037693,1.15238144e-04
0,6,0.00000000,2.274995,4.32370752e-01
1,6,0.06074799,2.344461,5.76144620e-01
2,6,0.12149598,2.532908,5.21026161e-01
3,6,0.18224397,2.809689,4.56432184e-01
4,6,0.24299205,3.146167,3.94847018e-01
5,6,0.30373983,3.523605,3.39810903e-01
6,6,0.36448784,3.928399,2.91607563e-01
7,6,0.42523585,4.353477,4.51346236e-02
8,6,0.48598386,4.794438,4.27826842e-02
9,6,0.54673188,5.246494,4.05759059e-02
10,6,0.60747989,5.707975,3.84758928e-02
11,6,0.66822790,6.178182,3.64694651e-02
12,6,0.72897591,6.653573,3.45436693e-02
13,6,0.78972392,7.135955,3.27311034e-02
14,6,0.85047193,7.623230,3.10674074e-02
15,6,0.91121971,8.117273,2.96631261e-02
16,6,0.97196773,8.610386,2.86806635e-02
17,6,1.03271574,9.095365,2.86445850e-02
18,6,1.09346375,9.540429,3.09320991e-02
19,6,1.15421176,9.778134,3.52378249e-02
20,6,1.15421176,9.778134,3.52378242e-02
21,6,1.18458576,9.751137,3.79166605e-02
22,6,1.21495976,9.664357,4.56052118e-02
23,6,1.24533376,9.507946,5.62354718e-02
24,6,1.27570776,9.284278,6.64665408e-02
25,6,1.30608176,9.010263,7.48785404e-02
26,6,1.33645576,8.704441,8.19870433e-02
27,6,1.36682976,8.378108,8.86518441e-02
28,6,1.39720381,8.042206,9.52112981e-02
29,6,1.42757781,7.701520,1.02012922e-01
30,6,1.45795159,7.358434,1.09260063e-01
31,6,1.48832560,7.015337,1.17008036e-01
32,6,1.51869960,6.672463,1.25497196e-01
33,6,1.54907361,6.334162,1.34671691e-01
34,6,1.57944761,6.000866,1.44878482e-01
35,6,1.60982162,5.673880,1.56320789e-01
36,6,1.64019563,5.357423,1.69637317e-01
37,6,1.67056963,5.059744,1.85500025e-01
38,6,1.70094364,4.807018,2.01951510e-01
39,6,1.73131764,4.688886,1.54584511e-01
40,6,1.73131764,4.688886,1.54582335e-01
41,6,1.75279515,4.699999,1.05197619e-01
42,6,1.77427297,4.799212,1.15071545e-01
43,6,1.79575048,4.939569,1.16923296e-01
44,6,1.81722830,5.065296,4.94626653e-02
45,6,1.83870581,5.195651,4.03800859e-02
46,6,1.86018364,5.333572,3.36484660e-02
47,6,1.88166114,5.477195,2.85494207e-02
48,6,1.90313897,5.625267,2.45883563e-02
49,6,1.92461647,5.776664,2.14140021e-02
50,6,1.94609430,5.930598,1.88148711e-02
51,6,1.96757180,6.086532,1.65912990e-02
52,6,1.98904963,6.243739,1.46370178e-02
53,6,2.01052713,6.401394,1.28257285e-02
54,6,2.03200496,6.558659,1.11079445e-02
55,6,2.05348246,6.713933,9.34266513e-03
56,6,2.07496029,6.864863,7.36188807e-03
57,6,2.09643779,7.004239,4.92614607e-03
58,6,2.11791562,7.116496,1.91682385e-03
59,6,2.13939312,7.164785,4.62708932e-06
60,6,2.13939312,7.164785,4.62708521e-06
61,6,2.20382612,6.686147,4.52967888e-06
62,6,2.26825912,6.227142,4.39905718e-06
63,6,2.33269211,5.881088,2.17006483e-02
64,6,2.39712495,5.666431,5.59390445e-04
65,6,2.46155794,5.304217,3.10329416e-04
66,6,2.52599094,4.938639,3.63483406e-04
67,6,2.59042394,4.591579,8.19687561e-04
68,6,2.65485693,4.267603,2.35168940e-03
69,6,2.71928993,3.966560,5.68357340e-03
70,6,2.78372276,3.688152,1.16651177e-02
71,6,2.84815576,3.434025,2.12706269e-02
72,6,2.91258876,3.203003,3.56850218e-02
73,6,2.97702175,2.994195,5.62593130e-02
74,6,3.04145475,2.806825,8.43543925e-02
75,6,3.10588775,2.640663,1.20837403e-01
76,6,3.17032058,2.548351,3.55928099e-01
77,6,3.23475363,2.458214,4.25576216e-01
78,6,3.29918661,2.342919,5.02318010e-01
79,6,3.36361957,2.274995,2.21045640e-01
80,6,3.36361957,2.274995,6.38368312e-01
81,6,3.41622887,2.303229,1.86789693e-05
82,6,3.46883817,2.366765,4.91483408e-01
83,6,3.52144747,2.469830,5.06864239e-01
84,6,3.57405686,2.598166,3.53635899e-01
85,6,3.62666598,2.739683,2.29821718e-01
86,6,3.67927530,2.881542,3.21690388e-01
87,6,3.73188462,3.011233,8.30172683e-02
88,6,3.78449394,3.117875,8.13199464e-02
89,6,3.83710326,3.192899,1.78921079e-02
90,6,3.88971258,3.234047,1.20029686e-01
91,6,3.94232191,3.244219,7.67290388e-03
92,6,3.99493123,3.230154,1.22268715e-02
93,6,4.04754055,3.200406,1.23061895e-02
94,6,4.10014987,3.162864,1.07235132e-02
95,6,4.15275899,3.124037,3.40039374e-03
96,6,4.20536831,3.089200,1.11772183e-03
97,6,4.25797763,3.061860,2.52000784e-03
98,6,4.31058696,3.044540,5.64161212e-04
99,6,4.36319628,3.037693,2.82757526e-04
0,7,0.00000000,3.020503,6.27978096e-08
1,7,0.06074799,3.103032,1.54860163e-05
2,7,0.12149598,3.322531,2.07389666e-04
3,7,0.18224397,3.618009,1.03135784e-03
4,7,0.24299205,3.911187,3.55997881e-03
5,7,0.30373983,4.090297,9.87000736e-03
6,7,0.36448784,4.036068,1.97323645e-02
7,7,0.42523585,4.353477,2.49340796e-01
8,7,0.48598386,4.794438,2.12125647e-01
9,7,0.54673188,5.246494,1.79421985e-01
10,7,0.60747989,5.707975,1.50649098e-01
11,7,0.66822790,6.178182,1.25392100e-01
12,7,0.72897591,6.653573,1.03340089e-01
13,7,0.78972392,7.135955,8.40953509e-02
14,7,0.85047193,7.623230,6.73697295e-02
15,7,0.91121971,8.117273,5.26723045e-02
16,7,0.97196773,8.610387,3.95777075e-02
17,7,1.03271574,9.095365,2.70125300e-02
18,7,1.09346375,9.540429,1.27631306e-02
19,7,1.15421176,9.778135,2.52816718e-05
20,7,1.15421176,9.778135,2.52810197e-05
21,7,1.18458576,9.751137,4.81723880e-04
22,7,1.21495976,9.664358,1.64628359e-03
23,7,1.24533376,9.507946,2.88538029e-03
24,7,1.27570776,9.284278,3.64271441e-03
25,7,1.30608176,9.010263,3.97518565e-03
26,7,1.33645576,8.704441,4.16256536e-03
27,7,1.36682976,8.378108,4.31949729e-03
28,7,1.39720381,8.042206,4.59652194e-03
29,7,1.42757781,7.701520,4.95339652e-03
30,7,1.45795159,7.358434,5.34726170e-03
31,7,1.48832560,7.015337,5.83453372e-03
32,7,1.51869960,6.672463,6.28673352e-03
33,7,1.54907361,6.334162,6.79110774e-03
34,7,1.57944761,6.000866,7.16659903e-03
35,7,1.60982162,5.673880,7.38441695e-03
36,7,1.64019563,5.357423,7.10273296e-03
37,7,1.67056963,5.059744,5.90602904e-03
38,7,1.70094364,4.807018,3.93671540e-03
39,7,1.73131764,4.688886,4.72538551e-02
40,7,1.73131764,4.688886,4.72560349e-02
41,7,1.75279515,4.752448,9.96909383e-02
42,7,1.77427297,4.839416,7.85800607e-02
43,7,1.79575048,4.945198,6.18433584e-02
44,7,1.81722830,5.099288,1.16127132e-01
45,7,1.83870581,5.269835,1.14450733e-01
46,7,1.86018364,5.447473,1.12487115e-01
47,7,1.88166114,5.630333,1.10464018e-01
48,7,1.90313897,5.817656,1.08499183e-01
49,7,1.92461647,6.008183,1.06628727e-01
50,7,1.94609430,6.201417,1.04893840e-01
51,7,1.96757180,6.397613,1.03389958e-01
52,7,1.98904963,6.596115,1.02173522e-01
53,7,2.01052713,6.797382,1.01373055e-01
54,7,2.03200496,6.999308,1.01167980e-01
55,7,2.05348246,7.202049,1.01951659e-01
56,7,2.07496029,7.405057,1.04613386e-01
57,7,2.09643779,7.603816,1.11189748e-01
58,7,2.11791562,7.748707,1.80099948e-02
59,7,2.13939312,7.702336,1.97997964e-02
60,7,2.13939312,7.702336,1.97997961e-02
61,7,2.20382612,7.215723,2.30662544e-02
62,7,2.26825912,6.799880,3.51104472e-02
63,7,2.33269211,6.732269,8.58947459e-02
64,7,2.39712495,6.440299,1.81990432e-01
65,7,2.46155794,6.139456,1.85732886e-01
66,7,2.52599094,5.875243,1.86034910e-01
67,7,2.59042394,5.655426,1.81018306e-01
68,7,2.65485693,5.488431,1.68388949e-01
69,7,2.71928993,5.380580,1.46245394e-01
70,7,2.78372276,5.329732,1.14539032e-01
71,7,2.84815576,5.315887,7.59815858e-02
72,7,2.91258876,5.287425,3.61966769e-02
73,7,2.97702175,5.157682,6.57109847e-03
74,7,3.04145475,4.851312,1.02484868e-03
75,7,3.10588775,4.393370,1.27258230e-02
76,7,3.17032058,3.882557,2.18025044e-02
77,7,3.23475363,3.423254,1.55861461e-02
78,7,3.29918661,3.119101,2.22193898e-03
79,7,3.36361957,3.020503,6.27998438e-08
80,7,3.36361957,3.020503,6.27991706e-08
81,7,3.41622887,3.086656,2.46653966e-07
82,7,3.46883817,3.296273,1.72647790e-07
83,7,3.52144747,3.633642,3.82619567e-06
84,7,3.57405686,4.047656,1.31960050e-05
85,7,3.62666598,4.499263,2.65469565e-05
86,7,3.67927530,4.965141,4.12692117e-05
87,7,3.73188462,5.433911,5.51663900e-05
88,7,3.78449394,5.897802,6.61690984e-05
89,7,3.83710326,6.348814,7.22556762e-05
90,7,3.88971258,6.772653,7.06870195e-05
91,7,3.94232191,7.135813,5.71083209e-05
92,7,3.99493123,7.373992,3.18496496e-05
93,7,4.04754055,7.454108,1.24163960e-05
94,7,4.10014987,7.437108,4.86581811e-06
95,7,4.15275899,7.387328,2.34357217e-06
96,7,4.20536831,7.335059,1.39840037e-06
97,7,4.25797763,7.292487,9.96293215e-07
98,7,4.31058696,7.265248,8.20680137e-07
99,7,4.36319628,7.255859,7.69847924e-07
0,8,0.00000000,7.439846,1.29097589e-03
1,8,0.06074799,7.358478,2.97943428e-02
2,8,0.12149598,7.083810,2.90784447e-02
3,8,0.18224397,6.723670,2.80138833e-02
4,8,0.24299205,6.374932,2.54913107e-02
5,8,0.30373983,6.161960,1.92687486e-02
6,8,0.36448784,6.211337,1.05625391e-02
7,8,0.42523585,6.510669,4.69595388e-03
8,8,0.48598386,6.951435,1.91642242e-03
9,8,0.54673188,7.459296,6.64103808e-04
10,8,0.60747989,8.000236,1.36378659e-04
11,8,0.66822790,8.557251,8.23024435e-07
12,8,0.72897591,9.118172,1.08805861e-04
13,8,0.78972392,9.678603,3.81994684e-04
14,8,0.85047193,10.073465,4.60450744e-02
15,8,0.91121971,10.459379,4.13319895e-02
16,8,0.97196773,10.873249,3.67336520e-02
17,8,1.03271574,11.308836,3.22940371e-02
18,8,1.09346375,10.962063,4.73127543e-03
19,8,1.15421176,10.719854,5.47011701e-05
20,8,1.15421176,10.719854,5.47274484e-05
21,8,1.18458576,10.676350,2.07717320e-03
22,8,1.21495976,10.576012,4.22191154e-03
23,8,1.24533376,10.472638,1.91650867e-02
24,8,1.27570776,10.395856,1.34838052e-02
25,8,1.30608176,10.346946,9.61941398e-03
26,8,1.33645576,10.317337,7.51856406e-03
27,8,1.36682976,10.298527,6.50195787e-03
28,8,1.39720381,10.287642,6.15435321e-03
29,8,1.42757781,10.281729,6.24909478e-03
30,8,1.45795159,10.278302,6.68054372e-03
31,8,1.48832560,10.277010,7.36658113e-03
32,8,1.51869960,10.276169,8.28896185e-03
33,8,1.54907361,10.276772,9.44500160e-03
34,8,1.57944761,10.277770,1.08228050e-02
35,8,1.60982162,10.278861,1.24121873e-02
36,8,1.64019563,10.279888,1.42052363e-02
37,8,1.67056963,10.280718,1.61885486e-02
38,8,1.70094364,10.281969,1.83540938e-02
39,8,1.73131764,10.282995,2.06627030e-02
40,8,1.73131764,10.282995,2.06627547e-02
41,8,1.75279515,10.167889,4.26792185e-03
42,8,1.77427297,10.045536,4.55022660e-03
43,8,1.79575048,9.918268,4.85114811e-03
44,8,1.81722830,9.786249,5.16726398e-03
45,8,1.83870581,9.649955,5.50397240e-03
46,8,1.86018364,9.509888,5.86428888e-03
47,8,1.88166114,9.366472,6.25204368e-03
48,8,1.90313897,9.220458,6.67065244e-03
49,8,1.92461647,9.071449,7.12976228e-03
50,8,1.94609430,8.920199,7.63466997e-03
51,8,1.96757180,8.767125,8.20242800e-03
52,8,1.98904963,8.612697,8.84935613e-03
53,8,2.01052713,8.455845,9.61464151e-03
54,8,2.03200496,8.300848,1.05233363e-02
55,8,2.05348246,8.147483,1.16616389e-02
56,8,2.07496029,7.998617,1.31637743e-02
57,8,2.09643779,7.860322,1.52504256e-02
58,8,2.11791562,7.787577,1.28185895e-01
59,8,2.13939312,7.889672,1.54782953e-01
60,8,2.13939312,7.889672,1.54782955e-01
61,8,2.20382612,7.501657,1.61946846e-01
62,8,2.26825912,7.127311,1.69260685e-01
63,8,2.33269211,6.771575,1.76184740e-01
64,8,2.39712495,6.737550,5.13563881e-07
65,8,2.46155794,6.455206,5.80009282e-07
66,8,2.52599094,6.214921,6.55483379e-07
67,8,2.59042394,6.022615,7.41217793e-07
68,8,2.65485693,5.885740,8.36804021e-07
69,8,2.71928993,5.804898,9.38555702e-07
70,8,2.78372276,5.783720,1.04044478e-06
71,8,2.84815576,5.826822,1.13058115e-06
72,8,2.91258876,5.934049,1.19481030e-06
73,8,2.97702175,6.102644,1.21462453e-06
74,8,3.04145475,6.326262,1.16995644e-06
75,8,3.10588775,6.593194,1.04093667e-06
76,8,3.17032058,6.883560,8.12695647e-07
77,8,3.23475363,7.163689,4.92407017e-07
78,8,3.29918661,7.379632,1.57620453e-07
79,8,3.36361957,7.439846,1.29097602e-03
80,8,3.36361957,7.439846,1.29097600e-03
81,8,3.41622887,7.428910,7.23999466e-02
82,8,3.46883817,7.334219,2.20643283e-02
83,8,3.52144747,7.202059,2.56954632e-02
84,8,3.57405686,7.057679,1.28554922e-01
85,8,3.62666598,6.923868,2.26157337e-02
86,8,3.67927530,6.819811,7.17549834e-02
87,8,3.73188462,6.762105,6.48276331e-02
88,8,3.78449394,6.765239,6.90740918e-02
89,8,3.83710326,6.836767,2.39498552e-01
90,8,3.88971258,6.980951,8.48578753e-02
91,8,3.94232191,7.195369,2.32138477e-01
92,8,3.99493123,7.473271,2.28023638e-01
93,8,4.04754055,7.808703,9.83103716e-02
94,8,4.10014987,8.190079,1.65694215e-03
95,8,4.15275899,8.608903,1.37021957e-01
96,8,4.20536831,9.063518,1.63606077e-01
97,8,4.25797763,9.535658,9.68041673e-02
98,8,4.31058696,10.003533,1.58680637e-01
99,8,4.36319628,10.290997,1.58191349e-02
0,9,0.00000000,7.456025,3.65717460e-02
1,9,0.06074799,7.477038,9.00535636e-02
2,9,0.12149598,7.517033,8.91840399e-02
3,9,0.18224397,7.583765,8.77502622e-02
4,9,0.24299205,7.677220,8.57747530e-02
5,9,0.30373983,7.797374,8.32884095e-02
6,9,0.36448784,7.944199,8.03296553e-02
7,9,0.42523585,8.117658,7.69438881e-02
8,9,0.48598386,8.317712,7.31824494e-02
9,9,0.54673188,8.544302,6.91011506e-02
10,9,0.60747989,8.797372,6.47598013e-02
11,9,0.66822790,9.077530,6.02189800e-02
12,9,0.72897591,9.383311,5.55451549e-02
13,9,0.78972392,9.715326,5.07999061e-02
14,9,0.85047193,10.228431,7.74967590e-04
15,9,0.91121971,10.765232,1.25574319e-03
16,9,0.97196773,11.282688,1.80525852e-03
17,9,1.03271574,11.418463,7.32057666e-03
18,9,1.09346375,10.962063,3.66948290e-02
19,9,1.15421176,10.719854,4.86941995e-02
20,9,1.15421176,10.719854,4.86941741e-02
21,9,1.18458576,10.676350,4.26366046e-02
22,9,1.21495976,10.576012,3.04044606e-02
23,9,1.24533376,10.472638,3.88102698e-03
24,9,1.27570776,10.395856,8.81132317e-04
25,9,1.30608176,10.346946,8.11880688e-05
26,9,1.33645576,10.317337,3.98516063e-04
27,9,1.36682976,10.298527,1.33772282e-03
28,9,1.39720381,10.287642,2.62114349e-03
29,9,1.42757781,10.281729,4.10754420e-03
30,9,1.45795159,10.278302,5.70023886e-03
31,9,1.48832560,10.277010,7.33315319e-03
32,9,1.51869960,10.276169,8.95388823e-03
33,9,1.54907361,10.276772,1.04984478e-02
34,9,1.57944761,10.277771,1.19292848e-02
35,9,1.60982162,10.278861,1.32141444e-02
36,9,1.64019563,10.279888,1.43207967e-02
37,9,1.67056963,10.280718,1.52260403e-02
38,9,1.70094364,10.281969,1.59086732e-02
39,9,1.73131764,10.282995,1.63572122e-02
40,9,1.73131764,10.282995,1.63571573e-02
41,9,1.75279515,10.385342,3.63240069e-02
42,9,1.77427297,10.466852,4.03335656e-02
43,9,1.79575048,10.520452,4.48617421e-02
44,9,1.81722830,10.538206,4.94729652e-02
45,9,1.83870581,10.514916,5.35618074e-02
46,9,1.86018364,10.450343,5.66761988e-02
47,9,1.88166114,10.349022,5.87533285e-02
48,9,1.90313897,10.218542,6.00051324e-02
49,9,1.92461647,10.064740,6.07354017e-02
50,9,1.94609430,9.893144,6.11603309e-02
51,9,1.96757180,9.710458,6.13425329e-02
52,9,1.98904963,9.519077,6.13145997e-02
53,9,2.01052713,9.319986,6.10056925e-02
54,9,2.03200496,9.118471,6.02313822e-02
55,9,2.05348246,8.914771,5.86081785e-02
56,9,2.07496029,8.711371,5.52121693e-02
57,9,2.09643779,8.511147,4.78818553e-02
58,9,2.11791562,8.326354,2.94886888e-02
59,9,2.13939312,8.224283,3.11244152e-07
60,9,2.13939312,8.224283,3.11244100e-07
61,9,2.20382612,7.807405,3.55614734e-07
62,9,2.26825912,7.418616,4.02877308e-07
63,9,2.33269211,7.061166,4.54792881e-07
64,9,2.39712495,7.397290,8.24263151e-02
65,9,2.46155794,8.228929,6.08134001e-02
66,9,2.52599094,9.040115,4.11585563e-02
67,9,2.59042394,9.734722,2.32273042e-02
68,9,2.65485693,10.178476,8.45716031e-03
69,9,2.71928993,10.294186,1.05366468e-03
70,9,2.78372276,9.525204,7.22426728e-02
71,9,2.84815576,8.749934,9.85950242e-02
72,9,2.91258876,8.084559,1.29506961e-01
73,9,2.97702175,7.595495,1.57138186e-01
74,9,3.04145475,7.341954,1.65153136e-01
75,9,3.10588775,7.284385,1.54370747e-01
76,9,3.17032058,7.326265,1.39938857e-01
77,9,3.23475363,7.392862,1.28977007e-01
78,9,3.29918661,7.444525,1.22570507e-01
79,9,3.36361957,7.456025,5.56007169e-02
80,9,3.36361957,7.456025,3.59548326e-02
81,9,3.41622887,7.428910,4.99243319e-02
82,9,3.46883817,7.334219,1.06001685e-01
83,9,3.52144747,7.202059,1.12294227e-01
84,9,3.57405686,7.057679,2.36853559e-02
85,9,3.62666598,6.923868,1.48009907e-01
86,9,3.67927530,6.819811,1.20563573e-01
87,9,3.73188462,6.762105,1.50648464e-01
88,9,3.78449394,6.765239,1.67914594e-01
89,9,3.83710326,6.836767,1.35309053e-02
90,9,3.88971258,6.980951,1.75691652e-01
91,9,3.94232191,7.195369,2.64767131e-02
92,9,3.99493123,7.473271,2.04892379e-02
93,9,4.04754055,7.808703,1.34477905e-01
94,9,4.10014987,8.190079,2.12324507e-01
95,9,4.15275899,8.608903,5.77097910e-02
96,9,4.20536831,9.063518,1.35954139e-02
97,9,4.25797763,9.535658,6.81377856e-02
98,9,4.31058696,10.003533,8.65610385e-03
99,9,4.36319628,10.290997,1.81338704e-01
0,10,0.00000000,7.456025,8.38647956e-02
1,10,0.06074799,7.495489,1.88713871e-03
2,10,0.12149598,7.657169,3.45812058e-03
3,10,0.18224397,7.913552,5.51311375e-03
4,10,0.24299205,8.249913,7.56455576e-03
5,10,0.30373983,8.651824,9.29494636e-03
6,10,0.36448784,9.105844,1.05625585e-02
7,10,0.42523585,9.600887,1.13544096e-02
8,10,0.48598386,10.126813,1.17220998e-02
9,10,0.54673188,10.673041,1.17427119e-02
10,10,0.60747989,11.227907,1.14988610e-02
11,10,0.66822790,11.776296,1.10643874e-02
12,10,0.72897591,12.296502,1.04889332e-02
13,10,0.78972392,12.757777,9.79214403e-03
14,10,0.85047193,12.824583,5.67138204e-03
15,10,0.91121971,12.400700,6.85628050e-03
16,10,0.97196773,11.915740,7.55535637e-03
17,10,1.03271574,11.418463,2.61825856e-02
18,10,1.09346375,11.769927,2.80575493e-02
19,10,1.15421176,12.256298,1.04117656e-05
20,10,1.15421176,12.256298,1.03952870e-05
21,10,1.18458576,12.289874,1.10344728e-02
22,10,1.21495976,12.351798,8.40968751e-03
23,10,1.24533376,12.398739,4.29742685e-03
24,10,1.27570776,12.429150,4.03529018e-03
25,10,1.30608176,12.453178,5.19377682e-03
26,10,1.33645576,12.475427,6.94573288e-03
27,10,1.36682976,12.497270,8.81427588e-03
28,10,1.39720381,12.519539,1.06913212e-02
29,10,1.42757781,12.543216,1.25765085e-02
30,10,1.45795159,12.567286,1.41951330e-02
31,10,1.48832560,12.591549,1.56886751e-02
32,10,1.51869960,12.615304,1.70222332e-02
33,10,1.54907361,12.637992,1.80526117e-02
34,10,1.57944761,12.661070,1.88172623e-02
35,10,1.60982162,12.678304,1.92828191e-02
36,10,1.64019563,12.693327,1.96951704e-02
37,10,1.67056963,12.704531,1.99080068e-02
38,10,1.70094364,12.712000,1.98426095e-02
39,10,1.73131764,12.715142,1.96749789e-02
40,10,1.73131764,12.715142,1.96749571e-02
41,10,1.75279515,12.604635,1.88344463e-02
42,10,1.77427297,12.509566,1.56188472e-02
43,10,1.79575048,12.439568,1.18704336e-02
44,10,1.81722830,12.402184,8.01347683e-03
45,10,1.83870581,12.403074,4.64179549e-03
46,10,1.86018364,12.443153,2.20511149e-03
47,10,1.88166114,12.518517,7.75760734e-04
48,10,1.90313897,12.623087,1.36306544e-04
49,10,1.92461647,12.749617,5.50795804e-06
50,10,1.94609430,12.892086,1.56507475e-04
51,10,1.96757180,13.047807,4.48527427e-04
52,10,1.98904963,13.212775,8.05479527e-04
53,10,2.01052713,13.384773,1.19305419e-03
54,10,2.03200496,13.560909,1.60536218e-03
55,10,2.05348246,13.739177,2.05878846e-03
56,10,2.07496029,13.917630,2.60435919e-03
57,10,2.09643779,14.088133,3.33787003e-03
58,10,2.11791562,14.236996,4.47634462e-03
59,10,2.13939312,14.310373,5.56840474e-03
60,10,2.13939312,14.310373,5.56840488e-03
61,10,2.20382612,14.326600,5.09035210e-03
62,10,2.26825912,13.987909,4.07610187e-03
63,10,2.33269211,13.562116,3.61227177e-03
64,10,2.39712495,13.135326,3.23003763e-03
65,10,2.46155794,12.727055,2.57875358e-03
66,10,2.52599094,12.335868,1.19707679e-03
67,10,2.59042394,11.918516,1.11185701e-03
68,10,2.65485693,11.219374,2.80533723e-02
69,10,2.71928993,10.362869,5.01889546e-02
70,10,2.78372276,10.162406,3.23767112e-04
71,10,2.84815576,9.891680,2.86921815e-03
72,10,2.91258876,9.540361,6.64686988e-03
73,10,2.97702175,9.141487,1.01776890e-02
74,10,3.04145475,8.724592,1.21813804e-02
75,10,3.10588775,8.321355,1.19300513e-02
76,10,3.17032058,7.964033,9.51451803e-03
77,10,3.23475363,7.682671,5.87907650e-03
78,10,3.29918661,7.502275,2.60922266e-03
79,10,3.36361957,7.456025,6.48358264e-02
80,10,3.36361957,7.456025,8.44817097e-02
81,10,3.41622887,7.481654,1.27117549e-03
82,10,3.46883817,7.603432,1.21331816e-03
83,10,3.52144747,7.796201,1.12079858e-03
84,10,3.57405686,8.042624,9.94291065e-04
85,10,3.62666598,8.310864,8.25501433e-04
86,10,3.67927530,8.542050,6.01906757e-04
87,10,3.73188462,8.659973,3.60985013e-04
88,10,3.78449394,8.647300,1.97758718e-04
89,10,3.83710326,8.563165,1.21374821e-04
90,10,3.88971258,8.472282,9.36404931e-05
91,10,3.94232191,8.435490,9.41091229e-05
92,10,3.99493123,8.530259,1.10903710e-04
93,10,4.04754055,8.797496,1.24032943e-04
94,10,4.10014987,9.178371,1.28413068e-04
95,10,4.15275899,9.605455,1.30565556e-04
96,10,4.20536831,10.043164,1.34758757e-04
97,10,4.25797763,10.459301,1.44218084e-04
98,10,4.31058696,10.797734,1.60828613e-04
99,10,4.36319628,10.941567,1.72937169e-04
0,11,0.00000000,10.822728,5.88228872e-05
1,11,0.06074799,10.846622,1.86517454e-04
2,11,0.12149598,10.910313,1.90643888e-04
3,11,0.18224397,11.016333,1.97718886e-04
4,11,0.24299205,11.164296,2.08391863e-04
5,11,0.30373983,11.355910,2.23631054e-04
6,11,0.36448784,11.584741,2.47875523e-04
7,11,0.42523585,11.850341,2.87895996e-04
8,11,0.48598386,12.150350,3.57030064e-04
9,11,0.54673188,12.468299,4.90183462e-04
10,11,0.60747989,12.785547,7.60162582e-04
11,11,0.66822790,13.057650,1.33075106e-03
12,11,0.72897591,13.198087,2.46359383e-03
13,11,0.78972392,13.122071,4.09495040e-03
14,11,0.85047193,12.824583,1.58393429e-02
15,11,0.91121971,12.400700,1.71652056e-02
16,11,0.97196773,11.915740,2.03784912e-02
17,11,1.03271574,11.775185,2.41456145e-03
18,11,1.09346375,12.234754,3.08801370e-03
19,11,1.15421176,12.256298,4.81180916e-02
20,11,1.15421176,12.256298,4.81181097e-02
21,11,1.18458576,12.289874,4.02977159e-02
22,11,1.21495976,12.351798,4.62056955e-02
23,11,1.24533376,12.398739,4.89191114e-02
24,11,1.27570776,12.429150,4.65530131e-02
25,11,1.30608176,12.453178,4.30253485e-02
26,11,1.33645576,12.475427,3.91803044e-02
27,11,1.36682976,12.497270,3.53482440e-02
28,11,1.39720381,12.519539,3.15476579e-02
29,11,1.42757781,12.543216,2.77171641e-02
30,11,1.45795159,12.567286,2.41118483e-02
31,11,1.48832560,12.591549,2.06063054e-02
32,11,1.51869960,12.615304,1.72412333e-02
33,11,1.54907361,12.637992,1.41792034e-02
34,11,1.57944761,12.661070,1.13943607e-02
35,11,1.60982162,12.678304,8.98323952e-03
36,11,1.64019563,12.693327,6.70294837e-03
37,11,1.67056963,12.704531,4.73449978e-03
38,11,1.70094364,12.712000,3.17382517e-03
39,11,1.73131764,12.715142,1.87330306e-03
40,11,1.73131764,12.715142,1.87332496e-03
41,11,1.75279515,12.833813,2.03386420e-04
42,11,1.77427297,12.958591,2.15460587e-04
43,11,1.79575048,13.087967,2.30308115e-04
44,11,1.81722830,13.221856,2.46561328e-04
45,11,1.83870581,13.358965,2.63796369e-04
46,11,1.86018364,13.498644,2.81278536e-04
47,11,1.88166114,13.640320,2.98223189e-04
48,11,1.90313897,13.783566,3.14061755e-04
49,11,1.92461647,13.927639,3.27207594e-04
50,11,1.94609430,14.073285,3.36734868e-04
51,11,1.96757180,14.217594,3.41508227e-04
52,11,1.98904963,14.361086,3.39830701e-04
53,11,2.01052713,14.500257,3.30069314e-04
54,11,2.03200496,14.639514,3.09513145e-04
55,11,2.05348246,14.774935,2.76084349e-04
56,11,2.07496029,14.860824,3.14590234e-03
57,11,2.09643779,14.781619,2.47990137e-03
58,11,2.11791562,14.689321,1.22102713e-03
59,11,2.13939312,14.634897,3.28681917e-09
60,11,2.13939312,14.634897,3.28667753e-09
61,11,2.20382612,14.991442,4.73359623e-05
62,11,2.26825912,14.529700,4.05657933e-04
63,11,2.33269211,14.089122,1.08932625e-03
64,11,2.39712495,13.684470,2.27561274e-03
65,11,2.46155794,13.334839,4.33842099e-03
66,11,2.52599094,13.071446,7.95096618e-03
67,11,2.59042394,12.318770,3.29837681e-02
68,11,2.65485693,11.781289,1.78124733e-02
69,11,2.71928993,11.467761,1.09443698e-02
70,11,2.78372276,11.215014,8.58080523e-03
71,11,2.84815576,11.007548,7.11443687e-03
72,11,2.91258876,10.845867,5.88588247e-03
73,11,2.97702175,10.731252,4.68137974e-03
74,11,3.04145475,10.667642,3.44911002e-03
75,11,3.10588775,10.653806,2.28651734e-03
76,11,3.17032058,10.684899,1.29519107e-03
77,11,3.23475363,10.743953,5.80688336e-04
78,11,3.29918661,10.801488,1.72016862e-04
79,11,3.36361957,10.822728,5.88226369e-05
80,11,3.36361957,10.822728,5.88234052e-05
81,11,3.41622887,10.784795,6.15907507e-05
82,11,3.46883817,10.673344,7.09080886e-05
83,11,3.52144747,10.516833,9.00770131e-05
84,11,3.57405686,10.349258,1.27093216e-04
85,11,3.62666598,10.216837,1.98600149e-04
86,11,3.67927530,10.179490,3.23908828e-04
87,11,3.73188462,10.318658,4.65867239e-04
88,11,3.78449394,10.652245,5.32649057e-04
89,11,3.83710326,11.121407,5.23081861e-04
90,11,3.88971258,11.666553,4.79520420e-04
91,11,3.94232191,12.245464,4.24917672e-04
92,11,3.99493123,12.815947,3.65865910e-04
93,11,4.04754055,13.311784,2.97694901e-04
94,11,4.10014987,13.602422,8.79369777e-03
95,11,4.15275899,13.015949,4.59185456e-03
96,11,4.20536831,12.426351,2.52552452e-02
97,11,4.25797763,11.851412,1.90980445e-02
98,11,4.31058696,11.321113,8.48892254e-04
99,11,4.36319628,11.010095,3.42474154e-05
0,12,0.00000000,10.822728,1.17691103e-05
1,12,0.06074799,10.846622,5.54780636e-04
2,12,0.12149598,10.910313,1.24384400e-03
3,12,0.18224397,11.016333,2.35413564e-03
4,12,0.24299205,11.164296,3.82824136e-03
5,12,0.30373983,11.355910,5.59432543e-03
6,12,0.36448784,11.584741,7.54832359e-03
7,12,0.42523585,11.850341,9.59086560e-03
8,12,0.48598386,12.150350,1.16216173e-02
9,12,0.54673188,12.468299,1.35242276e-02
10,12,0.60747989,12.785547,1.51847334e-02
11,12,0.66822790,13.057650,1.63881688e-02
12,12,0.72897591,13.198087,1.66693285e-02
13,12,0.78972392,13.122071,1.60507524e-02
14,12,0.85047193,13.118528,8.95450185e-03
15,12,0.91121971,13.334138,7.94992134e-03
16,12,0.97196773,13.376436,6.82621781e-03
17,12,1.03271574,13.253234,5.71267753e-03
18,12,1.09346375,12.767689,2.03476273e-02
19,12,1.15421176,12.648925,1.76130957e-05
20,12,1.15421176,12.648925,1.75873433e-05
21,12,1.18458576,12.688796,1.22612950e-04
22,12,1.21495976,12.822789,7.63698766e-04
23,12,1.24533376,13.051138,3.90491159e-03
24,12,1.27570776,13.341012,6.64719462e-03
25,12,1.30608176,13.664647,8.12399724e-03
26,12,1.33645576,14.006766,8.66243807e-03
27,12,1.36682976,14.358662,8.63127030e-03
28,12,1.39720381,14.713812,8.29569477e-03
29,12,1.42757781,15.068216,7.84723618e-03
30,12,1.45795159,15.415296,7.44157977e-03
31,12,1.48832560,15.735894,7.24900514e-03
32,12,1.51869960,15.992078,7.45216547e-03
33,12,1.54907361,16.124975,8.15027682e-03
34,12,1.57944761,16.142470,1.26770163e-02
35,12,1.60982162,16.112061,1.29000480e-02
36,12,1.64019563,16.073330,1.20868699e-02
37,12,1.67056963,16.040432,1.20133297e-02
38,12,1.70094364,16.019954,1.21352109e-02
39,12,1.73131764,16.013269,1.22714356e-02
40,12,1.73131764,16.013269,1.22714192e-02
41,12,1.75279515,15.904599,4.94115842e-04
42,12,1.77427297,15.798912,6.89830830e-04
43,12,1.79575048,15.698660,9.17628138e-04
44,12,1.81722830,15.604185,1.16986541e-03
45,12,1.83870581,15.515978,1.43870870e-03
46,12,1.86018364,15.434221,1.71644740e-03
47,12,1.88166114,15.358880,1.99582912e-03
48,12,1.90313897,15.289687,2.26864911e-03
49,12,1.92461647,15.226486,2.53185732e-03
50,12,1.94609430,15.168468,2.78117518e-03
51,12,1.96757180,15.115463,3.00565449e-03
52,12,1.98904963,15.066300,3.20047632e-03
53,12,2.01052713,15.019534,3.35391516e-03
54,12,2.03200496,14.972687,3.44126804e-03
55,12,2.05348246,14.921601,3.41015292e-03
56,12,2.07496029,14.905886,2.26742494e-04
57,12,2.09643779,15.025974,1.58326233e-04
58,12,2.11791562,15.126305,6.76416069e-05
59,12,2.13939312,15.172913,3.96084592e-07
60,12,2.13939312,15.172913,3.96083199e-07
61,12,2.20382612,15.029316,1.82496298e-08
62,12,2.26825912,15.333100,1.30536150e-04
63,12,2.33269211,15.484666,3.35213125e-04
64,12,2.39712495,15.022681,6.03455283e-03
65,12,2.46155794,14.131803,1.31992653e-02
66,12,2.52599094,13.195347,2.23819388e-02
67,12,2.59042394,12.963624,1.39443324e-02
68,12,2.65485693,13.117862,2.18740905e-02
69,12,2.71928993,13.470587,3.26016057e-02
70,12,2.78372276,13.274738,3.12130333e-02
71,12,2.84815576,12.742649,2.48831304e-02
72,12,2.91258876,12.241778,1.97771500e-02
73,12,2.97702175,11.822122,1.47525515e-02
74,12,3.04145475,11.488964,1.01627217e-02
75,12,3.10588775,11.235044,6.43191022e-03
76,12,3.17032058,11.048081,3.69020170e-03
77,12,3.23475363,10.922229,1.86519850e-03
78,12,3.29918661,10.849111,8.31333552e-04
79,12,3.36361957,10.822728,4.49916374e-04
80,12,3.36361957,10.822728,4.42499668e-04
81,12,3.41622887,10.889489,3.06190034e-04
82,12,3.46883817,11.072575,6.28004193e-04
83,12,3.52144747,11.353993,2.98559471e-04
84,12,3.57405686,11.711286,4.77232917e-04
85,12,3.62666598,12.125878,3.27266209e-04
86,12,3.67927530,12.582440,1.79426573e-04
87,12,3.73188462,13.068289,9.70652644e-05
88,12,3.78449394,13.570550,1.08680521e-04
89,12,3.83710326,14.061474,1.05293672e-03
90,12,3.88971258,14.487827,2.81556638e-03
91,12,3.94232191,14.715523,3.49413155e-03
92,12,3.99493123,14.577287,6.86702089e-03
93,12,4.04754055,14.148369,7.57448444e-03
94,12,4.10014987,13.602422,1.38422525e-02
95,12,4.15275899,13.015949,2.41482479e-02
96,12,4.20536831,12.426351,9.47431594e-03
97,12,4.25797763,11.851412,1.90995081e-02
98,12,4.31058696,11.321113,2.97410932e-02
99,12,4.36319628,11.010095,3.49483563e-05
0,13,0.00000000,10.822728,4.71913572e-04
1,13,0.06074799,10.898141,4.10956629e-04
2,13,0.12149598,11.083295,1.15439687e-03
3,13,0.18224397,11.325101,1.77350977e-03
4,13,0.24299205,11.587036,2.13302068e-03
5,13,0.30373983,11.857184,2.28505691e-03
6,13,0.36448784,12.136838,2.30330689e-03
7,13,0.42523585,12.432266,2.23658431e-03
8,13,0.48598386,12.750070,2.11194265e-03
9,13,0.54673188,13.095972,1.94349448e-03
10,13,0.60747989,13.474745,1.73986648e-03
11,13,0.66822790,13.893457,1.50982509e-03
12,13,0.72897591,14.347145,1.25887921e-03
13,13,0.78972392,14.842557,1.00261755e-03
14,13,0.85047193,15.055748,8.67004062e-03
15,13,0.91121971,14.448588,1.10875127e-02
16,13,0.97196773,13.864237,1.38434579e-02
17,13,1.03271574,13.303791,1.69342291e-02
18,13,1.09346375,12.998182,4.71095742e-03
19,13,1.15421176,12.648925,7.67005354e-03
20,13,1.15421176,12.648925,7.67007968e-03
21,13,1.18458576,12.688796,5.60445392e-03
22,13,1.21495976,12.822789,3.43180132e-03
23,13,1.24533376,13.051138,2.30614998e-03
24,13,1.27570776,13.341012,1.94308492e-03
25,13,1.30608176,13.664647,1.91444188e-03
26,13,1.33645576,14.006766,2.04612429e-03
27,13,1.36682976,14.358662,2.28547568e-03
28,13,1.39720381,14.713812,2.62907182e-03
29,13,1.42757781,15.068216,3.10213455e-03
30,13,1.45795159,15.415296,3.78781160e-03
31,13,1.48832560,15.735894,4.84998681e-03
32,13,1.51869960,15.992078,6.27053542e-03
33,13,1.54907361,16.124975,6.52971495e-03
34,13,1.57944761,16.142470,1.54723700e-03
35,13,1.60982162,16.112061,7.96455757e-04
36,13,1.64019563,16.073330,1.31356128e-03
37,13,1.67056963,16.040432,1.23556166e-03
38,13,1.70094364,16.019954,1.03044281e-03
39,13,1.73131764,16.013269,8.18362657e-04
40,13,1.73131764,16.013269,8.18379137e-04
41,13,1.75279515,16.116076,1.15706663e-02
42,13,1.77427297,16.203064,1.02203506e-02
43,13,1.79575048,16.270627,8.70005992e-03
44,13,1.81722830,16.313717,7.05857713e-03
45,13,1.83870581,16.329602,5.42805910e-03
46,13,1.86018364,16.319182,3.96960805e-03
47,13,1.88166114,16.286583,2.78853327e-03
48,13,1.90313897,16.237449,1.89988947e-03
49,13,1.92461647,16.177153,1.26027126e-03
50,13,1.94609430,16.109825,8.09606921e-04
51,13,1.96757180,16.038345,4.93850730e-04
52,13,1.98904963,15.964180,2.75695882e-04
53,13,2.01052713,15.887602,1.29379469e-04
54,13,2.03200496,15.808921,4.19959451e-05
55,13,2.05348246,15.699235,3.39827800e-05
56,13,2.07496029,15.544713,5.01786817e-06
57,13,2.09643779,15.424969,1.04736153e-04
58,13,2.11791562,15.351456,2.88974223e-04
59,13,2.13939312,15.328357,3.84198702e-04
60,13,2.13939312,15.328357,3.84198840e-04
61,13,2.20382612,15.153339,4.90404894e-05
62,13,2.26825912,15.409789,4.78656606e-08
63,13,2.33269211,15.772961,9.16345664e-08
64,13,2.39712495,16.110075,1.50166414e-07
65,13,2.46155794,16.429155,2.26739198e-07
66,13,2.52599094,16.496413,1.37778734e-02
67,13,2.59042394,15.724878,1.47111112e-02
68,13,2.65485693,14.989507,1.31297367e-02
69,13,2.71928993,14.447326,3.71330759e-03
70,13,2.78372276,14.766306,1.98389800e-03
71,13,2.84815576,15.362452,1.36604843e-06
72,13,2.91258876,14.613544,1.62618601e-06
73,13,2.97702175,13.858646,1.92439162e-06
74,13,3.04145475,13.126806,2.26577422e-06
75,13,3.10588775,12.440528,2.65519994e-06
76,13,3.17032058,11.823754,3.09530580e-06
77,13,3.23475363,11.310862,3.57056794e-06
78,13,3.29918661,10.955625,3.99877040e-06
79,13,3.36361957,10.822728,3.37663270e-05
80,13,3.36361957,10.822728,4.11825527e-05
81,13,3.41622887,10.889489,2.63260859e-04
82,13,3.46883817,11.072575,8.34248657e-05
83,13,3.52144747,11.353993,4.42235176e-04
84,13,3.57405686,11.711286,1.40771376e-04
85,13,3.62666598,12.125878,9.43766220e-05
86,13,3.67927530,12.582440,9.01134606e-05
87,13,3.73188462,13.068289,1.78894388e-04
88,13,3.78449394,13.570550,4.57024304e-04
89,13,3.83710326,14.061474,2.85613805e-04
90,13,3.88971258,14.487827,2.60489450e-04
91,13,3.94232191,14.715523,3.18788117e-03
92,13,3.99493123,14.577287,4.92633745e-03
93,13,4.04754055,14.148369,9.41813001e-03
94,13,4.10014987,13.613470,2.12375164e-04
95,13,4.15275899,13.616008,1.28605779e-04
96,13,4.20536831,13.381619,7.39434626e-05
97,13,4.25797763,13.050858,4.02526014e-05
98,13,4.31058696,12.745836,1.39816489e-05
99,13,4.36319628,12.610695,4.92497493e-08
0,14,0.00000000,14.790353,1.04986906e-06
1,14,0.06074799,14.881885,2.00948961e-06
2,14,0.12149598,15.151778,5.09665558e-06
3,14,0.18224397,15.586005,8.33310887e-06
4,14,0.24299205,16.160873,7.33063757e-06
5,14,0.30373983,16.847476,2.08878463e-06
6,14,0.36448784,17.614560,8.88003924e-07
7,14,0.42523585,18.433157,1.71333979e-05
8,14,0.48598386,17.966993,1.64371539e-03
9,14,0.54673188,17.325598,2.09195329e-03
10,14,0.60747989,16.745566,2.50226066e-03
11,14,0.66822790,16.272650,2.70615631e-03
12,14,0.72897591,15.989634,2.43753548e-03
13,14,0.78972392,15.686110,6.59230666e-03
14,14,0.85047193,15.379398,7.55198648e-04
15,14,0.91121971,15.957133,5.32923448e-04
16,14,0.97196773,16.569050,3.50108739e-04
17,14,1.03271574,17.207193,2.18340067e-04
18,14,1.09346375,17.849333,1.44387241e-04
19,14,1.15421176,18.436794,1.23707273e-04
20,14,1.15421176,18.436794,1.23708454e-04
21,14,1.18458576,18.386747,1.16051623e-04
22,14,1.21495976,18.258969,1.18671132e-04
23,14,1.24533376,18.091153,1.50783163e-04
24,14,1.27570776,17.906013,2.18501962e-04
25,14,1.30608176,17.717266,3.23567892e-04
26,14,1.33645576,17.531983,4.65740922e-04
27,14,1.36682976,17.355232,6.37819059e-04
28,14,1.39720381,17.189594,8.18102476e-04
29,14,1.42757781,17.040050,9.51159757e-04
30,14,1.45795159,16.912552,9.44271018e-04
31,14,1.48832560,16.823962,7.03658460e-04
32,14,1.51869960,16.809962,4.20094848e-04
33,14,1.54907361,16.933630,5.35102353e-04
34,14,1.57944761,17.184375,7.10635838e-04
35,14,1.60982162,17.486592,5.82818290e-04
36,14,1.64019563,17.789953,2.33989246e-04
37,14,1.67056963,18.023803,1.63974897e-04
38,14,1.70094364,18.102944,2.42237724e-04
39,14,1.73131764,18.114348,1.07567000e-03
40,14,1.73131764,18.114348,1.07566207e-03
41,14,1.75279515,17.992803,3.05976451e-03
42,14,1.77427297,17.884294,4.29594546e-03
43,14,1.79575048,17.795154,5.67405161e-03
44,14,1.81722830,17.727069,7.16081144e-03
45,14,1.83870581,17.676019,8.54728080e-03
46,14,1.86018364,17.562552,4.42119803e-04
47,14,1.88166114,17.349514,4.61103326e-04
48,14,1.90313897,17.132930,4.66952868e-04
49,14,1.92461647,16.916780,4.56923232e-04
50,14,1.94609430,16.699418,4.30095363e-04
51,14,1.96757180,16.485997,3.84390466e-04
52,14,1.98904963,16.276297,3.17780931e-04
53,14,2.01052713,16.073230,2.30408729e-04
54,14,2.03200496,15.878761,1.27733808e-04
55,14,2.05348246,15.727432,3.79706224e-06
56,14,2.07496029,15.643006,9.51526128e-06
57,14,2.09643779,15.557078,5.53120333e-05
58,14,2.11791562,15.478065,1.36520606e-04
59,14,2.13939312,15.438804,2.02048937e-04
60,14,2.13939312,15.438804,2.02049105e-04
61,14,2.20382612,15.725243,2.96189941e-07
62,14,2.26825912,16.266058,2.07062647e-07
63,14,2.33269211,16.550898,4.22941699e-03
64,14,2.39712495,16.358283,2.17618353e-03
65,14,2.46155794,16.624232,7.82829740e-04
66,14,2.52599094,16.700570,3.30290606e-07
67,14,2.59042394,16.879563,4.76736689e-07
68,14,2.65485693,16.879334,6.78862278e-07
69,14,2.71928993,16.600906,9.10396724e-07
70,14,2.78372276,16.055238,1.13430332e-06
71,14,2.84815576,15.642135,2.81113281e-03
72,14,2.91258876,16.651118,1.69492106e-03
73,14,2.97702175,17.415825,4.89403955e-06
74,14,3.04145475,16.781749,6.01271289e-06
75,14,3.10588775,16.166137,4.59452428e-06
76,14,3.17032058,15.619451,3.40556196e-06
77,14,3.23475363,15.181082,2.52231944e-06
78,14,3.29918661,14.892178,1.56525995e-06
79,14,3.36361957,14.790353,1.04987074e-06
80,14,3.36361957,14.790353,1.04987006e-06
81,14,3.41622887,14.858479,1.03655527e-06
82,14,3.46883817,15.053277,9.90919499e-07
83,14,3.52144747,15.352848,9.17136102e-07
84,14,3.57405686,15.732201,8.31161664e-07
85,14,3.62666598,16.170095,7.49819579e-07
86,14,3.67927530,16.640360,6.74640647e-07
87,14,3.73188462,17.111318,5.98984790e-07
88,14,3.78449394,17.507857,6.14260114e-07
89,14,3.83710326,17.655505,1.37475900e-06
90,14,3.88971258,17.239492,5.61509800e-04
91,14,3.94232191,16.923703,5.28307409e-04
92,14,3.99493123,16.675766,1.55123871e-05
93,14,4.04754055,16.364977,3.54590539e-05
94,14,4.10014987,16.279373,7.61549184e-05
95,14,4.15275899,16.517682,1.20706047e-04
96,14,4.20536831,17.032274,1.41229993e-04
97,14,4.25797763,17.701132,1.43852660e-04
98,14,4.31058696,18.434742,1.47480025e-04
99,14,4.36319628,19.007652,2.02424522e-04
0,15,0.00000000,22.719198,5.44793477e-06
1,15,0.06074799,22.546671,3.54421471e-05
2,15,0.12149598,22.065225,1.14974814e-04
3,15,0.18224397,21.442135,2.28321801e-04
4,15,0.24299205,20.757139,3.85896701e-04
5,15,0.30373983,20.054746,5.99627658e-04
6,15,0.36448784,19.342403,8.80317184e-04
7,15,0.42523585,18.641315,1.23071130e-03
8,15,0.48598386,17.966993,5.94554367e-04
9,15,0.54673188,17.325598,5.62959560e-04
10,15,0.60747989,16.745566,6.68699921e-04
11,15,0.66822790,16.272650,1.11613709e-03
12,15,0.72897591,15.989635,2.38159126e-03
13,15,0.78972392,15.992210,1.70956399e-03
14,15,0.85047193,16.273939,1.02051715e-03
15,15,0.91121971,16.747693,5.96815957e-04
16,15,0.97196773,17.337832,3.59987026e-04
17,15,1.03271574,18.003016,2.20274731e-04
18,15,1.09346375,18.711444,1.25390761e-04
19,15,1.15421176,18.436794,1.46483680e-04
20,15,1.15421176,18.436794,1.46482626e-04
21,15,1.18458576,18.386747,5.57996745e-04
22,15,1.21495976,18.258969,1.36013462e-03
23,15,1.24533376,18.091153,2.10128073e-03
24,15,1.27570776,17.906013,2.68382630e-03
25,15,1.30608176,17.717266,3.12365085e-03
26,15,1.33645576,17.531983,3.43631636e-03
27,15,1.36682976,17.355232,3.62426338e-03
28,15,1.39720381,17.189594,3.67659605e-03
29,15,1.42757781,17.040050,3.57683954e-03
30,15,1.45795159,16.912552,3.26448346e-03
31,15,1.48832560,16.823962,2.55125667e-03
32,15,1.51869960,16.809962,1.13297829e-03
33,15,1.54907361,16.933630,4.13369436e-05
34,15,1.57944761,17.184375,2.33457178e-04
35,15,1.60982162,17.486592,6.40451092e-04
36,15,1.64019563,17.789953,6.77941961e-04
37,15,1.67056963,18.023803,2.03082356e-05
38,15,1.70094364,18.102944,1.00059102e-03
39,15,1.73131764,18.114348,1.16396629e-03
40,15,1.73131764,18.114348,1.16397436e-03
41,15,1.75279515,18.243378,4.14750598e-04
42,15,1.77427297,18.333372,1.49065523e-04
43,15,1.79575048,18.162267,2.92907568e-04
44,15,1.81722830,17.972497,3.60376486e-04
45,15,1.83870581,17.771179,4.08954349e-04
46,15,1.86018364,17.632356,9.50539517e-03
47,15,1.88166114,17.583590,9.78226144e-03
48,15,1.90313897,17.521006,9.43128379e-03
49,15,1.92461647,17.442721,8.76133275e-03
50,15,1.94609430,17.352514,8.04202548e-03
51,15,1.96757180,17.255580,7.40575379e-03
52,15,1.98904963,17.156821,6.88347529e-03
53,15,2.01052713,17.059382,6.47205452e-03
54,15,2.03200496,16.969591,6.14584585e-03
55,15,2.05348246,16.889843,5.89272479e-03
56,15,2.07496029,16.823822,5.70348857e-03
57,15,2.09643779,16.774022,5.56659432e-03
58,15,2.11791562,16.743130,5.48369063e-03
59,15,2.13939312,16.734622,5.45333881e-03
60,15,2.13939312,16.734622,5.45333920e-03
61,15,2.20382612,17.413512,2.98887493e-03
62,15,2.26825912,17.390007,2.17386636e-03
63,15,2.33269211,16.780357,1.35954396e-07
64,15,2.39712495,17.270579,8.30521140e-08
65,15,2.46155794,17.248218,1.15233877e-02
66,15,2.52599094,16.967113,2.72263147e-04
67,15,2.59042394,17.326962,6.21076052e-05
68,15,2.65485693,17.685157,1.35595404e-06
69,15,2.71928993,18.018601,1.35023271e-05
70,15,2.78372276,18.266586,3.63318533e-05
71,15,2.84815576,18.301537,1.96832033e-05
72,15,2.91258876,17.983229,1.92829917e-06
73,15,2.97702175,17.714571,6.68175798e-04
74,15,3.04145475,18.799180,1.25249298e-04
75,15,3.10588775,19.879223,2.06520619e-05
76,15,3.17032058,20.911364,1.61770708e-04
77,15,3.23475363,21.837410,2.87462408e-04
78,15,3.29918661,22.503265,1.80417566e-04
79,15,3.36361957,22.719198,5.45079665e-06
80,15,3.36361957,22.719198,5.45767567e-06
81,15,3.41622887,22.621420,5.15283707e-06
82,15,3.46883817,22.306203,4.51231736e-06
83,15,3.52144747,21.858488,3.86223555e-04
84,15,3.57405686,21.235373,2.79866800e-04
85,15,3.62666598,20.552574,1.10673048e-05
86,15,3.67927530,19.842388,3.89957188e-05
87,15,3.73188462,19.130628,4.45164770e-05
88,15,3.78449394,18.440632,3.96830217e-04
89,15,3.83710326,17.789934,3.42038381e-04
90,15,3.88971258,17.239492,1.14157420e-03
91,15,3.94232191,16.923703,7.32772357e-04
92,15,3.99493123,17.008209,9.30089658e-05
93,15,4.04754055,17.421751,9.50750128e-05
94,15,4.10014987,17.989504,4.51710148e-04
95,15,4.15275899,18.626343,1.15410603e-03
96,15,4.20536831,19.301538,7.85765616e-05
97,15,4.25797763,19.989633,6.76083761e-04
98,15,4.31058696,20.157782,5.64643641e-05
99,15,4.36319628,19.554761,3.20309444e-08
0,16,0.00000000,22.719198,2.16778826e-06
1,16,0.06074799,22.546671,3.52824151e-04
2,16,0.12149598,22.065225,7.38615052e-04
3,16,0.18224397,21.442135,9.41272815e-04
4,16,0.24299205,20.757139,9.79097520e-04
5,16,0.30373983,20.054746,9.18817653e-04
6,16,0.36448784,19.342403,8.08790892e-04
7,16,0.42523585,18.641315,6.90226489e-04
8,16,0.48598386,19.137204,7.88459554e-04
9,16,0.54673188,18.412211,1.41128705e-03
10,16,0.60747989,17.702257,2.27629007e-03
11,16,0.66822790,17.009889,3.41251150e-03
12,16,0.72897591,16.336952,4.84463283e-03
13,16,0.78972392,15.992210,4.58444956e-03
14,16,0.85047193,16.273939,6.62378638e-03
15,16,0.91121971,16.747693,7.70438278e-03
16,16,0.97196773,17.337832,7.94804189e-03
17,16,1.03271574,18.003016,7.74610945e-03
18,16,1.09346375,18.711444,7.70591649e-03
19,16,1.15421176,19.255671,2.70120078e-05
20,16,1.15421176,19.255671,2.70122948e-05
21,16,1.18458576,19.256795,3.08744291e-05
22,16,1.21495976,19.241778,5.13703152e-05
23,16,1.24533376,19.194951,8.81060633e-05
24,16,1.27570776,19.122315,1.19825563e-04
25,16,1.30608176,19.034741,1.31486203e-04
26,16,1.33645576,18.940225,1.22181909e-04
27,16,1.36682976,18.843777,1.02000947e-04
28,16,1.39720381,18.749089,7.28235273e-05
29,16,1.42757781,18.658716,4.73062149e-05
30,16,1.45795159,18.574507,3.58892841e-05
31,16,1.48832560,18.496961,5.02062724e-05
32,16,1.51869960,18.426123,9.94036692e-05
33,16,1.54907361,18.365897,1.97616542e-04
34,16,1.57944761,18.316741,3.61389676e-04
35,16,1.60982162,18.280500,5.91400314e-04
36,16,1.64019563,18.267413,4.02986505e-04
37,16,1.67056963,18.322540,2.14248254e-03
38,16,1.70094364,18.497276,1.13799728e-03
39,16,1.73131764,18.601261,3.77219207e-04
40,16,1.73131764,18.601261,3.77213967e-04
41,16,1.75279515,18.487621,1.61206659e-04
42,16,1.77427297,18.385029,4.91725551e-04
43,16,1.79575048,18.532224,3.99328449e-04
44,16,1.81722830,18.519350,7.86550818e-04
45,16,1.83870581,18.463471,2.18388601e-04
46,16,1.86018364,18.428678,3.00429729e-07
47,16,1.88166114,18.426012,2.44967152e-04
48,16,1.90313897,18.460181,8.70316569e-04
49,16,1.92461647,18.527892,1.62613403e-03
50,16,1.94609430,18.621337,2.31124487e-03
51,16,1.96757180,18.732932,2.84406216e-03
52,16,1.98904963,18.855398,3.23411615e-03
53,16,2.01052713,18.984317,3.51384543e-03
54,16,2.03200496,19.111169,3.72324202e-03
55,16,2.05348246,19.231832,3.88977937e-03
56,16,2.07496029,19.332430,5.37203161e-05
57,16,2.09643779,19.333768,5.33689756e-05
58,16,2.11791562,19.334540,5.31248493e-05
59,16,2.13939312,19.335132,5.31964389e-05
60,16,2.13939312,19.335132,5.31964724e-05
61,16,2.20382612,18.358093,6.53015491e-04
62,16,2.26825912,18.031916,3.85966368e-04
63,16,2.33269211,18.266697,1.85512092e-03
64,16,2.39712495,17.901353,7.72100969e-03
65,16,2.46155794,17.753136,4.63216204e-08
66,16,2.52599094,18.226331,2.31864938e-08
67,16,2.59042394,18.691476,1.06373564e-08
68,16,2.65485693,19.159061,6.01924540e-09
69,16,2.71928993,19.631417,7.27082484e-09
70,16,2.78372276,19.964691,1.14902546e-08
71,16,2.84815576,20.203211,4.00469413e-08
72,16,2.91258876,20.423671,8.67816656e-04
73,16,2.97702175,20.650020,9.43813906e-04
74,16,3.04145475,21.018323,9.86041915e-04
75,16,3.10588775,21.437804,9.67370068e-04
76,16,3.17032058,21.873957,8.52874099e-04
77,16,3.23475363,22.287136,6.12731582e-04
78,16,3.29918661,22.611051,2.68393864e-04
79,16,3.36361957,22.719198,6.03595632e-05
80,16,3.36361957,22.719198,5.16582965e-05
81,16,3.41622887,22.651069,1.06369342e-04
82,16,3.46883817,22.354804,2.56011502e-04
83,16,3.52144747,21.858488,6.25395586e-06
84,16,3.57405686,21.235373,1.12415798e-05
85,16,3.62666598,20.552574,1.15062240e-04
86,16,3.67927530,19.842388,7.59681016e-06
87,16,3.73188462,19.130628,1.28865347e-04
88,16,3.78449394,18.440632,1.77969773e-04
89,16,3.83710326,17.789934,8.61569515e-04
90,16,3.88971258,17.453136,3.47021934e-06
91,16,3.94232191,17.075878,7.25017567e-06
92,16,3.99493123,17.008209,1.99034361e-04
93,16,4.04754055,17.421751,1.03592487e-04
94,16,4.10014987,17.989504,1.90113503e-04
95,16,4.15275899,18.626343,7.74996840e-05
96,16,4.20536831,19.301538,1.73586541e-03
97,16,4.25797763,19.989633,1.65871306e-03
98,16,4.31058696,20.676291,2.18520147e-03
99,16,4.36319628,21.237225,4.47296310e-05
0,17,0.00000000,22.719198,1.05619010e-04
1,17,0.06074799,22.757619,3.39323202e-05
2,17,0.12149598,22.802377,5.04178273e-05
3,17,0.18224397,22.749868,2.62433282e-05
4,17,0.24299205,22.070749,5.78290177e-06
5,17,0.30373983,21.350066,2.60313500e-05
6,17,0.36448784,20.611371,1.34654248e-04
7,17,0.42523585,19.869806,3.75686276e-04
8,17,0.48598386,19.275570,6.37481767e-05
9,17,0.54673188,20.106565,1.49165238e-04
10,17,0.60747989,19.768662,7.72656390e-04
11,17,0.66822790,19.338188,6.26492072e-04
12,17,0.72897591,18.956024,4.53695747e-04
13,17,0.78972392,18.660009,2.79346419e-04
14,17,0.85047193,18.481510,1.57218102e-04
15,17,0.91121971,18.458478,1.36931710e-04
16,17,0.97196773,18.588426,2.04826164e-04
17,17,1.03271574,18.782752,2.56838814e-04
18,17,1.09346375,18.805466,2.01605363e-04
19,17,1.15421176,19.255671,1.01377786e-02
20,17,1.15421176,19.255671,1.01377768e-02
21,17,1.18458576,19.256795,9.54737689e-03
22,17,1.21495976,19.241778,8.29463842e-03
23,17,1.24533376,19.194951,7.11281153e-03
24,17,1.27570776,19.122315,6.24254722e-03
25,17,1.30608176,19.034741,5.63461495e-03
26,17,1.33645576,18.940225,5.20743795e-03
27,17,1.36682976,18.843777,4.89138215e-03
28,17,1.39720381,18.749089,4.66009066e-03
29,17,1.42757781,18.658716,4.48094094e-03
30,17,1.45795159,18.574507,4.33589202e-03
31,17,1.48832560,18.496961,4.20217455e-03
32,17,1.51869960,18.426123,4.07390712e-03
33,17,1.54907361,18.365897,3.96054858e-03
34,17,1.57944761,18.316741,3.87672601e-03
35,17,1.60982162,18.280500,3.91061262e-03
36,17,1.64019563,18.267413,4.78967136e-03
37,17,1.67056963,18.322540,4.15877652e-03
38,17,1.70094364,18.497276,4.67189970e-03
39,17,1.73131764,18.601261,4.76855875e-03
40,17,1.73131764,18.601261,4.76856356e-03
41,17,1.75279515,18.653473,3.77699322e-03
42,17,1.77427297,18.635102,2.57413205e-03
43,17,1.79575048,18.582307,1.58085712e-03
44,17,1.81722830,18.686335,3.59204238e-04
45,17,1.83870581,18.843321,3.08667970e-04
46,17,1.86018364,18.997641,2.34859979e-04
47,17,1.88166114,19.135727,1.26874761e-04
48,17,1.90313897,19.231484,3.77593657e-05
49,17,1.92461647,19.278167,2.84026162e-05
50,17,1.94609430,19.299490,4.02859668e-05
51,17,1.96757180,19.311451,4.83932469e-05
52,17,1.98904963,19.319058,5.23761344e-05
53,17,2.01052713,19.323532,5.39035949e-05
54,17,2.03200496,19.327342,5.43214283e-05
55,17,2.05348246,19.330124,5.41732178e-05
56,17,2.07496029,19.339949,4.02827260e-03
57,17,2.09643779,19.426919,4.15029623e-03
58,17,2.11791562,19.484272,4.23838923e-03
59,17,2.13939312,19.504431,4.27004576e-03
60,17,2.13939312,19.504431,4.27004561e-03
61,17,2.20382612,19.527816,6.82187336e-03
62,17,2.26825912,19.502083,1.06804128e-02
63,17,2.33269211,19.592485,1.07200028e-02
64,17,2.39712495,19.990740,5.99334827e-03
65,17,2.46155794,20.434301,3.11800675e-03
66,17,2.52599094,20.814819,1.62384333e-03
67,17,2.59042394,20.757774,5.22017685e-08
68,17,2.65485693,20.182791,3.00851265e-08
69,17,2.71928993,19.922526,3.71300202e-09
70,17,2.78372276,20.103186,1.28439961e-08
71,17,2.84815576,20.501799,7.53231324e-04
72,17,2.91258876,20.545085,6.94108297e-08
73,17,2.97702175,20.937993,9.27266005e-08
74,17,3.04145475,21.348109,1.09164894e-07
75,17,3.10588775,21.756071,1.20047428e-07
76,17,3.17032058,22.134300,1.26732295e-07
77,17,3.23475363,22.449371,1.30490706e-07
78,17,3.29918661,22.663129,1.32408751e-07
79,17,3.36361957,22.719198,4.74244083e-05
80,17,3.36361957,22.719198,5.61186754e-05
81,17,3.41622887,22.651069,6.05011550e-05
82,17,3.46883817,22.354804,6.26964395e-05
83,17,3.52144747,21.876955,3.93333217e-06
84,17,3.57405686,21.388782,3.52233419e-06
85,17,3.62666598,20.883735,3.26378846e-06
86,17,3.67927530,20.366915,3.21228033e-06
87,17,3.73188462,19.883572,3.37250071e-06
88,17,3.78449394,19.509986,3.72050097e-06
89,17,3.83710326,19.422835,3.77179666e-06
90,17,3.88971258,19.728694,3.27936822e-06
91,17,3.94232191,20.263325,2.86177839e-06
92,17,3.99493123,20.894339,2.49080757e-06
93,17,4.04754055,21.569207,1.89050343e-06
94,17,4.10014987,22.251457,6.12616228e-07
95,17,4.15275899,22.582660,2.34464083e-05
96,17,4.20536831,21.834481,4.88278038e-05
97,17,4.25797763,20.986569,5.76043514e-05
98,17,4.31058696,20.676291,4.12807045e-04
99,17,4.36319628,21.237225,4.66817257e-05
0,18,0.00000000,23.904286,6.92544931e-06
1,18,0.06074799,23.770166,2.59368907e-05
2,18,0.12149598,23.341940,4.11769793e-05
3,18,0.18224397,22.878537,7.59840301e-05
4,18,0.24299205,22.680461,7.60595894e-04
5,18,0.30373983,22.214128,8.69687848e-04
6,18,0.36448784,21.720467,9.34551001e-04
7,18,0.42523585,21.222174,9.57532906e-04
8,18,0.48598386,20.724569,9.38820073e-04
9,18,0.54673188,20.236504,8.77323788e-04
10,18,0.60747989,20.892446,2.70516346e-04
11,18,0.66822790,21.603377,4.07584150e-04
12,18,0.72897591,22.215292,5.31628877e-04
13,18,0.78972392,22.759297,6.22677600e-04
14,18,0.85047193,23.197409,6.74129017e-04
15,18,0.91121971,22.418063,4.81738376e-04
16,18,0.97196773,21.671107,4.09891339e-04
17,18,1.03271574,21.046985,3.80585809e-04
18,18,1.09346375,20.406554,9.83780666e-05
19,18,1.15421176,19.823427,1.77286375e-04
20,18,1.15421176,19.823427,1.77286416e-04
21,18,1.18458576,19.861330,2.83469100e-04
22,18,1.21495976,19.973614,5.25134902e-04
23,18,1.24533376,20.145405,6.79660204e-04
24,18,1.27570776,20.350702,6.69779512e-04
25,18,1.30608176,20.569305,5.61399528e-04
26,18,1.33645576,20.786233,4.25491510e-04
27,18,1.36682976,20.987480,3.07192016e-04
28,18,1.39720381,21.162713,2.22773804e-04
29,18,1.42757781,21.296627,1.67997582e-04
30,18,1.45795159,21.366234,1.38879108e-04
31,18,1.48832560,21.348880,1.17461687e-04
32,18,1.51869960,21.233750,9.68695859e-05
33,18,1.54907361,21.036860,7.40487509e-05
34,18,1.57944761,20.784679,4.79480284e-05
35,18,1.60982162,20.497436,2.37197105e-05
36,18,1.64019563,20.196849,6.31295990e-06
37,18,1.67056963,19.901103,1.03096822e-05
38,18,1.70094364,19.647607,8.89194635e-05
39,18,1.73131764,19.539497,7.15987162e-04
40,18,1.73131764,19.539497,7.15989706e-04
41,18,1.75279515,19.465319,5.65691969e-04
42,18,1.77427297,19.417472,4.94209878e-04
43,18,1.79575048,19.388742,4.33866042e-04
44,18,1.81722830,19.377808,3.92714999e-04
45,18,1.83870581,19.378523,3.75001032e-04
46,18,1.86018364,19.392186,3.88278661e-04
47,18,1.88166114,19.429540,4.39850679e-04
48,18,1.90313897,19.515005,4.77187965e-04
49,18,1.92461647,19.653313,4.41116934e-04
50,18,1.94609430,19.818218,3.85516041e-04
51,18,1.96757180,19.995636,3.34004288e-04
52,18,1.98904963,20.177747,2.86707202e-04
53,18,2.01052713,20.361252,2.42057837e-04
54,18,2.03200496,20.542006,1.97117447e-04
55,18,2.05348246,20.716263,1.51261352e-04
56,18,2.07496029,20.877906,1.04046754e-04
57,18,2.09643779,21.015398,5.66362076e-05
58,18,2.11791562,21.112143,1.67351474e-05
59,18,2.13939312,21.130204,1.83879153e-07
60,18,2.13939312,21.130204,1.83880568e-07
61,18,2.20382612,21.593024,1.57144340e-07
62,18,2.26825912,21.912212,2.88429359e-03
63,18,2.33269211,21.834523,1.07622260e-03
64,18,2.39712495,22.057560,1.93728770e-04
65,18,2.46155794,22.392271,1.48888842e-08
66,18,2.52599094,21.540739,4.24978697e-08
67,18,2.59042394,21.149312,8.57419017e-04
68,18,2.65485693,21.462892,4.58339255e-04
69,18,2.71928993,21.748735,5.74305311e-04
70,18,2.78372276,20.991935,6.34846808e-04
71,18,2.84815576,20.588906,2.15765236e-08
72,18,2.91258876,21.076065,3.27322365e-08
73,18,2.97702175,21.567693,4.58589384e-08
74,18,3.04145475,22.061206,6.07458085e-08
75,18,3.10588775,22.545950,7.76324723e-08
76,18,3.17032058,23.016082,9.71911499e-08
77,18,3.23475363,23.448373,1.20659503e-07
78,18,3.29918661,23.789966,1.48060101e-07
79,18,3.36361957,23.904286,8.88350471e-06
80,18,3.36361957,23.904286,1.87367916e-06
81,18,3.41622887,23.839318,3.53402282e-04
82,18,3.46883817,23.679982,3.92245727e-05
83,18,3.52144747,23.584189,1.24518129e-04
84,18,3.57405686,23.552556,2.97928630e-04
85,18,3.62666598,23.558663,9.20676322e-04
86,18,3.67927530,23.584252,1.28329710e-03
87,18,3.73188462,23.621558,5.00517511e-04
88,18,3.78449394,23.667048,8.68126166e-04
89,18,3.83710326,23.710107,5.36000676e-04
90,18,3.88971258,23.747057,5.68278732e-04
91,18,3.94232191,23.769544,5.09545612e-04
92,18,3.99493123,23.764498,1.24587386e-03
93,18,4.04754055,23.708332,1.46094746e-03
94,18,4.10014987,23.599735,3.36293177e-03
95,18,4.15275899,23.200300,2.50613884e-05
96,18,4.20536831,23.042441,3.48652708e-03
97,18,4.25797763,22.576414,4.21353095e-03
98,18,4.31058696,22.011466,4.44548554e-03
99,18,4.36319628,21.482021,1.49392254e-03
0,19,0.00000000,23.904286,2.93035900e-06
1,19,0.06074799,23.812018,1.46097063e-04
2,19,0.12149598,23.514475,3.94650525e-04
3,19,0.18224397,23.122950,6.04715596e-04
4,19,0.24299205,22.988149,1.07561177e-04
5,19,0.30373983,23.136752,1.40836411e-04
6,19,0.36448784,23.325332,1.70089338e-04
7,19,0.42523585,23.564749,1.88367472e-04
8,19,0.48598386,23.873360,1.87847174e-04
9,19,0.54673188,24.258848,1.63000576e-04
10,19,0.60747989,24.749818,1.14993706e-04
11,19,0.66822790,25.320811,4.11249974e-04
12,19,0.72897591,24.696175,5.37895171e-04
13,19,0.78972392,23.976616,5.79764809e-04
14,19,0.85047193,23.201610,5.50165985e-04
15,19,0.91121971,22.997339,5.74362067e-05
16,19,0.97196773,22.102161,5.64130522e-05
17,19,1.03271574,21.233279,6.78226492e-05
18,19,1.09346375,20.406554,2.39211874e-03
19,19,1.15421176,19.823427,2.18975408e-06
20,19,1.15421176,19.823427,2.18966953e-06
21,19,1.18458576,19.861330,9.54483650e-06
22,19,1.21495976,19.973614,2.51008684e-05
23,19,1.24533376,20.145405,3.71232240e-05
24,19,1.27570776,20.350702,4.39978527e-05
25,19,1.30608176,20.569305,5.18074790e-05
26,19,1.33645576,20.786233,6.60233795e-05
27,19,1.36682976,20.987480,9.55173244e-05
28,19,1.39720381,21.162713,1.50907147e-04
29,19,1.42757781,21.296627,2.58690990e-04
30,19,1.45795159,21.366234,4.50196440e-04
31,19,1.48832560,21.348880,7.32166730e-04
32,19,1.51869960,21.233750,1.04541276e-03
33,19,1.54907361,21.036860,1.30421226e-03
34,19,1.57944761,20.784679,1.48029077e-03
35,19,1.60982162,20.497436,1.56417206e-03
36,19,1.64019563,20.196849,1.54006276e-03
37,19,1.67056963,19.901103,1.34417597e-03
38,19,1.70094364,19.647607,8.67711371e-04
39,19,1.73131764,19.539497,2.78219117e-06
40,19,1.73131764,19.539497,2.77946840e-06
41,19,1.75279515,19.669297,6.35161558e-04
42,19,1.77427297,19.880595,1.30669502e-03
43,19,1.79575048,20.130891,1.82739982e-03
44,19,1.81722830,20.396279,2.20586245e-03
45,19,1.83870581,20.664106,2.49247256e-03
46,19,1.86018364,20.926954,2.71923642e-03
47,19,1.88166114,21.179433,2.89491681e-03
48,19,1.90313897,21.421144,3.00082239e-03
49,19,1.92461647,21.636295,2.91175320e-03
50,19,1.94609430,21.812326,2.03214182e-03
51,19,1.96757180,21.855615,7.60087942e-05
52,19,1.98904963,21.759773,1.32057295e-04
53,19,2.01052713,21.636248,2.52965854e-04
54,19,2.03200496,21.512599,2.80253011e-04
55,19,2.05348246,21.394792,2.49459134e-04
56,19,2.07496029,21.290383,1.85340777e-04
57,19,2.09643779,21.205374,1.00856321e-04
58,19,2.11791562,21.149296,2.85112996e-05
59,19,2.13939312,21.147891,1.26368716e-07
60,19,2.13939312,21.147891,1.26368874e-07
61,19,2.20382612,21.753653,1.31555971e-07
62,19,2.26825912,22.130549,1.24172782e-07
63,19,2.33269211,22.727573,8.76137911e-08
64,19,2.39712495,23.054225,1.04229508e-08
65,19,2.46155794,22.565209,3.97135623e-05
66,19,2.52599094,23.269552,5.05949977e-05
67,19,2.59042394,23.586761,5.13080204e-04
68,19,2.65485693,22.634420,5.44927125e-04
69,19,2.71928993,21.759253,2.45422364e-04
70,19,2.78372276,22.044705,1.30400184e-04
71,19,2.84815576,22.322167,7.08346157e-05
72,19,2.91258876,22.584411,4.37381033e-05
73,19,2.97702175,22.825610,3.50086459e-05
74,19,3.04145475,23.043890,3.76055138e-05
75,19,3.10588775,23.241787,4.93623136e-05
76,19,3.17032058,23.419010,7.55750763e-05
77,19,3.23475363,23.592197,1.25243727e-04
78,19,3.29918661,23.794538,1.35806187e-04
79,19,3.36361957,23.904286,9.72226007e-07
80,19,3.36361957,23.904286,7.98204573e-06
81,19,3.41622887,23.839318,6.57930050e-05
82,19,3.46883817,23.679982,8.16522227e-04
83,19,3.52144747,23.584189,8.83889495e-04
84,19,3.57405686,23.552556,8.15219791e-04
85,19,3.62666598,23.558663,3.36766519e-04
86,19,3.67927530,23.584252,1.58798185e-04
87,19,3.73188462,23.621558,1.16368612e-03
88,19,3.78449394,23.667048,1.04828551e-03
89,19,3.83710326,23.710107,1.66282707e-03
90,19,3.88971258,23.747057,1.94008003e-03
91,19,3.94232191,23.769544,2.33698967e-03
92,19,3.99493123,23.764498,1.97110497e-03
93,19,4.04754055,23.708332,2.17715020e-03
94,19,4.10014987,23.599735,6.99145008e-04
95,19,4.15275899,23.382357,2.68911832e-03
96,19,4.20536831,23.042441,1.18307335e-03
97,19,4.25797763,22.576414,5.22956583e-04
98,19,4.31058696,22.011466,3.55661261e-04
99,19,4.36319628,21.482021,5.88846048e-03
0,20,0.00000000,25.363618,6.60282424e-09
1,20,0.06074799,25.459118,1.00233171e-03
2,20,0.12149598,25.652306,7.50520778e-04
3,20,0.18224397,25.870517,5.18061499e-04
4,20,0.24299205,26.070125,3.26101975e-04
5,20,0.30373983,26.237942,1.73335860e-04
6,20,0.36448784,26.333801,6.52435609e-05
7,20,0.42523585,26.360505,7.09250703e-06
8,20,0.48598386,26.295064,1.07697886e-05
9,20,0.54673188,26.114002,8.85849513e-05
10,20,0.60747989,25.791732,2.36699961e-04
11,20,0.66822790,25.362800,5.99055524e-05
12,20,0.72897591,25.657553,2.47935438e-04
13,20,0.78972392,24.797155,1.24400119e-04
14,20,0.85047193,23.898869,7.56854642e-05
15,20,0.91121971,22.997339,9.11249466e-04
16,20,0.97196773,22.102161,1.53188008e-03
17,20,1.03271574,21.233279,2.16212967e-03
18,20,1.09346375,20.781035,4.21979837e-04
19,20,1.15421176,21.046957,7.43271228e-04
20,20,1.15421176,21.046957,7.43275297e-04
21,20,1.18458576,21.073704,8.19942201e-04
22,20,1.21495976,21.151135,9.91490832e-04
23,20,1.24533376,21.272787,1.18013269e-03
24,20,1.27570776,21.431236,1.35937367e-03
25,20,1.30608176,21.620872,1.52396281e-03
26,20,1.33645576,21.836738,1.68356365e-03
27,20,1.36682976,22.071762,1.85807711e-03
28,20,1.39720381,22.313546,2.07763026e-03
29,20,1.42757781,22.536639,2.35242812e-03
30,20,1.45795159,22.691833,2.47176927e-03
31,20,1.48832560,22.769124,2.12096081e-03
32,20,1.51869960,22.821543,1.58508667e-03
33,20,1.54907361,22.889667,1.18184730e-03
34,20,1.57944761,22.973538,9.16884861e-04
35,20,1.60982162,23.060279,7.47647642e-04
36,20,1.64019563,23.138866,6.34240101e-04
37,20,1.67056963,23.200885,5.57507722e-04
38,20,1.70094364,23.240748,5.08937071e-04
39,20,1.73131764,23.257778,4.82114752e-04
40,20,1.73131764,23.257778,4.82114594e-04
41,20,1.75279515,23.144313,8.54189510e-04
42,20,1.77427297,23.031485,9.22653582e-04
43,20,1.79575048,22.916389,9.84765614e-04
44,20,1.81722830,22.801538,1.04767298e-03
45,20,1.83870581,22.685230,1.11120014e-03
46,20,1.86018364,22.567244,1.18159306e-03
47,20,1.88166114,22.447584,1.27294174e-03
48,20,1.90313897,22.326893,1.42128106e-03
49,20,1.92461647,22.207979,1.74905750e-03
50,20,1.94609430,22.102741,2.85295150e-03
51,20,1.96757180,22.107284,5.01839686e-03
52,20,1.98904963,22.225119,5.14971531e-03
53,20,2.01052713,22.344077,5.17955743e-03
54,20,2.03200496,22.443599,5.25945704e-03
55,20,2.05348246,22.521548,5.34627167e-03
56,20,2.07496029,22.588488,5.42462284e-03
57,20,2.09643779,22.556157,2.43656408e-04
58,20,2.11791562,22.459848,2.77405923e-04
59,20,2.13939312,22.424274,2.91915200e-04
60,20,2.13939312,22.424274,2.91915111e-04
61,20,2.20382612,22.239753,4.61514105e-03
62,20,2.26825912,22.397044,1.23107362e-07
63,20,2.33269211,22.972455,8.47114853e-08
64,20,2.39712495,23.371008,5.20707608e-08
65,20,2.46155794,24.045996,2.30419880e-08
66,20,2.52599094,24.562750,4.38873044e-04
67,20,2.59042394,24.088913,7.93792746e-05
68,20,2.65485693,24.960679,1.62514718e-04
69,20,2.71928993,25.749004,2.81527516e-04
70,20,2.78372276,26.201840,2.67473523e-04
71,20,2.84815576,26.283940,2.03859153e-04
72,20,2.91258876,26.234138,1.99441675e-04
73,20,2.97702175,26.148182,2.34718366e-04
74,20,3.04145475,26.052810,3.10183848e-04
75,20,3.10588775,25.954687,4.42288836e-04
76,20,3.17032058,25.838914,6.77307342e-04
77,20,3.23475363,25.680137,4.18259589e-08
78,20,3.29918661,25.469669,2.37325482e-08
79,20,3.36361957,25.363618,5.41063278e-09
80,20,3.36361957,25.363618,1.10677144e-08
81,20,3.41622887,25.447532,3.94927425e-03
82,20,3.46883817,25.594530,1.59410402e-03
83,20,3.52144747,25.733949,1.46691512e-03
84,20,3.57405686,25.848360,8.20926181e-04
85,20,3.62666598,25.944110,6.05992737e-04
86,20,3.67927530,26.028329,1.00748380e-03
87,20,3.73188462,26.106734,1.55730593e-03
88,20,3.78449394,26.183305,1.07311495e-03
89,20,3.83710326,26.255734,6.63690676e-04
90,20,3.88971258,26.324500,1.74424537e-04
91,20,3.94232191,26.350719,1.68362011e-05
92,20,3.99493123,25.468043,2.38460002e-05
93,20,4.04754055,24.567893,3.11777826e-05
94,20,4.10014987,23.701789,3.97997189e-05
95,20,4.15275899,23.382357,1.74449880e-03
96,20,4.20536831,23.782665,7.09142161e-06
97,20,4.25797763,24.434896,4.00069788e-06
98,20,4.31058696,24.968068,1.70648204e-06
99,20,4.36319628,25.194597,3.79393933e-07
0,21,0.00000000,25.363619,3.42454160e-03
1,21,0.06074799,25.503351,5.87287237e-04
2,21,0.12149598,25.787483,6.69954081e-04
3,21,0.18224397,26.087826,8.09217525e-04
4,21,0.24299205,26.347003,9.58429150e-04
5,21,0.30373983,26.562253,1.11014165e-03
6,21,0.36448784,26.737882,1.24261584e-03
7,21,0.42523585,26.883133,1.34807014e-03
8,21,0.48598386,26.993302,1.40673388e-03
9,21,0.54673188,27.025880,1.37033826e-03
10,21,0.60747989,26.876965,1.06664459e-03
11,21,0.66822790,26.405737,5.54242541e-04
12,21,0.72897591,25.657553,1.82397986e-05
13,21,0.78972392,24.797155,1.04413659e-04
14,21,0.85047193,23.898869,4.15211115e-04
15,21,0.91121971,23.498860,6.70383747e-04
16,21,0.97196773,23.152693,3.64100388e-04
17,21,1.03271574,22.383900,3.35156356e-04
18,21,1.09346375,21.644234,3.91390810e-04
19,21,1.15421176,21.046957,1.34633763e-04
20,21,1.15421176,21.046957,1.34629721e-04
21,21,1.18458576,21.073704,1.26164102e-04
22,21,1.21495976,21.151135,1.35099247e-04
23,21,1.24533376,21.272787,1.87148615e-04
24,21,1.27570776,21.431236,2.64902532e-04
25,21,1.30608176,21.620872,3.44157195e-04
26,21,1.33645576,21.836738,4.01909159e-04
27,21,1.36682976,22.071762,4.20423548e-04
28,21,1.39720381,22.313546,3.93128511e-04
29,21,1.42757781,22.536639,3.14125253e-04
30,21,1.45795159,22.691833,2.24305489e-04
31,21,1.48832560,22.769124,2.40908328e-04
32,21,1.51869960,22.821543,3.17972394e-04
33,21,1.54907361,22.889667,3.59544480e-04
34,21,1.57944761,22.973538,3.81976318e-04
35,21,1.60982162,23.060279,3.92737773e-04
36,21,1.64019563,23.138866,4.00562352e-04
37,21,1.67056963,23.200885,4.05833274e-04
38,21,1.70094364,23.240748,4.08827666e-04
39,21,1.73131764,23.257778,4.11928716e-04
40,21,1.73131764,23.257778,4.11928869e-04
41,21,1.75279515,23.363574,9.71485353e-05
42,21,1.77427297,23.460692,8.32357532e-05
43,21,1.79575048,23.545156,7.03585805e-05
44,21,1.81722830,23.615361,5.92530479e-05
45,21,1.83870581,23.668453,5.04241554e-05
46,21,1.86018364,23.701726,4.42519650e-05
47,21,1.88166114,23.711972,4.11105274e-05
48,21,1.90313897,23.696751,4.14456595e-05
49,21,1.92461647,23.650097,4.60064728e-05
50,21,1.94609430,23.571672,5.53404261e-05
51,21,1.96757180,23.462903,6.94823902e-05
52,21,1.98904963,23.328636,8.82004959e-05
53,21,2.01052713,23.175980,1.10963560e-04
54,21,2.03200496,23.012961,1.38083941e-04
55,21,2.05348246,22.848150,1.69588401e-04
56,21,2.07496029,22.692025,2.05221917e-04
57,21,2.09643779,22.626957,5.47795658e-03
58,21,2.11791562,22.649126,5.50946988e-03
59,21,2.13939312,22.656596,5.52163462e-03
60,21,2.13939312,22.656596,5.52163471e-03
61,21,2.20382612,22.911679,2.53605174e-04
62,21,2.26825912,23.455868,1.83190902e-04
63,21,2.33269211,24.043157,1.02208762e-04
64,21,2.39712495,24.660444,4.19892225e-05
65,21,2.46155794,25.173926,9.44603159e-05
66,21,2.52599094,24.717697,5.42403950e-09
67,21,2.59042394,25.343338,2.67279510e-09
68,21,2.65485693,25.863116,1.37502390e-08
69,21,2.71928993,26.228472,3.09248920e-08
70,21,2.78372276,26.418898,4.49637795e-08
71,21,2.84815576,26.486913,5.29941048e-08
72,21,2.91258876,26.464948,5.68896433e-08
73,21,2.97702175,26.385902,5.86124522e-08
74,21,3.04145475,26.259967,5.89471746e-08
75,21,3.10588775,26.099173,5.74806740e-08
76,21,3.17032058,25.902922,5.26174241e-08
77,21,3.23475363,25.689537,1.09129657e-03
78,21,3.29918661,25.495657,1.76324403e-03
79,21,3.36361957,25.363619,5.97112502e-03
80,21,3.36361957,25.363619,5.01283684e-04
81,21,3.41622887,25.447532,2.15005436e-03
82,21,3.46883817,25.594530,3.30461546e-03
83,21,3.52144747,25.733949,2.42453922e-03
84,21,3.57405686,25.848360,2.31454908e-03
85,21,3.62666598,25.944110,1.94738826e-03
86,21,3.67927530,26.028329,1.07847818e-03
87,21,3.73188462,26.106734,1.32098542e-04
88,21,3.78449394,26.183305,2.70737811e-04
89,21,3.83710326,26.255734,3.77592040e-04
90,21,3.88971258,26.324500,6.03690417e-04
91,21,3.94232191,26.387080,5.44545525e-04
92,21,3.99493123,26.437494,2.35348001e-04
93,21,4.04754055,26.474462,2.08992373e-04
94,21,4.10014987,26.480839,4.68289208e-05
95,21,4.15275899,26.430445,6.76507212e-05
96,21,4.20536831,26.320427,1.78789751e-05
97,21,4.25797763,26.192302,2.16607077e-05
98,21,4.31058696,26.101870,3.11379216e-05
99,21,4.36319628,26.067566,7.91893992e-05
0,22,0.00000000,25.363619,3.42157107e-03
1,22,0.06074799,25.503351,4.69494200e-03
2,22,0.12149598,25.787483,3.92599517e-03
3,22,0.18224397,26.087826,3.15750813e-03
4,22,0.24299205,26.347003,2.51658767e-03
5,22,0.30373983,26.562253,2.00078414e-03
6,22,0.36448784,26.737882,1.60912058e-03
7,22,0.42523585,26.883133,1.30669421e-03
8,22,0.48598386,26.993302,1.06624614e-03
9,22,0.54673188,27.025880,8.38631874e-04
10,22,0.60747989,26.876965,5.50857717e-04
11,22,0.66822790,26.405737,1.94776832e-04
12,22,0.72897591,26.034017,2.83181165e-05
13,22,0.78972392,26.014247,4.28173279e-05
14,22,0.85047193,25.178366,3.17763239e-05
15,22,0.91121971,24.374642,5.59208655e-05
16,22,0.97196773,24.215365,3.90311765e-04
17,22,1.03271574,24.514305,4.48620878e-04
18,22,1.09346375,24.859204,4.04699315e-04
19,22,1.15421176,25.211164,5.82880683e-05
20,22,1.15421176,25.211164,5.80643864e-05
21,22,1.18458576,25.178431,5.79126661e-05
22,22,1.21495976,25.083573,5.80509808e-05
23,22,1.24533376,24.936273,5.84796226e-05
24,22,1.27570776,24.746664,5.85615763e-05
25,22,1.30608176,24.528516,5.55389868e-05
26,22,1.33645576,24.295400,4.76905954e-05
27,22,1.36682976,24.055358,3.63830862e-05
28,22,1.39720381,23.841194,3.96380123e-05
29,22,1.42757781,23.700900,8.72278665e-05
30,22,1.45795159,23.692700,3.77654223e-05
31,22,1.48832560,23.855653,1.75514511e-05
32,22,1.51869960,24.140703,1.26058409e-04
33,22,1.54907361,24.491723,2.18477911e-04
34,22,1.57944761,24.882486,2.68194305e-04
35,22,1.60982162,25.295801,2.83349280e-04
36,22,1.64019563,25.727328,2.74943291e-04
37,22,1.67056963,26.172742,2.45717344e-04
38,22,1.70094364,26.629800,1.80706312e-04
39,22,1.73131764,27.024139,2.82645727e-04
40,22,1.73131764,27.024139,2.82671496e-04
41,22,1.75279515,26.838394,1.23105110e-04
42,22,1.77427297,26.603535,9.17059056e-05
43,22,1.79575048,26.366862,7.83029899e-05
44,22,1.81722830,26.134892,7.26825712e-05
45,22,1.83870581,25.910882,7.14996427e-05
46,22,1.86018364,25.698555,7.31727608e-05
47,22,1.88166114,25.502116,7.66313512e-05
48,22,1.90313897,25.326365,8.08922109e-05
49,22,1.92461647,25.175715,8.48391398e-05
50,22,1.94609430,25.050418,8.75508251e-05
51,22,1.96757180,24.956432,8.88655116e-05
52,22,1.98904963,24.887718,8.90430336e-05
53,22,2.01052713,24.839081,8.86191451e-05
54,22,2.03200496,24.805864,8.81150017e-05
55,22,2.05348246,24.783482,8.77036629e-05
56,22,2.07496029,24.772327,8.78788429e-05
57,22,2.09643779,24.763110,8.77135068e-05
58,22,2.11791562,24.758058,8.76002979e-05
59,22,2.13939312,24.756516,8.75464990e-05
60,22,2.13939312,24.756516,8.75464953e-05
61,22,2.20382612,25.522379,1.19397303e-04
62,22,2.26825912,26.259932,1.70274317e-08
63,22,2.33269211,25.318197,6.63920337e-08
64,22,2.39712495,24.977049,1.54813554e-07
65,22,2.46155794,25.495073,1.68229299e-07
66,22,2.52599094,26.172390,2.02691635e-04
67,22,2.59042394,26.862656,3.94031491e-04
68,22,2.65485693,27.208603,2.80886546e-05
69,22,2.71928993,27.242286,8.62554433e-05
70,22,2.78372276,27.641812,3.61891876e-04
71,22,2.84815576,28.441738,7.59628468e-04
72,22,2.91258876,28.828195,3.17615430e-03
73,22,2.97702175,28.257150,3.07855625e-03
74,22,3.04145475,27.636578,3.15578519e-03
75,22,3.10588775,27.012338,3.32735467e-03
76,22,3.17032058,26.425725,3.58748424e-03
77,22,3.23475363,25.909233,3.92979401e-03
78,22,3.29918661,25.523749,4.31718069e-03
79,22,3.36361957,25.363619,8.74990722e-04
80,22,3.36361957,25.363619,6.34482061e-03
81,22,3.41622887,25.479985,3.54651850e-07
82,22,3.46883817,25.753881,1.11543259e-06
83,22,3.52144747,26.116222,1.93587512e-06
84,22,3.57405686,26.513705,2.68873730e-06
85,22,3.62666598,26.931057,3.30374555e-06
86,22,3.67927530,27.319888,3.63249978e-06
87,22,3.73188462,27.670269,3.27831084e-06
88,22,3.78449394,27.920407,1.31443586e-06
89,22,3.83710326,27.820326,1.14401519e-06
90,22,3.88971258,27.183725,9.36577434e-06
91,22,3.94232191,26.387080,1.00681197e-05
92,22,3.99493123,26.437494,1.36455770e-04
93,22,4.04754055,26.474462,1.63751748e-05
94,22,4.10014987,26.480839,8.20079008e-05
95,22,4.15275899,26.430445,1.78775703e-06
96,22,4.20536831,26.320427,3.24716721e-05
97,22,4.25797763,26.192302,4.63919060e-05
98,22,4.31058696,26.101870,7.22465202e-05
99,22,4.36319628,26.067566,4.26744181e-05
0,23,0.00000000,28.862843,1.65465892e-03
1,23,0.06074799,28.960004,1.81630571e-03
2,23,0.12149598,29.239397,1.72828618e-03
3,23,0.18224397,29.697813,1.59458445e-03
4,23,0.24299205,30.310506,1.45668983e-03
5,23,0.30373983,31.053175,1.20942950e-03
6,23,0.36448784,31.691542,1.62637144e-03
7,23,0.42523585,30.992835,9.56473658e-06
8,23,0.48598386,30.176855,4.77941702e-05
9,23,0.54673188,29.394471,2.08077277e-04
10,23,0.60747989,28.772326,6.56220093e-04
11,23,0.66822790,28.339023,1.30772417e-04
12,23,0.72897591,27.415327,6.52692598e-05
13,23,0.78972392,27.359483,6.26152940e-06
14,23,0.85047193,27.020546,3.59974375e-05
15,23,0.91121971,26.651309,4.68933803e-05
16,23,0.97196773,26.280733,9.63268535e-05
17,23,1.03271574,25.920249,1.68522367e-04
18,23,1.09346375,25.565110,2.50652284e-04
19,23,1.15421176,25.211164,6.07401955e-04
20,23,1.15421176,25.211164,6.07626628e-04
21,23,1.18458576,25.178431,6.21463933e-04
22,23,1.21495976,25.083573,6.57431555e-04
23,23,1.24533376,24.936273,7.02914407e-04
24,23,1.27570776,24.746664,7.45093324e-04
25,23,1.30608176,24.528517,7.71889889e-04
26,23,1.33645576,24.295400,7.68661234e-04
27,23,1.36682976,24.055358,7.09851787e-04
28,23,1.39720381,23.841194,5.33266583e-04
29,23,1.42757781,23.700900,2.08588306e-04
30,23,1.45795159,23.692700,2.76547952e-05
31,23,1.48832560,23.855653,9.61677959e-05
32,23,1.51869960,24.140703,1.21902606e-04
33,23,1.54907361,24.491723,1.04217284e-04
34,23,1.57944761,24.882486,7.33177273e-05
35,23,1.60982162,25.295801,4.26625343e-05
36,23,1.64019563,25.727328,1.82747815e-05
37,23,1.67056963,26.172742,4.01806824e-06
38,23,1.70094364,26.629800,9.14079008e-06
39,23,1.73131764,27.024139,4.79548505e-04
40,23,1.73131764,27.024139,4.79522802e-04
41,23,1.75279515,26.872088,1.94757470e-03
42,23,1.77427297,26.661498,1.93269650e-03
43,23,1.79575048,26.459189,1.84709859e-03
44,23,1.81722830,26.269853,1.73918036e-03
45,23,1.83870581,26.094810,1.62020694e-03
46,23,1.86018364,25.936081,1.49200564e-03
47,23,1.88166114,25.795638,1.35463583e-03
48,23,1.90313897,25.675696,1.20667832e-03
49,23,1.92461647,25.577271,1.05173986e-03
50,23,1.94609430,25.501174,8.92573789e-04
51,23,1.96757180,25.448710,7.32604318e-04
52,23,1.98904963,25.418224,5.80403659e-04
53,23,2.01052713,25.406383,4.44893737e-04
54,23,2.03200496,25.410721,3.30746319e-04
55,23,2.05348246,25.425140,2.42280778e-04
56,23,2.07496029,25.447643,1.74880167e-04
57,23,2.09643779,25.465617,1.34583602e-04
58,23,2.11791562,25.478248,1.12634915e-04
59,23,2.13939312,25.483119,1.06481995e-04
60,23,2.13939312,25.483119,1.06481904e-04
61,23,2.20382612,26.185011,3.38061627e-04
62,23,2.26825912,26.332487,1.66208138e-04
63,23,2.33269211,27.162505,2.36875878e-04
64,23,2.39712495,26.798946,3.44917573e-04
65,23,2.46155794,25.898424,3.81424605e-04
66,23,2.52599094,26.331204,1.54046925e-07
67,23,2.59042394,27.276904,1.37641048e-07
68,23,2.65485693,27.596942,7.69879686e-04
69,23,2.71928993,28.311669,1.38912598e-03
70,23,2.78372276,28.918208,2.37589009e-03
71,23,2.84815576,29.147188,3.27812563e-03
72,23,2.91258876,29.387188,1.13458906e-03
73,23,2.97702175,30.320205,5.19307871e-08
74,23,3.04145475,30.036131,4.43597186e-08
75,23,3.10588775,29.687085,3.23375176e-08
76,23,3.17032058,29.357556,2.00320585e-08
77,23,3.23475363,29.093574,9.50427368e-09
78,23,3.29918661,28.924367,2.51083469e-09
79,23,3.36361957,28.862843,9.53199055e-05
80,23,3.36361957,28.862843,6.31536618e-03
81,23,3.41622887,28.874768,1.45884959e-11
82,23,3.46883817,28.899725,4.32199379e-11
83,23,3.52144747,28.941168,8.85274763e-11
84,23,3.57405686,28.998800,1.52813725e-10
85,23,3.62666598,29.072198,2.33262927e-10
86,23,3.67927530,29.160729,3.32608272e-10
87,23,3.73188462,29.263596,4.45811579e-10
88,23,3.78449394,29.380314,5.77250478e-10
89,23,3.83710326,29.036216,2.30060232e-05
90,23,3.88971258,29.070822,2.00356667e-05
91,23,3.94232191,29.251610,1.85784017e-05
92,23,3.99493123,29.410280,1.81650190e-05
93,23,4.04754055,28.710297,1.44051926e-04
94,23,4.10014987,28.078537,2.39723548e-04
95,23,4.15275899,27.601533,2.87248055e-04
96,23,4.20536831,27.315426,1.48667853e-04
97,23,4.25797763,27.181962,2.18627737e-05
98,23,4.31058696,27.129888,1.81715222e-05
99,23,4.36319628,27.115447,3.00324883e-06
0,24,0.00000000,28.862843,5.73284917e-03
1,24,0.06074799,28.960004,1.97439620e-03
2,24,0.12149598,29.239397,2.31929994e-03
3,24,0.18224397,29.697813,2.79277158e-03
4,24,0.24299205,30.310506,3.28257931e-03
5,24,0.30373983,31.053175,3.98061251e-03
6,24,0.36448784,31.691542,4.22575247e-03
7,24,0.42523585,30.992835,1.94220193e-03
8,24,0.48598386,30.176855,9.70441872e-04
9,24,0.54673188,29.394471,3.43807973e-04
10,24,0.60747989,28.772326,3.50756472e-05
11,24,0.66822790,28.350921,4.63678068e-04
12,24,0.72897591,27.842838,2.25743029e-04
13,24,0.78972392,27.411034,8.67120811e-05
14,24,0.85047193,28.261352,2.39359156e-05
15,24,0.91121971,28.796354,2.51782074e-03
16,24,0.97196773,28.931455,2.71101376e-03
17,24,1.03271574,29.038756,2.87380036e-03
18,24,1.09346375,29.111063,2.98361210e-03
19,24,1.15421176,29.136372,3.02315172e-03
20,24,1.15421176,29.136372,3.02324739e-03
21,24,1.18458576,29.162416,2.97801540e-03
22,24,1.21495976,29.236950,2.86288260e-03
23,24,1.24533376,29.350410,2.74878772e-03
24,24,1.27570776,29.489349,2.65805142e-03
25,24,1.30608176,29.638639,2.61410923e-03
26,24,1.33645576,29.781450,2.78166848e-03
27,24,1.36682976,29.895117,1.19655612e-03
28,24,1.39720381,29.962737,7.65111516e-04
29,24,1.42757781,29.964432,7.35305898e-04
30,24,1.45795159,29.894462,7.68776725e-04
31,24,1.48832560,29.766048,8.13397110e-04
32,24,1.51869960,29.599505,8.81559862e-04
33,24,1.54907361,29.410687,9.44235060e-04
34,24,1.57944761,29.193485,8.45232020e-04
35,24,1.60982162,28.902836,1.02548912e-04
36,24,1.64019563,28.506547,1.99051061e-03
37,24,1.67056963,28.052925,2.03389694e-03
38,24,1.70094364,27.585367,1.93991005e-03
39,24,1.73131764,27.187755,1.54651010e-03
40,24,1.73131764,27.187755,1.54646900e-03
41,24,1.75279515,27.194277,5.28397946e-05
42,24,1.77427297,27.251582,7.60918203e-05
43,24,1.79575048,27.321718,8.48188371e-05
44,24,1.81722830,27.398215,8.75628517e-05
45,24,1.83870581,27.480000,8.66607486e-05
46,24,1.86018364,27.566510,8.31559099e-05
47,24,1.88166114,27.657198,7.77373410e-05
48,24,1.90313897,27.751504,7.08393155e-05
49,24,1.92461647,27.848299,6.31687341e-05
50,24,1.94609430,27.948349,5.51092330e-05
51,24,1.96757180,28.046753,4.66981369e-05
52,24,1.98904963,28.143582,3.83225955e-05
53,24,2.01052713,28.236651,3.02644375e-05
54,24,2.03200496,28.323752,2.25321362e-05
55,24,2.05348246,28.401877,1.54281727e-05
56,24,2.07496029,28.468742,9.15756057e-06
57,24,2.09643779,28.519072,4.28377248e-06
58,24,2.11791562,28.550746,1.11540341e-06
59,24,2.13939312,28.561970,1.74527738e-09
60,24,2.13939312,28.561970,1.74552172e-09
61,24,2.20382612,27.375306,1.37307381e-09
62,24,2.26825912,26.931171,4.74490688e-04
63,24,2.33269211,27.566799,3.67296981e-04
64,24,2.39712495,27.716405,7.90064376e-05
65,24,2.46155794,27.599945,2.90154808e-05
66,24,2.52599094,27.446804,2.14501474e-05
67,24,2.59042394,27.306253,2.08041613e-05
68,24,2.65485693,28.290491,1.20742075e-07
69,24,2.71928993,29.343464,1.03528293e-07
70,24,2.78372276,29.933308,8.62727344e-09
71,24,2.84815576,30.294030,3.02302913e-08
72,24,2.91258876,30.437136,4.86181971e-08
73,24,2.97702175,30.366711,1.47601334e-03
74,24,3.04145475,30.944938,2.59164503e-09
75,24,3.10588775,30.285539,1.03700935e-09
76,24,3.17032058,29.716686,2.97549644e-10
77,24,3.23475363,29.266051,9.45520931e-11
78,24,3.29918661,28.971073,6.40593715e-11
79,24,3.36361957,28.862843,7.29218753e-03
80,24,3.36361957,28.862843,1.07214163e-03
81,24,3.41622887,28.996058,3.94642227e-03
82,24,3.46883817,29.358471,7.65617953e-03
83,24,3.52144747,29.896097,1.90863731e-04
84,24,3.57405686,30.542130,3.66215748e-03
85,24,3.62666598,31.242488,7.54785881e-04
86,24,3.67927530,31.093611,8.98976084e-06
87,24,3.73188462,30.265120,1.27624167e-05
88,24,3.78449394,29.495746,1.86479224e-05
89,24,3.83710326,29.508301,7.20230645e-10
90,24,3.88971258,29.646337,8.77011689e-10
91,24,3.94232191,29.792050,1.04633077e-09
92,24,3.99493123,29.446258,7.15634045e-05
93,24,4.04754055,28.710297,3.35115354e-04
94,24,4.10014987,28.078537,2.02320584e-04
95,24,4.15275899,27.601533,2.61124574e-05
96,24,4.20536831,27.315426,2.41492636e-05
97,24,4.25797763,27.181962,6.19622181e-05
98,24,4.31058696,27.129888,2.41391581e-05
99,24,4.36319628,27.115447,2.76599627e-05
0,25,0.00000000,28.862843,4.28495839e-12
1,25,0.06074799,29.038018,3.63629756e-03
2,25,0.12149598,29.488888,3.50081401e-03
3,25,0.18224397,30.114103,3.32005215e-03
4,25,0.24299205,30.829552,3.07816858e-03
5,25,0.30373983,31.583733,2.74485328e-03
6,25,0.36448784,31.983872,1.44176322e-03
7,25,0.42523585,31.219780,1.38480837e-03
8,25,0.48598386,30.430381,1.25450416e-03
9,25,0.54673188,29.660967,1.04313136e-03
10,25,0.60747989,28.956807,7.62250217e-04
11,25,0.66822790,28.466331,1.31229474e-03
12,25,0.72897591,28.428536,1.77629894e-03
13,25,0.78972392,28.520940,2.07343071e-03
14,25,0.85047193,28.652034,2.30832261e-03
15,25,0.91121971,28.796354,2.63307721e-05
16,25,0.97196773,28.931455,1.26878266e-05
17,25,1.03271574,29.038756,3.53208319e-06
18,25,1.09346375,29.111063,8.38090476e-07
19,25,1.15421176,29.136372,1.24767550e-07
20,25,1.15421176,29.136372,2.64376173e-08
21,25,1.18458576,29.162416,3.63459261e-05
22,25,1.21495976,29.236950,1.29887051e-04
23,25,1.24533376,29.350410,2.22704633e-04
24,25,1.27570776,29.489349,3.08177573e-04
25,25,1.30608176,29.638639,3.78680061e-04
26,25,1.33645576,29.781450,2.82581919e-04
27,25,1.36682976,29.895117,1.99076847e-03
28,25,1.39720381,29.962737,2.56586894e-03
29,25,1.42757781,29.964432,2.69584750e-03
30,25,1.45795159,29.894462,2.68185844e-03
31,25,1.48832560,29.766048,2.59506605e-03
32,25,1.51869960,29.599505,2.50986338e-03
33,25,1.54907361,29.410687,2.53346718e-03
34,25,1.57944761,29.193485,2.87998272e-03
35,25,1.60982162,28.902836,3.75176425e-03
36,25,1.64019563,28.506547,1.43691961e-03
37,25,1.67056963,28.052925,9.40510227e-04
38,25,1.70094364,27.585367,7.29082949e-04
39,25,1.73131764,27.187755,2.71875377e-04
40,25,1.73131764,27.187755,2.71916382e-04
41,25,1.75279515,27.524002,3.09912784e-04
42,25,1.77427297,27.928547,1.75365940e-04
43,25,1.79575048,28.321513,6.92843905e-05
44,25,1.81722830,28.530189,4.46493275e-05
45,25,1.83870581,28.495874,1.03068563e-04
46,25,1.86018364,28.442060,1.02123677e-04
47,25,1.88166114,28.394493,9.03252847e-05
48,25,1.90313897,28.358390,7.60047225e-05
49,25,1.92461647,28.334094,6.15526729e-05
50,25,1.94609430,28.324166,4.76893456e-05
51,25,1.96757180,28.330203,3.48071824e-05
52,25,1.98904963,28.353989,2.32862552e-05
53,25,2.01052713,28.397191,1.36545841e-05
54,25,2.03200496,28.461600,6.32481570e-06
55,25,2.05348246,28.548423,2.00454642e-06
56,25,2.07496029,28.663635,1.27816650e-06
57,25,2.09643779,28.797085,4.38454096e-06
58,25,2.11791562,28.950793,9.74284720e-06
59,25,2.13939312,29.086369,1.04274907e-07
60,25,2.13939312,29.086369,1.04282419e-07
61,25,2.20382612,28.815053,7.37823936e-05
62,25,2.26825912,28.547008,1.21953354e-04
63,25,2.33269211,27.855770,1.59458481e-04
64,25,2.39712495,28.017786,2.33188753e-04
65,25,2.46155794,28.854504,2.83582311e-04
66,25,2.52599094,28.915760,4.11618487e-08
67,25,2.59042394,28.998441,2.45223855e-08
68,25,2.65485693,29.193820,8.21911347e-09
69,25,2.71928993,29.523370,2.48787813e-10
70,25,2.78372276,30.420690,8.56876612e-08
71,25,2.84815576,30.790386,9.67189412e-05
72,25,2.91258876,31.223279,1.05180790e-03
73,25,2.97702175,31.656134,4.26349670e-09
74,25,3.04145475,31.337131,1.74064383e-03
75,25,3.10588775,31.582464,6.16989116e-03
76,25,3.17032058,30.603558,7.10555917e-03
77,25,3.23475363,29.735297,7.46942897e-03
78,25,3.29918661,29.104092,7.46649558e-03
79,25,3.36361957,28.862843,5.21786640e-12
80,25,3.36361957,28.862843,1.07341003e-12
81,25,3.41622887,28.996058,3.56024154e-03
82,25,3.46883817,29.358471,6.14770097e-05
83,25,3.52144747,29.896097,7.57614903e-03
84,25,3.57405686,30.542130,3.81704387e-03
85,25,3.62666598,31.242488,6.02382275e-03
86,25,3.67927530,31.900709,4.16489783e-03
87,25,3.73188462,32.376224,1.38011225e-03
88,25,3.78449394,32.354343,1.81294300e-03
89,25,3.83710326,31.804075,2.18244222e-04
90,25,3.88971258,31.048898,9.50904747e-06
91,25,3.94232191,30.241970,1.58783740e-04
92,25,3.99493123,29.446258,3.08722675e-04
93,25,4.04754055,29.489367,1.79916712e-05
94,25,4.10014987,29.445315,1.76162000e-05
95,25,4.15275899,29.234076,1.68976046e-05
96,25,4.20536831,28.867004,1.63095272e-05
97,25,4.25797763,28.402247,1.64547764e-05
98,25,4.31058696,27.963766,1.76083660e-05
99,25,4.36319628,27.765535,1.86066008e-05
0,26,0.00000000,34.511773,5.38996353e-04
1,26,0.06074799,34.458467,1.36935105e-03
2,26,0.12149598,34.194862,3.99964716e-03
3,26,0.18224397,33.774737,1.29634484e-04
4,26,0.24299205,33.223151,3.54316313e-04
5,26,0.30373983,32.568430,2.39116757e-04
6,26,0.36448784,32.004451,1.01787577e-03
7,26,0.42523585,32.592182,5.21130805e-04
8,26,0.48598386,31.510244,4.06186229e-04
9,26,0.54673188,30.434592,3.01078060e-04
10,26,0.60747989,29.375039,2.08312226e-04
11,26,0.66822790,28.466331,3.18747782e-05
12,26,0.72897591,28.428536,7.08971492e-05
13,26,0.78972392,28.520940,6.70297262e-05
14,26,0.85047193,28.652034,4.68183545e-05
15,26,0.91121971,29.336263,6.45111223e-05
16,26,0.97196773,30.476652,1.11523098e-04
17,26,1.03271574,31.639578,1.53601983e-04
18,26,1.09346375,32.774841,1.79528580e-04
19,26,1.15421176,33.718480,8.80838295e-06
20,26,1.15421176,33.718480,3.68489459e-06
21,26,1.18458576,33.482166,9.65392467e-05
22,26,1.21495976,33.206008,2.41195117e-05
23,26,1.24533376,32.927413,1.63613650e-03
24,26,1.27570776,32.652498,1.59595785e-03
25,26,1.30608176,32.389063,1.42324379e-03
26,26,1.33645576,32.147210,1.16890583e-03
27,26,1.36682976,31.939772,8.45983330e-04
28,26,1.39720381,31.785389,4.85643234e-04
29,26,1.42757781,31.693960,1.40056105e-04
30,26,1.45795159,31.610463,2.86571551e-04
31,26,1.48832560,31.229248,1.62050418e-03
32,26,1.51869960,30.742621,1.63946412e-03
33,26,1.54907361,30.257652,1.41811605e-03
34,26,1.57944761,29.806466,9.90411137e-04
35,26,1.60982162,29.441301,5.06368492e-04
36,26,1.64019563,29.213696,6.59833712e-04
37,26,1.67056963,29.080602,1.10213143e-03
38,26,1.70094364,29.007643,1.38688785e-03
39,26,1.73131764,28.983956,1.57341475e-03
40,26,1.73131764,28.983956,1.57348462e-03
41,26,1.75279515,28.878086,3.36007465e-04
42,26,1.77427297,28.784048,3.11183169e-04
43,26,1.79575048,28.717795,3.30281388e-04
44,26,1.81722830,28.849012,3.04901676e-04
45,26,1.83870581,29.235294,1.91182679e-04
46,26,1.86018364,29.652323,1.41823976e-04
47,26,1.88166114,30.072605,1.04883889e-04
48,26,1.90313897,30.455125,1.35070703e-03
49,26,1.92461647,30.640356,1.32021415e-03
50,26,1.94609430,30.781739,1.22872998e-03
51,26,1.96757180,30.863676,1.07199055e-03
52,26,1.98904963,30.692553,1.62694854e-04
53,26,2.01052713,30.463305,1.50401609e-04
54,26,2.03200496,30.229615,1.30765806e-04
55,26,2.05348246,29.995671,1.08794213e-04
56,26,2.07496029,29.766921,8.74212425e-05
57,26,2.09643779,29.545612,6.70738954e-05
58,26,2.11791562,29.338089,5.10689932e-05
59,26,2.13939312,29.185799,5.63528551e-05
60,26,2.13939312,29.185799,5.63528655e-05
61,26,2.20382612,29.054437,9.67873601e-08
62,26,2.26825912,28.899742,4.50634054e-05
63,26,2.33269211,28.471490,3.37257141e-04
64,26,2.39712495,28.920721,6.94308939e-04
65,26,2.46155794,28.905683,5.54148135e-08
66,26,2.52599094,29.667882,3.19266766e-04
67,26,2.59042394,30.413969,3.58587238e-04
68,26,2.65485693,30.972555,4.28815321e-04
69,26,2.71928993,31.089831,4.45116071e-04
70,26,2.78372276,30.845718,1.81524296e-04
71,26,2.84815576,31.506866,6.47280236e-08
72,26,2.91258876,32.290367,2.19127729e-09
73,26,2.97702175,31.860454,2.07667984e-03
74,26,3.04145475,32.512197,4.96667806e-03
75,26,3.10588775,32.267749,2.24671770e-03
76,26,3.17032058,33.120756,2.36624061e-03
77,26,3.23475363,33.845097,2.53558300e-03
78,26,3.29918661,34.358796,2.68392039e-03
79,26,3.36361957,34.511773,7.86362339e-03
80,26,3.36361957,34.511773,3.60053046e-03
81,26,3.41622887,34.401500,4.94787512e-07
82,26,3.46883817,33.992336,1.59766275e-06
83,26,3.52144747,33.401549,2.92051821e-06
84,26,3.57405686,32.693703,4.45694948e-06
85,26,3.62666598,31.913848,6.38950246e-06
86,26,3.67927530,31.900709,1.44549807e-03
87,26,3.73188462,32.376224,2.66811752e-03
88,26,3.78449394,32.354343,3.43540360e-05
89,26,3.83710326,31.804075,5.45209225e-05
90,26,3.88971258,31.048898,7.59505173e-07
91,26,3.94232191,30.241970,2.25949086e-05
92,26,3.99493123,29.942367,1.22468897e-09
93,26,4.04754055,30.093334,1.41034526e-09
94,26,4.10014987,30.244057,1.59539848e-09
95,26,4.15275899,30.379970,1.77612046e-09
96,26,4.20536831,30.498004,1.94267362e-09
97,26,4.25797763,30.590270,2.07311226e-09
98,26,4.31058696,30.649333,2.16165804e-09
99,26,4.36319628,30.669515,2.19379670e-09
0,27,0.00000000,34.511773,7.67180120e-03
1,27,0.06074799,34.460322,6.58044942e-03
2,27,0.12149598,34.194862,2.09838905e-03
3,27,0.18224397,33.774737,5.09454819e-03
4,27,0.24299205,33.223151,3.79638682e-03
5,27,0.30373983,32.568430,2.61831137e-03
6,27,0.36448784,32.004451,2.91168687e-04
7,27,0.42523585,32.777105,1.13248327e-03
8,27,0.48598386,33.668907,1.15395639e-03
9,27,0.54673188,34.182476,6.04936512e-04
10,27,0.60747989,34.576303,2.11115932e-04
11,27,0.66822790,34.579116,7.53181093e-05
12,27,0.72897591,34.579021,6.50179654e-05
13,27,0.78972392,34.643305,5.66911179e-05
14,27,0.85047193,34.723939,4.26455777e-03
15,27,0.91121971,34.390600,2.23983539e-04
16,27,0.97196773,34.109945,1.08327437e-03
17,27,1.03271574,33.897408,1.24617896e-04
18,27,1.09346375,33.764042,2.50936283e-05
19,27,1.15421176,33.718480,3.26923623e-03
20,27,1.15421176,33.718480,3.27436444e-03
21,27,1.18458576,33.482166,1.94145407e-03
22,27,1.21495976,33.206008,1.87858172e-03
23,27,1.24533376,32.927413,1.49974848e-04
24,27,1.27570776,32.652498,3.70720600e-05
25,27,1.30608176,32.389063,7.89984390e-06
26,27,1.33645576,32.147210,2.29309119e-06
27,27,1.36682976,31.939772,2.50156542e-06
28,27,1.39720381,31.785389,2.76449806e-06
29,27,1.42757781,31.693960,8.94343430e-06
30,27,1.45795159,31.610463,5.45832207e-05
31,27,1.48832560,31.229248,6.88813258e-05
32,27,1.51869960,30.742621,6.54212802e-05
33,27,1.54907361,30.257652,2.04048948e-05
34,27,1.57944761,29.806466,1.38391246e-05
35,27,1.60982162,29.441301,2.39074000e-04
36,27,1.64019563,29.213696,3.59360972e-04
37,27,1.67056963,29.080602,2.04358406e-04
38,27,1.70094364,29.007643,9.53898622e-05
39,27,1.73131764,28.983956,2.21361126e-05
40,27,1.73131764,28.983956,2.20660561e-05
41,27,1.75279515,29.107996,1.24751657e-03
42,27,1.77427297,29.256555,1.26958337e-03
43,27,1.79575048,29.426621,1.28790224e-03
44,27,1.81722830,29.614860,1.30474200e-03
45,27,1.83870581,29.817575,1.32106167e-03
46,27,1.86018364,30.030051,1.33683266e-03
47,27,1.88166114,30.245574,1.34956676e-03
48,27,1.90313897,30.488355,6.53573340e-05
49,27,1.92461647,30.865333,1.19533532e-05
50,27,1.94609430,31.031888,6.18098898e-05
51,27,1.96757180,30.900793,1.52334522e-04
52,27,1.98904963,30.888122,8.95742704e-04
53,27,2.01052713,30.872018,7.44894172e-04
54,27,2.03200496,30.832960,6.34543803e-04
55,27,2.05348246,30.785112,5.57892585e-04
56,27,2.07496029,30.739356,5.05142266e-04
57,27,2.09643779,30.700471,4.73007386e-04
58,27,2.11791562,30.674952,4.55467047e-04
59,27,2.13939312,30.666272,4.50340815e-04
60,27,2.13939312,30.666272,4.50341642e-04
61,27,2.20382612,29.872566,1.59823309e-05
62,27,2.26825912,29.017302,8.80261050e-08
63,27,2.33269211,28.974984,7.83411036e-08
64,27,2.39712495,28.931165,6.76481269e-08
65,27,2.46155794,29.678888,7.72037475e-04
66,27,2.52599094,30.482209,7.51094004e-04
67,27,2.59042394,31.274662,6.62638539e-04
68,27,2.65485693,32.031174,5.03201261e-04
69,27,2.71928993,32.713333,2.75671423e-04
70,27,2.78372276,33.274220,4.75056916e-05
71,27,2.84815576,33.286959,3.70429315e-08
72,27,2.91258876,32.821679,7.47380541e-08
73,27,2.97702175,33.263482,2.90968611e-03
74,27,3.04145475,32.521286,2.96171014e-03
75,27,3.10588775,33.152416,3.76262943e-03
76,27,3.17032058,33.709250,4.45651520e-03
77,27,3.23475363,34.152758,5.00992075e-03
78,27,3.29918661,34.443120,5.37418764e-03
79,27,3.36361957,34.511773,3.99766140e-04
80,27,3.36361957,34.511773,4.59966243e-03
81,27,3.41622887,34.524829,4.41725519e-03
82,27,3.46883817,34.444721,5.94948003e-04
83,27,3.52144747,34.317124,6.48103124e-03
84,27,3.57405686,34.147650,3.54083446e-03
85,27,3.62666598,33.943632,4.39797185e-03
86,27,3.67927530,33.715177,3.68133161e-03
87,27,3.73188462,33.503080,2.30685145e-03
88,27,3.78449394,33.412873,4.16706253e-04
89,27,3.83710326,33.235522,4.84509365e-03
90,27,3.88971258,32.979007,2.16722270e-03
91,27,3.94232191,32.738187,7.65830834e-04
92,27,3.99493123,32.525081,3.33606364e-03
93,27,4.04754055,32.344407,5.28426839e-03
94,27,4.10014987,32.195695,2.80561914e-03
95,27,4.15275899,32.079845,1.27009324e-03
96,27,4.20536831,32.004916,1.47215126e-03
97,27,4.25797763,31.957067,2.43413966e-03
98,27,4.31058696,31.935305,3.53972069e-03
99,27,4.36319628,31.928747,1.82613441e-03
0,28,0.00000000,34.511773,5.65359479e-05
1,28,0.06074799,34.460322,1.02939177e-04
2,28,0.12149598,34.198104,1.36523247e-03
3,28,0.18224397,33.803314,1.37919504e-03
4,28,0.24299205,33.295155,1.41081334e-03
5,28,0.30373983,32.684738,1.44117717e-03
6,28,0.36448784,32.325538,2.29883064e-03
7,28,0.42523585,32.777105,3.20980391e-03
8,28,0.48598386,33.695163,5.10109123e-04
9,28,0.54673188,34.612575,7.20974067e-04
10,28,0.60747989,34.650706,8.71420500e-05
11,28,0.66822790,34.856237,2.26597926e-05
12,28,0.72897591,35.042882,1.94031123e-05
13,28,0.78972392,35.105654,1.92175043e-03
14,28,0.85047193,34.723939,3.11665285e-04
15,28,0.91121971,34.390600,3.95571403e-03
16,28,0.97196773,34.109945,2.74189151e-03
17,28,1.03271574,33.897408,3.41240127e-03
18,28,1.09346375,33.764042,3.32048259e-03
19,28,1.15421176,33.792977,4.14807117e-05
20,28,1.15421176,33.792977,4.18068912e-05
21,28,1.18458576,34.018990,1.38261034e-03
22,28,1.21495976,34.264924,1.40321510e-03
23,28,1.24533376,34.495166,1.34988701e-03
24,28,1.27570776,34.547114,1.59202049e-03
25,28,1.30608176,34.170726,2.34022789e-03
26,28,1.33645576,33.735839,2.44784417e-03
27,28,1.36682976,33.272462,2.42302846e-03
28,28,1.39720381,32.786991,2.41071182e-03
29,28,1.42757781,32.303053,2.37202699e-03
30,28,1.45795159,31.878186,2.15541392e-03
31,28,1.48832560,31.806267,3.67539143e-04
32,28,1.51869960,31.875952,1.60113139e-04
33,28,1.54907361,31.972568,1.14747547e-04
34,28,1.57944761,32.073371,1.13722064e-04
35,28,1.60982162,32.166291,1.43022792e-04
36,28,1.64019563,32.245126,1.92929270e-04
37,28,1.67056963,32.305028,2.63484271e-04
38,28,1.70094364,32.351586,3.95683963e-04
39,28,1.73131764,32.373828,1.94077376e-04
40,28,1.73131764,32.373828,5.02115268e-04
41,28,1.75279515,32.329042,3.73885508e-04
42,28,1.77427297,32.269182,3.21620619e-04
43,28,1.79575048,32.214922,2.69308929e-04
44,28,1.81722830,32.159778,2.13456254e-04
45,28,1.83870581,32.104051,1.55949440e-04
46,28,1.86018364,31.986948,4.03517929e-04
47,28,1.88166114,31.831377,3.99579451e-04
48,28,1.90313897,31.665530,3.99322624e-04
49,28,1.92461647,31.519815,4.11516111e-04
50,28,1.94609430,31.568741,3.22108874e-04
51,28,1.96757180,31.903940,1.88739030e-04
52,28,1.98904963,32.304351,1.35333125e-04
53,28,2.01052713,32.605453,4.52314244e-04
54,28,2.03200496,32.883209,5.17829019e-04
55,28,2.05348246,33.181535,5.39775178e-04
56,28,2.07496029,33.495461,5.11738071e-04
57,28,2.09643779,33.807049,4.20378246e-04
58,28,2.11791562,34.101581,2.20866382e-04
59,28,2.13939312,34.276019,1.66684313e-08
60,28,2.13939312,34.276019,1.66444586e-08
61,28,2.20382612,34.238794,1.42035609e-08
62,28,2.26825912,34.101032,1.60401520e-08
63,28,2.33269211,33.991910,1.73875277e-08
64,28,2.39712495,33.913977,1.74872491e-08
65,28,2.46155794,33.883303,1.69035602e-08
66,28,2.52599094,33.882325,1.53510673e-08
67,28,2.59042394,33.452410,1.18813341e-04
68,28,2.65485693,33.113562,1.19548931e-04
69,28,2.71928993,33.196963,5.06470743e-05
70,28,2.78372276,33.709205,3.83219542e-05
71,28,2.84815576,33.638981,8.75476792e-05
72,28,2.91258876,33.667590,9.83363157e-04
73,28,2.97702175,33.794802,5.07476953e-08
74,28,3.04145475,34.257888,1.95340886e-08
75,28,3.10588775,34.377060,1.47753511e-08
76,28,3.17032058,34.457441,9.04534023e-09
77,28,3.23475363,34.509254,4.50102864e-09
78,28,3.29918661,34.538801,1.66082446e-09
79,28,3.36361957,34.511773,3.94595967e-06
80,28,3.36361957,34.511773,6.70545176e-05
81,28,3.41622887,34.524829,3.77098378e-03
82,28,3.46883817,34.444721,7.35777728e-03
83,28,3.52144747,34.317124,1.07140879e-03
84,28,3.57405686,34.147650,3.42128309e-03
85,28,3.62666598,33.943633,1.70355162e-03
86,28,3.67927530,33.715177,1.14396344e-03
87,28,3.73188462,33.503080,7.26320047e-04
88,28,3.78449394,33.412873,2.42821601e-03
89,28,3.83710326,33.235522,4.30321345e-04
90,28,3.88971258,32.979007,3.89544883e-03
91,28,3.94232191,32.738187,5.29216306e-03
92,28,3.99493123,32.525081,2.57101007e-03
93,28,4.04754055,32.344408,5.02112199e-04
94,28,4.10014987,32.195695,2.96643916e-03
95,28,4.15275899,32.079845,4.62519515e-03
96,28,4.20536831,32.004916,4.66928628e-03
97,28,4.25797763,31.957067,4.12352359e-03
98,28,4.31058696,31.935305,3.46332933e-03
99,28,4.36319628,31.928747,5.38916272e-03
0,29,0.00000000,37.687382,5.17750939e-05
1,29,0.06074799,37.755726,5.11724423e-05
2,29,0.12149598,37.521813,1.23943176e-03
3,29,0.18224397,36.703250,1.07351862e-03
4,29,0.24299205,35.753144,9.18444035e-04
5,29,0.30373983,34.730768,7.76308781e-04
6,29,0.36448784,33.670225,6.44466219e-04
7,29,0.42523585,33.023397,1.75017526e-03
8,29,0.48598386,33.695163,4.08663367e-03
9,29,0.54673188,34.612575,4.02717222e-03
10,29,0.60747989,35.486501,1.33260456e-03
11,29,0.66822790,35.868751,4.74435615e-03
12,29,0.72897591,35.516184,4.70927330e-03
13,29,0.78972392,35.105654,3.09001328e-03
14,29,0.85047193,34.744721,5.09930268e-05
15,29,0.91121971,34.861266,4.99126662e-05
16,29,0.97196773,34.942586,5.76247351e-05
17,29,1.03271574,34.887789,8.35027525e-05
18,29,1.09346375,34.537368,1.33053918e-04
19,29,1.15421176,33.792977,3.09099348e-04
20,29,1.15421176,33.792977,3.08773299e-04
21,29,1.18458576,34.018990,1.76237390e-04
22,29,1.21495976,34.264924,1.51709237e-04
23,29,1.24533376,34.495166,1.03848472e-04
24,29,1.27570776,34.547114,9.95721660e-04
25,29,1.30608176,34.170726,5.56283088e-04
26,29,1.33645576,33.735839,4.21449703e-04
27,29,1.36682976,33.272462,3.89036381e-04
28,29,1.39720381,32.786991,3.42676160e-04
29,29,1.42757781,32.303053,3.20462948e-04
30,29,1.45795159,31.878186,5.96167757e-06
31,29,1.48832560,31.806267,1.70041129e-04
32,29,1.51869960,31.875952,9.18713124e-05
33,29,1.54907361,31.972568,5.17670016e-05
34,29,1.57944761,32.073371,2.33065024e-05
35,29,1.60982162,32.166291,2.00020949e-06
36,29,1.64019563,32.245126,2.59860664e-06
37,29,1.67056963,32.305028,3.51188969e-05
38,29,1.70094364,32.351586,7.06110008e-05
39,29,1.73131764,32.373828,5.09618842e-04
40,29,1.73131764,32.373828,2.01583425e-04
41,29,1.75279515,32.387599,3.21392737e-04
42,29,1.77427297,32.366121,3.56766506e-04
43,29,1.79575048,32.315694,3.81344181e-04
44,29,1.81722830,32.233616,3.97098247e-04
45,29,1.83870581,32.122723,4.03851035e-04
46,29,1.86018364,32.050987,9.85620518e-05
47,29,1.88166114,32.006061,4.55745551e-05
48,29,1.90313897,31.979058,7.34763214e-06
49,29,1.92461647,31.984284,6.41806029e-06
50,29,1.94609430,32.041533,7.10703049e-05
51,29,1.96757180,32.168170,1.99717716e-04
52,29,1.98904963,32.361644,3.41835496e-04
53,29,2.01052713,32.708941,1.04016452e-04
54,29,2.03200496,33.108819,8.15239540e-05
55,29,2.05348246,33.490717,6.17693716e-05
56,29,2.07496029,33.844575,4.17610989e-05
57,29,2.09643779,34.139148,2.28993148e-05
58,29,2.11791562,34.343976,6.83648569e-06
59,29,2.13939312,34.419050,1.20421338e-08
60,29,2.13939312,34.419050,1.20528245e-08
61,29,2.20382612,34.454535,2.07919466e-08
62,29,2.26825912,34.657328,2.56566521e-08
63,29,2.33269211,34.702877,4.65525241e-04
64,29,2.39712495,34.606711,1.49140261e-04
65,29,2.46155794,34.337596,1.85536697e-05
66,29,2.52599094,33.920748,4.71256900e-05
67,29,2.59042394,33.899380,1.20118882e-08
68,29,2.65485693,33.929344,7.64910790e-09
69,29,2.71928993,33.939668,3.21540285e-09
70,29,2.78372276,33.898920,1.06725748e-09
71,29,2.84815576,33.860923,2.03519898e-09
72,29,2.91258876,33.928581,9.24788812e-09
73,29,2.97702175,34.098997,1.87224447e-08
74,29,3.04145475,34.866468,3.44744446e-08
75,29,3.10588775,35.892243,2.14241212e-08
76,29,3.17032058,36.823312,1.14015895e-08
77,29,3.23475363,37.598256,4.75220863e-09
78,29,3.29918661,37.762244,5.39778838e-05
79,29,3.36361957,37.687382,5.17794897e-05
80,29,3.36361957,37.687382,5.17862285e-05
81,29,3.41622887,37.738415,5.30598439e-05
82,29,3.46883817,37.863728,5.70983777e-05
83,29,3.52144747,37.509347,1.90639221e-03
84,29,3.57405686,36.912894,6.96032659e-04
85,29,3.62666598,36.194556,5.48324713e-06
86,29,3.67927530,35.419730,4.57533007e-04
87,29,3.73188462,34.690716,4.91835730e-04
88,29,3.78449394,34.194303,1.47175135e-03
89,29,3.83710326,34.072792,1.68009538e-05
90,29,3.88971258,34.019882,1.30629439e-04
91,29,3.94232191,33.875856,7.64958499e-04
92,29,3.99493123,33.666079,1.34659495e-03
93,29,4.04754055,33.425778,1.49401727e-03
94,29,4.10014987,33.190857,1.60725178e-03
95,29,4.15275899,32.967394,1.59499215e-03
96,29,4.20536831,32.773799,1.32009848e-03
97,29,4.25797763,32.617263,8.69010593e-04
98,29,4.31058696,32.513765,7.67970080e-05
99,29,4.36319628,32.473527,1.91432930e-04
0,30,0.00000000,38.292740,3.29164686e-03
1,30,0.06074799,38.108767,1.39163241e-03
2,30,0.12149598,37.908492,3.54259597e-05
3,30,0.18224397,37.837468,8.70037490e-05
4,30,0.24299205,37.212410,2.22571699e-04
5,30,0.30373983,36.516808,2.24077866e-04
6,30,0.36448784,35.910319,1.86642888e-04
7,30,0.42523585,35.428184,1.48679357e-04
8,30,0.48598386,35.065020,1.20707662e-04
9,30,0.54673188,34.809610,1.01407453e-04
10,30,0.60747989,35.486501,4.00960147e-03
11,30,0.66822790,35.868751,1.78748818e-03
12,30,0.72897591,35.516184,8.47966788e-04
13,30,0.78972392,35.169561,1.46000406e-04
14,30,0.85047193,35.244066,3.47871149e-04
15,30,0.91121971,35.298717,5.86699864e-04
16,30,0.97196773,35.334876,8.38970256e-04
17,30,1.03271574,35.368700,1.09171129e-03
18,30,1.09346375,35.406918,1.33808661e-03
19,30,1.15421176,35.454259,3.14440008e-03
20,30,1.15421176,35.454259,3.13714375e-03
21,30,1.18458576,35.391111,3.11447273e-03
22,30,1.21495976,35.211567,3.06254959e-03
23,30,1.24533376,34.943695,3.00655462e-03
24,30,1.27570776,34.765584,1.21646944e-03
25,30,1.30608176,34.953206,1.20582250e-03
26,30,1.33645576,35.154457,9.44437210e-04
27,30,1.36682976,35.354784,7.96378310e-04
28,30,1.39720381,35.551699,6.64646670e-04
29,30,1.42757781,35.749261,5.99491806e-04
30,30,1.45795159,35.949680,5.41535843e-04
31,30,1.48832560,36.147257,5.62843792e-04
32,30,1.51869960,36.336386,4.56925721e-04
33,30,1.54907361,36.492133,7.79663921e-04
34,30,1.57944761,36.549464,1.21300795e-03
35,30,1.60982162,36.499752,1.52099028e-03
36,30,1.64019563,36.427596,1.31260549e-03
37,30,1.67056963,36.366748,4.43989236e-04
38,30,1.70094364,36.329032,2.09190593e-04
39,30,1.73131764,36.318339,8.42602017e-04
40,30,1.73131764,36.318339,1.59261383e-05
41,30,1.75279515,36.184536,2.36407214e-03
42,30,1.77427297,36.041345,2.44271480e-03
43,30,1.79575048,35.896575,2.50011164e-03
44,30,1.81722830,35.753623,2.53829746e-03
45,30,1.83870581,35.614671,2.56543388e-03
46,30,1.86018364,35.481949,2.58517865e-03
47,30,1.88166114,35.357068,2.59962864e-03
48,30,1.90313897,35.241337,2.61070138e-03
49,30,1.92461647,35.135144,2.61707720e-03
50,30,1.94609430,35.038427,2.61983570e-03
51,30,1.96757180,34.952821,2.61818427e-03
52,30,1.98904963,34.877673,2.61122528e-03
53,30,2.01052713,34.812913,2.59803816e-03
54,30,2.03200496,34.758204,2.57204428e-03
55,30,2.05348246,34.713149,2.52313874e-03
56,30,2.07496029,34.677305,2.42288247e-03
57,30,2.09643779,34.647096,2.16924813e-03
58,30,2.11791562,34.611459,1.40576044e-03
59,30,2.13939312,34.561549,4.16897417e-04
60,30,2.13939312,34.561549,4.16901431e-04
61,30,2.20382612,34.590781,1.24647745e-03
62,30,2.26825912,34.667416,8.89543633e-04
63,30,2.33269211,34.880947,3.16492032e-08
64,30,2.39712495,35.116912,3.92008685e-08
65,30,2.46155794,35.359313,4.84490737e-08
66,30,2.52599094,35.572776,6.09738339e-08
67,30,2.59042394,35.662912,7.58407511e-08
68,30,2.65485693,35.431311,7.72117110e-08
69,30,2.71928993,34.837499,6.04785330e-08
70,30,2.78372276,34.069882,4.50566644e-08
71,30,2.84815576,34.381574,8.80480136e-05
72,30,2.91258876,35.087384,2.32220078e-04
73,30,2.97702175,35.727128,5.52651794e-09
74,30,3.04145475,36.435608,3.18575127e-08
75,30,3.10588775,37.044321,1.90161622e-03
76,30,3.17032058,37.566135,3.02864663e-03
77,30,3.23475363,37.933476,4.06295845e-05
78,30,3.29918661,38.133658,1.53410343e-09
79,30,3.36361957,38.292740,5.42900473e-03
80,30,3.36361957,38.292740,3.31835784e-03
81,30,3.41622887,38.233394,4.03602955e-03
82,30,3.46883817,37.953650,2.03864313e-03
83,30,3.52144747,37.509347,5.09964788e-04
84,30,3.57405686,36.912895,2.05395684e-05
85,30,3.62666598,36.194557,1.08192729e-06
86,30,3.67927530,35.419730,2.79762983e-05
87,30,3.73188462,34.690716,1.33115007e-03
88,30,3.78449394,34.194303,7.87176633e-04
89,30,3.83710326,34.072792,3.76902295e-04
90,30,3.88971258,34.019882,3.38927630e-05
91,30,3.94232191,33.875856,5.61280482e-05
92,30,3.99493123,33.666079,1.13531100e-04
93,30,4.04754055,33.425778,3.27395589e-04
94,30,4.10014987,33.190857,3.21234269e-04
95,30,4.15275899,32.967394,1.89497471e-04
96,30,4.20536831,32.773799,1.38639488e-04
97,30,4.25797763,32.617263,8.63785844e-05
98,30,4.31058696,32.513765,3.64560846e-04
99,30,4.36319628,32.473527,1.02025466e-05
0,31,0.00000000,38.292740,2.57701549e-03
1,31,0.06074799,38.297954,4.34790983e-03
2,31,0.12149598,38.203820,4.27496366e-03
3,31,0.18224397,38.059507,4.16851135e-03
4,31,0.24299205,37.877699,4.04310967e-03
5,31,0.30373983,37.671076,3.90898954e-03
6,31,0.36448784,37.450662,3.77212738e-03
7,31,0.42523585,37.225310,3.63497872e-03
8,31,0.48598386,37.001818,3.49780679e-03
9,31,0.54673188,36.785267,3.35797369e-03
10,31,0.60747989,36.579406,3.21551289e-03
11,31,0.66822790,36.387553,3.06853975e-03
12,31,0.72897591,36.210316,2.91502796e-03
13,31,0.78972392,36.049763,2.75440165e-03
14,31,0.85047193,35.906633,2.58491065e-03
15,31,0.91121971,35.782994,2.40648582e-03
16,31,0.97196773,35.679420,2.21399826e-03
17,31,1.03271574,35.588574,2.01274045e-03
18,31,1.09346375,35.514041,1.79964421e-03
19,31,1.15421176,35.454259,4.73943056e-06
20,31,1.15421176,35.454259,1.20195111e-05
21,31,1.18458576,35.391111,2.78621372e-05
22,31,1.21495976,35.211567,6.24836962e-05
23,31,1.24533376,34.943695,8.78492784e-05
24,31,1.27570776,34.765584,5.71232102e-04
25,31,1.30608176,34.953206,8.43019438e-05
26,31,1.33645576,35.154457,1.77561093e-04
27,31,1.36682976,35.354784,1.96147305e-04
28,31,1.39720381,35.551699,2.31718996e-04
29,31,1.42757781,35.749261,2.35653340e-04
30,31,1.45795159,35.949680,2.71838443e-04
31,31,1.48832560,36.147257,2.89032933e-04
32,31,1.51869960,36.336386,5.47219230e-04
33,31,1.54907361,36.492133,6.90013711e-04
34,31,1.57944761,36.549464,1.16375360e-03
35,31,1.60982162,36.499752,1.39523636e-03
36,31,1.64019563,36.427596,1.83489384e-03
37,31,1.67056963,36.366748,2.82952760e-03
38,31,1.70094364,36.329032,3.11776318e-03
39,31,1.73131764,36.318339,2.46696318e-03
40,31,1.73131764,36.318339,3.29364454e-03
41,31,1.75279515,36.447590,1.16745735e-03
42,31,1.77427297,36.579584,1.33232107e-03
43,31,1.79575048,36.698143,1.56998604e-03
44,31,1.81722830,36.781266,1.84674728e-03
45,31,1.83870581,36.808147,2.05990066e-03
46,31,1.86018364,36.781640,2.15483826e-03
47,31,1.88166114,36.721372,2.18167690e-03
48,31,1.90313897,36.645481,2.18854856e-03
49,31,1.92461647,36.564700,2.19526671e-03
50,31,1.94609430,36.484385,2.20544435e-03
51,31,1.96757180,36.410499,2.21865877e-03
52,31,1.98904963,36.343734,2.23354150e-03
53,31,2.01052713,36.284380,2.25070644e-03
54,31,2.03200496,36.115301,1.72005824e-03
55,31,2.05348246,35.834114,1.79611710e-03
56,31,2.07496029,35.540907,1.94800229e-03
57,31,2.09643779,35.244530,2.29769337e-03
58,31,2.11791562,34.976530,3.23523124e-03
59,31,2.13939312,34.849955,4.38727109e-03
60,31,2.13939312,34.849955,4.38730463e-03
61,31,2.20382612,35.135030,2.86010797e-03
62,31,2.26825912,35.513560,2.21619840e-03
63,31,2.33269211,35.916169,1.73295511e-03
64,31,2.39712495,36.340154,1.38605096e-03
65,31,2.46155794,36.764561,8.13494854e-04
66,31,2.52599094,36.887307,9.91265959e-08
67,31,2.59042394,36.320350,8.71018737e-08
68,31,2.65485693,35.792193,7.38192445e-08
69,31,2.71928993,35.355054,5.77561138e-08
70,31,2.78372276,35.092486,3.71081044e-08
71,31,2.84815576,35.064851,1.53409265e-08
72,31,2.91258876,35.269764,1.15548800e-09
73,31,2.97702175,35.782470,5.33996191e-04
74,31,3.04145475,36.439927,1.07243729e-03
75,31,3.10588775,37.316120,6.60139929e-08
76,31,3.17032058,38.107269,9.08042216e-05
77,31,3.23475363,37.974459,4.31183694e-03
78,31,3.29918661,38.237826,5.40169363e-03
79,31,3.36361957,38.292740,4.39557003e-04
80,31,3.36361957,38.292741,2.55042515e-03
81,31,3.41622887,38.233394,1.38276453e-03
82,31,3.46883817,37.953651,2.17496495e-03
83,31,3.52144747,38.018243,6.41995194e-05
84,31,3.57405686,38.169883,7.45630951e-05
85,31,3.62666598,38.098262,5.22200063e-03
86,31,3.67927530,37.711718,7.17610051e-04
87,31,3.73188462,37.459214,1.75714975e-02
88,31,3.78449394,37.402834,4.22208663e-03
89,31,3.83710326,37.612894,5.19489276e-03
90,31,3.88971258,37.383798,3.73798794e-05
91,31,3.94232191,36.509679,1.79597054e-05
92,31,3.99493123,35.678136,1.08846519e-05
93,31,4.04754055,34.934897,7.71820100e-06
94,31,4.10014987,34.330532,6.30029197e-06
95,31,4.15275899,33.897366,5.40786116e-06
96,31,4.20536831,33.641749,4.25938954e-06
97,31,4.25797763,33.524221,2.52560329e-06
98,31,4.31058696,33.481980,7.71115143e-07
99,31,4.36319628,33.473123,1.13307981e-08
0,32,0.00000000,40.168744,2.49789195e-05
1,32,0.06074799,39.864176,1.57647829e-04
2,32,0.12149598,39.187590,3.50688644e-04
3,32,0.18224397,38.724671,3.54536920e-04
4,32,0.24299205,38.904158,2.15107827e-04
5,32,0.30373983,39.283066,1.59279106e-04
6,32,0.36448784,39.130216,2.23507575e-03
7,32,0.42523585,38.425622,4.27534806e-03
8,32,0.48598386,37.779389,1.72837235e-03
9,32,0.54673188,37.193249,2.35038307e-03
10,32,0.60747989,36.701514,1.86735745e-03
11,32,0.66822790,36.737823,1.87071845e-03
12,32,0.72897591,37.506551,1.26235380e-03
13,32,0.78972392,38.309716,7.43473529e-04
14,32,0.85047193,39.010050,1.39610239e-03
15,32,0.91121971,38.740429,8.70001906e-05
16,32,0.97196773,38.395950,8.99434670e-05
17,32,1.03271574,38.081268,9.60609335e-05
18,32,1.09346375,37.841650,1.10536309e-04
19,32,1.15421176,37.762476,1.68140849e-05
20,32,1.15421176,37.762476,1.07265636e-05
21,32,1.18458576,37.786746,2.71810826e-04
22,32,1.21495976,37.858187,2.34881794e-04
23,32,1.24533376,37.972460,3.27624188e-04
24,32,1.27570776,38.117140,3.79802990e-04
25,32,1.30608176,38.257832,9.16588175e-04
26,32,1.33645576,38.276329,1.26955570e-03
27,32,1.36682976,38.106838,1.29061339e-03
28,32,1.39720381,37.881260,1.22164818e-03
29,32,1.42757781,37.654736,1.24851187e-03
30,32,1.45795159,37.441227,1.23501173e-03
31,32,1.48832560,37.248144,1.13857625e-03
32,32,1.51869960,37.082438,1.05187085e-03
33,32,1.54907361,36.972253,5.81981395e-04
34,32,1.57944761,36.980414,2.74310720e-04
35,32,1.60982162,37.105728,6.51602213e-05
36,32,1.64019563,37.260191,6.28734950e-04
37,32,1.67056963,37.397567,9.94554309e-04
38,32,1.70094364,37.493348,1.30135220e-03
39,32,1.73131764,37.531444,1.79567301e-03
40,32,1.73131764,37.531444,1.80180478e-03
41,32,1.75279515,37.482682,1.03077449e-03
42,32,1.77427297,37.447900,9.52179648e-04
43,32,1.79575048,37.420767,9.20379667e-04
44,32,1.81722830,37.396045,9.28561188e-04
45,32,1.83870581,37.368152,9.70100004e-04
46,32,1.86018364,37.331716,1.03989172e-03
47,32,1.88166114,37.280994,1.13282316e-03
48,32,1.90313897,37.207548,1.24233419e-03
49,32,1.92461647,37.109429,1.35700770e-03
50,32,1.94609430,36.977466,1.46545987e-03
51,32,1.96757180,36.811573,1.55446272e-03
52,32,1.98904963,36.610367,1.62148979e-03
53,32,2.01052713,36.375783,1.66933428e-03
54,32,2.03200496,36.234575,2.26566126e-03
55,32,2.05348246,36.193734,2.27975568e-03
56,32,2.07496029,36.162570,2.29184306e-03
57,32,2.09643779,36.139855,2.30367514e-03
58,32,2.11791562,36.126184,2.31307971e-03
59,32,2.13939312,36.121709,2.31722276e-03
60,32,2.13939312,36.121709,2.31722423e-03
61,32,2.20382612,36.319558,2.38395776e-03
62,32,2.26825912,36.490231,2.28810837e-03
63,32,2.33269211,36.590627,1.76976291e-03
64,32,2.39712495,36.660976,1.20677009e-03
65,32,2.46155794,36.794337,1.20080521e-03
66,32,2.52599094,36.924109,5.22068332e-04
67,32,2.59042394,37.145959,2.92959316e-04
68,32,2.65485693,37.427301,1.21639248e-04
69,32,2.71928993,37.532363,1.47036712e-08
70,32,2.78372276,37.849929,2.77116865e-08
71,32,2.84815576,38.269645,3.73618399e-08
72,32,2.91258876,38.106812,6.89463711e-03
73,32,2.97702175,37.959847,5.43570939e-03
74,32,3.04145475,38.069466,3.07463402e-03
75,32,3.10588775,38.178802,8.22644039e-04
76,32,3.17032058,38.265970,9.98139518e-08
77,32,3.23475363,39.177469,1.26415438e-07
78,32,3.29918661,39.895885,1.43878753e-07
79,32,3.36361957,40.168744,1.21794117e-05
80,32,3.36361957,40.168744,3.09373315e-05
81,32,3.41622887,40.047032,8.48157630e-04
82,32,3.46883817,39.663171,1.22077101e-03
83,32,3.52144747,39.135250,2.98003373e-03
84,32,3.57405686,38.585417,3.16957293e-03
85,32,3.62666598,38.098262,8.20247566e-03
86,32,3.67927530,37.711718,1.49791318e-02
87,32,3.73188462,37.459214,9.64755852e-05
88,32,3.78449394,37.402834,1.50234646e-02
89,32,3.83710326,37.612894,1.43719565e-02
90,32,3.88971258,38.094965,5.46874359e-03
91,32,3.94232191,37.937833,1.78965521e-04
92,32,3.99493123,37.675961,1.93069570e-04
93,32,4.04754055,37.288675,5.54331633e-10
94,32,4.10014987,36.915857,4.44656842e-10
95,32,4.15275899,36.594656,3.19049823e-10
96,32,4.20536831,36.332457,1.99759731e-10
97,32,4.25797763,36.137189,9.78557663e-11
98,32,4.31058696,36.016318,2.89758402e-11
99,32,4.36319628,35.974999,4.42565325e-12
0,33,0.00000000,40.168744,3.22130687e-05
1,33,0.06074799,40.168969,1.30339550e-04
2,33,0.12149598,40.117760,3.91979773e-04
3,33,0.18224397,40.049402,8.00268511e-04
4,33,0.24299205,39.984419,1.32846641e-03
5,33,0.30373983,39.893912,9.73661287e-04
6,33,0.36448784,39.130216,2.02272239e-03
7,33,0.42523585,38.425622,2.64713177e-04
8,33,0.48598386,37.779389,2.93681169e-03
9,33,0.54673188,37.193249,2.18636143e-03
10,33,0.60747989,36.701514,1.87203811e-03
11,33,0.66822790,36.737823,2.68956927e-04
12,33,0.72897591,37.506552,1.22912449e-03
13,33,0.78972392,38.309716,1.51360076e-03
14,33,0.85047193,39.010050,2.84654614e-04
15,33,0.91121971,39.293499,3.36350856e-04
16,33,0.97196773,39.203800,7.48350461e-04
17,33,1.03271574,38.628276,2.43397154e-04
18,33,1.09346375,37.992059,1.98848262e-04
19,33,1.15421176,37.762476,2.69154095e-04
20,33,1.15421176,37.762476,2.75230951e-04
21,33,1.18458576,37.786746,4.22717946e-05
22,33,1.21495976,37.858187,1.62612853e-04
23,33,1.24533376,37.972460,2.08438699e-04
24,33,1.27570776,38.117140,3.56471792e-04
25,33,1.30608176,38.257832,1.19008000e-04
26,33,1.33645576,38.276329,3.52984393e-05
27,33,1.36682976,38.106838,5.04948382e-05
28,33,1.39720381,37.881260,2.21071605e-04
29,33,1.42757781,37.654736,3.50638812e-04
30,33,1.45795159,37.441227,5.37063024e-04
31,33,1.48832560,37.248144,7.90976361e-04
32,33,1.51869960,37.082438,9.54066450e-04
33,33,1.54907361,36.972254,1.21614537e-03
34,33,1.57944761,36.980414,8.97788745e-04
35,33,1.60982162,37.105728,8.71814134e-04
36,33,1.64019563,37.260191,4.14379486e-04
37,33,1.67056963,37.397567,3.07476320e-04
38,33,1.70094364,37.493348,3.85424760e-04
39,33,1.73131764,37.531444,3.81612015e-04
40,33,1.73131764,37.531444,3.75482459e-04
41,33,1.75279515,37.568443,9.31235722e-04
42,33,1.77427297,37.581013,7.85638730e-04
43,33,1.79575048,37.587528,5.61582587e-04
44,33,1.81722830,37.619425,2.93843768e-04
45,33,1.83870581,37.702387,9.17964933e-05
46,33,1.86018364,37.837979,1.10924504e-05
47,33,1.88166114,38.008611,1.94524420e-06
48,33,1.90313897,38.196230,1.54518086e-05
49,33,1.92461647,38.387360,3.24572567e-05
50,33,1.94609430,38.572547,4.86667913e-05
51,33,1.96757180,38.730146,6.75033280e-05
52,33,1.98904963,38.821464,9.72304108e-05
53,33,2.01052713,38.745516,1.31734891e-04
54,33,2.03200496,38.485115,1.39579557e-04
55,33,2.05348246,38.156514,1.40816409e-04
56,33,2.07496029,37.830534,1.44653510e-04
57,33,2.09643779,37.547394,1.50897577e-04
58,33,2.11791562,37.347907,1.57191097e-04
59,33,2.13939312,37.274717,1.60487398e-04
60,33,2.13939312,37.274717,1.60487059e-04
61,33,2.20382612,37.107432,4.11841080e-05
62,33,2.26825912,37.056260,3.82487351e-05
63,33,2.33269211,37.160875,4.32144572e-04
64,33,2.39712495,37.389491,8.33660816e-04
65,33,2.46155794,37.461609,1.13145056e-07
66,33,2.52599094,37.289841,1.19775571e-03
67,33,2.59042394,37.735316,6.17984230e-09
68,33,2.65485693,37.429798,1.39922641e-09
69,33,2.71928993,37.756346,2.23010137e-05
70,33,2.78372276,38.109365,7.06758020e-06
71,33,2.84815576,38.438250,8.94428538e-05
72,33,2.91258876,38.712832,7.60802455e-04
73,33,2.97702175,38.854946,1.19939653e-03
74,33,3.04145475,38.915315,2.04847863e-03
75,33,3.10588775,39.051007,3.00897568e-03
76,33,3.17032058,39.376233,2.67823114e-03
77,33,3.23475363,39.766229,1.60002192e-03
78,33,3.29918661,40.071600,5.31345800e-04
79,33,3.36361957,40.168744,4.49956894e-05
80,33,3.36361957,40.168744,2.62453669e-05
81,33,3.41622887,40.047032,4.86214748e-05
82,33,3.46883817,39.663171,2.07036175e-03
83,33,3.52144747,39.135250,3.80408041e-03
84,33,3.57405686,38.585417,7.28336632e-03
85,33,3.62666598,38.300205,8.86539005e-05
86,33,3.67927530,38.389770,1.06989368e-04
87,33,3.73188462,38.422865,1.29881622e-04
88,33,3.78449394,38.382042,1.58477090e-04
89,33,3.83710326,38.166405,1.52805909e-04
90,33,3.88971258,38.094965,1.27833220e-02
91,33,3.94232191,38.165362,7.76532857e-10
92,33,3.99493123,37.706896,6.77283895e-10
93,33,4.04754055,37.394430,2.01905391e-04
94,33,4.10014987,37.110292,2.08079486e-04
95,33,4.15275899,36.837528,2.12969296e-04
96,33,4.20536831,36.593709,2.17407081e-04
97,33,4.25797763,36.397027,2.21591547e-04
98,33,4.31058696,36.267800,2.24876796e-04
99,33,4.36319628,36.222245,2.26155121e-04
0,34,0.00000000,41.694681,1.42215060e-04
1,34,0.06074799,41.687792,8.46651763e-05
2,34,0.12149598,41.641482,8.58812662e-05
3,34,0.18224397,41.552269,2.53329106e-03
4,34,0.24299205,40.712203,2.10630960e-03
5,34,0.30373983,39.893913,2.91331112e-03
6,34,0.36448784,39.694328,1.20783292e-04
7,34,0.42523585,40.069312,3.40869679e-03
8,34,0.48598386,40.290964,4.13432820e-03
9,34,0.54673188,40.421484,1.02217889e-03
10,34,0.60747989,40.168790,4.10152214e-04
11,34,0.66822790,39.942439,9.76538332e-04
12,34,0.72897591,39.724529,7.73520232e-05
13,34,0.78972392,39.418373,8.13517426e-05
14,34,0.85047193,39.086730,8.45106094e-05
15,34,0.91121971,39.293499,5.12380498e-04
16,34,0.97196773,39.203801,2.49208391e-04
17,34,1.03271574,39.137316,9.00805588e-04
18,34,1.09346375,39.097360,1.96077567e-04
19,34,1.15421176,39.084028,3.45641643e-04
20,34,1.15421176,39.084028,4.96318637e-04
21,34,1.18458576,39.128412,9.15726494e-05
22,34,1.21495976,39.243603,3.48345034e-07
23,34,1.24533376,39.321831,5.70785885e-06
24,34,1.27570776,39.143750,5.19757181e-07
25,34,1.30608176,38.916647,2.23151216e-06
26,34,1.33645576,38.841835,1.46290565e-04
27,34,1.36682976,38.990383,4.21484441e-04
28,34,1.39720381,39.223687,5.88008411e-04
29,34,1.42757781,39.477470,6.95432080e-04
30,34,1.45795159,39.725841,8.15055103e-04
31,34,1.48832560,39.941008,9.35843260e-04
32,34,1.51869960,40.094752,3.50675758e-04
33,34,1.54907361,40.176147,8.87856336e-04
34,34,1.57944761,40.178843,9.59281950e-04
35,34,1.60982162,40.115924,1.09550792e-03
36,34,1.64019563,40.019094,1.30478350e-03
37,34,1.67056963,39.918996,9.94829962e-04
38,34,1.70094364,39.845074,1.33252934e-03
39,34,1.73131764,39.831247,1.38186296e-03
40,34,1.73131764,39.831247,1.66785278e-03
41,34,1.75279515,39.819584,1.87581199e-03
42,34,1.77427297,39.792522,1.86357066e-03
43,34,1.79575048,39.744394,1.79782092e-03
44,34,1.81722830,39.681002,1.68400025e-03
45,34,1.83870581,39.598009,1.52253590e-03
46,34,1.86018364,39.497159,1.32184524e-03
47,34,1.88166114,39.382449,1.09475789e-03
48,34,1.90313897,39.259953,8.56239146e-04
49,34,1.92461647,39.137917,6.27616613e-04
50,34,1.94609430,39.021195,4.22529536e-04
51,34,1.96757180,38.922275,2.61608561e-04
52,34,1.98904963,38.841131,1.46422542e-04
53,34,2.01052713,38.780275,7.33238676e-05
54,34,2.03200496,38.732751,3.27453467e-05
55,34,2.05348246,38.698687,1.39054629e-05
56,34,2.07496029,38.675557,7.66352438e-06
57,34,2.09643779,38.660448,7.37640517e-06
58,34,2.11791562,38.652052,8.73591570e-06
59,34,2.13939312,38.649451,9.40103518e-06
60,34,2.13939312,38.649451,9.40090402e-06
61,34,2.20382612,38.502458,6.94180946e-05
62,34,2.26825912,38.232441,3.06789319e-04
63,34,2.33269211,37.933888,6.46172302e-04
64,34,2.39712495,37.735710,9.53600503e-04
65,34,2.46155794,37.684276,1.04647390e-03
66,34,2.52599094,37.877340,1.03517016e-03
67,34,2.59042394,37.832214,1.47077040e-03
68,34,2.65485693,38.389257,2.28302677e-03
69,34,2.71928993,38.833874,1.90274595e-03
70,34,2.78372276,39.172404,5.90273013e-03
71,34,2.84815576,38.598883,7.36410309e-03
72,34,2.91258876,38.754485,4.44860608e-08
73,34,2.97702175,39.291579,4.95099110e-08
74,34,3.04145475,39.871717,5.20677491e-08
75,34,3.10588775,40.486018,5.06362391e-08
76,34,3.17032058,41.081896,4.12321775e-08
77,34,3.23475363,41.520050,2.25300887e-08
78,34,3.29918661,41.682386,1.11344552e-08
79,34,3.36361957,41.694681,5.13600735e-05
80,34,3.36361957,41.694681,8.13737732e-05
81,34,3.41622887,41.706912,2.20900976e-05
82,34,3.46883817,41.690228,9.87195243e-06
83,34,3.52144747,41.611560,3.91593703e-05
84,34,3.57405686,41.482661,3.69979291e-05
85,34,3.62666598,41.279020,1.38757713e-04
86,34,3.67927530,40.719730,9.37256018e-05
87,34,3.73188462,40.018444,5.26878901e-05
88,34,3.78449394,39.216854,1.79290161e-05
89,34,3.83710326,38.453795,2.91765077e-05
90,34,3.88971258,38.169403,1.51617495e-04
91,34,3.94232191,38.765785,5.49866585e-03
92,34,3.99493123,39.509117,9.52884009e-03
93,34,4.04754055,40.137266,1.04864989e-03
94,34,4.10014987,40.354583,1.53956604e-04
95,34,4.15275899,40.382208,9.09005378e-05
96,34,4.20536831,40.382192,7.73394523e-06
97,34,4.25797763,40.377367,4.03389706e-05
98,34,4.31058696,40.373685,2.66325929e-05
99,34,4.36319628,40.371869,2.26832090e-06
0,35,0.00000000,41.694681,2.55574178e-05
1,35,0.06074799,41.742891,4.45635156e-05
2,35,0.12149598,41.833660,2.21499205e-04
3,35,0.18224397,41.552269,5.81895414e-04
4,35,0.24299205,40.712203,1.40673621e-03
5,35,0.30373983,39.947205,1.95523753e-03
6,35,0.36448784,39.965335,2.66023398e-03
7,35,0.42523585,40.098219,8.78415644e-05
8,35,0.48598386,40.461687,5.90171544e-05
9,35,0.54673188,40.421484,2.81160557e-04
10,35,0.60747989,40.168790,8.72030661e-04
11,35,0.66822790,39.942439,2.79095103e-04
12,35,0.72897591,39.741761,6.00553888e-04
13,35,0.78972392,39.568965,2.06986491e-04
14,35,0.85047193,39.424342,4.87042927e-04
15,35,0.91121971,39.579322,1.44493355e-03
16,35,0.97196773,39.521156,2.21863465e-04
17,35,1.03271574,39.137316,1.13601648e-04
18,35,1.09346375,39.097360,8.20524907e-04
19,35,1.15421176,39.084028,6.70953451e-04
20,35,1.15421176,39.084028,5.20272766e-04
21,35,1.18458576,39.128412,8.84318326e-04
22,35,1.21495976,39.243603,7.90326338e-04
23,35,1.24533376,39.321831,1.73400935e-04
24,35,1.27570776,39.143750,8.27301115e-05
25,35,1.30608176,38.916647,1.31037409e-04
26,35,1.33645576,38.841835,6.34519193e-05
27,35,1.36682976,38.990383,6.03668477e-05
28,35,1.39720381,39.223687,7.81748544e-05
29,35,1.42757781,39.477470,8.82165116e-05
30,35,1.45795159,39.725841,6.19443512e-05
31,35,1.48832560,39.941008,5.50579657e-05
32,35,1.51869960,40.094753,8.29212065e-04
33,35,1.54907361,40.176147,5.76046840e-04
34,35,1.57944761,40.178843,8.47967499e-04
35,35,1.60982162,40.115924,1.02895908e-03
36,35,1.64019563,40.019094,1.03231244e-03
37,35,1.67056963,39.918996,1.40303139e-03
38,35,1.70094364,39.845074,9.51854537e-04
39,35,1.73131764,39.831247,6.28761166e-04
40,35,1.73131764,39.831247,3.42771274e-04
41,35,1.75279515,39.848874,1.11167644e-04
42,35,1.77427297,39.932085,6.87737659e-05
43,35,1.79575048,40.061167,4.32282819e-05
44,35,1.81722830,40.224797,3.02452907e-05
45,35,1.83870581,40.406233,2.58025966e-05
46,35,1.86018364,40.584061,2.86287971e-05
47,35,1.88166114,40.718355,4.07007181e-05
48,35,1.90313897,40.734326,6.14452317e-05
49,35,1.92461647,40.571619,7.46398910e-05
50,35,1.94609430,40.281533,7.40366367e-05
51,35,1.96757180,39.956151,6.28086431e-05
52,35,1.98904963,39.661028,3.72654838e-05
53,35,2.01052713,39.507896,6.15348619e-06
54,35,2.03200496,39.528382,5.57350211e-07
55,35,2.05348246,39.611056,2.11461444e-06
56,35,2.07496029,39.699871,2.35702283e-06
57,35,2.09643779,39.769206,1.55879835e-06
58,35,2.11791562,39.813594,6.31606725e-07
59,35,2.13939312,39.834394,1.79201123e-07
60,35,2.13939312,39.834394,1.79295342e-07
61,35,2.20382612,39.464423,1.67119533e-07
62,35,2.26825912,39.040571,1.53526124e-07
63,35,2.33269211,38.559585,1.39827610e-07
64,35,2.39712495,38.013338,1.26353725e-07
65,35,2.46155794,37.721694,1.09283952e-03
66,35,2.52599094,38.014582,1.16580088e-03
67,35,2.59042394,38.154913,7.60907510e-04
68,35,2.65485693,38.547172,2.53647237e-05
69,35,2.71928993,39.091398,2.07974920e-03
70,35,2.78372276,39.249757,1.69831934e-03
71,35,2.84815576,39.673780,1.67933101e-03
72,35,2.91258876,40.102858,1.72281273e-03
73,35,2.97702175,40.531605,1.74682854e-03
74,35,3.04145475,40.951361,1.62524957e-03
75,35,3.10588775,41.352772,1.16073733e-03
76,35,3.17032058,41.675555,3.03860419e-04
77,35,3.23475363,41.784605,1.44652840e-04
78,35,3.29918661,41.736733,2.17886513e-04
79,35,3.36361957,41.694681,1.05729414e-05
80,35,3.36361957,41.694681,1.56581433e-05
81,35,3.41622887,41.706912,3.28347739e-06
82,35,3.46883817,41.690230,1.93197876e-05
83,35,3.52144747,41.611560,7.36122198e-06
84,35,3.57405686,41.482661,1.63780851e-05
85,35,3.62666598,41.335423,1.37555222e-05
86,35,3.67927530,40.942045,1.06166933e-09
87,35,3.73188462,40.330570,1.03197863e-09
88,35,3.78449394,39.744998,9.86648006e-10
89,35,3.83710326,39.187376,9.30265093e-10
90,35,3.88971258,38.659946,8.56670172e-10
91,35,3.94232191,38.765785,1.04850260e-02
92,35,3.99493123,39.509117,3.53295498e-03
93,35,4.04754055,40.137267,6.36988190e-03
94,35,4.10014987,40.354583,1.64890370e-03
95,35,4.15275899,40.382208,5.17435468e-04
96,35,4.20536831,40.382192,2.49650787e-04
97,35,4.25797763,40.377367,6.43339583e-05
98,35,4.31058696,40.373685,5.60601709e-06
99,35,4.36319628,40.371869,7.91231199e-06
0,36,0.00000000,41.694682,9.89185607e-06
1,36,0.06074799,41.742891,9.18276493e-05
2,36,0.12149598,41.833664,9.55048526e-05
3,36,0.18224397,41.555752,8.30933533e-05
4,36,0.24299205,41.433946,7.84951151e-05
5,36,0.30373983,41.283300,7.39757398e-05
6,36,0.36448784,41.110093,7.01600106e-05
7,36,0.42523585,40.919768,6.76250032e-05
8,36,0.48598386,40.698686,3.06270194e-05
9,36,0.54673188,40.497869,6.71533432e-05
10,36,0.60747989,40.265068,6.94452579e-05
11,36,0.66822790,40.003347,7.30848406e-05
12,36,0.72897591,39.741761,6.34460052e-04
13,36,0.78972392,39.568965,1.02562273e-03
14,36,0.85047193,39.424342,8.49794357e-04
15,36,0.91121971,39.579322,1.62779993e-04
16,36,0.97196773,39.936509,3.33219952e-04
17,36,1.03271574,40.142125,2.41232391e-04
18,36,1.09346375,40.242470,2.36173357e-04
19,36,1.15421176,40.271838,6.23177422e-05
20,36,1.15421176,40.271838,2.14143965e-04
21,36,1.18458576,40.143634,3.39761155e-04
22,36,1.21495976,39.884896,3.80122408e-04
23,36,1.24533376,39.698424,1.63453814e-04
24,36,1.27570776,39.826880,3.26177028e-04
25,36,1.30608176,40.087796,2.99824994e-04
26,36,1.33645576,40.383734,3.25486932e-04
27,36,1.36682976,40.693361,4.13161981e-04
28,36,1.39720381,41.008183,5.30898087e-04
29,36,1.42757781,41.318273,9.55521375e-04
30,36,1.45795159,41.610784,1.07581505e-03
31,36,1.48832560,41.855345,9.08922776e-04
32,36,1.51869960,42.021060,1.16271137e-03
33,36,1.54907361,42.142113,5.47920539e-05
34,36,1.57944761,42.270632,1.30500723e-03
35,36,1.60982162,42.416963,1.11142813e-03
36,36,1.64019563,42.566680,8.15583831e-04
37,36,1.67056963,42.694847,4.40172735e-04
38,36,1.70094364,42.781184,2.31055047e-04
39,36,1.73131764,42.813245,3.92308206e-05
40,36,1.73131764,42.813245,9.06002818e-05
41,36,1.75279515,42.774663,4.01992660e-05
42,36,1.77427297,42.724202,3.05938836e-05
43,36,1.79575048,42.664647,8.45988120e-05
44,36,1.81722830,42.601608,1.94155674e-04
45,36,1.83870581,42.436645,6.70615100e-05
46,36,1.86018364,42.208539,6.50242486e-05
47,36,1.88166114,41.991691,4.96828576e-05
48,36,1.90313897,41.874665,2.39869840e-05
49,36,1.92461647,41.922994,5.43943849e-06
50,36,1.94609430,42.087437,2.08571445e-07
51,36,1.96757180,42.294771,1.16871577e-06
52,36,1.98904963,42.414592,1.50766703e-03
53,36,2.01052713,42.444002,1.60837242e-03
54,36,2.03200496,42.477001,1.68825736e-03
55,36,2.05348246,42.512976,1.75681936e-03
56,36,2.07496029,42.549706,1.81768470e-03
57,36,2.09643779,42.580065,1.86829719e-03
58,36,2.11791562,42.577504,1.09454672e-07
59,36,2.13939312,42.573228,1.54916531e-07
60,36,2.13939312,42.573228,1.54872964e-07
61,36,2.20382612,42.715409,6.00123169e-08
62,36,2.26825912,41.884461,5.81959348e-08
63,36,2.33269211,41.013420,5.47164016e-08
64,36,2.39712495,40.099075,4.87582192e-08
65,36,2.46155794,39.226011,3.89313996e-08
66,36,2.52599094,38.403040,2.43135559e-08
67,36,2.59042394,38.369025,1.26929063e-03
68,36,2.65485693,38.737805,1.44951957e-03
69,36,2.71928993,39.147932,6.77427767e-04
70,36,2.78372276,39.747295,3.87953315e-04
71,36,2.84815576,39.979162,1.02442417e-04
72,36,2.91258876,40.333909,1.44770080e-04
73,36,2.97702175,40.729347,7.73809445e-05
74,36,3.04145475,41.151991,2.21830161e-05
75,36,3.10588775,41.555182,4.56610322e-06
76,36,3.17032058,41.815864,6.56408535e-06
77,36,3.23475363,41.836908,8.27773151e-06
78,36,3.29918661,41.745777,9.19780486e-06
79,36,3.36361957,41.694682,1.15923966e-04
80,36,3.36361957,41.694684,8.04877957e-05
81,36,3.41622887,41.736836,1.59888646e-04
82,36,3.46883817,41.810882,1.73405335e-04
83,36,3.52144747,41.829885,1.89471116e-04
84,36,3.57405686,41.663372,1.78064842e-04
85,36,3.62666598,41.335423,3.17638850e-05
86,36,3.67927530,41.189897,1.01984108e-06
87,36,3.73188462,41.055813,6.72624382e-06
88,36,3.78449394,40.937448,2.05549112e-05
89,36,3.83710326,40.836659,2.37696882e-05
90,36,3.88971258,40.755278,7.70265441e-06
91,36,3.94232191,40.697690,1.96646153e-05
92,36,3.99493123,40.682117,3.97780082e-04
93,36,4.04754055,40.810974,7.95077393e-04
94,36,4.10014987,41.290111,4.32347725e-03
95,36,4.15275899,41.757432,3.81430972e-03
96,36,4.20536831,42.024924,9.05818754e-05
97,36,4.25797763,42.140962,1.27771995e-04
98,36,4.31058696,42.186208,1.03569863e-04
99,36,4.36319628,42.196188,7.37292763e-04
0,37,0.00000000,43.459501,1.87821175e-04
1,37,0.06074799,43.154709,4.02491678e-03
2,37,0.12149598,42.467361,1.09858662e-03
3,37,0.18224397,41.980951,4.04288955e-04
4,37,0.24299205,41.879552,1.32160273e-04
5,37,0.30373983,41.624510,2.79374894e-04
6,37,0.36448784,41.311844,8.86374881e-04
7,37,0.42523585,40.997278,4.17276000e-04
8,37,0.48598386,40.698686,1.28123929e-03
9,37,0.54673188,40.657420,4.73095363e-03
10,37,0.60747989,40.958696,1.99793088e-05
11,37,0.66822790,41.069647,1.13866241e-05
12,37,0.72897591,41.079092,9.11014995e-06
13,37,0.78972392,40.995298,1.41327644e-05
14,37,0.85047193,40.779983,3.98782906e-05
15,37,0.91121971,40.317027,1.22418096e-04
16,37,0.97196773,39.936509,6.20873895e-04
17,37,1.03271574,40.142126,3.51790475e-04
18,37,1.09346375,40.242470,1.71157567e-04
19,37,1.15421176,40.271838,2.88798764e-04
20,37,1.15421176,40.271838,1.36931332e-04
21,37,1.18458576,40.143634,6.40320907e-05
22,37,1.21495976,39.884896,2.32034429e-04
23,37,1.24533376,39.698424,1.07560383e-03
24,37,1.27570776,39.826880,1.00442748e-03
25,37,1.30608176,40.087796,9.02657950e-04
26,37,1.33645576,40.383734,7.87827662e-04
27,37,1.36682976,40.693361,6.43638760e-04
28,37,1.39720381,41.008183,5.06834096e-04
29,37,1.42757781,41.318273,1.18708323e-04
30,37,1.45795159,41.610784,1.28777996e-04
31,37,1.48832560,41.855345,5.62922643e-04
32,37,1.51869960,42.021062,5.66138033e-04
33,37,1.54907361,42.142113,1.65340784e-03
34,37,1.57944761,42.270632,1.71478216e-04
35,37,1.60982162,42.416963,4.69733375e-05
36,37,1.64019563,42.566681,1.74171017e-05
37,37,1.67056963,42.694848,1.00339476e-04
38,37,1.70094364,42.781184,7.39033893e-05
39,37,1.73131764,42.813245,1.02400522e-04
40,37,1.73131764,42.813245,5.10273270e-05
41,37,1.75279515,42.829057,2.51832192e-05
42,37,1.77427297,42.811606,3.15445223e-05
43,37,1.79575048,42.747601,4.29295284e-05
44,37,1.81722830,42.623853,5.75254970e-05
45,37,1.83870581,42.540179,3.47320915e-04
46,37,1.86018364,42.485295,5.29067822e-04
47,37,1.88166114,42.440810,7.23553282e-04
48,37,1.90313897,42.408365,9.17109003e-04
49,37,1.92461647,42.390627,1.09679109e-03
50,37,1.94609430,42.388240,1.25652463e-03
51,37,1.96757180,42.396125,1.39323355e-03
52,37,1.98904963,42.489069,3.87852545e-06
53,37,2.01052713,42.610575,4.35060415e-06
54,37,2.03200496,42.646447,2.37714828e-06
55,37,2.05348246,42.637796,8.01299342e-07
56,37,2.07496029,42.615545,1.23809924e-07
57,37,2.09643779,42.593208,7.12712473e-09
58,37,2.11791562,42.600918,1.90433602e-03
59,37,2.13939312,42.608410,1.91744526e-03
60,37,2.13939312,42.608410,1.91746862e-03
61,37,2.20382612,42.899903,1.74667674e-03
62,37,2.26825912,43.146798,7.05658330e-06
63,37,2.33269211,43.072091,2.20511928e-05
64,37,2.39712495,42.848127,7.12177278e-05
65,37,2.46155794,42.526377,2.06379655e-04
66,37,2.52599094,42.102683,5.10836787e-04
67,37,2.59042394,41.572417,1.08550309e-03
68,37,2.65485693,40.944610,1.95833478e-03
69,37,2.71928993,40.240760,2.72935666e-03
70,37,2.78372276,39.846683,1.36634047e-03
71,37,2.84815576,40.572298,2.13290057e-03
72,37,2.91258876,41.273705,3.18930412e-03
73,37,2.97702175,41.860485,4.55419787e-03
74,37,3.04145475,42.236605,5.76815626e-03
75,37,3.10588775,42.400333,6.39285223e-03
76,37,3.17032058,42.487425,6.55522995e-03
77,37,3.23475363,42.737740,5.52184594e-03
78,37,3.29918661,43.168488,4.34011025e-03
79,37,3.36361957,43.459501,2.17712243e-03
80,37,3.36361957,43.459501,3.83832958e-03
81,37,3.41622887,43.314191,1.86976192e-05
82,37,3.46883817,43.064564,2.20045359e-05
83,37,3.52144747,42.871380,5.81629395e-06
84,37,3.57405686,42.233250,1.06379158e-09
85,37,3.62666598,41.577239,1.11191177e-09
86,37,3.67927530,41.189897,3.50258455e-05
87,37,3.73188462,41.055813,2.28160980e-05
88,37,3.78449394,40.937448,4.95999895e-06
89,37,3.83710326,40.836659,1.21894274e-06
90,37,3.88971258,40.755278,3.14177947e-05
91,37,3.94232191,40.697690,1.01964499e-04
92,37,3.99493123,40.682117,1.92335119e-04
93,37,4.04754055,40.810975,2.77842419e-03
94,37,4.10014987,41.290112,1.82071233e-03
95,37,4.15275899,41.757432,3.53998440e-04
96,37,4.20536831,42.024924,2.16807535e-03
97,37,4.25797763,42.140962,1.16927879e-03
98,37,4.31058696,42.186208,7.95729451e-04
99,37,4.36319628,42.196188,5.49670943e-05
0,38,0.00000000,43.459506,4.63857102e-03
1,38,0.06074799,43.154710,3.15899968e-04
2,38,0.12149598,42.467364,2.23730303e-03
3,38,0.18224397,41.980951,3.39512864e-05
4,38,0.24299205,41.879553,5.08769216e-04
5,38,0.30373983,41.624511,7.50278482e-04
6,38,0.36448784,41.311844,3.33531467e-04
7,38,0.42523585,40.997278,8.76199543e-04
8,38,0.48598386,40.715535,6.65400249e-05
9,38,0.54673188,40.755001,3.58530692e-05
10,38,0.60747989,41.181287,5.09445356e-03
11,38,0.66822790,41.855937,5.17973804e-03
12,38,0.72897591,42.422839,2.08316498e-05
13,38,0.78972392,42.061062,1.73202796e-05
14,38,0.85047193,41.772938,1.64301352e-05
15,38,0.91121971,41.558036,1.85705519e-05
16,38,0.97196773,41.408736,2.35058502e-05
17,38,1.03271574,41.318848,3.09455832e-05
18,38,1.09346375,41.281737,4.09649058e-05
19,38,1.15421176,41.293846,6.98330390e-05
20,38,1.15421176,41.293846,5.84538518e-05
21,38,1.18458576,41.430173,2.35442753e-05
22,38,1.21495976,41.717965,3.73938602e-05
23,38,1.24533376,42.029580,3.67623200e-05
24,38,1.27570776,42.304499,1.33165020e-05
25,38,1.30608176,42.507870,7.37791345e-05
26,38,1.33645576,42.625710,1.78756519e-04
27,38,1.36682976,42.659282,2.80113457e-04
28,38,1.39720381,42.641645,5.06960125e-04
29,38,1.42757781,42.596749,4.43977916e-04
30,38,1.45795159,42.558735,7.48500228e-04
31,38,1.48832560,42.573253,6.78723119e-04
32,38,1.51869960,42.692545,2.46033981e-04
33,38,1.54907361,42.909646,4.56507886e-04
34,38,1.57944761,43.174411,6.22457724e-04
35,38,1.60982162,43.425910,1.98450341e-04
36,38,1.64019563,43.658135,1.71588222e-04
37,38,1.67056963,43.847466,2.84023098e-04
38,38,1.70094364,43.974090,5.34045235e-04
39,38,1.73131764,44.024680,2.95677224e-04
40,38,1.73131764,44.024680,7.40007276e-04
41,38,1.75279515,43.909468,3.12605706e-04
42,38,1.77427297,43.774251,2.54010869e-04
43,38,1.79575048,43.628002,1.94465763e-04
44,38,1.81722830,43.494343,1.37565392e-04
45,38,1.83870581,43.387420,9.12096864e-05
46,38,1.86018364,43.306763,5.92606169e-05
47,38,1.88166114,43.243249,3.86683626e-05
48,38,1.90313897,43.189705,2.50084421e-05
49,38,1.92461647,43.142419,1.53912228e-05
50,38,1.94609430,43.104022,8.22059284e-06
51,38,1.96757180,43.081220,2.96485615e-06
52,38,1.98904963,43.100128,1.28992302e-07
53,38,2.01052713,43.205275,2.49724635e-06
54,38,2.03200496,43.406528,9.95369704e-06
55,38,2.05348246,43.603095,3.66238268e-05
56,38,2.07496029,43.543165,3.12556010e-05
57,38,2.09643779,43.491592,1.92784762e-05
58,38,2.11791562,43.458008,5.88797148e-06
59,38,2.13939312,43.448306,6.41411548e-08
60,38,2.13939312,43.448306,6.47877136e-08
61,38,2.20382612,43.009387,1.79232122e-06
62,38,2.26825912,43.369392,1.22803279e-03
63,38,2.33269211,43.875435,5.72635720e-04
64,38,2.39712495,44.318381,1.18173810e-04
65,38,2.46155794,44.189354,8.19034301e-09
66,38,2.52599094,43.629951,6.08126585e-09
67,38,2.59042394,43.153484,4.68615982e-09
68,38,2.65485693,42.763925,3.12268421e-09
69,38,2.71928993,42.462367,1.69828488e-09
70,38,2.78372276,42.249839,7.14915233e-10
71,38,2.84815576,42.127588,3.20164653e-10
72,38,2.91258876,42.092505,7.68668728e-10
73,38,2.97702175,42.143841,2.16004740e-09
74,38,3.04145475,42.278522,4.79311799e-09
75,38,3.10588775,42.493001,8.81321699e-09
76,38,3.17032058,42.778783,1.44717171e-08
77,38,3.23475363,43.109981,1.07874995e-08
78,38,3.29918661,43.353191,1.22203699e-03
79,38,3.36361957,43.459504,1.45167181e-03
80,38,3.36361957,43.459510,1.48069896e-03
81,38,3.41622887,43.378166,6.00020836e-03
82,38,3.46883817,43.289824,3.98698853e-03
83,38,3.52144747,42.904913,9.00662501e-10
84,38,3.57405686,42.824320,1.13236198e-06
85,38,3.62666598,42.913254,1.01524186e-05
86,38,3.67927530,43.060327,1.64801643e-05
87,38,3.73188462,43.230812,2.49573291e-05
88,38,3.78449394,43.265389,4.68544667e-05
89,38,3.83710326,43.083214,4.77710594e-05
90,38,3.88971258,42.903059,4.26487287e-05
91,38,3.94232191,42.753520,3.42320241e-05
92,38,3.99493123,42.633827,2.56752617e-05
93,38,4.04754055,42.539438,1.82608336e-05
94,38,4.10014987,42.467421,1.23064559e-05
95,38,4.15275899,42.412354,7.81787598e-06
96,38,4.20536831,42.372490,4.56739403e-06
97,38,4.25797763,42.345581,2.35714201e-06
98,38,4.31058696,42.330056,1.07351060e-06
99,38,4.36319628,42.324425,6.47969650e-07
0,39,0.00000000,43.459527,1.41301634e-03
1,39,0.06074799,43.574858,5.05577886e-04
2,39,0.12149598,43.435709,1.47927657e-03
3,39,0.18224397,43.069482,1.07120447e-03
4,39,0.24299205,42.990504,9.79310056e-04
5,39,0.30373983,43.146614,6.62779372e-04
6,39,0.36448784,43.366754,6.17142987e-04
7,39,0.42523585,43.534603,7.53947832e-04
8,39,0.48598386,43.581922,2.18239063e-04
9,39,0.54673188,43.502539,6.62911616e-05
10,39,0.60747989,43.339806,3.12851797e-05
11,39,0.66822790,42.853687,2.57360549e-05
12,39,0.72897591,42.659812,5.01632721e-03
13,39,0.78972392,43.002992,5.13874248e-05
14,39,0.85047193,43.072309,6.37213081e-05
15,39,0.91121971,42.298733,3.01875391e-04
16,39,0.97196773,41.751340,1.79211774e-04
17,39,1.03271574,41.490637,1.09183206e-04
18,39,1.09346375,41.357826,7.45000940e-05
19,39,1.15421176,41.293846,3.91939256e-05
20,39,1.15421176,41.293846,5.06123544e-05
21,39,1.18458576,41.430173,7.29154761e-05
22,39,1.21495976,41.717966,3.13599797e-05
23,39,1.24533376,42.029580,4.95994176e-06
24,39,1.27570776,42.304501,2.15268966e-05
25,39,1.30608176,42.507870,3.55313370e-06
26,39,1.33645576,42.625710,1.27752931e-05
27,39,1.36682976,42.659282,9.20473036e-05
28,39,1.39720381,42.641646,7.81433815e-05
29,39,1.42757781,42.596749,3.36079462e-04
30,39,1.45795159,42.558735,1.36282758e-04
31,39,1.48832560,42.573253,1.26794807e-04
32,39,1.51869960,42.692548,3.80026078e-04
33,39,1.54907361,42.909647,1.22329763e-04
34,39,1.57944761,43.174411,1.44244627e-05
35,39,1.60982162,43.425910,5.30832304e-04
36,39,1.64019563,43.658135,6.61974887e-04
37,39,1.67056963,43.847466,6.36895018e-04
38,39,1.70094364,43.974090,4.31602192e-04
39,39,1.73131764,44.024680,6.67413561e-04
40,39,1.73131764,44.024680,2.23108724e-04
41,39,1.75279515,44.111105,5.98275681e-04
42,39,1.77427297,44.179411,5.62576081e-04
43,39,1.79575048,44.225248,4.90322725e-04
44,39,1.81722830,44.250503,3.97328165e-04
45,39,1.83870581,44.252894,2.94779065e-04
46,39,1.86018364,44.233977,1.97153113e-04
47,39,1.88166114,44.196470,1.15512905e-04
48,39,1.90313897,44.143222,5.58342643e-05
49,39,1.92461647,44.078548,1.90905820e-05
50,39,1.94609430,43.998788,2.58903558e-06
51,39,1.96757180,43.919860,1.45155663e-06
52,39,1.98904963,43.837989,1.01423706e-05
53,39,2.01052713,43.756570,2.16842667e-05
54,39,2.03200496,43.677108,3.22243758e-05
55,39,2.05348246,43.655579,1.93576410e-05
56,39,2.07496029,43.914620,2.99160149e-05
57,39,2.09643779,44.155635,4.14850876e-05
58,39,2.11791562,44.341980,5.28383423e-05
59,39,2.13939312,44.416442,5.84349083e-05
60,39,2.13939312,44.416442,5.83882597e-05
61,39,2.20382612,45.337411,7.28907236e-05
62,39,2.26825912,45.983013,9.33725369e-09
63,39,2.33269211,45.445458,7.50412570e-09
64,39,2.39712495,44.803816,9.04298056e-09
65,39,2.46155794,44.618890,1.33183434e-04
66,39,2.52599094,44.753459,6.15616334e-04
67,39,2.59042394,44.756075,1.34179916e-03
68,39,2.65485693,44.692230,2.09067226e-03
69,39,2.71928993,44.152431,1.67404531e-03
70,39,2.78372276,43.710189,1.29710369e-03
71,39,2.84815576,43.407615,9.14184809e-04
72,39,2.91258876,43.238319,5.87866085e-04
73,39,2.97702175,43.170746,3.48572775e-04
74,39,3.04145475,43.162652,2.21697982e-04
75,39,3.10588775,43.205924,2.41505845e-04
76,39,3.17032058,43.270193,4.69987474e-08
77,39,3.23475363,43.272135,4.37875640e-04
78,39,3.29918661,43.387146,7.37652765e-09
79,39,3.36361957,43.459517,2.60667025e-03
80,39,3.36361957,43.459564,9.19079692e-04
81,39,3.41622887,43.378227,3.49873802e-06
82,39,3.46883817,43.289825,1.51126988e-03
83,39,3.52144747,43.335927,5.46769209e-04
84,39,3.57405686,43.436034,1.01375462e-03
85,39,3.62666598,43.488899,4.00549680e-04
86,39,3.67927530,43.501095,2.47541464e-04
87,39,3.73188462,43.495209,9.40812839e-05
88,39,3.78449394,43.477097,3.09051293e-05
89,39,3.83710326,43.447673,2.38791732e-06
90,39,3.88971258,43.412209,2.59096172e-05
91,39,3.94232191,43.380377,1.02767166e-05
92,39,3.99493123,43.369746,1.33697034e-04
93,39,4.04754055,43.413829,3.65811474e-04
94,39,4.10014987,43.533392,9.75050966e-05
95,39,4.15275899,43.484884,9.50820625e-05
96,39,4.20536831,43.444873,9.31740324e-05
97,39,4.25797763,43.414395,9.17920387e-05
98,39,4.31058696,43.395252,9.09264150e-05
99,39,4.36319628,43.387981,9.06745466e-05
0,40,0.00000000,44.055217,6.36277459e-05
1,40,0.06074799,44.026444,7.51252469e-05
2,40,0.12149598,43.435710,6.51300490e-05
3,40,0.18224397,43.069482,9.52183216e-04
4,40,0.24299205,42.990504,9.23739987e-04
5,40,0.30373983,43.146615,9.30795052e-04
6,40,0.36448784,43.366754,7.04852738e-04
7,40,0.42523585,43.534604,2.52972688e-04
8,40,0.48598386,43.581922,4.29082623e-04
9,40,0.54673188,43.502539,2.75608764e-04
10,40,0.60747989,43.349509,4.22170177e-05
11,40,0.66822790,43.183732,6.81634467e-05
12,40,0.72897591,43.053609,5.47393492e-05
13,40,0.78972392,43.002992,1.12281782e-04
14,40,0.85047193,43.072309,2.53416417e-04
15,40,0.91121971,43.299610,7.89520986e-05
16,40,0.97196773,43.670413,9.16380738e-05
17,40,1.03271574,44.105297,9.30032796e-05
18,40,1.09346375,44.471858,8.68994437e-05
19,40,1.15421176,44.618596,8.33021735e-05
20,40,1.15421176,44.618596,8.32032754e-05
21,40,1.18458576,44.631218,7.83950994e-05
22,40,1.21495976,44.673207,7.49648497e-05
23,40,1.24533376,44.757275,8.63675202e-05
24,40,1.27570776,44.901361,1.35230740e-04
25,40,1.30608176,45.123291,2.63178312e-04
26,40,1.33645576,45.426761,5.38754881e-04
27,40,1.36682976,45.794940,9.02580212e-04
28,40,1.39720381,46.194554,1.13345159e-03
29,40,1.42757781,46.572076,1.22554225e-03
30,40,1.45795159,46.830485,1.34969485e-03
31,40,1.48832560,46.919709,1.43596554e-03
32,40,1.51869960,46.928674,6.95299063e-04
33,40,1.54907361,46.929468,1.56594078e-03
34,40,1.57944761,46.934498,1.00453569e-03
35,40,1.60982162,46.943392,5.05170203e-04
36,40,1.64019563,46.946316,6.61533134e-04
37,40,1.67056963,46.930855,1.49602301e-04
38,40,1.70094364,46.903326,1.69622510e-05
39,40,1.73131764,46.891396,4.73274493e-04
40,40,1.73131764,46.891396,1.15648104e-04
41,40,1.75279515,46.783733,2.56841173e-04
42,40,1.77427297,46.661342,2.64396248e-04
43,40,1.79575048,46.547114,2.95501975e-04
44,40,1.81722830,46.455213,3.40832625e-04
45,40,1.83870581,46.388907,3.87757885e-04
46,40,1.86018364,46.347983,4.25167665e-04
47,40,1.88166114,46.329617,4.44910999e-04
48,40,1.90313897,46.330484,4.43544079e-04
49,40,1.92461647,46.344702,4.21541894e-04
50,40,1.94609430,46.364279,3.83776512e-04
51,40,1.96757180,46.394361,3.32613863e-04
52,40,1.98904963,46.428026,2.74646103e-04
53,40,2.01052713,46.460009,2.13861762e-04
54,40,2.03200496,46.455636,1.60476764e-05
55,40,2.05348246,46.278148,1.47489850e-05
56,40,2.07496029,46.082126,1.38352753e-05
57,40,2.09643779,45.885067,1.04328930e-05
58,40,2.11791562,45.724659,4.14809305e-06
59,40,2.13939312,45.660911,4.20017578e-09
60,40,2.13939312,45.660911,4.17964711e-09
61,40,2.20382612,46.029351,4.36652583e-09
62,40,2.26825912,46.355325,1.27210395e-04
63,40,2.33269211,47.227316,4.18497716e-04
64,40,2.39712495,47.123874,4.82705365e-08
65,40,2.46155794,46.646710,5.08114123e-08
66,40,2.52599094,46.100380,1.97793685e-03
67,40,2.59042394,45.382139,2.04140991e-03
68,40,2.65485693,44.719252,1.94544473e-03
69,40,2.71928993,44.593560,2.71979836e-03
70,40,2.78372276,44.502145,3.13310281e-03
71,40,2.84815576,44.202830,3.76652027e-08
72,40,2.91258876,43.921318,3.58955750e-08
73,40,2.97702175,43.676102,3.43864540e-08
74,40,3.04145475,43.469650,3.27129571e-08
75,40,3.10588775,43.317010,3.58594432e-08
76,40,3.17032058,43.352153,4.46600170e-04
77,40,3.23475363,43.472073,5.42027771e-08
78,40,3.29918661,44.029195,7.96832052e-08
79,40,3.36361957,44.055113,6.28362690e-05
80,40,3.36361957,44.055259,6.12506277e-05
81,40,3.41622887,44.210258,4.88895524e-08
82,40,3.46883817,43.579454,8.21920053e-10
83,40,3.52144747,43.335928,3.83534829e-03
84,40,3.57405686,43.436034,1.51159257e-03
85,40,3.62666598,43.488899,6.82869659e-04
86,40,3.67927530,43.501096,2.05074376e-04
87,40,3.73188462,43.495209,8.34837547e-05
88,40,3.78449394,43.477097,1.86749690e-05
89,40,3.83710326,43.447673,1.90631673e-06
90,40,3.88971258,43.412209,2.31198041e-06
91,40,3.94232191,43.380377,1.26577873e-04
92,40,3.99493123,43.369746,2.49840712e-04
93,40,4.04754055,43.413829,5.29677278e-04
94,40,4.10014987,43.581721,6.54459718e-04
95,40,4.15275899,43.964536,6.58388143e-04
96,40,4.20536831,44.582456,3.30805292e-03
97,40,4.25797763,45.312283,1.95134057e-03
98,40,4.31058696,45.985014,9.41489528e-04
99,40,4.36319628,46.286398,1.07258503e-06
0,41,0.00000000,44.457719,3.93765804e-06
1,41,0.06074799,44.026471,5.87271895e-04
2,41,0.12149598,43.718511,1.24780048e-04
3,41,0.18224397,43.877393,6.18348073e-05
4,41,0.24299205,44.069438,9.88186897e-05
5,41,0.30373983,44.294635,1.73454427e-04
6,41,0.36448784,44.548053,2.59696573e-04
7,41,0.42523585,44.833587,3.43986235e-04
8,41,0.48598386,44.430764,4.35638393e-05
9,41,0.54673188,43.871748,3.70204557e-05
10,41,0.60747989,43.349509,1.09870701e-04
11,41,0.66822790,43.183732,2.06843867e-06
12,41,0.72897591,43.053609,2.23579165e-05
13,41,0.78972392,43.567846,4.66859551e-03
14,41,0.85047193,43.262536,3.99273393e-04
15,41,0.91121971,43.299610,4.05042931e-04
16,41,0.97196773,43.670413,4.50432071e-04
17,41,1.03271574,44.105297,3.29264724e-04
18,41,1.09346375,44.471858,1.16788390e-04
19,41,1.15421176,44.618596,2.70529048e-06
20,41,1.15421176,44.618596,2.80383159e-06
21,41,1.18458576,44.631218,3.50720549e-05
22,41,1.21495976,44.673207,1.19774563e-04
23,41,1.24533376,44.757275,2.37858641e-04
24,41,1.27570776,44.901361,3.48805559e-04
25,41,1.30608176,45.123291,3.83175708e-04
26,41,1.33645576,45.426761,2.53772381e-04
27,41,1.36682976,45.794940,3.68748990e-05
28,41,1.39720381,46.194554,2.16305981e-05
29,41,1.42757781,46.572076,3.69039837e-04
30,41,1.45795159,46.830485,9.16687070e-04
31,41,1.48832560,46.919709,1.07927880e-03
32,41,1.51869960,46.928674,1.70538607e-03
33,41,1.54907361,46.929468,6.37354378e-04
34,41,1.57944761,46.934498,9.48806945e-04
35,41,1.60982162,46.943392,1.13225224e-03
36,41,1.64019563,46.946316,5.95046158e-04
37,41,1.67056963,46.930855,7.48778579e-04
38,41,1.70094364,46.903326,6.77086597e-04
39,41,1.73131764,46.891396,1.60197846e-04
40,41,1.73131764,46.891396,5.17839897e-04
41,41,1.75279515,46.956188,3.72640524e-04
42,41,1.77427297,46.974615,3.79245988e-04
43,41,1.79575048,46.953507,3.60867727e-04
44,41,1.81722830,46.917178,3.28562018e-04
45,41,1.83870581,46.885635,2.92238974e-04
46,41,1.86018364,46.866238,2.54433912e-04
47,41,1.88166114,46.857520,2.15239331e-04
48,41,1.90313897,46.853908,1.74798948e-04
49,41,1.92461647,46.846854,1.34146473e-04
50,41,1.94609430,46.828503,9.51367805e-05
51,41,1.96757180,46.786892,6.16830240e-05
52,41,1.98904963,46.714665,3.67503259e-05
53,41,2.01052713,46.601555,2.21256393e-05
54,41,2.03200496,46.493311,1.56054715e-04
55,41,2.05348246,46.523395,1.03913493e-04
56,41,2.07496029,46.551232,6.00524751e-05
57,41,2.09643779,46.570208,2.72965131e-05
58,41,2.11791562,46.581991,6.95019642e-06
59,41,2.13939312,46.586622,2.47331197e-09
60,41,2.13939312,46.586622,2.50027311e-09
61,41,2.20382612,47.291777,3.75205717e-11
62,41,2.26825912,47.628057,1.08298071e-08
63,41,2.33269211,47.500515,3.20716770e-08
64,41,2.39712495,47.373107,1.38767984e-03
65,41,2.46155794,46.813327,1.80852561e-03
66,41,2.52599094,46.156227,5.28835278e-08
67,41,2.59042394,45.692798,5.00140166e-08
68,41,2.65485693,45.268315,4.66537428e-08
69,41,2.71928993,44.876431,4.33897129e-08
70,41,2.78372276,44.520984,4.02921740e-08
71,41,2.84815576,44.458406,3.21765123e-03
72,41,2.91258876,44.522764,2.82636844e-03
73,41,2.97702175,44.766706,1.93887020e-03
74,41,3.04145475,44.293751,2.23035265e-04
75,41,3.10588775,43.749975,7.33952068e-05
76,41,3.17032058,43.394486,5.12111045e-06
77,41,3.23475363,43.697235,4.84844030e-04
78,41,3.29918661,44.146887,5.29073751e-04
79,41,3.36361957,44.457719,1.38645599e-04
80,41,3.36361957,44.457719,6.27935315e-05
81,41,3.41622887,44.220783,1.24131261e-05
82,41,3.46883817,44.113848,4.96480420e-04
83,41,3.52144747,44.026532,1.39798373e-04
84,41,3.57405686,44.037930,1.07806151e-05
85,41,3.62666598,43.890950,6.99236010e-06
86,41,3.67927530,43.734925,6.28830747e-06
87,41,3.73188462,43.571163,7.03094213e-06
88,41,3.78449394,43.555163,3.10977274e-06
89,41,3.83710326,43.757223,5.23814974e-05
90,41,3.88971258,43.768663,1.08663690e-04
91,41,3.94232191,43.706290,1.07631567e-04
92,41,3.99493123,43.642100,1.03972008e-04
93,41,4.04754055,43.584237,1.00318389e-04
94,41,4.10014987,43.581721,1.22706303e-03
95,41,4.15275899,43.964536,2.42784068e-03
96,41,4.20536831,44.582456,1.37591614e-04
97,41,4.25797763,45.312283,6.94516742e-04
98,41,4.31058696,45.985014,2.01277333e-04
99,41,4.36319628,46.286398,4.55542240e-06
0,42,0.00000000,44.457759,8.80729943e-05
1,42,0.06074799,44.376500,4.21803686e-04
2,42,0.12149598,44.785348,9.00258782e-05
3,42,0.18224397,45.059763,1.45574200e-04
4,42,0.24299205,45.423838,2.00881018e-04
5,42,0.30373983,45.864570,2.44749325e-04
6,42,0.36448784,45.526353,7.55391579e-05
7,42,0.42523585,44.995256,5.35093032e-05
8,42,0.48598386,45.163284,4.15259936e-04
9,42,0.54673188,45.553727,4.72535914e-04
10,42,0.60747989,46.019452,5.30283751e-04
11,42,0.66822790,46.507251,7.33444342e-04
12,42,0.72897591,45.768992,5.22560201e-04
13,42,0.78972392,44.486434,4.46241624e-04
14,42,0.85047193,44.552042,4.20571170e-03
15,42,0.91121971,45.602763,3.68426605e-03
16,42,0.97196773,46.685515,3.13149022e-03
17,42,1.03271574,47.795935,2.57913027e-03
18,42,1.09346375,48.718888,2.21473054e-04
19,42,1.15421176,48.639918,3.74954166e-04
20,42,1.15421176,48.639918,6.64944207e-05
21,42,1.18458576,48.589416,5.88405265e-05
22,42,1.21495976,48.458555,6.52655096e-04
23,42,1.24533376,48.286073,1.59010816e-03
24,42,1.27570776,48.098877,9.53955833e-04
25,42,1.30608176,47.915739,8.42171254e-04
26,42,1.33645576,47.748338,1.49865324e-03
27,42,1.36682976,47.604536,2.91822155e-04
28,42,1.39720381,47.498739,1.64739979e-03
29,42,1.42757781,47.463183,9.26233297e-04
30,42,1.45795159,47.565904,5.02725027e-04
31,42,1.48832560,47.814609,1.63867605e-04
32,42,1.51869960,48.065351,1.81145088e-04
33,42,1.54907361,48.198176,3.04599637e-04
34,42,1.57944761,48.186668,3.54856432e-04
35,42,1.60982162,48.079584,1.00565796e-03
36,42,1.64019563,47.971743,3.07806064e-05
37,42,1.67056963,47.927156,1.87965843e-03
38,42,1.70094364,47.973600,1.94375530e-03
39,42,1.73131764,48.049360,9.52839591e-04
40,42,1.73131764,48.049360,6.75428877e-04
41,42,1.75279515,47.928170,1.42091542e-05
42,42,1.77427297,47.837072,1.38624495e-05
43,42,1.79575048,47.818014,2.51141921e-05
44,42,1.81722830,47.850263,3.53612429e-05
45,42,1.83870581,47.905022,3.60196773e-05
46,42,1.86018364,47.965092,2.80406184e-05
47,42,1.88166114,48.021208,1.62633625e-05
48,42,1.90313897,48.071205,5.78867217e-06
49,42,1.92461647,48.108690,7.27527602e-07
50,42,1.94609430,48.135462,2.77861950e-06
51,42,1.96757180,48.156973,1.07689629e-05
52,42,1.98904963,48.175078,2.12374569e-05
53,42,2.01052713,48.190790,2.95939698e-05
54,42,2.03200496,48.209410,3.22383125e-05
55,42,2.05348246,48.229030,2.84794881e-05
56,42,2.07496029,48.248792,2.02057710e-05
57,42,2.09643779,48.264730,1.05468784e-05
58,42,2.11791562,48.275306,2.96691585e-06
59,42,2.13939312,48.279768,1.66290873e-08
60,42,2.13939312,48.279768,1.60386602e-08
61,42,2.20382612,47.702028,1.43924202e-08
62,42,2.26825912,47.640966,9.59068776e-09
63,42,2.33269211,48.158050,7.22814400e-09
64,42,2.39712495,48.867383,1.02466139e-08
65,42,2.46155794,48.794881,7.34583825e-04
66,42,2.52599094,48.610262,2.73424441e-04
67,42,2.59042394,48.040020,1.27431703e-04
68,42,2.65485693,47.461413,2.06853818e-04
69,42,2.71928993,46.936363,2.55058008e-04
70,42,2.78372276,46.505812,2.30983094e-04
71,42,2.84815576,46.214137,8.08432375e-05
72,42,2.91258876,45.658818,6.01893247e-04
73,42,2.97702175,44.942810,4.15480377e-04
74,42,3.04145475,45.136714,5.65816628e-04
75,42,3.10588775,44.846931,3.34155435e-05
76,42,3.17032058,44.634019,6.59463170e-06
77,42,3.23475363,44.524499,1.34086866e-05
78,42,3.29918661,44.371198,3.45473951e-04
79,42,3.36361957,44.457759,9.02475658e-06
80,42,3.36361957,44.457740,6.75065495e-05
81,42,3.41622887,44.318530,1.09161012e-05
82,42,3.46883817,44.113851,1.10935000e-04
83,42,3.52144747,44.026534,1.11860018e-03
84,42,3.57405686,44.121797,1.75162612e-04
85,42,3.62666598,44.417916,3.08179751e-03
86,42,3.67927530,44.840803,2.61493804e-03
87,42,3.73188462,44.388463,1.32474434e-04
88,42,3.78449394,44.107830,1.20085031e-04
89,42,3.83710326,44.012583,6.51218611e-05
90,42,3.88971258,44.265309,5.72351572e-06
91,42,3.94232191,44.692380,9.98307439e-07
92,42,3.99493123,45.194371,2.59728412e-07
93,42,4.04754055,45.752868,6.30926409e-08
94,42,4.10014987,46.349818,1.50186876e-08
95,42,4.15275899,46.967430,1.72121005e-09
96,42,4.20536831,47.586034,1.16865534e-09
97,42,4.25797763,48.160004,1.89688322e-09
98,42,4.31058696,48.204701,7.37833591e-04
99,42,4.36319628,48.008729,6.80833340e-04
0,43,0.00000000,44.459044,7.86051929e-05
1,43,0.06074799,44.613329,4.65111451e-05
2,43,0.12149598,45.069687,1.62856602e-04
3,43,0.18224397,45.596193,2.46418967e-04
4,43,0.24299205,45.972935,2.29941579e-04
5,43,0.30373983,45.925633,1.30733362e-04
6,43,0.36448784,46.370619,2.75500669e-04
7,43,0.42523585,46.568384,1.43031385e-04
8,43,0.48598386,46.559520,1.79910822e-04
9,43,0.54673188,46.751535,5.61227425e-04
10,43,0.60747989,47.089305,5.80932233e-04
11,43,0.66822790,47.186019,9.98864840e-05
12,43,0.72897591,47.334428,3.08276843e-04
13,43,0.78972392,48.051762,3.71550775e-04
14,43,0.85047193,48.711448,2.06031394e-05
15,43,0.91121971,48.943142,1.38016326e-04
16,43,0.97196773,48.988188,5.42594961e-05
17,43,1.03271574,48.881537,1.95662897e-04
18,43,1.09346375,48.718888,7.97423989e-04
19,43,1.15421176,48.639918,8.09677991e-04
20,43,1.15421176,48.639918,1.11809531e-03
21,43,1.18458576,48.589416,1.24045149e-03
22,43,1.21495976,48.458555,8.92420655e-04
23,43,1.24533376,48.286073,1.98046349e-04
24,43,1.27570776,48.098877,1.02270222e-03
25,43,1.30608176,47.915739,1.25235774e-03
26,43,1.33645576,47.748338,6.33336741e-04
27,43,1.36682976,47.604536,1.77638715e-03
28,43,1.39720381,47.498739,2.03988023e-04
29,43,1.42757781,47.463183,4.17671351e-04
30,43,1.45795159,47.565905,5.68538643e-05
31,43,1.48832560,47.814609,2.84530619e-05
32,43,1.51869960,48.065352,3.28990818e-05
33,43,1.54907361,48.198177,1.24160727e-04
34,43,1.57944761,48.186668,4.14932535e-04
35,43,1.60982162,48.079585,1.49280504e-04
36,43,1.64019563,47.971745,1.52165115e-03
37,43,1.67056963,47.927156,6.61225201e-07
38,43,1.70094364,47.973600,1.12315602e-05
39,43,1.73131764,48.049360,6.79292910e-05
40,43,1.73131764,48.049360,3.45312309e-04
41,43,1.75279515,48.142144,1.01004148e-03
42,43,1.77427297,48.280583,1.38403197e-03
43,43,1.79575048,48.412201,1.87071113e-03
44,43,1.81722830,48.514945,1.64679729e-03
45,43,1.83870581,48.620451,1.49884336e-03
46,43,1.86018364,48.735407,1.40536918e-03
47,43,1.88166114,48.859852,1.33464622e-03
48,43,1.90313897,48.992590,1.27883563e-03
49,43,1.92461647,49.131387,1.23322419e-03
50,43,1.94609430,49.276455,1.20159759e-03
51,43,1.96757180,49.362592,8.50118637e-04
52,43,1.98904963,49.207711,7.24281936e-04
53,43,2.01052713,49.067574,6.15263134e-04
54,43,2.03200496,48.953401,5.24176248e-04
55,43,2.05348246,48.862629,4.51397444e-04
56,43,2.07496029,48.795390,3.96032490e-04
57,43,2.09643779,48.747971,3.58718380e-04
58,43,2.11791562,48.720047,3.37922073e-04
59,43,2.13939312,48.715449,3.34966763e-04
60,43,2.13939312,48.715449,3.34790801e-04
61,43,2.20382612,48.947226,5.47109899e-04
62,43,2.26825912,49.019375,1.10702771e-03
63,43,2.33269211,48.783342,1.35182523e-03
64,43,2.39712495,48.884492,5.67167373e-04
65,43,2.46155794,49.052505,1.24277450e-04
66,43,2.52599094,48.622085,7.10368858e-05
67,43,2.59042394,48.356829,3.97650610e-05
68,43,2.65485693,48.019840,2.66501585e-05
69,43,2.71928993,47.602136,1.15722375e-04
70,43,2.78372276,47.125805,2.07601629e-04
71,43,2.84815576,46.426818,1.08955775e-03
72,43,2.91258876,46.108510,2.21611870e-04
73,43,2.97702175,45.625512,1.17671567e-04
74,43,3.04145475,45.330376,3.96534892e-04
75,43,3.10588775,45.629906,2.64695315e-08
76,43,3.17032058,45.167563,3.07729174e-09
77,43,3.23475363,44.805446,7.38052465e-08
78,43,3.29918661,44.481331,4.62669250e-06
79,43,3.36361957,44.458258,2.06660163e-05
80,43,3.36361957,44.458312,4.12159951e-05
81,43,3.41622887,44.318835,2.94979846e-04
82,43,3.46883817,44.266707,1.07880254e-05
83,43,3.52144747,44.170710,1.49670073e-05
84,43,3.57405686,44.121797,2.42349084e-03
85,43,3.62666598,44.417917,4.88751162e-04
86,43,3.67927530,44.840804,1.15792274e-03
87,43,3.73188462,45.327068,9.20573544e-04
88,43,3.78449394,45.843542,1.00571776e-03
89,43,3.83710326,46.365212,4.36962155e-04
90,43,3.88971258,46.872028,1.84099668e-03
91,43,3.94232191,47.343085,1.19051127e-03
92,43,3.99493123,47.759554,1.08640778e-03
93,43,4.04754055,48.127265,5.61511289e-04
94,43,4.10014987,48.402072,2.27979336e-04
95,43,4.15275899,48.576600,3.00563509e-06
96,43,4.20536831,48.627761,1.95800055e-05
97,43,4.25797763,48.488878,3.98069901e-04
98,43,4.31058696,48.204702,9.25037531e-04
99,43,4.36319628,48.008729,1.99044446e-03
0,44,0.00000000,44.550056,2.24494238e-05
1,44,0.06074799,44.635952,5.92249641e-05
2,44,0.12149598,45.206781,6.24873014e-04
3,44,0.18224397,45.824997,1.17483258e-03
4,44,0.24299205,46.397748,1.46811534e-03
5,44,0.30373983,46.846824,2.21453138e-04
6,44,0.36448784,46.757925,2.87791569e-05
7,44,0.42523585,46.568510,2.48303880e-04
8,44,0.48598386,46.559523,3.81473256e-04
9,44,0.54673188,46.751536,1.20361979e-04
10,44,0.60747989,47.089310,1.12123867e-04
11,44,0.66822790,47.514828,5.34021410e-04
12,44,0.72897591,47.953723,4.54366006e-04
13,44,0.78972392,48.370028,1.91891608e-04
14,44,0.85047193,48.711448,1.90640231e-04
15,44,0.91121971,48.943143,5.66471801e-05
16,44,0.97196773,48.988188,2.93102870e-04
17,44,1.03271574,48.881537,4.67753636e-04
18,44,1.09346375,48.921605,2.04561278e-03
19,44,1.15421176,50.046804,1.89747052e-03
20,44,1.15421176,50.046804,2.54675672e-03
21,44,1.18458576,50.095754,2.92716428e-03
22,44,1.21495976,50.220610,2.96856098e-04
23,44,1.24533376,50.380543,1.29805402e-03
24,44,1.27570776,50.537695,9.02050054e-04
25,44,1.30608176,50.666232,1.30060152e-03
26,44,1.33645576,50.745024,7.87737414e-04
27,44,1.36682976,50.755553,1.71752808e-03
28,44,1.39720381,50.698412,2.25975436e-04
29,44,1.42757781,50.580230,1.33311072e-03
30,44,1.45795159,50.421775,3.48297056e-04
31,44,1.48832560,50.260221,1.24686000e-03
32,44,1.51869960,50.140707,6.92717162e-04
33,44,1.54907361,50.041465,2.34858726e-04
34,44,1.57944761,49.722123,2.37666971e-05
35,44,1.60982162,49.347957,4.50491121e-05
36,44,1.64019563,48.993232,1.23456411e-05
37,44,1.67056963,48.672136,1.35480237e-05
38,44,1.70094364,48.402631,4.02862466e-05
39,44,1.73131764,48.257026,5.68854218e-04
40,44,1.73131764,48.257026,4.86422293e-04
41,44,1.75279515,48.305315,8.89576988e-04
42,44,1.77427297,48.377481,5.24525502e-04
43,44,1.79575048,48.502381,1.48136609e-05
44,44,1.81722830,48.691633,1.95128021e-04
45,44,1.83870581,48.905119,2.80152542e-04
46,44,1.86018364,49.130614,2.99031466e-04
47,44,1.88166114,49.362954,2.85099070e-04
48,44,1.90313897,49.597754,2.56499636e-04
49,44,1.92461647,49.671844,1.44338457e-03
50,44,1.94609430,49.526633,1.03538563e-03
51,44,1.96757180,49.420319,1.17711164e-03
52,44,1.98904963,49.562115,1.15879384e-03
53,44,2.01052713,49.697795,1.15765463e-03
54,44,2.03200496,49.822698,1.16510324e-03
55,44,2.05348246,49.931628,1.17711420e-03
56,44,2.07496029,50.022194,1.19787271e-03
57,44,2.09643779,50.085770,1.21190459e-03
58,44,2.11791562,50.123838,1.21880015e-03
59,44,2.13939312,50.139678,1.22355744e-03
60,44,2.13939312,50.139721,1.22504466e-03
61,44,2.20382612,49.927362,1.30818374e-03
62,44,2.26825912,49.539610,1.41970794e-03
63,44,2.33269211,49.213608,1.43372003e-03
64,44,2.39712495,48.972073,1.20143104e-03
65,44,2.46155794,49.603562,2.86325212e-08
66,44,2.52599094,49.944824,4.10276842e-08
67,44,2.59042394,49.611399,4.57828930e-09
68,44,2.65485693,48.853988,1.82803534e-03
69,44,2.71928993,48.024207,1.60644767e-03
70,44,2.78372276,47.207839,1.31497967e-03
71,44,2.84815576,46.616121,2.47986439e-04
72,44,2.91258876,46.124360,2.04081366e-04
73,44,2.97702175,46.226066,6.58626435e-05
74,44,3.04145475,46.155538,2.21162212e-08
75,44,3.10588775,45.801523,8.07109905e-09
76,44,3.17032058,45.267601,6.38527664e-08
77,44,3.23475363,44.809150,1.60148830e-08
78,44,3.29918661,44.551386,1.15684525e-07
79,44,3.36361957,44.550056,2.32041503e-06
80,44,3.36361957,44.550056,4.74977587e-05
81,44,3.41622887,44.492681,1.25166999e-04
82,44,3.46883817,44.797075,8.97576747e-05
83,44,3.52144747,45.308831,4.94562143e-05
84,44,3.57405686,45.834350,3.74470612e-06
85,44,3.62666598,45.510294,8.03155608e-05
86,44,3.67927530,44.863711,1.21449706e-04
87,44,3.73188462,45.327074,2.69463240e-03
88,44,3.78449394,45.843552,2.28543913e-03
89,44,3.83710326,46.365212,2.41770298e-03
90,44,3.88971258,46.872030,5.01439833e-04
91,44,3.94232191,47.343086,5.97395626e-04
92,44,3.99493123,47.759558,1.52542786e-04
93,44,4.04754055,48.127265,1.87671719e-04
94,44,4.10014987,48.402073,1.16501634e-04
95,44,4.15275899,48.576601,5.85104996e-05
96,44,4.20536831,48.627762,1.59111283e-05
97,44,4.25797763,48.488878,1.15237788e-04
98,44,4.31058696,48.598220,1.21771779e-09
99,44,4.36319628,48.771833,2.21675087e-10
0,45,0.00000000,44.550161,2.78138378e-05
1,45,0.06074799,44.776612,3.84812214e-04
2,45,0.12149598,45.267967,1.16619070e-03
3,45,0.18224397,45.825112,3.58185483e-04
4,45,0.24299205,46.399179,3.74084463e-05
5,45,0.30373983,46.850970,8.05532770e-04
6,45,0.36448784,46.759207,3.16525272e-04
7,45,0.42523585,46.932438,2.89402482e-04
8,45,0.48598386,47.542188,2.80055838e-04
9,45,0.54673188,48.193766,2.63805076e-04
10,45,0.60747989,48.126111,2.53612351e-04
11,45,0.66822790,47.514829,7.98629282e-05
12,45,0.72897591,47.953738,2.51098005e-05
13,45,0.78972392,48.370028,1.37120698e-04
14,45,0.85047193,48.849783,3.80473378e-04
15,45,0.91121971,49.705009,3.77975076e-04
16,45,0.97196773,50.584141,3.68686699e-04
17,45,1.03271574,51.462967,3.53730684e-04
18,45,1.09346375,51.141597,1.06641040e-03
19,45,1.15421176,50.046805,1.18556131e-03
20,45,1.15421176,50.046806,5.36412275e-04
21,45,1.18458576,50.095754,3.63375995e-05
22,45,1.21495976,50.220610,2.40596121e-03
23,45,1.24533376,50.380545,1.12976847e-03
24,45,1.27570776,50.537698,1.28870981e-03
25,45,1.30608176,50.666234,6.94339689e-04
26,45,1.33645576,50.745033,1.04970120e-03
27,45,1.36682976,50.755586,1.22420535e-06
28,45,1.39720381,50.698491,1.39859147e-03
29,45,1.42757781,50.580293,2.30438917e-04
30,45,1.45795159,50.421779,1.16203015e-03
31,45,1.48832560,50.260232,2.04811357e-04
32,45,1.51869960,50.140786,5.43199755e-04
33,45,1.54907361,50.041620,5.15413016e-05
34,45,1.57944761,49.722144,1.73127495e-05
35,45,1.60982162,49.347959,3.82446973e-05
36,45,1.64019563,48.993237,9.48442852e-05
37,45,1.67056963,48.672137,1.24613076e-04
38,45,1.70094364,48.402631,2.13785142e-04
39,45,1.73131764,48.257027,6.65454213e-04
40,45,1.73131764,48.257026,7.47639435e-04
41,45,1.75279515,48.328372,4.30747150e-04
42,45,1.77427297,48.477299,4.80336296e-04
43,45,1.79575048,48.650464,5.43708519e-04
44,45,1.81722830,48.839018,6.25162112e-04
45,45,1.83870581,49.038490,7.30722013e-04
46,45,1.86018364,49.245429,8.72144923e-04
47,45,1.88166114,49.454532,1.08616548e-03
48,45,1.90313897,49.644383,1.49801668e-03
49,45,1.92461647,49.831030,2.13181705e-04
50,45,1.94609430,50.057481,1.59216774e-04
51,45,1.96757180,50.270057,1.07346859e-04
52,45,1.98904963,50.462462,6.00263851e-05
53,45,2.01052713,50.626555,2.87320442e-05
54,45,2.03200496,50.765493,1.36200845e-05
55,45,2.05348246,50.882684,9.41981226e-06
56,45,2.07496029,50.987595,8.11306336e-06
57,45,2.09643779,51.087292,8.10659751e-06
58,45,2.11791562,51.180334,8.53831628e-06
59,45,2.13939312,51.233653,8.85460301e-06
60,45,2.13939312,51.235037,9.06622639e-06
61,45,2.20382612,50.826994,2.00172136e-03
62,45,2.26825912,50.504114,1.27120185e-03
63,45,2.33269211,50.374302,6.62358090e-04
64,45,2.39712495,50.120158,4.61094844e-04
65,45,2.46155794,50.054155,7.27934658e-04
66,45,2.52599094,50.093147,9.75737639e-08
67,45,2.59042394,49.631560,1.82237223e-03
68,45,2.65485693,49.237148,8.78720264e-09
69,45,2.71928993,48.807088,9.98607617e-09
70,45,2.78372276,48.331437,1.12197142e-08
71,45,2.84815576,47.816182,1.93453694e-08
72,45,2.91258876,47.271961,1.72805978e-08
73,45,2.97702175,46.711975,2.51423970e-08
74,45,3.04145475,46.361744,2.63184490e-08
75,45,3.10588775,46.007098,2.61508442e-04
76,45,3.17032058,45.493283,3.48916759e-04
77,45,3.23475363,44.890865,5.04442169e-04
78,45,3.29918661,44.577434,4.20765669e-08
79,45,3.36361957,44.550223,7.86036125e-06
80,45,3.36361957,44.550132,1.22019111e-06
81,45,3.41622887,44.737081,1.06894193e-04
82,45,3.46883817,45.159185,5.43499946e-05
83,45,3.52144747,45.690821,4.43718740e-05
84,45,3.57405686,46.292325,2.37947822e-05
85,45,3.62666598,46.805112,7.95503698e-05
86,45,3.67927530,47.542549,5.42727192e-05
87,45,3.73188462,48.349262,5.11731723e-05
88,45,3.78449394,48.854125,6.39851623e-06
89,45,3.83710326,48.956891,3.62996102e-05
90,45,3.88971258,49.143436,6.50692821e-05
91,45,3.94232191,49.423121,8.07631305e-05
92,45,3.99493123,49.791332,4.29989978e-05
93,45,4.04754055,50.236780,2.99401204e-05
94,45,4.10014987,50.716217,6.26314297e-06
95,45,4.15275899,51.182695,5.89613247e-05
96,45,4.20536831,51.596755,6.01492565e-05
97,45,4.25797763,51.904576,1.41355329e-03
98,45,4.31058696,52.095108,1.94989654e-03
99,45,4.36319628,51.996956,1.08771698e-06
0,46,0.00000000,44.550637,2.05135179e-05
1,46,0.06074799,44.776709,4.97750947e-04
2,46,0.12149598,45.268009,2.12132300e-04
3,46,0.18224397,46.275984,5.48245352e-04
4,46,0.24299205,46.862179,9.18852581e-04
5,46,0.30373983,47.352417,8.07915648e-04
6,46,0.36448784,47.930114,1.46001209e-03
7,46,0.42523585,48.556626,1.04160947e-04
8,46,0.48598386,49.041937,1.27159854e-04
9,46,0.54673188,48.757037,2.10165979e-04
10,46,0.60747989,48.881408,2.32444711e-04
11,46,0.66822790,49.603934,1.94803713e-04
12,46,0.72897591,50.345215,1.54056080e-04
13,46,0.78972392,51.096425,9.68292546e-05
14,46,0.85047193,51.829430,4.19696318e-05
15,46,0.91121971,52.463413,8.02856683e-06
16,46,0.97196773,52.683810,1.46731054e-04
17,46,1.03271574,52.119455,5.96700367e-04
18,46,1.09346375,52.318586,3.33710634e-04
19,46,1.15421176,53.091118,5.37361074e-04
20,46,1.15421176,53.091065,1.99354555e-04
21,46,1.18458576,53.088025,5.29897823e-04
22,46,1.21495976,53.077568,2.56014096e-04
23,46,1.24533376,53.058452,5.72679113e-04
24,46,1.27570776,53.014910,3.76947072e-04
25,46,1.30608176,52.933056,6.98263394e-05
26,46,1.33645576,52.786067,1.66820389e-04
27,46,1.36682976,52.551818,5.43459340e-05
28,46,1.39720381,52.233899,1.22525955e-04
29,46,1.42757781,51.857097,2.02880246e-04
30,46,1.45795159,51.448350,9.62467288e-05
31,46,1.48832560,51.030393,4.95263214e-05
32,46,1.51869960,50.617408,9.99243769e-05
33,46,1.54907361,50.315107,8.08202607e-05
34,46,1.57944761,50.379882,6.59568826e-04
35,46,1.60982162,50.588433,6.17658411e-04
36,46,1.64019563,50.808839,2.97221545e-04
37,46,1.67056963,50.988841,5.75043838e-04
38,46,1.70094364,51.103920,5.65951608e-04
39,46,1.73131764,51.147692,1.13445616e-03
40,46,1.73131764,51.147682,9.49493707e-04
41,46,1.75279515,51.032106,4.43042856e-04
42,46,1.77427297,50.905908,4.94669614e-04
43,46,1.79575048,50.767454,5.37871960e-04
44,46,1.81722830,50.618538,5.68250241e-04
45,46,1.83870581,50.460623,5.77957033e-04
46,46,1.86018364,50.295620,5.50824088e-04
47,46,1.88166114,50.128099,4.47423052e-04
48,46,1.90313897,49.979741,1.43739492e-04
49,46,1.92461647,49.994784,2.86348820e-04
50,46,1.94609430,50.188293,8.13464087e-04
51,46,1.96757180,50.403319,1.10936850e-03
52,46,1.98904963,50.615476,1.33827872e-03
53,46,2.01052713,50.815055,1.57781374e-03
54,46,2.03200496,50.991368,1.81827734e-03
55,46,2.05348246,51.136124,2.00592851e-03
56,46,2.07496029,51.245677,2.19633203e-03
57,46,2.09643779,51.317426,2.30540188e-03
58,46,2.11791562,51.357790,2.37946319e-03
59,46,2.13939312,51.371305,2.38458960e-03
60,46,2.13939312,51.371428,2.39375141e-03
61,46,2.20382612,50.833036,6.83548998e-07
62,46,2.26825912,50.527420,1.48217221e-07
63,46,2.33269211,50.442787,3.92643643e-08
64,46,2.39712495,50.374032,3.82999327e-08
65,46,2.46155794,50.208832,2.22293068e-08
66,46,2.52599094,50.113037,1.33692689e-03
67,46,2.59042394,49.950751,6.04769871e-08
68,46,2.65485693,49.537434,3.54548517e-08
69,46,2.71928993,49.059840,3.15177182e-08
70,46,2.78372276,48.552491,2.72756439e-08
71,46,2.84815576,48.026381,2.47605365e-08
72,46,2.91258876,47.482047,2.40587471e-08
73,46,2.97702175,46.924748,2.78243191e-08
74,46,3.04145475,46.426977,1.70331354e-06
75,46,3.10588775,46.089706,1.63825064e-04
76,46,3.17032058,46.344884,1.17629919e-04
77,46,3.23475363,45.662277,2.31757332e-04
78,46,3.29918661,44.939181,2.89822064e-04
79,46,3.36361957,44.551926,5.65829791e-05
80,46,3.36361957,44.551392,1.65666192e-05
81,46,3.41622887,44.737548,1.19075250e-04
82,46,3.46883817,45.159287,2.05027927e-04
83,46,3.52144747,45.691273,1.59452591e-04
84,46,3.57405686,46.292491,1.15581365e-04
85,46,3.62666598,46.949654,8.95084598e-05
86,46,3.67927530,47.649915,4.25149724e-05
87,46,3.73188462,48.380319,5.36991292e-05
88,46,3.78449394,48.891322,6.82107844e-06
89,46,3.83710326,48.958420,5.24539283e-06
90,46,3.88971258,49.144039,1.09494874e-05
91,46,3.94232191,49.423268,2.03606177e-05
92,46,3.99493123,49.791584,4.73073534e-05
93,46,4.04754055,50.236802,1.58794114e-05
94,46,4.10014987,50.716233,5.97555382e-06
95,46,4.15275899,51.182752,7.41173781e-05
96,46,4.20536831,51.597436,5.33554156e-04
97,46,4.25797763,51.906408,2.07904943e-05
98,46,4.31058696,52.122218,3.13123209e-04
99,46,4.36319628,52.161236,2.11448467e-03
0,47,0.00000000,45.906459,8.54600975e-04
1,47,0.06074799,45.973595,1.44369604e-03
2,47,0.12149598,46.160084,1.31606791e-03
3,47,0.18224397,46.461124,1.13855241e-03
4,47,0.24299205,47.464320,4.02047000e-04
5,47,0.30373983,47.612756,4.04559512e-04
6,47,0.36448784,47.954030,3.15277035e-04
7,47,0.42523585,48.607183,1.15399118e-03
8,47,0.48598386,49.301816,7.86438739e-04
9,47,0.54673188,50.075262,1.52593876e-04
10,47,0.60747989,50.849673,3.98894885e-04
11,47,0.66822790,51.644705,4.37237578e-05
12,47,0.72897591,52.267156,1.04457216e-04
13,47,0.78972392,52.563690,1.41586688e-04
14,47,0.85047193,53.012464,1.52569065e-04
15,47,0.91121971,53.523490,2.09499331e-04
16,47,0.97196773,54.102715,1.57090614e-04
17,47,1.03271574,54.083951,3.00028181e-04
18,47,1.09346375,53.701802,2.79984823e-04
19,47,1.15421176,53.091830,6.78854062e-05
20,47,1.15421176,53.091198,4.10937423e-04
21,47,1.18458576,53.088239,7.32459651e-05
22,47,1.21495976,53.077953,3.52099385e-04
23,47,1.24533376,53.059403,3.91452594e-05
24,47,1.27570776,53.015403,2.39361995e-04
25,47,1.30608176,52.936641,5.22868774e-04
26,47,1.33645576,52.792725,4.52069321e-04
27,47,1.36682976,52.553536,4.94178559e-04
28,47,1.39720381,52.236382,3.57777184e-04
29,47,1.42757781,51.859958,2.37152319e-04
30,47,1.45795159,51.448639,3.16764954e-04
31,47,1.48832560,51.030422,3.92364028e-04
32,47,1.51869960,50.617476,5.06762051e-04
33,47,1.54907361,50.315138,1.34008713e-03
34,47,1.57944761,50.379900,7.93939192e-04
35,47,1.60982162,50.588557,6.35463836e-04
36,47,1.64019563,50.809113,8.49008551e-04
37,47,1.67056963,50.988893,5.37106205e-04
38,47,1.70094364,51.103929,5.56769557e-04
39,47,1.73131764,51.147860,2.55776435e-05
40,47,1.73131764,51.147746,2.11910460e-04
41,47,1.75279515,51.245262,7.39828266e-04
42,47,1.77427297,51.330826,7.07522326e-04
43,47,1.79575048,51.399449,6.79882446e-04
44,47,1.81722830,51.457887,6.52621301e-04
45,47,1.83870581,51.502681,6.27941342e-04
46,47,1.86018364,51.534060,6.15793823e-04
47,47,1.88166114,51.553967,5.92337821e-04
48,47,1.90313897,51.561503,5.69367105e-04
49,47,1.92461647,51.565652,5.51269408e-04
50,47,1.94609430,51.564812,5.19790132e-04
51,47,1.96757180,51.569505,4.87150799e-04
52,47,1.98904963,51.581183,4.41233590e-04
53,47,2.01052713,51.597238,3.06743665e-04
54,47,2.03200496,51.609172,2.17731616e-04
55,47,2.05348246,51.607703,1.32886572e-04
56,47,2.07496029,51.580322,5.85945336e-05
57,47,2.09643779,51.524715,1.65043049e-05
58,47,2.11791562,51.451805,3.73779874e-06
59,47,2.13939312,51.407179,4.09299838e-07
60,47,2.13939312,51.407420,2.54022691e-07
61,47,2.20382612,52.305661,4.51742898e-04
62,47,2.26825912,52.662135,1.55665979e-05
63,47,2.33269211,52.372609,1.51144492e-06
64,47,2.39712495,51.868753,1.11798923e-07
65,47,2.46155794,51.447228,1.48334761e-08
66,47,2.52599094,51.328163,5.59809050e-06
67,47,2.59042394,51.683242,2.58364754e-04
68,47,2.65485693,50.973205,1.21276822e-04
69,47,2.71928993,50.256470,6.23249498e-05
70,47,2.78372276,49.551677,2.75701703e-05
71,47,2.84815576,48.866999,8.54524741e-06
72,47,2.91258876,48.203291,7.57734078e-06
73,47,2.97702175,47.571720,3.98450258e-05
74,47,3.04145475,47.091598,9.61636375e-05
75,47,3.10588775,47.428124,1.76434346e-07
76,47,3.17032058,47.397818,7.39916077e-05
77,47,3.23475363,47.339785,2.81668265e-04
78,47,3.29918661,46.324890,2.42878140e-03
79,47,3.36361957,45.906459,1.32021822e-03
80,47,3.36361957,45.906459,7.00196515e-04
81,47,3.41622887,46.279766,7.65229706e-04
82,47,3.46883817,46.990750,1.37389303e-04
83,47,3.52144747,47.484642,6.92295436e-05
84,47,3.57405686,46.615087,1.39638002e-04
85,47,3.62666598,46.950211,4.72867616e-06
86,47,3.67927530,47.649954,3.45396631e-05
87,47,3.73188462,48.403256,2.91555510e-05
88,47,3.78449394,49.170716,1.08060020e-06
89,47,3.83710326,49.939385,2.01548906e-05
90,47,3.88971258,50.589750,1.00015699e-05
91,47,3.94232191,51.127829,4.98126217e-05
92,47,3.99493123,51.648099,3.24164379e-05
93,47,4.04754055,51.990652,4.03801330e-05
94,47,4.10014987,52.351192,3.70986381e-05
95,47,4.15275899,52.647572,3.87365873e-05
96,47,4.20536831,52.785129,1.51304726e-05
97,47,4.25797763,52.510153,4.39466042e-06
98,47,4.31058696,52.154456,3.25354799e-06
99,47,4.36319628,52.168843,5.15878293e-04
