k_index,band_index,k_distance,energy_eV,weight
0,0,0.00000000,-12.174008,4.25592109e-05
1,0,0.06074799,-12.161831,6.23953404e-04
2,0,0.12149598,-12.125518,2.35077011e-03
3,0,0.18224397,-12.065039,5.16845885e-03
4,0,0.24299205,-11.980516,8.98808140e-03
5,0,0.30373983,-11.871987,1.36872095e-02
6,0,0.36448784,-11.739760,1.91217259e-02
7,0,0.42523585,-11.583992,2.51193501e-02
8,0,0.48598386,-11.404888,3.14910925e-02
9,0,0.54673188,-11.202855,3.80405093e-02
10,0,0.60747989,-10.978205,4.45629908e-02
11,0,0.66822790,-10.731338,5.08548422e-02
12,0,0.72897591,-10.462806,5.67265163e-02
13,0,0.78972392,-10.173086,6.19982919e-02
14,0,0.85047193,-9.862951,6.65093527e-02
15,0,0.91121971,-9.532994,7.01221214e-02
16,0,0.97196773,-9.184204,7.27398409e-02
17,0,1.03271574,-8.817441,7.42904421e-02
18,0,1.09346375,-8.433770,7.47357745e-02
19,0,1.15421176,-8.034362,1.48143786e-01
20,0,1.15421176,-8.034362,1.48143875e-01
21,0,1.18458576,-8.033320,1.47369204e-01
22,0,1.21495976,-8.030216,1.45061146e-01
23,0,1.24533376,-8.025095,1.41144265e-01
24,0,1.27570776,-8.018102,1.35871850e-01
25,0,1.30608176,-8.009363,1.29278708e-01
26,0,1.33645576,-7.999066,1.21458563e-01
27,0,1.36682976,-7.987477,1.12872283e-01
28,0,1.39720381,-7.974810,1.03666686e-01
29,0,1.42757781,-7.961386,9.32203956e-02
30,0,1.45795159,-7.947528,8.52146109e-02
31,0,1.48832560,-7.933662,7.39039491e-02
32,0,1.51869960,-7.920150,6.20845803e-02
33,0,1.54907361,-7.907380,4.83413525e-02
34,0,1.57944761,-7.895736,3.09561390e-02
35,0,1.60982162,-7.885624,9.09180251e-03
36,0,1.64019563,-7.877365,1.08127989e-03
37,0,1.67056963,-7.871244,1.16092618e-02
38,0,1.70094364,-7.867476,1.95267050e-02
39,0,1.73131764,-7.866182,2.09359981e-02
40,0,1.73131764,-7.866182,2.09121070e-02
41,0,1.75279515,-7.924879,8.95709880e-03
42,0,1.77427297,-7.980461,8.05307602e-03
43,0,1.79575048,-8.032927,7.18740532e-03
44,0,1.81722830,-8.082250,6.36206930e-03
45,0,1.83870581,-8.128431,5.57934354e-03
46,0,1.86018364,-8.171462,4.84124335e-03
47,0,1.88166114,-8.211334,4.14972241e-03
48,0,1.90313897,-8.248035,3.50665888e-03
49,0,1.92461647,-8.281571,2.91355442e-03
50,0,1.94609430,-8.311938,2.37200629e-03
51,0,1.96757180,-8.339113,1.88354819e-03
52,0,1.98904963,-8.363101,1.44938747e-03
53,0,2.01052713,-8.383910,1.07087574e-03
54,0,2.03200496,-8.401513,7.48573785e-04
55,0,2.05348246,-8.415920,4.83559535e-04
56,0,2.07496029,-8.427121,2.76487182e-04
57,0,2.09643779,-8.435128,1.27995445e-04
58,0,2.11791562,-8.439933,3.84233892e-05
59,0,2.13939312,-8.441535,8.01436875e-06
60,0,2.13939312,-8.441535,8.01437586e-06
61,0,2.20382612,-8.639944,1.13848108e-05
62,0,2.26825912,-8.879154,1.50106003e-05
63,0,2.33269211,-9.149303,1.86010861e-05
64,0,2.39712495,-9.438544,2.19702194e-05
65,0,2.46155794,-9.736095,2.50297867e-05
66,0,2.52599094,-10.033039,2.77638633e-05
67,0,2.59042394,-10.322529,3.01903934e-05
68,0,2.65485693,-10.599298,3.23347030e-05
69,0,2.71928993,-10.859598,3.42277936e-05
70,0,2.78372276,-11.100614,3.58893341e-05
71,0,2.84815576,-11.320138,3.73414652e-05
72,0,2.91258876,-11.516590,3.85974261e-05
73,0,2.97702175,-11.688792,3.96688763e-05
74,0,3.04145475,-11.835792,4.05657502e-05
75,0,3.10588775,-11.956914,4.12890648e-05
76,0,3.17032058,-12.051610,4.18507040e-05
77,0,3.23475363,-12.119498,4.22478324e-05
78,0,3.29918661,-12.160320,4.24851407e-05
79,0,3.36361957,-12.174008,4.25592070e-05
80,0,3.36361957,-12.174008,4.25592171e-05
81,0,3.41622887,-12.164855,4.25029196e-05
82,0,3.46883817,-12.137635,4.23225979e-05
83,0,3.52144747,-12.092341,4.20152903e-05
84,0,3.57405686,-12.029118,4.15704991e-05
85,0,3.62666598,-11.948130,4.09749155e-05
86,0,3.67927530,-11.849741,4.02041872e-05
87,0,3.73188462,-11.734281,3.92335906e-05
88,0,3.78449394,-11.602234,3.80287115e-05
89,0,3.83710326,-11.454415,3.65457938e-05
90,0,3.88971258,-11.291718,3.47305299e-05
91,0,3.94232191,-11.115499,3.25139407e-05
92,0,3.99493123,-10.927719,2.98103506e-05
93,0,4.04754055,-10.731246,2.65153085e-05
94,0,4.10014987,-10.530251,2.25298992e-05
95,0,4.15275899,-10.331492,1.77646407e-05
96,0,4.20536831,-10.145155,1.22988506e-05
97,0,4.25797763,-9.986820,6.59812731e-06
98,0,4.31058696,-9.877355,1.89447138e-06
99,0,4.36319628,-9.837738,7.09389944e-11
0,1,0.00000000,-0.221237,2.35928362e-07
1,1,0.06074799,-0.304028,6.76309912e-04
2,1,0.12149598,-0.533108,2.45967412e-03
3,1,0.18224397,-0.861308,4.95226900e-03
4,1,0.24299205,-1.249585,7.93614433e-03
5,1,0.30373983,-1.673052,1.13450928e-02
6,1,0.36448784,-2.117453,1.51722647e-02
7,1,0.42523585,-2.574406,1.94216507e-02
8,1,0.48598386,-3.038851,2.40877625e-02
9,1,0.54673188,-3.507869,2.91312788e-02
10,1,0.60747989,-3.979083,3.44909051e-02
11,1,0.66822790,-4.451056,4.00860097e-02
12,1,0.72897591,-4.921378,4.57580176e-02
13,1,0.78972392,-5.388366,5.13702393e-02
14,1,0.85047193,-5.851013,5.67316931e-02
15,1,0.91121971,-6.307241,6.16756184e-02
16,1,0.97196773,-6.755448,6.60301445e-02
17,1,1.03271574,-7.193728,6.96335945e-02
18,1,1.09346375,-7.620536,7.23515070e-02
19,1,1.15421176,-8.034362,9.91787418e-06
20,1,1.15421176,-8.034362,9.83855745e-06
21,1,1.18458576,-8.033320,4.78779907e-04
22,1,1.21495976,-8.030216,1.86831693e-03
23,1,1.24533376,-8.025095,4.25510197e-03
24,1,1.27570776,-8.018102,7.36961355e-03
25,1,1.30608176,-8.009363,1.11765994e-02
26,1,1.33645576,-7.999066,1.55770437e-02
27,1,1.36682976,-7.987477,2.01026993e-02
28,1,1.39720381,-7.974810,2.46200377e-02
29,1,1.42757781,-7.961386,2.97553907e-02
30,1,1.45795159,-7.947528,3.18425923e-02
31,1,1.48832560,-7.933662,3.66812277e-02
32,1,1.51869960,-7.920150,4.15213629e-02
33,1,1.54907361,-7.907380,4.78522119e-02
34,1,1.57944761,-7.895736,5.74870211e-02
35,1,1.60982162,-7.885624,7.13752114e-02
36,1,1.64019563,-7.877365,7.13146678e-02
37,1,1.67056963,-7.871244,5.27603412e-02
38,1,1.70094364,-7.867476,3.70043124e-02
39,1,1.73131764,-7.866182,2.80788980e-02
40,1,1.73131764,-7.866182,2.81027854e-02
41,1,1.75279515,-7.808596,3.37057554e-02
42,1,1.77427297,-7.756296,2.86669052e-02
43,1,1.79575048,-7.709236,2.40625293e-02
44,1,1.81722830,-7.667276,1.99321967e-02
45,1,1.83870581,-7.630209,1.62923802e-02
46,1,1.86018364,-7.597762,1.31387012e-02
47,1,1.88166114,-7.569606,1.04490546e-02
48,1,1.90313897,-7.545351,8.18672327e-03
49,1,1.92461647,-7.524711,6.31436043e-03
50,1,1.94609430,-7.507363,4.78095473e-03
51,1,1.96757180,-7.492793,3.54510708e-03
52,1,1.98904963,-7.480754,2.56033131e-03
53,1,2.01052713,-7.470955,1.78673552e-03
54,1,2.03200496,-7.463114,1.18966743e-03
55,1,2.05348246,-7.457014,7.39879552e-04
56,1,2.07496029,-7.452412,4.13275353e-04
57,1,2.09643779,-7.449271,1.93287106e-04
58,1,2.11791562,-7.447428,6.64355520e-05
59,1,2.13939312,-7.446815,2.52438442e-05
60,1,2.13939312,-7.446815,2.52438547e-05
61,1,2.20382612,-7.247460,2.47976206e-05
62,1,2.26825912,-7.019417,2.42846381e-05
63,1,2.33269211,-6.762998,2.37020843e-05
64,1,2.39712495,-6.478367,2.30580717e-05
65,1,2.46155794,-6.166004,2.23412969e-05
66,1,2.52599094,-5.826264,2.15569343e-05
67,1,2.59042394,-5.459647,2.07064992e-05
68,1,2.65485693,-5.066690,1.97900951e-05
69,1,2.71928993,-4.648299,1.88115081e-05
70,1,2.78372276,-4.205520,1.77733690e-05
71,1,2.84815576,-3.739690,1.66796770e-05
72,1,2.91258876,-3.252868,1.55349177e-05
73,1,2.97702175,-2.748308,1.43557066e-05
74,1,3.04145475,-2.230417,1.31363740e-05
75,1,3.10588775,-1.707984,1.19064743e-05
76,1,3.17032058,-1.196202,1.07121324e-05
77,1,3.23475363,-0.726540,9.63551561e-06
78,1,3.29918661,-0.364477,8.84034036e-06
79,1,3.36361957,-0.221237,2.35943212e-07
80,1,3.36361957,-0.221237,2.35926735e-07
81,1,3.41622887,-0.329993,5.14704713e-07
82,1,3.46883817,-0.619918,1.62870447e-06
83,1,3.52144747,-1.018698,3.79850153e-06
84,1,3.57405686,-1.474774,6.90132962e-06
85,1,3.62666598,-1.958536,1.07145074e-05
86,1,3.67927530,-2.454449,1.50431070e-05
87,1,3.73188462,-2.952316,1.97422910e-05
88,1,3.78449394,-3.445848,2.47130916e-05
89,1,3.83710326,-3.930558,2.98950861e-05
90,1,3.88971258,-4.402823,3.52617597e-05
91,1,3.94232191,-4.859400,4.08190492e-05
92,1,3.99493123,-5.296989,4.66033707e-05
93,1,4.04754055,-5.711758,5.26916609e-05
94,1,4.10014987,-6.098368,5.91628066e-05
95,1,4.15275899,-6.449798,6.60703068e-05
96,1,4.20536831,-6.755259,7.33460269e-05
97,1,4.25797763,-6.998913,8.04847498e-05
98,1,4.31058696,-7.159679,8.61693956e-05
99,1,4.36319628,-7.216452,8.84220597e-05
0,2,0.00000000,-0.221237,1.79491925e-05
1,2,0.06074799,-0.273253,3.78895528e-03
2,2,0.12149598,-0.417348,1.22357599e-02
3,2,0.18224397,-0.620436,2.07307199e-02
4,2,0.24299205,-0.854281,2.70007104e-02
5,2,0.30373983,-1.099562,3.06983833e-02
6,2,0.36448784,-1.345517,3.21293522e-02
7,2,0.42523585,-1.584481,3.17817890e-02
8,2,0.48598386,-1.811733,3.00954482e-02
9,2,0.54673188,-2.024671,2.74262518e-02
10,2,0.60747989,-2.220993,2.40988523e-02
11,2,0.66822790,-2.399222,2.03862361e-02
12,2,0.72897591,-2.558338,1.65281324e-02
13,2,0.78972392,-2.697456,1.27381632e-02
14,2,0.85047193,-2.816014,9.20183866e-03
15,2,0.91121971,-2.913496,6.08173184e-03
16,2,0.97196773,-2.989660,3.51054470e-03
17,2,1.03271574,-3.044267,1.59481930e-03
18,2,1.09346375,-3.077078,4.13712719e-04
19,2,1.15421176,-3.088023,1.47080362e-05
20,2,1.15421176,-3.088023,1.47085143e-05
21,2,1.18458576,-3.097704,1.65128772e-03
22,2,1.21495976,-3.126067,6.34224099e-03
23,2,1.24533376,-3.171205,1.35123526e-02
24,2,1.27570776,-3.230427,2.23915633e-02
25,2,1.30608176,-3.300545,3.22285475e-02
26,2,1.33645576,-3.378349,4.23884154e-02
27,2,1.36682976,-3.460868,5.23696606e-02
28,2,1.39720381,-3.545310,6.18921095e-02
29,2,1.42757781,-3.629326,7.07414567e-02
30,2,1.45795159,-3.710912,7.87628948e-02
31,2,1.48832560,-3.788257,8.58993343e-02
32,2,1.51869960,-3.859926,9.20594601e-02
33,2,1.54907361,-3.924565,9.72484942e-02
34,2,1.57944761,-3.981093,1.01412061e-01
35,2,1.60982162,-4.028638,1.04517433e-01
36,2,1.64019563,-4.066409,1.06535699e-01
37,2,1.67056963,-4.093817,1.07461188e-01
38,2,1.70094364,-4.110419,1.07333383e-01
39,2,1.73131764,-4.115971,1.06064492e-01
40,2,1.73131764,-4.115971,1.06064634e-01
41,2,1.75279515,-4.160922,2.22253399e-03
42,2,1.77427297,-4.203776,2.07373170e-03
43,2,1.79575048,-4.244477,1.91492469e-03
44,2,1.81722830,-4.282950,1.74903887e-03
45,2,1.83870581,-4.319157,1.57888722e-03
46,2,1.86018364,-4.353049,1.40722192e-03
47,2,1.88166114,-4.384584,1.23671358e-03
48,2,1.90313897,-4.413723,1.06982942e-03
49,2,1.92461647,-4.440438,9.09080035e-04
50,2,1.94609430,-4.464692,7.56847356e-04
51,2,1.96757180,-4.486462,6.14722327e-04
52,2,1.98904963,-4.505724,4.84809652e-04
53,2,2.01052713,-4.522484,3.68992920e-04
54,2,2.03200496,-4.536669,2.68271758e-04
55,2,2.05348246,-4.548295,1.84139069e-04
56,2,2.07496029,-4.557325,1.17696184e-04
57,2,2.09643779,-4.563799,6.95602587e-05
58,2,2.11791562,-4.567686,4.04077695e-05
59,2,2.13939312,-4.568962,3.05820627e-05
60,2,2.13939312,-4.568962,3.05820651e-05
61,2,2.20382612,-4.667231,2.81513847e-05
62,2,2.26825912,-4.683691,2.54198855e-05
63,2,2.33269211,-4.625347,2.26472511e-05
64,2,2.39712495,-4.502100,1.99793505e-05
65,2,2.46155794,-4.323677,1.74786379e-05
66,2,2.52599094,-4.098907,1.51124099e-05
67,2,2.59042394,-3.834999,1.28320517e-05
68,2,2.65485693,-3.537912,1.05950878e-05
69,2,2.71928993,-3.213237,8.37578231e-06
70,2,2.78372276,-2.866140,6.18477691e-06
71,2,2.84815576,-2.501942,4.08376026e-06
72,2,2.91258876,-2.126895,2.20041847e-06
73,2,2.97702175,-1.748566,7.52867877e-07
74,2,3.04145475,-1.376798,6.54279314e-08
75,2,3.10588775,-1.024255,5.38422179e-07
76,2,3.17032058,-0.708614,2.50689885e-06
77,2,3.23475363,-0.451775,5.82054457e-06
78,2,3.29918661,-0.280740,9.29700904e-06
79,2,3.36361957,-0.221237,1.03698346e-05
80,2,3.36361957,-0.221237,8.51510218e-06
81,2,3.41622887,-0.236100,7.62853332e-03
82,2,3.46883817,-0.282174,4.31486099e-02
83,2,3.52144747,-0.352540,5.24890848e-02
84,2,3.57405686,-0.440122,6.80971737e-02
85,2,3.62666598,-0.538050,1.24473628e-01
86,2,3.67927530,-0.640874,1.86233533e-01
87,2,3.73188462,-0.744147,5.67884466e-02
88,2,3.78449394,-0.844362,1.15581219e-01
89,2,3.83710326,-0.939896,4.16566120e-01
90,2,3.88971258,-1.028758,3.85653974e-01
91,2,3.94232191,-1.109818,4.82286473e-01
92,2,3.99493123,-1.182323,3.80725452e-01
93,2,4.04754055,-1.245711,2.32689760e-01
94,2,4.10014987,-1.299418,4.50006635e-01
95,2,4.15275899,-1.343739,2.12206476e-01
96,2,4.20536831,-1.378237,3.25128626e-01
97,2,4.25797763,-1.402944,2.97284044e-01
98,2,4.31058696,-1.417777,4.60897192e-01
99,2,4.36319628,-1.422833,7.05199242e-01
0,3,0.00000000,-0.221237,7.67933988e-06
1,3,0.06074799,-0.273253,7.69282559e-03
2,3,0.12149598,-0.417348,2.61480818e-02
3,3,0.18224397,-0.620436,4.79510220e-02
4,3,0.24299205,-0.854280,6.89727824e-02
5,3,0.30373983,-1.099562,8.80166809e-02
6,3,0.36448784,-1.345517,1.04967866e-01
7,3,0.42523585,-1.584481,1.20093044e-01
8,3,0.48598386,-1.811733,1.33650323e-01
9,3,0.54673188,-2.024671,1.45794442e-01
10,3,0.60747989,-2.220993,1.56667119e-01
11,3,0.66822790,-2.399221,1.66346898e-01
12,3,0.72897591,-2.558338,1.74872986e-01
13,3,0.78972392,-2.697456,1.82273514e-01
14,3,0.85047193,-2.816014,1.88550741e-01
15,3,0.91121971,-2.913496,1.93711237e-01
16,3,0.97196773,-2.989660,1.97733256e-01
17,3,1.03271574,-3.044267,2.00609753e-01
18,3,1.09346375,-3.077077,2.02339610e-01
19,3,1.15421176,-3.088023,2.02916823e-01
20,3,1.15421176,-3.088023,2.02916824e-01
21,3,1.18458576,-3.097704,2.03865018e-01
22,3,1.21495976,-3.126067,2.06669424e-01
23,3,1.24533376,-3.171205,2.11221322e-01
24,3,1.27570776,-3.230427,2.17371723e-01
25,3,1.30608176,-3.300545,2.24960226e-01
26,3,1.33645576,-3.378349,2.33843242e-01
27,3,1.36682976,-3.460868,2.43949304e-01
28,3,1.39720381,-3.545310,2.55116384e-01
29,3,1.42757781,-3.629326,2.67306707e-01
30,3,1.45795159,-3.710911,2.80510610e-01
31,3,1.48832560,-3.788257,2.94656983e-01
32,3,1.51869960,-3.859926,3.09762634e-01
33,3,1.54907361,-3.924565,3.25743743e-01
34,3,1.57944761,-3.981093,3.42584747e-01
35,3,1.60982162,-4.028638,3.60217116e-01
36,3,1.64019563,-4.066409,3.78573370e-01
37,3,1.67056963,-4.093817,3.97557294e-01
38,3,1.70094364,-4.110419,4.17027873e-01
39,3,1.73131764,-4.115970,4.36994346e-01
40,3,1.73131764,-4.115970,4.36994199e-01
41,3,1.75279515,-4.065517,5.48787470e-01
42,3,1.77427297,-4.006250,5.56628034e-01
43,3,1.79575048,-3.938490,5.64241049e-01
44,3,1.81722830,-3.862762,5.71669945e-01
45,3,1.83870581,-3.779723,5.78994782e-01
46,3,1.86018364,-3.690187,5.86325384e-01
47,3,1.88166114,-3.595116,5.93795738e-01
48,3,1.90313897,-3.495610,6.01551246e-01
49,3,1.92461647,-3.393066,6.09742551e-01
50,3,1.94609430,-3.289015,6.18512655e-01
51,3,1.96757180,-3.185156,6.27918965e-01
52,3,1.98904963,-3.083567,6.37988356e-01
53,3,2.01052713,-2.986564,6.48629218e-01
54,3,2.03200496,-2.896860,6.59536865e-01
55,3,2.05348246,-2.817356,6.70238381e-01
56,3,2.07496029,-2.750976,6.80029124e-01
57,3,2.09643779,-2.700999,6.87995559e-01
58,3,2.11791562,-2.669834,6.93243250e-01
59,3,2.13939312,-2.659237,6.95075161e-01
60,3,2.13939312,-2.659237,6.95075161e-01
61,3,2.20382612,-2.519168,6.57597368e-01
62,3,2.26825912,-2.362696,6.16069287e-01
63,3,2.33269211,-2.191907,5.71014212e-01
64,3,2.39712495,-2.009155,5.22933375e-01
65,3,2.46155794,-1.817763,4.72593518e-01
66,3,2.52599094,-1.621230,4.20622867e-01
67,3,2.59042394,-1.423757,3.67803262e-01
68,3,2.65485693,-1.229855,3.15033923e-01
69,3,2.71928993,-1.044774,2.63401620e-01
70,3,2.78372276,-0.873833,2.14059141e-01
71,3,2.84815576,-0.720502,1.68302404e-01
72,3,2.91258876,-0.588153,1.27240784e-01
73,3,2.97702175,-0.478361,9.17435336e-02
74,3,3.04145475,-0.390914,6.22867545e-02
75,3,3.10588775,-0.324440,3.89342652e-02
76,3,3.17032058,-0.276357,2.14331956e-02
77,3,3.23475363,-0.244265,9.36740189e-03
78,3,3.29918661,-0.225970,2.32302178e-03
79,3,3.36361957,-0.221237,1.52586620e-05
80,3,3.36361957,-0.221237,1.71133488e-05
81,3,3.41622887,-0.236100,7.03531216e-03
82,3,3.46883817,-0.282174,1.18775265e-02
83,3,3.52144747,-0.352540,6.03331105e-02
84,3,3.57405686,-0.440122,1.11190593e-01
85,3,3.62666598,-0.538050,1.23399784e-01
86,3,3.67927530,-0.640874,1.28322738e-01
87,3,3.73188462,-0.744147,3.20503474e-01
88,3,3.78449394,-0.844362,3.19688368e-01
89,3,3.83710326,-0.939896,7.13558052e-02
90,3,3.88971258,-1.028758,1.49667784e-01
91,3,3.94232191,-1.109818,9.52388565e-02
92,3,3.99493123,-1.182323,2.33890174e-01
93,3,4.04754055,-1.245711,4.13986620e-01
94,3,4.10014987,-1.299418,2.23790505e-01
95,3,4.15275899,-1.343739,4.83720099e-01
96,3,4.20536831,-1.378237,3.88040160e-01
97,3,4.25797763,-1.402944,4.28171972e-01
98,3,4.31058696,-1.417777,2.71932496e-01
99,3,4.36319628,-1.422833,3.00958160e-02
0,4,0.00000000,2.274995,3.84750168e-07
1,4,0.06074799,2.244732,3.96349864e-01
2,4,0.12149598,2.154349,3.88478325e-01
3,4,0.18224397,2.016423,3.77425741e-01
4,4,0.24299205,1.845019,3.64985856e-01
5,4,0.30373983,1.653898,3.52351327e-01
6,4,0.36448784,1.454130,3.40119341e-01
7,4,0.42523585,1.254906,3.28451267e-01
8,4,0.48598386,1.063070,3.17305082e-01
9,4,0.54673188,0.883751,3.06568784e-01
10,4,0.60747989,0.720924,2.96113985e-01
11,4,0.66822790,0.577793,2.85835467e-01
12,4,0.72897591,0.456413,2.75662055e-01
13,4,0.78972392,0.359191,2.65555666e-01
14,4,0.85047193,0.287551,2.55492336e-01
15,4,0.91121971,0.243231,2.45475092e-01
16,4,0.97196773,0.226879,2.35539776e-01
17,4,1.03271574,0.240200,2.25698518e-01
18,4,1.09346375,0.284534,2.15989685e-01
19,4,1.15421176,0.360751,3.31770336e-04
20,4,1.15421176,0.360751,3.31472479e-04
21,4,1.18458576,0.378034,3.52749414e-02
22,4,1.21495976,0.429218,8.52939896e-02
23,4,1.24533376,0.512893,1.17991886e-01
24,4,1.27570776,0.625517,1.35885822e-01
25,4,1.30608176,0.764456,1.44717214e-01
26,4,1.33645576,0.926614,1.47782378e-01
27,4,1.36682976,1.109305,1.46991706e-01
28,4,1.39720381,1.309518,1.43904609e-01
29,4,1.42757781,1.525288,1.39066885e-01
30,4,1.45795159,1.754526,1.32979641e-01
31,4,1.48832560,1.995871,1.26135217e-01
32,4,1.51869960,2.247569,1.18550925e-01
33,4,1.54907361,2.508368,1.10249181e-01
34,4,1.57944761,2.777064,1.01031425e-01
35,4,1.60982162,3.050460,9.03506969e-02
36,4,1.64019563,3.325448,7.71199966e-02
37,4,1.67056963,3.593549,5.86465055e-02
38,4,1.70094364,3.828788,2.94642531e-02
39,4,1.73131764,3.942405,2.68013173e-02
40,4,1.73131764,3.942405,2.67983594e-02
41,4,1.75279515,3.837369,2.97006654e-02
42,4,1.77427297,3.652729,5.07786643e-02
43,4,1.79575048,3.435041,6.32143078e-02
44,4,1.81722830,3.206234,7.00581089e-02
45,4,1.83870581,2.975236,7.35227770e-02
46,4,1.86018364,2.746290,7.46970993e-02
47,4,1.88166114,2.521870,7.40975586e-02
48,4,1.90313897,2.303456,7.19730209e-02
49,4,1.92461647,2.093182,6.84207972e-02
50,4,1.94609430,1.891880,6.35051817e-02
51,4,1.96757180,1.702051,5.72806232e-02
52,4,1.98904963,1.525161,4.98463457e-02
53,4,2.01052713,1.363358,4.13930023e-02
54,4,2.03200496,1.219159,3.22638357e-02
55,4,2.05348246,1.095297,2.29909439e-02
56,4,2.07496029,0.995251,1.43116364e-02
57,4,2.09643779,0.920814,7.13737264e-03
58,4,2.11791562,0.875006,2.36937511e-03
59,4,2.13939312,0.859611,6.99717696e-04
60,4,2.13939312,0.859611,6.99717709e-04
61,4,2.20382612,1.022667,6.69465479e-04
62,4,2.26825912,1.205036,6.35101100e-04
63,4,2.33269211,1.403751,5.96567607e-04
64,4,2.39712495,1.615620,5.53659438e-04
65,4,2.46155794,1.834222,5.06055048e-04
66,4,2.52599094,2.052884,4.53258748e-04
67,4,2.59042394,2.261745,3.94841283e-04
68,4,2.65485693,2.448497,3.31044374e-04
69,4,2.71928993,2.598664,2.63973390e-04
70,4,2.78372276,2.700806,1.98398793e-04
71,4,2.84815576,2.751308,1.40589479e-04
72,4,2.91258876,2.756410,9.47684852e-05
73,4,2.97702175,2.728260,6.12699663e-05
74,4,3.04145475,2.624919,7.28446439e-01
75,4,3.10588775,2.499518,7.53321696e-01
76,4,3.17032058,2.401936,7.73148266e-01
77,4,3.23475363,2.332191,7.87571189e-01
78,4,3.29918661,2.290323,7.96330763e-01
79,4,3.36361957,2.274995,3.95164468e-07
80,4,3.36361957,2.274995,3.85584474e-07
81,4,3.41622887,2.299708,7.15481474e-02
82,4,3.46883817,2.333157,2.38323940e-05
83,4,3.52144747,2.315336,4.73142592e-05
84,4,3.57405686,2.255115,7.35101773e-05
85,4,3.62666598,2.169645,1.00724278e-04
86,4,3.67927530,2.070163,1.27717455e-04
87,4,3.73188462,1.964771,1.53637367e-04
88,4,3.78449394,1.858751,1.77956034e-04
89,4,3.83710326,1.755657,2.00371264e-04
90,4,3.88971258,1.658128,2.20742816e-04
91,4,3.94232191,1.568001,2.39006090e-04
92,4,3.99493123,1.486340,2.55138812e-04
93,4,4.04754055,1.414128,2.69121291e-04
94,4,4.10014987,1.352965,2.80977225e-04
95,4,4.15275899,1.302102,2.90672872e-04
96,4,4.20536831,1.262291,2.98219113e-04
97,4,4.25797763,1.233807,3.03614011e-04
98,4,4.31058696,1.216620,3.06853246e-04
99,4,4.36319628,1.210881,3.07933152e-04
0,5,0.00000000,2.274995,4.32543922e-01
1,5,0.06074799,2.344461,1.95725634e-01
2,5,0.12149598,2.532908,1.84980514e-01
3,5,0.18224397,2.809689,1.72809998e-01
4,5,0.24299205,3.146167,1.61591305e-01
5,5,0.30373983,3.523605,1.51782437e-01
6,5,0.36448784,3.928399,1.43189308e-01
7,5,0.42523585,3.766002,8.43034727e-02
8,5,0.48598386,3.391923,1.01369837e-01
9,5,0.54673188,2.987801,1.14001572e-01
10,5,0.60747989,2.587837,1.24598769e-01
11,5,0.66822790,2.207108,1.34210370e-01
12,5,0.72897591,1.854986,1.43352145e-01
13,5,0.78972392,1.536719,1.52240931e-01
14,5,0.85047193,1.252390,1.61056014e-01
15,5,0.91121971,1.003715,1.69883813e-01
16,5,0.97196773,0.790614,1.78794970e-01
17,5,1.03271574,0.612883,1.87841230e-01
18,5,1.09346375,0.469881,1.97050527e-01
19,5,1.15421176,0.360751,4.12537711e-01
20,5,1.15421176,0.360751,4.12538009e-01
21,5,1.18458576,0.378034,3.75248775e-01
22,5,1.21495976,0.429218,3.18448802e-01
23,5,1.24533376,0.512893,2.75204074e-01
24,5,1.27570776,0.625517,2.43929329e-01
25,5,1.30608176,0.764456,2.19780056e-01
26,5,1.33645576,0.926614,2.00235308e-01
27,5,1.36682976,1.109305,1.83965156e-01
28,5,1.39720381,1.309518,1.69813396e-01
29,5,1.42757781,1.525288,1.57477323e-01
30,5,1.45795159,1.754526,1.46572706e-01
31,5,1.48832560,1.995871,1.36646619e-01
32,5,1.51869960,2.247569,1.27612004e-01
33,5,1.54907361,2.508368,1.19323009e-01
34,5,1.57944761,2.777064,1.11657461e-01
35,5,1.60982162,3.050460,1.04640736e-01
36,5,1.64019563,3.325448,9.81177088e-02
37,5,1.67056963,3.593549,9.18489964e-02
38,5,1.70094364,3.828788,8.40629645e-02
39,5,1.73131764,3.942405,3.85844914e-02
40,5,1.73131764,3.942405,3.85874536e-02
41,5,1.75279515,3.977453,4.30320994e-02
42,5,1.77427297,3.993789,2.97617527e-02
43,5,1.79575048,3.995050,2.02275935e-02
44,5,1.81722830,3.987634,1.38381027e-02
45,5,1.83870581,3.974346,9.59164844e-03
46,5,1.86018364,3.957735,6.74508117e-03
47,5,1.88166114,3.939508,4.80117120e-03
48,5,1.90313897,3.920883,3.44767480e-03
49,5,1.92461647,3.902477,2.48196422e-03
50,5,1.94609430,3.884730,1.78610564e-03
51,5,1.96757180,3.868368,1.27110233e-03
52,5,1.98904963,3.853489,8.88780836e-04
53,5,2.01052713,3.839893,5.98711505e-04
54,5,2.03200496,3.828516,3.87700652e-04
55,5,2.05348246,3.819082,2.33000761e-04
56,5,2.07496029,3.811827,1.22814339e-04
57,5,2.09643779,3.806493,5.05378407e-05
58,5,2.11791562,3.803278,1.06071655e-05
59,5,2.13939312,3.802232,3.03418203e-07
60,5,2.13939312,3.802232,3.03416588e-07
61,5,2.20382612,4.605246,9.48292861e-07
62,5,2.26825912,5.396746,7.21156736e-06
63,5,2.33269211,5.788534,2.81053943e-01
64,5,2.39712495,5.371642,3.23583420e-01
65,5,2.46155794,4.979658,3.67480093e-01
66,5,2.52599094,4.611788,4.12244635e-01
67,5,2.59042394,4.269688,4.57326911e-01
68,5,2.65485693,3.954048,5.02123941e-01
69,5,2.71928993,3.664845,5.45987421e-01
70,5,2.78372276,3.402087,5.88253686e-01
71,5,2.84815576,3.166828,6.28271257e-01
72,5,2.91258876,2.958744,6.65379476e-01
73,5,2.97702175,2.778083,6.98961578e-01
74,5,3.04145475,2.679440,3.79510402e-05
75,5,3.10588775,2.619012,2.20697810e-05
76,5,3.17032058,2.496909,3.38985464e-05
77,5,3.23475363,2.381671,1.78643126e-05
78,5,3.29918661,2.304197,5.15318872e-06
79,5,3.36361957,2.274995,2.21317695e-01
80,5,3.36361957,2.274995,6.38771864e-01
81,5,3.41622887,2.299708,7.11180598e-01
82,5,3.46883817,2.366765,4.91851995e-01
83,5,3.52144747,2.469830,5.06225743e-01
84,5,3.57405686,2.598166,3.52192097e-01
85,5,3.62666598,2.739683,2.27752470e-01
86,5,3.67927530,2.881542,3.23245694e-01
87,5,3.73188462,3.011233,8.59224559e-02
88,5,3.78449394,3.117875,8.28646344e-02
89,5,3.83710326,3.192899,1.74696799e-02
90,5,3.88971258,3.234047,1.20341529e-01
91,5,3.94232191,3.244219,7.75867053e-03
92,5,3.99493123,3.230154,9.73716236e-03
93,5,4.04754055,3.200406,1.40078995e-02
94,5,4.10014987,3.162864,1.25274048e-02
95,5,4.15275899,3.124037,5.22584718e-03
96,5,4.20536831,3.089200,2.39211636e-03
97,5,4.25797763,3.061860,2.63955501e-03
98,5,4.31058696,3.044540,2.49308996e-04
99,5,4.36319628,3.037693,6.29776192e-04
0,6,0.00000000,2.274995,3.66681445e-01
1,6,0.06074799,2.344461,1.92061549e-01
2,6,0.12149598,2.532908,1.73688710e-01
3,6,0.18224397,2.809689,1.52156709e-01
4,6,0.24299205,3.146167,1.31631406e-01
5,6,0.30373983,3.523605,1.13289506e-01
6,6,0.36448784,3.928399,9.72271384e-02
7,6,0.42523585,4.353477,1.35474837e-01
8,6,0.48598386,4.794438,1.28374430e-01
9,6,0.54673188,5.246494,1.21710744e-01
10,6,0.60747989,5.707975,1.15370285e-01
11,6,0.66822790,6.178182,1.09313997e-01
12,6,0.72897591,6.653573,1.03503203e-01
13,6,0.78972392,7.135955,9.80374009e-02
14,6,0.85047193,7.623230,9.30235719e-02
15,6,0.91121971,8.117273,8.87912177e-02
16,6,0.97196773,8.610386,8.58332243e-02
17,6,1.03271574,9.095365,8.57159894e-02
18,6,1.09346375,9.540429,9.25686632e-02
19,6,1.15421176,9.778134,1.05474874e-01
20,6,1.15421176,9.778134,1.05474871e-01
21,6,1.18458576,9.751137,1.01716886e-01
22,6,1.21495976,9.664357,8.99439288e-02
23,6,1.24533376,9.507946,7.17268355e-02
24,6,1.27570776,9.284278,5.31783528e-02
25,6,1.30608176,9.010263,3.89817037e-02
26,6,1.33645576,8.704441,2.94148381e-02
27,6,1.36682976,8.378108,2.30182527e-02
28,6,1.39720381,8.042206,1.88148074e-02
29,6,1.42757781,7.701520,1.59336306e-02
30,6,1.45795159,7.358434,1.38258702e-02
31,6,1.48832560,7.015337,1.22931293e-02
32,6,1.51869960,6.672463,1.10073210e-02
33,6,1.54907361,6.334162,9.99804249e-03
34,6,1.57944761,6.000866,9.02008846e-03
35,6,1.60982162,5.673880,8.02353581e-03
36,6,1.64019563,5.357423,6.76572361e-03
37,6,1.67056963,5.059744,5.05257088e-03
38,6,1.70094364,4.807018,3.40605809e-03
39,6,1.73131764,4.688886,5.19261010e-02
40,6,1.73131764,4.688886,5.19282713e-02
41,6,1.75279515,4.699999,1.01935484e-01
42,6,1.77427297,4.799212,8.03818749e-02
43,6,1.79575048,4.939569,6.64961487e-02
44,6,1.81722830,5.065296,1.07677989e-01
45,6,1.83870581,5.195651,1.10778714e-01
46,6,1.86018364,5.333572,1.12545900e-01
47,6,1.88166114,5.477195,1.13477707e-01
48,6,1.90313897,5.625267,1.13902124e-01
49,6,1.92461647,5.776664,1.14073287e-01
50,6,1.94609430,5.930598,1.14155691e-01
51,6,1.96757180,6.086532,1.14340584e-01
52,6,1.98904963,6.243739,1.14801681e-01
53,6,2.01052713,6.401394,1.15824209e-01
54,6,2.03200496,6.558659,1.17698966e-01
55,6,2.05348246,6.713933,1.21076175e-01
56,6,2.07496029,6.864863,1.27052832e-01
57,6,2.09643779,7.004239,1.37504784e-01
58,6,2.11791562,7.116496,1.53818230e-01
59,6,2.13939312,7.164785,1.65414939e-01
60,6,2.13939312,7.164785,1.65414939e-01
61,6,2.20382612,6.686147,2.01702302e-01
62,6,2.26825912,6.227142,2.40317123e-01
63,6,2.33269211,5.881088,5.06553406e-05
64,6,2.39712495,5.666431,7.50727175e-05
65,6,2.46155794,5.304217,8.03219424e-05
66,6,2.52599094,4.938639,8.37265973e-05
67,6,2.59042394,4.591579,8.63608404e-05
68,6,2.65485693,4.267603,8.81819152e-05
69,6,2.71928993,3.966560,8.88376521e-05
70,6,2.78372276,3.688152,8.80667546e-05
71,6,2.84815576,3.434025,8.55174737e-05
72,6,2.91258876,3.203003,8.07563643e-05
73,6,2.97702175,2.994195,7.33557770e-05
74,6,3.04145475,2.806825,6.29630301e-05
75,6,3.10588775,2.640663,4.95843890e-05
76,6,3.17032058,2.548351,1.14368836e-05
77,6,3.23475363,2.458214,4.61501341e-06
78,6,3.29918661,2.342919,1.07149380e-06
79,6,3.36361957,2.274995,5.77907651e-01
80,6,3.36361957,2.274995,1.60453480e-01
81,6,3.41622887,2.303229,6.58252788e-06
82,6,3.46883817,2.366765,2.44786023e-01
83,6,3.52144747,2.469830,1.63027033e-01
84,6,3.57405686,2.598166,2.37101980e-01
85,6,3.62666598,2.739683,2.75662465e-01
86,6,3.67927530,2.881542,9.30139401e-02
87,6,3.73188462,3.011233,2.45525827e-01
88,6,3.78449394,3.117875,1.69700074e-01
89,6,3.83710326,3.192899,1.66281612e-01
90,6,3.88971258,3.234047,7.39130850e-03
91,6,3.94232191,3.244219,7.75215028e-02
92,6,3.99493123,3.230154,4.52733828e-02
93,6,4.04754055,3.200406,2.03660370e-02
94,6,4.10014987,3.162864,8.22161112e-03
95,6,4.15275899,3.124037,6.73429017e-03
96,6,4.20536831,3.089200,4.03251844e-03
97,6,4.25797763,3.061860,4.64947003e-04
98,6,4.31058696,3.044540,1.09479457e-03
99,6,4.36319628,3.037693,1.65056314e-04
0,7,0.00000000,3.020503,4.17684161e-07
1,7,0.06074799,3.103032,4.70657183e-05
2,7,0.12149598,3.322531,6.23073218e-04
3,7,0.18224397,3.618009,3.09276312e-03
4,7,0.24299205,3.911187,1.06682472e-02
5,7,0.30373983,4.090297,2.95665033e-02
6,7,0.36448784,4.036068,5.90908146e-02
7,7,0.42523585,4.353477,8.31452746e-02
8,7,0.48598386,4.794438,7.07480932e-02
9,7,0.54673188,5.246494,5.98543664e-02
10,7,0.60747989,5.707975,5.02701474e-02
11,7,0.66822790,6.178182,4.18565906e-02
12,7,0.72897591,6.653573,3.45098302e-02
13,7,0.78972392,7.135955,2.80966343e-02
14,7,0.85047193,7.623230,2.25211333e-02
15,7,0.91121971,8.117273,1.76200755e-02
16,7,0.97196773,8.610387,1.32522782e-02
17,7,1.03271574,9.095365,9.06185719e-03
18,7,1.09346375,9.540429,4.31398732e-03
19,7,1.15421176,9.778135,7.44910919e-05
20,7,1.15421176,9.778135,7.44892246e-05
21,7,1.18458576,9.751137,1.41700537e-03
22,7,1.21495976,9.664358,5.86285093e-03
23,7,1.24533376,9.507946,1.34858596e-02
24,7,1.27570776,9.284278,2.24922649e-02
25,7,1.30608176,9.010263,3.09246185e-02
26,7,1.33645576,8.704441,3.82547450e-02
27,7,1.36682976,8.378108,4.47964404e-02
28,7,1.39720381,8.042206,5.07524887e-02
29,7,1.42757781,7.701520,5.64724825e-02
30,7,1.45795159,7.358434,6.21906842e-02
31,7,1.48832560,7.015337,6.79516823e-02
32,7,1.51869960,6.672463,7.40266471e-02
33,7,1.54907361,6.334162,8.04898547e-02
34,7,1.57944761,6.000866,8.77796487e-02
35,7,1.60982162,5.673880,9.63832324e-02
36,7,1.64019563,5.357423,1.07665814e-01
37,7,1.67056963,5.059744,1.24543759e-01
38,7,1.70094364,4.807018,1.53154487e-01
39,7,1.73131764,4.688886,1.41810525e-01
40,7,1.73131764,4.688886,1.41808342e-01
41,7,1.75279515,4.752448,8.27603205e-02
42,7,1.77427297,4.839416,9.43959822e-02
43,7,1.79575048,4.945198,1.02528544e-01
44,7,1.81722830,5.099288,5.74532015e-02
45,7,1.83870581,5.269835,5.10961258e-02
46,7,1.86018364,5.447473,4.62947812e-02
47,7,1.88166114,5.630333,4.24548429e-02
48,7,1.90313897,5.817656,3.92313160e-02
49,7,1.92461647,6.008183,3.64488580e-02
50,7,1.94609430,6.201417,3.39713038e-02
51,7,1.96757180,6.397613,3.16939942e-02
52,7,1.98904963,6.596115,2.95477567e-02
53,7,2.01052713,6.797382,2.74397248e-02
54,7,2.03200496,6.999308,2.53244269e-02
55,7,2.05348246,7.202049,2.30426949e-02
56,7,2.07496029,7.405057,2.02969845e-02
57,7,2.09643779,7.603816,1.64529071e-02
58,7,2.11791562,7.748707,1.12338002e-02
59,7,2.13939312,7.702336,5.80735372e-05
60,7,2.13939312,7.702336,5.80735107e-05
61,7,2.20382612,7.215723,5.98944251e-05
62,7,2.26825912,6.799880,5.66644389e-05
63,7,2.33269211,6.732269,1.88360176e-05
64,7,2.39712495,6.440299,1.64113811e-05
65,7,2.46155794,6.139456,2.29534163e-05
66,7,2.52599094,5.875243,3.21739340e-05
67,7,2.59042394,5.655426,4.47061881e-05
68,7,2.65485693,5.488431,6.04947209e-05
69,7,2.71928993,5.380580,7.74677930e-05
70,7,2.78372276,5.329732,9.03525969e-05
71,7,2.84815576,5.315887,9.13613452e-05
72,7,2.91258876,5.287425,7.47345683e-05
73,7,2.97702175,5.157682,4.41343474e-05
74,7,3.04145475,4.851312,1.69177871e-05
75,7,3.10588775,4.393370,4.09951146e-06
76,7,3.17032058,3.882557,5.49323900e-07
77,7,3.23475363,3.423254,3.08732589e-07
78,7,3.29918661,3.119101,5.04314975e-07
79,7,3.36361957,3.020503,4.17681954e-07
80,7,3.36361957,3.020503,4.17685108e-07
81,7,3.41622887,3.086656,4.33939155e-07
82,7,3.46883817,3.296273,3.01014989e-07
83,7,3.52144747,3.633642,1.40238762e-06
84,7,3.57405686,4.047656,4.42702575e-06
85,7,3.62666598,4.499263,8.79506324e-06
86,7,3.67927530,4.965141,1.36640887e-05
87,7,3.73188462,5.433911,1.83034889e-05
88,7,3.78449394,5.897802,2.20370684e-05
89,7,3.83710326,6.348814,2.42170116e-05
90,7,3.88971258,6.772653,2.39897982e-05
91,7,3.94232191,7.135813,2.00253011e-05
92,7,3.99493123,7.373992,1.24564361e-05
93,7,4.04754055,7.454108,6.66687136e-06
94,7,4.10014987,7.437108,4.50020178e-06
95,7,4.15275899,7.387328,3.83958099e-06
96,7,4.20536831,7.335059,3.63292789e-06
97,7,4.25797763,7.292487,3.57115659e-06
98,7,4.31058696,7.265248,3.55311417e-06
99,7,4.36319628,7.255859,3.54990436e-06
0,8,0.00000000,7.439846,4.27379289e-04
1,8,0.06074799,7.358478,8.93765558e-02
2,8,0.12149598,7.083810,8.72103818e-02
3,8,0.18224397,6.723670,8.39941119e-02
4,8,0.24299205,6.374932,7.64076455e-02
5,8,0.30373983,6.161960,5.77392061e-02
6,8,0.36448784,6.211337,3.16424496e-02
7,8,0.42523585,6.510669,1.40637821e-02
8,8,0.48598386,6.951435,5.73671821e-03
9,8,0.54673188,7.459296,1.98561428e-03
10,8,0.60747989,8.000236,4.05450199e-04
11,8,0.66822790,8.557251,3.65833410e-07
12,8,0.72897591,9.118172,3.25055983e-04
13,8,0.78972392,9.678603,1.14494801e-03
14,8,0.85047193,10.073465,1.53745420e-02
15,8,0.91121971,10.459379,1.38028422e-02
16,8,0.97196773,10.873249,1.22682950e-02
17,8,1.03271574,11.308836,1.07862888e-02
18,8,1.09346375,10.962063,1.40400587e-02
19,8,1.15421176,10.719854,1.78744394e-05
20,8,1.15421176,10.719854,1.78831210e-05
21,8,1.18458576,10.676350,3.06726766e-03
22,8,1.21495976,10.576012,6.63605771e-04
23,8,1.24533376,10.472638,3.21087040e-02
24,8,1.27570776,10.395856,4.89612052e-02
25,8,1.30608176,10.346946,6.12094583e-02
26,8,1.33645576,10.317337,6.90221378e-02
27,8,1.36682976,10.298527,7.37056839e-02
28,8,1.39720381,10.287642,7.62343827e-02
29,8,1.42757781,10.281729,7.73592725e-02
30,8,1.45795159,10.278302,7.74870402e-02
31,8,1.48832560,10.277010,7.69921133e-02
32,8,1.51869960,10.276169,7.60362280e-02
33,8,1.54907361,10.276772,7.46510267e-02
34,8,1.57944761,10.277770,7.29637488e-02
35,8,1.60982162,10.278861,7.10506623e-02
36,8,1.64019563,10.279888,6.89600438e-02
37,8,1.67056963,10.280718,6.67382414e-02
38,8,1.70094364,10.281969,6.44069495e-02
39,8,1.73131764,10.282995,6.20115278e-02
40,8,1.73131764,10.282995,6.20114770e-02
41,8,1.75279515,10.167889,2.93230226e-02
42,8,1.77427297,10.045536,3.16949670e-02
43,8,1.79575048,9.918268,3.39345876e-02
44,8,1.81722830,9.786249,3.60562939e-02
45,8,1.83870581,9.649955,3.80643341e-02
46,8,1.86018364,9.509888,3.99543969e-02
47,8,1.88166114,9.366472,4.17129551e-02
48,8,1.90313897,9.220458,4.33211099e-02
49,8,1.92461647,9.071449,4.47308219e-02
50,8,1.94609430,8.920199,4.58921835e-02
51,8,1.96757180,8.767125,4.67178640e-02
52,8,1.98904963,8.612697,4.70801908e-02
53,8,2.01052713,8.455845,4.67493602e-02
54,8,2.03200496,8.300848,4.54338481e-02
55,8,2.05348246,8.147483,4.25289480e-02
56,8,2.07496029,7.998617,3.69753873e-02
57,8,2.09643779,7.860322,2.69708559e-02
58,8,2.11791562,7.787577,9.46922173e-03
59,8,2.13939312,7.889672,4.87591334e-06
60,8,2.13939312,7.889672,4.87590225e-06
61,8,2.20382612,7.501657,6.42166443e-06
62,8,2.26825912,7.127311,8.63455166e-06
63,8,2.33269211,6.771575,1.18081615e-05
64,8,2.39712495,6.737550,6.34387250e-02
65,8,2.46155794,6.455206,6.98792591e-02
66,8,2.52599094,6.214921,7.72428555e-02
67,8,2.59042394,6.022615,8.54050303e-02
68,8,2.65485693,5.885740,9.41083623e-02
69,8,2.71928993,5.804898,1.02818849e-01
70,8,2.78372276,5.783720,1.10954968e-01
71,8,2.84815576,5.826822,1.17729197e-01
72,8,2.91258876,5.934049,1.22559882e-01
73,8,2.97702175,6.102644,1.25082476e-01
74,8,3.04145475,6.326262,1.25377328e-01
75,8,3.10588775,6.593194,1.24017412e-01
76,8,3.17032058,6.883560,1.22009494e-01
77,8,3.23475363,7.163689,1.20532767e-01
78,8,3.29918661,7.379632,1.20260705e-01
79,8,3.36361957,7.439846,4.27379298e-04
80,8,3.36361957,7.439846,4.27379314e-04
81,8,3.41622887,7.428910,5.09059298e-02
82,8,3.46883817,7.334219,1.07684841e-01
83,8,3.52144747,7.202059,1.14104993e-01
84,8,3.57405686,7.057679,2.55575798e-02
85,8,3.62666598,6.923868,1.46065008e-01
86,8,3.67927530,6.819811,1.23519469e-01
87,8,3.73188462,6.762105,1.54191707e-01
88,8,3.78449394,6.765239,1.73979630e-01
89,8,3.83710326,6.836767,1.46485542e-02
90,8,3.88971258,6.980951,1.76792888e-01
91,8,3.94232191,7.195369,2.95265980e-02
92,8,3.99493123,7.473271,2.03861212e-02
93,8,4.04754055,7.808703,1.30578579e-01
94,8,4.10014987,8.190079,2.12191565e-01
95,8,4.15275899,8.608903,5.87877150e-02
96,8,4.20536831,9.063518,1.56876773e-02
97,8,4.25797763,9.535658,7.00667017e-02
98,8,4.31058696,10.003533,7.65338040e-03
99,8,4.36319628,10.290997,1.81340140e-01
0,9,0.00000000,7.456025,8.38752035e-02
1,9,0.06074799,7.477038,3.00133449e-02
2,9,0.12149598,7.517033,2.97247698e-02
3,9,0.18224397,7.583765,2.92488758e-02
4,9,0.24299205,7.677220,2.85930569e-02
5,9,0.30373983,7.797374,2.77674592e-02
6,9,0.36448784,7.944199,2.67847181e-02
7,9,0.42523585,8.117658,2.56597693e-02
8,9,0.48598386,8.317712,2.44095229e-02
9,9,0.54673188,8.544302,2.30523987e-02
10,9,0.60747989,8.797372,2.16081495e-02
11,9,0.66822790,9.077530,2.00968138e-02
12,9,0.72897591,9.383311,1.85404435e-02
13,9,0.78972392,9.715326,1.69594956e-02
14,9,0.85047193,10.228431,2.32369592e-03
15,9,0.91121971,10.765232,3.76511934e-03
16,9,0.97196773,11.282688,5.41139945e-03
17,9,1.03271574,11.418463,2.18107611e-02
18,9,1.09346375,10.962063,1.22379192e-02
19,9,1.15421176,10.719854,1.62299359e-02
20,9,1.15421176,10.719854,1.62299267e-02
21,9,1.18458576,10.676350,1.77378103e-02
22,9,1.21495976,10.576012,3.22601068e-02
23,9,1.24533376,10.472638,1.66326247e-02
24,9,1.27570776,10.395856,1.40678495e-02
25,9,1.30608176,10.346946,1.17788684e-02
26,9,1.33645576,10.317337,1.00264026e-02
27,9,1.36682976,10.298527,8.80455307e-03
28,9,1.39720381,10.287642,8.01563913e-03
29,9,1.42757781,10.281729,7.48587152e-03
30,9,1.45795159,10.278302,7.19015184e-03
31,9,1.48832560,10.277010,6.95178574e-03
32,9,1.51869960,10.276169,6.77934376e-03
33,9,1.54907361,10.276772,6.64854791e-03
34,9,1.57944761,10.277771,6.53079894e-03
35,9,1.60982162,10.278861,6.39872866e-03
36,9,1.64019563,10.279888,6.23860986e-03
37,9,1.67056963,10.280718,6.03645833e-03
38,9,1.70094364,10.281969,5.79049220e-03
39,9,1.73131764,10.282995,5.48577220e-03
40,9,1.73131764,10.282995,5.48582603e-03
41,9,1.75279515,10.385342,3.92187771e-02
42,9,1.77427297,10.466852,3.74611406e-02
43,9,1.79575048,10.520452,3.53350806e-02
44,9,1.81722830,10.538206,3.28253057e-02
45,9,1.83870581,10.514916,3.01003503e-02
46,9,1.86018364,10.450343,2.74830997e-02
47,9,1.88166114,10.349022,2.52751870e-02
48,9,1.90313897,10.218542,2.36162449e-02
49,9,1.92461647,10.064740,2.25255366e-02
50,9,1.94609430,9.893144,2.19200425e-02
51,9,1.96757180,9.710458,2.17455485e-02
52,9,1.98904963,9.519077,2.19372197e-02
53,9,2.01052713,9.319986,2.24664044e-02
54,9,2.03200496,9.118471,2.33620030e-02
55,9,2.05348246,8.914771,2.47099411e-02
56,9,2.07496029,8.711371,2.67726225e-02
57,9,2.09643779,8.511147,3.02258332e-02
58,9,2.11791562,8.326354,3.72820026e-02
59,9,2.13939312,8.224283,4.75552243e-02
60,9,2.13939312,8.224283,4.75552289e-02
61,9,2.20382612,7.807405,5.00101789e-02
62,9,2.26825912,7.418616,5.34544169e-02
63,9,2.33269211,7.061166,5.78901503e-02
64,9,2.39712495,7.397290,1.07690135e-07
65,9,2.46155794,8.228929,4.91372444e-06
66,9,2.52599094,9.040115,2.38902295e-05
67,9,2.59042394,9.734722,7.45537191e-05
68,9,2.65485693,10.178476,1.76403558e-04
69,9,2.71928993,10.294186,2.93680450e-04
70,9,2.78372276,9.525204,4.36548019e-05
71,9,2.84815576,8.749934,5.21328007e-05
72,9,2.91258876,8.084559,6.70205078e-05
73,9,2.97702175,7.595495,8.48347412e-05
74,9,3.04145475,7.341954,9.05731683e-05
75,9,3.10588775,7.284385,7.53774022e-05
76,9,3.17032058,7.326265,4.91428870e-05
77,9,3.23475363,7.392862,2.37225357e-05
78,9,3.29918661,7.444525,6.19975179e-06
79,9,3.36361957,7.456025,6.48357191e-02
80,9,3.36361957,7.456025,8.44767121e-02
81,9,3.41622887,7.428910,7.14440850e-02
82,9,3.46883817,7.334219,2.04434630e-02
83,9,3.52144747,7.202059,2.39941381e-02
84,9,3.57405686,7.057679,1.26840056e-01
85,9,3.62666598,6.923868,2.47605417e-02
86,9,3.67927530,6.819811,6.90328151e-02
87,9,3.73188462,6.762105,6.15404139e-02
88,9,3.78449394,6.765239,6.32753913e-02
89,9,3.83710326,6.836767,2.38642882e-01
90,9,3.88971258,6.980951,8.40028552e-02
91,9,3.94232191,7.195369,2.29311381e-01
92,9,3.99493123,7.473271,2.28322505e-01
93,9,4.04754055,7.808703,1.02378163e-01
94,9,4.10014987,8.190079,1.92948364e-03
95,9,4.15275899,8.608903,1.36058605e-01
96,9,4.20536831,9.063518,1.61604633e-01
97,9,4.25797763,9.535658,9.49425573e-02
98,9,4.31058696,10.003533,1.59721848e-01
99,9,4.36319628,10.290997,1.58207439e-02
0,10,0.00000000,7.456025,3.65761054e-02
1,10,0.06074799,7.495489,2.26381196e-03
2,10,0.12149598,7.657169,7.11025253e-03
3,10,0.18224397,7.913552,1.34692575e-02
4,10,0.24299205,8.249913,1.98516192e-02
5,10,0.30373983,8.651824,2.52849923e-02
6,10,0.36448784,9.105844,2.93313552e-02
7,10,0.42523585,9.600887,3.19455668e-02
8,10,0.48598386,10.126813,3.32795265e-02
9,10,0.54673188,10.673041,3.35645350e-02
10,10,0.60747989,11.227907,3.30492831e-02
11,10,0.66822790,11.776296,3.19576104e-02
12,10,0.72897591,12.296502,3.04415236e-02
13,10,0.78972392,12.757777,2.85625770e-02
14,10,0.85047193,12.824583,1.69085038e-02
15,10,0.91121971,12.400700,2.04473605e-02
16,10,0.97196773,11.915740,2.25273846e-02
17,10,1.03271574,11.418463,8.73826011e-03
18,10,1.09346375,11.769927,9.37151526e-03
19,10,1.15421176,12.256298,2.99481008e-05
20,10,1.15421176,12.256298,2.99642756e-05
21,10,1.18458576,12.289874,8.04333644e-04
22,10,1.21495976,12.351798,3.11362892e-05
23,10,1.24533376,12.398739,3.47972538e-04
24,10,1.27570776,12.429150,6.16279955e-04
25,10,1.30608176,12.453178,8.99408733e-04
26,10,1.33645576,12.475427,1.23963315e-03
27,10,1.36682976,12.497270,1.63393499e-03
28,10,1.39720381,12.519539,2.05905625e-03
29,10,1.42757781,12.543216,2.50442592e-03
30,10,1.45795159,12.567286,2.97195963e-03
31,10,1.48832560,12.591549,3.43356649e-03
32,10,1.51869960,12.615304,3.88542895e-03
33,10,1.54907361,12.637992,4.33291318e-03
34,10,1.57944761,12.661070,4.76513924e-03
35,10,1.60982162,12.678304,5.21312021e-03
36,10,1.64019563,12.693327,5.60086076e-03
37,10,1.67056963,12.704531,5.95318588e-03
38,10,1.70094364,12.712000,6.31654016e-03
39,10,1.73131764,12.715142,6.59257656e-03
40,10,1.73131764,12.715142,6.59260237e-03
41,10,1.75279515,12.604635,2.66894994e-03
42,10,1.77427297,12.509566,3.52917876e-03
43,10,1.79575048,12.439568,4.82523152e-03
44,10,1.81722830,12.402184,6.57454697e-03
45,10,1.83870581,12.403074,8.61581656e-03
46,10,1.86018364,12.443153,1.06362302e-02
47,10,1.88166114,12.518517,1.23401651e-02
48,10,1.90313897,12.623087,1.35871841e-02
49,10,1.92461647,12.749617,1.43570126e-02
50,10,1.94609430,12.892086,1.47321699e-02
51,10,1.96757180,13.047807,1.47651902e-02
52,10,1.98904963,13.212775,1.45282032e-02
53,10,2.01052713,13.384773,1.40505266e-02
54,10,2.03200496,13.560909,1.33426035e-02
55,10,2.05348246,13.739177,1.23475135e-02
56,10,2.07496029,13.917630,1.08790552e-02
57,10,2.09643779,14.088133,8.56681919e-03
58,10,2.11791562,14.236996,4.42499836e-03
59,10,2.13939312,14.310373,5.74357595e-05
60,10,2.13939312,14.310373,5.74357610e-05
61,10,2.20382612,14.326600,7.39540668e-05
62,10,2.26825912,13.987909,6.79874721e-05
63,10,2.33269211,13.562116,6.59322125e-05
64,10,2.39712495,13.135326,6.80070584e-05
65,10,2.46155794,12.727055,7.30772191e-05
66,10,2.52599094,12.335868,8.18156037e-05
67,10,2.59042394,11.918516,9.15247072e-05
68,10,2.65485693,11.219374,5.31650116e-05
69,10,2.71928993,10.362869,4.16444309e-05
70,10,2.78372276,10.162406,3.75700377e-04
71,10,2.84815576,9.891680,4.21043025e-04
72,10,2.91258876,9.540361,4.40037540e-04
73,10,2.97702175,9.141487,4.41853449e-04
74,10,3.04145475,8.724592,4.35735882e-04
75,10,3.10588775,8.321355,4.29089520e-04
76,10,3.17032058,7.964033,4.25539626e-04
77,10,3.23475363,7.682671,4.25349921e-04
78,10,3.29918661,7.502275,4.26654085e-04
79,10,3.36361957,7.456025,5.56155872e-02
80,10,3.36361957,7.456025,3.59745942e-02
81,10,3.41622887,7.481654,4.20800914e-04
82,10,3.46883817,7.603432,4.01630200e-04
83,10,3.52144747,7.796201,3.70957299e-04
84,10,3.57405686,8.042624,3.28982902e-04
85,10,3.62666598,8.310864,2.72969592e-04
86,10,3.67927530,8.542050,1.98835665e-04
87,10,3.73188462,8.659973,1.19278711e-04
88,10,3.78449394,8.647300,6.57235485e-05
89,10,3.83710326,8.563165,4.08598870e-05
90,10,3.88971258,8.472282,3.18741583e-05
91,10,3.94232191,8.435490,3.19037941e-05
92,10,3.99493123,8.530259,3.70576121e-05
93,10,4.04754055,8.797496,4.11027327e-05
94,10,4.10014987,9.178371,4.25317358e-05
95,10,4.15275899,9.605455,4.33118888e-05
96,10,4.20536831,10.043164,4.48008500e-05
97,10,4.25797763,10.459301,4.80545726e-05
98,10,4.31058696,10.797734,5.36966175e-05
99,10,4.36319628,10.941567,5.77891780e-05
0,11,0.00000000,10.822728,2.03212106e-05
1,11,0.06074799,10.846622,7.01887281e-05
2,11,0.12149598,10.910313,9.29876321e-05
3,11,0.18224397,11.016333,1.31333423e-04
4,11,0.24299205,11.164296,1.86780049e-04
5,11,0.30373983,11.355910,2.61558221e-04
6,11,0.36448784,11.584741,3.68637645e-04
7,11,0.42523585,11.850341,5.27398938e-04
8,11,0.48598386,12.150350,7.77344275e-04
9,11,0.54673188,12.468299,1.22207905e-03
10,11,0.60747989,12.785547,2.07950683e-03
11,11,0.66822790,13.057650,3.83913230e-03
12,11,0.72897591,13.198087,7.27778500e-03
13,11,0.78972392,13.122071,1.21877502e-02
14,11,0.85047193,12.824583,5.30788208e-03
15,11,0.91121971,12.400700,5.73832838e-03
16,11,0.97196773,11.915740,6.80550077e-03
17,11,1.03271574,11.775185,7.23436239e-03
18,11,1.09346375,12.234754,9.24474293e-03
19,11,1.15421176,12.256298,1.60450290e-02
20,11,1.15421176,12.256298,1.60450135e-02
21,11,1.18458576,12.289874,1.11215737e-02
22,11,1.21495976,12.351798,4.85939017e-03
23,11,1.24533376,12.398739,1.29722814e-03
24,11,1.27570776,12.429150,3.22545070e-04
25,11,1.30608176,12.453178,1.03829163e-04
26,11,1.33645576,12.475427,6.14392782e-05
27,11,1.36682976,12.497270,6.77870234e-05
28,11,1.39720381,12.519539,1.06678508e-04
29,11,1.42757781,12.543216,1.87825858e-04
30,11,1.45795159,12.567286,3.17725784e-04
31,11,1.48832560,12.591549,5.13606451e-04
32,11,1.51869960,12.615304,7.91490840e-04
33,11,1.54907361,12.637992,1.15126088e-03
34,11,1.57944761,12.661070,1.60789150e-03
35,11,1.60982162,12.678304,2.13831689e-03
36,11,1.64019563,12.693327,2.81930134e-03
37,11,1.67056963,12.704531,3.62773794e-03
38,11,1.70094364,12.712000,4.52177440e-03
39,11,1.73131764,12.715142,5.58784871e-03
40,11,1.73131764,12.715142,5.58782229e-03
41,11,1.75279515,12.833813,8.87997396e-03
42,11,1.77427297,12.958591,7.90115273e-03
43,11,1.79575048,13.087967,7.06574628e-03
44,11,1.81722830,13.221856,6.35415522e-03
45,11,1.83870581,13.358965,5.74076654e-03
46,11,1.86018364,13.498644,5.20949835e-03
47,11,1.88166114,13.640320,4.74774826e-03
48,11,1.90313897,13.783566,4.34775766e-03
49,11,1.92461647,13.927639,3.99780705e-03
50,11,1.94609430,14.073285,3.69729797e-03
51,11,1.96757180,14.217594,3.43724387e-03
52,11,1.98904963,14.361086,3.21855900e-03
53,11,2.01052713,14.500257,3.03634153e-03
54,11,2.03200496,14.639514,2.90566720e-03
55,11,2.05348246,14.774935,2.83011292e-03
56,11,2.07496029,14.860824,1.10529161e-02
57,11,2.09643779,14.781619,1.52019971e-02
58,11,2.11791562,14.689321,2.10514426e-02
59,11,2.13939312,14.634897,2.63097127e-02
60,11,2.13939312,14.634897,2.63097140e-02
61,11,2.20382612,14.991442,2.14321398e-04
62,11,2.26825912,14.529700,2.42892137e-04
63,11,2.33269211,14.089122,2.71437840e-04
64,11,2.39712495,13.684470,2.98972849e-04
65,11,2.46155794,13.334839,3.22184173e-04
66,11,2.52599094,13.071446,3.32532462e-04
67,11,2.59042394,12.318770,1.08509576e-06
68,11,2.65485693,11.781289,5.14615378e-05
69,11,2.71928993,11.467761,7.79791231e-05
70,11,2.78372276,11.215014,9.48741204e-05
71,11,2.84815576,11.007548,1.11811131e-04
72,11,2.91258876,10.845867,1.31009658e-04
73,11,2.97702175,10.731252,1.53457865e-04
74,11,3.04145475,10.667642,1.79440811e-04
75,11,3.10588775,10.653806,2.08012741e-04
76,11,3.17032058,10.684899,2.37309769e-04
77,11,3.23475363,10.743953,2.63915959e-04
78,11,3.29918661,10.801488,2.83274033e-04
79,11,3.36361957,10.822728,2.03219715e-05
80,11,3.36361957,10.822728,2.03209141e-05
81,11,3.41622887,10.784795,2.13320048e-05
82,11,3.46883817,10.673344,2.46933714e-05
83,11,3.52144747,10.516833,3.14360289e-05
84,11,3.57405686,10.349258,4.41638072e-05
85,11,3.62666598,10.216837,6.84088658e-05
86,11,3.67927530,10.179490,1.10314398e-04
87,11,3.73188462,10.318658,1.57345524e-04
88,11,3.78449394,10.652245,1.79148763e-04
89,11,3.83710326,11.121407,1.75658124e-04
90,11,3.88971258,11.666553,1.60997161e-04
91,11,3.94232191,12.245464,1.42747391e-04
92,11,3.99493123,12.815947,1.23051577e-04
93,11,4.04754055,13.311784,1.00317390e-04
94,11,4.10014987,13.602422,1.37135225e-02
95,11,4.15275899,13.015949,2.36068771e-02
96,11,4.20536831,12.426351,8.61026131e-03
97,11,4.25797763,11.851412,1.86361145e-02
98,11,4.31058696,11.321113,3.01420812e-02
99,11,4.36319628,11.010095,8.37445329e-05
0,12,0.00000000,10.822728,5.51286056e-04
1,12,0.06074799,10.846622,1.02914917e-03
2,12,0.12149598,10.910313,1.23799037e-03
3,12,0.18224397,11.016333,1.57402764e-03
4,12,0.24299205,11.164296,2.01913676e-03
5,12,0.30373983,11.355910,2.55104571e-03
6,12,0.36448784,11.584741,3.13607100e-03
7,12,0.42523585,11.850341,3.74327545e-03
8,12,0.48598386,12.150350,4.34119944e-03
9,12,0.54673188,12.468299,4.89217447e-03
10,12,0.60747989,12.785547,5.35915433e-03
11,12,0.66822790,13.057650,5.67102733e-03
12,12,0.72897591,13.198087,5.67855807e-03
13,12,0.78972392,13.122071,5.40898216e-03
14,12,0.85047193,13.118528,2.62599417e-02
15,12,0.91121971,13.334138,2.34420913e-02
16,12,0.97196773,13.376436,2.02293432e-02
17,12,1.03271574,13.253234,1.69977768e-02
18,12,1.09346375,12.767689,6.79554292e-03
19,12,1.15421176,12.648925,5.78470225e-06
20,12,1.15421176,12.648925,5.81030958e-06
21,12,1.18458576,12.688796,5.49743304e-03
22,12,1.21495976,12.822789,8.35449494e-03
23,12,1.24533376,13.051138,7.78248901e-03
24,12,1.27570776,13.341012,6.28812225e-03
25,12,1.30608176,13.664647,4.96814729e-03
26,12,1.33645576,14.006766,3.97222893e-03
27,12,1.36682976,14.358662,3.25090084e-03
28,12,1.39720381,14.713812,2.71234996e-03
29,12,1.42757781,15.068216,2.31115712e-03
30,12,1.45795159,15.415296,1.99600738e-03
31,12,1.48832560,15.735894,1.70606215e-03
32,12,1.51869960,15.992078,1.27244228e-03
33,12,1.54907361,16.124975,5.15397913e-04
34,12,1.57944761,16.142470,4.86177936e-04
35,12,1.60982162,16.112061,4.09573818e-03
36,12,1.64019563,16.073330,4.52892305e-03
37,12,1.67056963,16.040432,4.49522251e-03
38,12,1.70094364,16.019954,4.40072590e-03
39,12,1.73131764,16.013269,4.27656183e-03
40,12,1.73131764,16.013269,4.27657427e-03
41,12,1.75279515,15.904599,4.45586290e-03
42,12,1.77427297,15.798912,4.25747232e-03
43,12,1.79575048,15.698660,4.08810538e-03
44,12,1.81722830,15.604185,3.94415510e-03
45,12,1.83870581,15.515978,3.82789779e-03
46,12,1.86018364,15.434221,3.74331798e-03
47,12,1.88166114,15.358880,3.69661872e-03
48,12,1.90313897,15.289687,3.69838775e-03
49,12,1.92461647,15.226486,3.75974481e-03
50,12,1.94609430,15.168468,3.90473365e-03
51,12,1.96757180,15.115463,4.16545575e-03
52,12,1.98904963,15.066300,4.59802856e-03
53,12,2.01052713,15.019534,5.29279255e-03
54,12,2.03200496,14.972687,6.41379756e-03
55,12,2.05348246,14.921601,8.21338885e-03
56,12,2.07496029,14.905886,2.83234570e-03
57,12,2.09643779,15.025974,2.96161653e-03
58,12,2.11791562,15.126305,3.32023014e-03
59,12,2.13939312,15.172913,3.71172128e-03
60,12,2.13939312,15.172913,3.71172112e-03
61,12,2.20382612,15.029316,2.60574901e-02
62,12,2.26825912,15.333100,1.36217609e-05
63,12,2.33269211,15.484666,2.19385541e-05
64,12,2.39712495,15.022681,1.42276759e-05
65,12,2.46155794,14.131803,8.91879968e-06
66,12,2.52599094,13.195347,4.80939805e-06
67,12,2.59042394,12.963624,3.09572898e-04
68,12,2.65485693,13.117862,2.27610312e-04
69,12,2.71928993,13.470587,8.48267938e-05
70,12,2.78372276,13.274738,1.56213291e-07
71,12,2.84815576,12.742649,2.07659582e-05
72,12,2.91258876,12.241778,5.51824820e-05
73,12,2.97702175,11.822122,9.83416363e-05
74,12,3.04145475,11.488964,1.44298069e-04
75,12,3.10588775,11.235044,1.86670458e-04
76,12,3.17032058,11.048081,2.21114843e-04
77,12,3.23475363,10.922229,2.45927379e-04
78,12,3.29918661,10.849111,2.60746757e-04
79,12,3.36361957,10.822728,2.11054037e-04
80,12,3.36361957,10.822728,3.92104249e-04
81,12,3.41622887,10.889489,5.82845339e-04
82,12,3.46883817,11.072575,7.75405666e-04
83,12,3.52144747,11.353993,2.66888833e-04
84,12,3.57405686,11.711286,7.06729298e-04
85,12,3.62666598,12.125878,5.26567086e-04
86,12,3.67927530,12.582440,4.32214136e-04
87,12,3.73188462,13.068289,4.75761025e-04
88,12,3.78449394,13.570550,4.27370713e-04
89,12,3.83710326,14.061474,4.31447997e-04
90,12,3.88971258,14.487827,6.74041431e-05
91,12,3.94232191,14.715523,3.35956395e-03
92,12,3.99493123,14.577287,4.90057363e-03
93,12,4.04754055,14.148369,9.50540222e-03
94,12,4.10014987,13.602422,8.93087351e-03
95,12,4.15275899,13.015949,5.15315595e-03
96,12,4.20536831,12.426351,2.61516688e-02
97,12,4.25797763,11.851412,1.96092200e-02
98,12,4.31058696,11.321113,5.19338443e-04
99,12,4.36319628,11.010095,8.94698435e-05
0,13,0.00000000,10.822728,4.60248927e-04
1,13,0.06074799,10.898141,1.14219464e-03
2,13,0.12149598,11.083295,3.38238268e-03
3,13,0.18224397,11.325101,5.24975765e-03
4,13,0.24299205,11.587036,6.33632461e-03
5,13,0.30373983,11.857184,6.79825754e-03
6,13,0.36448784,12.136838,6.85704863e-03
7,13,0.42523585,12.432266,6.65954572e-03
8,13,0.48598386,12.750070,6.28722259e-03
9,13,0.54673188,13.095972,5.78257429e-03
10,13,0.60747989,13.474745,5.17154792e-03
11,13,0.66822790,13.893457,4.48097433e-03
12,13,0.72897591,14.347145,3.72596714e-03
13,13,0.78972392,14.842557,2.95381872e-03
14,13,0.85047193,15.055748,2.89273799e-03
15,13,0.91121971,14.448588,3.70051128e-03
16,13,0.97196773,13.864237,4.62162416e-03
17,13,1.03271574,13.303791,5.65470882e-03
18,13,1.09346375,12.998182,1.40579646e-02
19,13,1.15421176,12.648925,2.29799673e-02
20,13,1.15421176,12.648925,2.29799414e-02
21,13,1.18458576,12.688796,1.95842486e-02
22,13,1.21495976,12.822789,1.96463197e-02
23,13,1.24533376,13.051138,1.96690866e-02
24,13,1.27570776,13.341012,1.87007353e-02
25,13,1.30608176,13.664647,1.73541996e-02
26,13,1.33645576,14.006766,1.59535654e-02
27,13,1.36682976,14.358662,1.46243423e-02
28,13,1.39720381,14.713812,1.34471257e-02
29,13,1.42757781,15.068216,1.24688360e-02
30,13,1.45795159,15.415296,1.17418144e-02
31,13,1.48832560,15.735894,1.13044847e-02
32,13,1.51869960,15.992078,1.08823570e-02
33,13,1.54907361,16.124975,9.68775072e-03
34,13,1.57944761,16.142470,7.73767974e-03
35,13,1.60982162,16.112061,3.07100111e-03
36,13,1.64019563,16.073330,2.16236163e-03
37,13,1.67056963,16.040432,2.00698386e-03
38,13,1.70094364,16.019954,2.06627181e-03
39,13,1.73131764,16.013269,2.22396144e-03
40,13,1.73131764,16.013269,2.22394970e-03
41,13,1.75279515,16.116076,1.92474377e-03
42,13,1.77427297,16.203064,2.05342682e-03
43,13,1.79575048,16.270627,2.19855730e-03
44,13,1.81722830,16.313717,2.33482591e-03
45,13,1.83870581,16.329602,2.43217450e-03
46,13,1.86018364,16.319182,2.46790071e-03
47,13,1.88166114,16.286583,2.43957211e-03
48,13,1.90313897,16.237449,2.36083253e-03
49,13,1.92461647,16.177153,2.25073709e-03
50,13,1.94609430,16.109825,2.12453202e-03
51,13,1.96757180,16.038345,1.99265686e-03
52,13,1.98904963,15.964180,1.86098774e-03
53,13,2.01052713,15.887602,1.72638535e-03
54,13,2.03200496,15.808921,1.59579461e-03
55,13,2.05348246,15.699235,5.07499306e-03
56,13,2.07496029,15.544713,3.80551684e-03
57,13,2.09643779,15.424969,2.08536140e-03
58,13,2.11791562,15.351456,5.92923792e-04
59,13,2.13939312,15.328357,1.04239063e-05
60,13,2.13939312,15.328357,1.04238997e-05
61,13,2.20382612,15.153339,9.25487625e-07
62,13,2.26825912,15.409789,2.50511245e-02
63,13,2.33269211,15.772961,2.34365633e-02
64,13,2.39712495,16.110075,2.13492716e-02
65,13,2.46155794,16.429155,1.89136729e-02
66,13,2.52599094,16.496413,6.54738801e-06
67,13,2.59042394,15.724878,1.13995717e-05
68,13,2.65485693,14.989507,2.60592825e-05
69,13,2.71928993,14.447326,8.71977785e-05
70,13,2.78372276,14.766306,1.21909701e-04
71,13,2.84815576,15.362452,6.16012222e-04
72,13,2.91258876,14.613544,1.39721545e-04
73,13,2.97702175,13.858646,3.54485627e-04
74,13,3.04145475,13.126806,1.01279792e-03
75,13,3.10588775,12.440528,1.82309254e-03
76,13,3.17032058,11.823754,2.36606350e-03
77,13,3.23475363,11.310862,2.16239789e-03
78,13,3.29918661,10.955625,1.16038563e-03
79,13,3.36361957,10.822728,8.00480118e-04
80,13,3.36361957,10.822728,6.19431218e-04
81,13,3.41622887,10.889489,5.00866516e-04
82,13,3.46883817,11.072575,4.13832585e-04
83,13,3.52144747,11.353993,9.03931263e-04
84,13,3.57405686,11.711286,2.90875859e-04
85,13,3.62666598,12.125878,2.25875621e-04
86,13,3.67927530,12.582440,1.22070803e-04
87,13,3.73188462,13.068289,4.11409112e-05
88,13,3.78449394,13.570550,3.36315738e-04
89,13,3.83710326,14.061474,1.05888999e-03
90,13,3.88971258,14.487827,3.10521167e-03
91,13,3.94232191,14.715523,3.35548240e-03
92,13,3.99493123,14.577287,6.89070294e-03
93,13,4.04754055,14.148369,7.48608642e-03
94,13,4.10014987,13.613470,7.17108083e-05
95,13,4.15275899,13.616008,4.35224671e-05
96,13,4.20536831,13.381619,2.50512831e-05
97,13,4.25797763,13.050858,1.36370629e-05
98,13,4.31058696,12.745836,4.74645440e-06
99,13,4.36319628,12.610695,4.10949247e-08
0,14,0.00000000,14.790353,3.49827439e-06
1,14,0.06074799,14.881885,6.35803857e-06
2,14,0.12149598,15.151778,1.55738119e-05
3,14,0.18224397,15.586005,2.52257541e-05
4,14,0.24299205,16.160873,2.21529003e-05
5,14,0.30373983,16.847476,6.30079085e-06
6,14,0.36448784,17.614560,2.37241642e-06
7,14,0.42523585,18.433157,5.03051297e-05
8,14,0.48598386,17.966993,4.86002560e-03
9,14,0.54673188,17.325598,6.18500624e-03
10,14,0.60747989,16.745566,7.39273403e-03
11,14,0.66822790,16.272650,7.97877087e-03
12,14,0.72897591,15.989634,7.15248569e-03
13,14,0.78972392,15.686110,2.19877631e-03
14,14,0.85047193,15.379398,2.20650484e-03
15,14,0.91121971,15.957133,1.53226779e-03
16,14,0.97196773,16.569050,9.72537573e-04
17,14,1.03271574,17.207193,5.59191995e-04
18,14,1.09346375,17.849333,3.04827076e-04
19,14,1.15421176,18.436794,3.70671750e-04
20,14,1.15421176,18.436794,3.70670957e-04
21,14,1.18458576,18.386747,3.76359553e-04
22,14,1.21495976,18.258969,3.94079985e-04
23,14,1.24533376,18.091153,4.25967682e-04
24,14,1.27570776,17.906013,4.68452497e-04
25,14,1.30608176,17.717266,5.17431549e-04
26,14,1.33645576,17.531983,5.65432073e-04
27,14,1.36682976,17.355232,5.99511061e-04
28,14,1.39720381,17.189594,6.03260969e-04
29,14,1.42757781,17.040050,5.49058564e-04
30,14,1.45795159,16.912552,3.95612528e-04
31,14,1.48832560,16.823962,1.36762699e-04
32,14,1.51869960,16.809962,3.53770263e-05
33,14,1.54907361,16.933630,3.85755433e-04
34,14,1.57944761,17.184375,7.22816093e-04
35,14,1.60982162,17.486592,9.23253936e-04
36,14,1.64019563,17.789953,1.17401991e-03
37,14,1.67056963,18.023803,2.20234858e-03
38,14,1.70094364,18.102944,4.51274871e-03
39,14,1.73131764,18.114348,3.23265277e-03
40,14,1.73131764,18.114348,3.23267438e-03
41,14,1.75279515,17.992803,1.64298267e-03
42,14,1.77427297,17.884294,1.29427999e-03
43,14,1.79575048,17.795154,9.68433860e-04
44,14,1.81722830,17.727069,6.66249125e-04
45,14,1.83870581,17.676019,4.10431252e-04
46,14,1.86018364,17.562552,4.03443629e-03
47,14,1.88166114,17.349514,4.41458828e-03
48,14,1.90313897,17.132930,4.79564010e-03
49,14,1.92461647,16.916780,5.16329323e-03
50,14,1.94609430,16.699418,5.49267773e-03
51,14,1.96757180,16.485997,5.77860632e-03
52,14,1.98904963,16.276297,5.97039136e-03
53,14,2.01052713,16.073230,6.00572643e-03
54,14,2.03200496,15.878761,5.76091646e-03
55,14,2.05348246,15.727432,1.45594200e-03
56,14,2.07496029,15.643006,1.28632494e-03
57,14,2.09643779,15.557078,1.03467593e-03
58,14,2.11791562,15.478065,6.00859403e-04
59,14,2.13939312,15.438804,1.81273112e-04
60,14,2.13939312,15.438804,1.81273113e-04
61,14,2.20382612,15.725243,1.45259782e-03
62,14,2.26825912,16.266058,3.45344669e-04
63,14,2.33269211,16.550898,4.34601268e-07
64,14,2.39712495,16.358283,1.25200163e-05
65,14,2.46155794,16.624232,1.93581474e-05
66,14,2.52599094,16.700570,1.61625979e-02
67,14,2.59042394,16.879563,1.29512273e-02
68,14,2.65485693,16.879334,9.06093632e-03
69,14,2.71928993,16.600906,5.01866725e-03
70,14,2.78372276,16.055238,2.10986630e-03
71,14,2.84815576,15.642135,8.82223863e-05
72,14,2.91258876,16.651118,6.76371558e-05
73,14,2.97702175,17.415825,5.77531656e-06
74,14,3.04145475,16.781749,9.65123307e-06
75,14,3.10588775,16.166137,1.16136437e-05
76,14,3.17032058,15.619451,1.12358256e-05
77,14,3.23475363,15.181082,8.62669587e-06
78,14,3.29918661,14.892178,5.16644726e-06
79,14,3.36361957,14.790353,3.49828173e-06
80,14,3.36361957,14.790353,3.49827844e-06
81,14,3.41622887,14.858479,3.41471846e-06
82,14,3.46883817,15.053277,3.19344150e-06
83,14,3.52144747,15.352848,2.89281806e-06
84,14,3.57405686,15.732201,2.56592796e-06
85,14,3.62666598,16.170095,2.23255459e-06
86,14,3.67927530,16.640360,1.91147057e-06
87,14,3.73188462,17.111318,1.56553650e-06
88,14,3.78449394,17.507857,1.14143777e-06
89,14,3.83710326,17.655505,8.09858649e-07
90,14,3.88971258,17.239492,9.05214971e-04
91,14,3.94232191,16.923703,1.17389435e-03
92,14,3.99493123,16.675766,4.93993131e-06
93,14,4.04754055,16.364977,1.15981996e-05
94,14,4.10014987,16.279373,2.52411948e-05
95,14,4.15275899,16.517682,4.03226563e-05
96,14,4.20536831,17.032274,4.73771648e-05
97,14,4.25797763,17.701132,4.84124278e-05
98,14,4.31058696,18.434742,4.97160518e-05
99,14,4.36319628,19.007652,6.81510426e-05
0,15,0.00000000,22.719198,1.39901521e-06
1,15,0.06074799,22.546671,1.02749816e-04
2,15,0.12149598,22.065225,3.37557820e-04
3,15,0.18224397,21.442135,6.72097733e-04
4,15,0.24299205,20.757139,1.13771147e-03
5,15,0.30373983,20.054746,1.76942035e-03
6,15,0.36448784,19.342403,2.60013902e-03
7,15,0.42523585,18.641315,3.63751141e-03
8,15,0.48598386,17.966993,3.20220171e-04
9,15,0.54673188,17.325598,3.06706133e-04
10,15,0.60747989,16.745566,3.43984460e-04
11,15,0.66822790,16.272650,5.02108261e-04
12,15,0.72897591,15.989635,9.36513643e-04
13,15,0.78972392,15.992210,4.96845108e-03
14,15,0.85047193,16.273939,2.92233014e-03
15,15,0.91121971,16.747693,1.67815123e-03
16,15,0.97196773,17.337832,9.92556866e-04
17,15,1.03271574,18.003016,5.93075284e-04
18,15,1.09346375,18.711444,3.19735755e-04
19,15,1.15421176,18.436794,4.84834891e-05
20,15,1.15421176,18.436794,4.84844962e-05
21,15,1.18458576,18.386747,6.19354993e-05
22,15,1.21495976,18.258969,8.33423239e-05
23,15,1.24533376,18.091153,9.48444858e-05
24,15,1.27570776,17.906013,9.66221987e-05
25,15,1.30608176,17.717266,9.27483123e-05
26,15,1.33645576,17.531983,8.61943360e-05
27,15,1.36682976,17.355232,7.83549951e-05
28,15,1.39720381,17.189594,7.09003948e-05
29,15,1.42757781,17.040050,6.36377876e-05
30,15,1.45795159,16.912552,5.96121143e-05
31,15,1.48832560,16.823962,7.93929522e-05
32,15,1.51869960,16.809962,3.04918493e-04
33,15,1.54907361,16.933630,1.38921726e-03
34,15,1.57944761,17.184375,2.67782943e-03
35,15,1.60982162,17.486592,3.43243669e-03
36,15,1.64019563,17.789953,4.05328206e-03
37,15,1.67056963,18.023803,3.82322977e-03
38,15,1.70094364,18.102944,2.25138982e-04
39,15,1.73131764,18.114348,4.50747470e-04
40,15,1.73131764,18.114348,4.50725911e-04
41,15,1.75279515,18.243378,1.81069961e-03
42,15,1.77427297,18.333372,1.91126856e-03
43,15,1.79575048,18.162267,2.89321601e-03
44,15,1.81722830,17.972497,3.28479596e-03
45,15,1.83870581,17.771179,3.65809356e-03
46,15,1.86018364,17.632356,2.23828988e-04
47,15,1.88166114,17.583590,1.10040617e-04
48,15,1.90313897,17.521006,5.21183231e-05
49,15,1.92461647,17.442721,2.59332122e-05
50,15,1.94609430,17.352514,1.50935200e-05
51,15,1.96757180,17.255580,1.05135156e-05
52,15,1.98904963,17.156821,8.73937372e-06
53,15,2.01052713,17.059382,7.73512727e-06
54,15,2.03200496,16.969591,7.76124994e-06
55,15,2.05348246,16.889843,7.95812167e-06
56,15,2.07496029,16.823822,8.19150943e-06
57,15,2.09643779,16.774022,8.22558164e-06
58,15,2.11791562,16.743130,7.99022426e-06
59,15,2.13939312,16.734622,7.49801381e-06
60,15,2.13939312,16.734622,7.49801493e-06
61,15,2.20382612,17.413512,2.07396981e-06
62,15,2.26825912,17.390007,7.11763520e-07
63,15,2.33269211,16.780357,7.22738474e-06
64,15,2.39712495,17.270579,1.63786603e-04
65,15,2.46155794,17.248218,5.03690576e-06
66,15,2.52599094,16.967113,2.16367230e-05
67,15,2.59042394,17.326962,2.18738277e-05
68,15,2.65485693,17.685157,2.04749408e-05
69,15,2.71928993,18.018601,1.70796969e-05
70,15,2.78372276,18.266586,1.08764128e-05
71,15,2.84815576,18.301537,3.14358162e-06
72,15,2.91258876,17.983229,1.73826606e-06
73,15,2.97702175,17.714571,5.62515451e-05
74,15,3.04145475,18.799180,5.08315089e-05
75,15,3.10588775,19.879223,5.01802938e-05
76,15,3.17032058,20.911364,5.55357433e-05
77,15,3.23475363,21.837410,7.08788805e-05
78,15,3.29918661,22.503265,9.90933494e-05
79,15,3.36361957,22.719198,1.39765047e-06
80,15,3.36361957,22.719198,1.39270753e-06
81,15,3.41622887,22.621420,1.31401118e-06
82,15,3.46883817,22.306203,1.16126057e-06
83,15,3.52144747,21.858488,5.41850261e-05
84,15,3.57405686,21.235373,4.40776737e-05
85,15,3.62666598,20.552574,1.07414423e-04
86,15,3.67927530,19.842388,7.53709164e-05
87,15,3.73188462,19.130628,1.01356110e-04
88,15,3.78449394,18.440632,4.24996311e-04
89,15,3.83710326,17.789934,1.09918410e-03
90,15,3.88971258,17.239492,9.16430097e-04
91,15,3.94232191,16.923703,2.46430838e-04
92,15,3.99493123,17.008209,4.57060529e-04
93,15,4.04754055,17.421751,2.56213910e-05
94,15,4.10014987,17.989504,4.33474688e-04
95,15,4.15275899,18.626343,3.38236679e-04
96,15,4.20536831,19.301538,1.86496776e-03
97,15,4.25797763,19.989633,2.07856395e-03
98,15,4.31058696,20.157782,1.93657634e-05
99,15,4.36319628,19.554761,4.51421309e-07
0,16,0.00000000,22.719198,6.68306703e-05
1,16,0.06074799,22.546671,3.28963305e-04
2,16,0.12149598,22.065225,4.36150566e-04
3,16,0.18224397,21.442135,4.85838278e-04
4,16,0.24299205,20.757139,4.84470870e-04
5,16,0.30373983,20.054746,4.52512647e-04
6,16,0.36448784,19.342403,4.06100916e-04
7,16,0.42523585,18.641315,3.58413779e-04
8,16,0.48598386,19.137204,2.66960613e-04
9,16,0.54673188,18.412211,4.72853955e-04
10,16,0.60747989,17.702257,7.59994607e-04
11,16,0.66822790,17.009889,1.13814428e-03
12,16,0.72897591,16.336952,1.61558077e-03
13,16,0.78972392,15.992210,1.66946583e-03
14,16,0.85047193,16.273939,2.32514206e-03
15,16,0.91121971,16.747693,2.65186178e-03
16,16,0.97196773,17.337832,2.70201914e-03
17,16,1.03271574,18.003016,2.61011999e-03
18,16,1.09346375,18.711444,2.57909618e-03
19,16,1.15421176,19.255671,9.55644592e-06
20,16,1.15421176,19.255671,9.55656809e-06
21,16,1.18458576,19.256795,6.27714977e-05
22,16,1.21495976,19.241778,1.85242172e-04
23,16,1.24533376,19.194951,3.31628887e-04
24,16,1.27570776,19.122315,4.90715189e-04
25,16,1.30608176,19.034741,6.64558219e-04
26,16,1.33645576,18.940225,8.52358477e-04
27,16,1.36682976,18.843777,1.04365052e-03
28,16,1.39720381,18.749089,1.24256639e-03
29,16,1.42757781,18.658716,1.43648699e-03
30,16,1.45795159,18.574507,1.61581108e-03
31,16,1.48832560,18.496961,1.75949110e-03
32,16,1.51869960,18.426123,1.85465575e-03
33,16,1.54907361,18.365897,1.87463943e-03
34,16,1.57944761,18.316741,1.78042338e-03
35,16,1.60982162,18.280500,1.47480693e-03
36,16,1.64019563,18.267413,6.83964227e-04
37,16,1.67056963,18.322540,1.34061315e-04
38,16,1.70094364,18.497276,5.81366215e-04
39,16,1.73131764,18.601261,1.12788198e-03
40,16,1.73131764,18.601261,1.12788689e-03
41,16,1.75279515,18.487621,2.50849743e-03
42,16,1.77427297,18.385029,2.96701664e-03
43,16,1.79575048,18.532224,2.51239007e-03
44,16,1.81722830,18.519350,2.92396905e-04
45,16,1.83870581,18.463471,2.33712464e-04
46,16,1.86018364,18.428678,1.81396538e-04
47,16,1.88166114,18.426012,1.31479809e-04
48,16,1.90313897,18.460181,8.68961463e-05
49,16,1.92461647,18.527892,5.20034694e-05
50,16,1.94609430,18.621337,2.84163916e-05
51,16,1.96757180,18.732932,1.42049956e-05
52,16,1.98904963,18.855398,6.41888229e-06
53,16,2.01052713,18.984317,2.52605911e-06
54,16,2.03200496,19.111169,1.36676051e-06
55,16,2.05348246,19.231832,1.83675886e-06
56,16,2.07496029,19.332430,8.90973824e-06
57,16,2.09643779,19.333768,3.98710008e-06
58,16,2.11791562,19.334540,1.42156730e-06
59,16,2.13939312,19.335132,8.65377100e-07
60,16,2.13939312,19.335132,8.65376329e-07
61,16,2.20382612,18.358093,1.18801944e-06
62,16,2.26825912,18.031916,2.88620902e-06
63,16,2.33269211,18.266697,5.53991876e-06
64,16,2.39712495,17.901353,5.27799484e-06
65,16,2.46155794,17.753136,5.99959873e-04
66,16,2.52599094,18.226331,1.16870772e-03
67,16,2.59042394,18.691476,1.77524275e-03
68,16,2.65485693,19.159061,2.34955147e-03
69,16,2.71928993,19.631417,2.85545179e-03
70,16,2.78372276,19.964691,3.21422669e-03
71,16,2.84815576,20.203211,2.99872415e-03
72,16,2.91258876,20.423671,4.16977399e-05
73,16,2.97702175,20.650020,3.95819793e-05
74,16,3.04145475,21.018323,3.70257345e-05
75,16,3.10588775,21.437804,3.54430202e-05
76,16,3.17032058,21.873957,3.48010730e-05
77,16,3.23475363,22.287136,3.52987969e-05
78,16,3.29918661,22.611051,3.68615762e-05
79,16,3.36361957,22.719198,4.38824334e-05
80,16,3.36361957,22.719198,1.30686046e-04
81,16,3.41622887,22.651069,1.33583901e-04
82,16,3.46883817,22.354804,7.45671760e-06
83,16,3.52144747,21.858488,4.26669523e-04
84,16,3.57405686,21.235373,3.20080671e-04
85,16,3.62666598,20.552574,8.49087477e-05
86,16,3.67927530,19.842388,3.58119337e-05
87,16,3.73188462,19.130628,1.39318149e-04
88,16,3.78449394,18.440632,2.24634677e-04
89,16,3.83710326,17.789934,1.94545790e-04
90,16,3.88971258,17.453136,1.12562176e-06
91,16,3.94232191,17.075878,2.24723161e-06
92,16,3.99493123,17.008209,1.02988263e-05
93,16,4.04754055,17.421751,3.31509127e-04
94,16,4.10014987,17.989504,3.44234927e-04
95,16,4.15275899,18.626343,1.00925799e-03
96,16,4.20536831,19.301538,4.89033497e-05
97,16,4.25797763,19.989633,3.42958227e-04
98,16,4.31058696,20.676291,4.36701596e-04
99,16,4.36319628,21.237225,1.57162439e-04
0,17,0.00000000,22.719198,1.93407183e-04
1,17,0.06074799,22.757619,2.55061806e-05
2,17,0.12149598,22.802377,7.49645388e-05
3,17,0.18224397,22.749868,2.56443791e-05
4,17,0.24299205,22.070749,1.60374512e-05
5,17,0.30373983,21.350066,2.00340953e-05
6,17,0.36448784,20.611371,5.36043584e-05
7,17,0.42523585,19.869806,1.31512324e-04
8,17,0.48598386,19.275570,1.88374624e-04
9,17,0.54673188,20.106565,4.41047562e-04
10,17,0.60747989,19.768662,2.22025431e-03
11,17,0.66822790,19.338188,1.74941703e-03
12,17,0.72897591,18.956024,1.18788427e-03
13,17,0.78972392,18.660009,6.08662852e-04
14,17,0.85047193,18.481510,1.74926756e-04
15,17,0.91121971,18.458478,4.73549438e-05
16,17,0.97196773,18.588426,2.03965688e-04
17,17,1.03271574,18.782752,3.58830704e-04
18,17,1.09346375,18.805466,2.82915720e-04
19,17,1.15421176,19.255671,3.37789829e-03
20,17,1.15421176,19.255671,3.37789796e-03
21,17,1.18458576,19.256795,3.39887879e-03
22,17,1.21495976,19.241778,3.36295125e-03
23,17,1.24533376,19.194951,3.19793825e-03
24,17,1.27570776,19.122315,2.95130087e-03
25,17,1.30608176,19.034741,2.66673356e-03
26,17,1.33645576,18.940225,2.36271301e-03
27,17,1.36682976,18.843777,2.05605460e-03
28,17,1.39720381,18.749089,1.74029980e-03
29,17,1.42757781,18.658716,1.42719836e-03
30,17,1.45795159,18.574507,1.12328763e-03
31,17,1.48832560,18.496961,8.47652856e-04
32,17,1.51869960,18.426123,6.09581691e-04
33,17,1.54907361,18.365897,4.12302558e-04
34,17,1.57944761,18.316741,2.68569481e-04
35,17,1.60982162,18.280500,1.88713712e-04
36,17,1.64019563,18.267413,2.51613435e-04
37,17,1.67056963,18.322540,9.01235921e-06
38,17,1.70094364,18.497276,8.72811522e-04
39,17,1.73131764,18.601261,1.58943254e-03
40,17,1.73131764,18.601261,1.58942813e-03
41,17,1.75279515,18.653473,5.79204341e-04
42,17,1.77427297,18.635102,4.65274444e-04
43,17,1.79575048,18.582307,3.66445758e-04
44,17,1.81722830,18.686335,2.60654815e-03
45,17,1.83870581,18.843321,2.66059401e-03
46,17,1.86018364,18.997641,2.57815155e-03
47,17,1.88166114,19.135727,2.13074951e-03
48,17,1.90313897,19.231484,1.20520448e-03
49,17,1.92461647,19.278167,5.29852007e-04
50,17,1.94609430,19.299490,2.53991136e-04
51,17,1.96757180,19.311451,1.37619251e-04
52,17,1.98904963,19.319058,8.04237880e-05
53,17,2.01052713,19.323532,4.86144121e-05
54,17,2.03200496,19.327342,2.91584510e-05
55,17,2.05348246,19.330124,1.67708435e-05
56,17,2.07496029,19.339949,3.62897617e-06
57,17,2.09643779,19.426919,6.82286244e-06
58,17,2.11791562,19.484272,1.17152270e-05
59,17,2.13939312,19.504431,1.84541270e-05
60,17,2.13939312,19.504431,1.84541205e-05
61,17,2.20382612,19.527816,1.42485951e-05
62,17,2.26825912,19.502083,7.67466140e-06
63,17,2.33269211,19.592485,7.62677580e-07
64,17,2.39712495,19.990740,1.52713552e-06
65,17,2.46155794,20.434301,6.93026445e-06
66,17,2.52599094,20.814819,1.33596878e-05
67,17,2.59042394,20.757774,2.52817781e-04
68,17,2.65485693,20.182791,1.18254147e-03
69,17,2.71928993,19.922526,2.55143719e-03
70,17,2.78372276,20.103186,3.27246024e-03
71,17,2.84815576,20.501799,3.82998411e-05
72,17,2.91258876,20.545085,2.37725082e-03
73,17,2.97702175,20.937993,1.68995072e-03
74,17,3.04145475,21.348109,1.09675173e-03
75,17,3.10588775,21.756071,6.52899245e-04
76,17,3.17032058,22.134300,3.62346196e-04
77,17,3.23475363,22.449371,1.99831694e-04
78,17,3.29918661,22.663129,1.26621884e-04
79,17,3.36361957,22.719198,2.16356960e-04
80,17,3.36361957,22.719198,1.29558170e-04
81,17,3.41622887,22.651069,1.75389776e-04
82,17,3.46883817,22.354804,4.26160563e-04
83,17,3.52144747,21.876955,1.02982286e-06
84,17,3.57405686,21.388782,9.48513861e-07
85,17,3.62666598,20.883735,9.33141836e-07
86,17,3.67927530,20.366915,9.80386786e-07
87,17,3.73188462,19.883572,1.13929828e-06
88,17,3.78449394,19.509986,1.48214315e-06
89,17,3.83710326,19.422835,1.89740665e-06
90,17,3.88971258,19.728694,1.95963420e-06
91,17,3.94232191,20.263325,1.81769008e-06
92,17,3.99493123,20.894339,1.62749026e-06
93,17,4.04754055,21.569207,1.36168421e-06
94,17,4.10014987,22.251457,9.15012021e-07
95,17,4.15275899,22.582660,8.59158108e-06
96,17,4.20536831,21.834481,1.68867015e-05
97,17,4.25797763,20.986569,1.97791756e-05
98,17,4.31058696,20.676291,2.24121578e-03
99,17,4.36319628,21.237225,5.26873086e-05
0,18,0.00000000,23.904286,2.53946183e-05
1,18,0.06074799,23.770166,3.04985995e-05
2,18,0.12149598,23.341940,3.33249897e-05
3,18,0.18224397,22.878537,1.51698630e-04
4,18,0.24299205,22.680461,2.26701615e-03
5,18,0.30373983,22.214128,2.58788421e-03
6,18,0.36448784,21.720467,2.77396464e-03
7,18,0.42523585,21.222174,2.83195915e-03
8,18,0.48598386,20.724569,2.76159565e-03
9,18,0.54673188,20.236504,2.55860837e-03
10,18,0.60747989,20.892446,7.98664299e-04
11,18,0.66822790,21.603377,1.19949547e-03
12,18,0.72897591,22.215292,1.55810326e-03
13,18,0.78972392,22.759297,1.81456166e-03
14,18,0.85047193,23.197409,1.94380733e-03
15,18,0.91121971,22.418063,1.43871259e-03
16,18,0.97196773,21.671107,1.22594687e-03
17,18,1.03271574,21.046985,1.12436107e-03
18,18,1.09346375,20.406554,2.90493232e-04
19,18,1.15421176,19.823427,5.45641351e-04
20,18,1.15421176,19.823427,5.45641389e-04
21,18,1.18458576,19.861330,4.19100940e-04
22,18,1.21495976,19.973614,2.24929217e-04
23,18,1.24533376,20.145405,1.27239325e-04
24,18,1.27570776,20.350702,1.03922540e-04
25,18,1.30608176,20.569305,1.19222715e-04
26,18,1.33645576,20.786233,1.61326271e-04
27,18,1.36682976,20.987480,2.23874011e-04
28,18,1.39720381,21.162713,2.94107608e-04
29,18,1.42757781,21.296627,3.41951320e-04
30,18,1.45795159,21.366234,3.31741317e-04
31,18,1.48832560,21.348880,2.41015266e-04
32,18,1.51869960,21.233750,1.19619104e-04
33,18,1.54907361,21.036860,3.29318194e-05
34,18,1.57944761,20.784679,6.93416783e-07
35,18,1.60982162,20.497436,1.91747784e-05
36,18,1.64019563,20.196849,7.75514409e-05
37,18,1.67056963,19.901103,1.55954716e-04
38,18,1.70094364,19.647607,2.08102850e-04
39,18,1.73131764,19.539497,2.40263306e-04
40,18,1.73131764,19.539497,2.40263256e-04
41,18,1.75279515,19.465319,1.42657441e-04
42,18,1.77427297,19.417472,1.15984949e-04
43,18,1.79575048,19.388742,1.09871888e-04
44,18,1.81722830,19.377808,1.32030661e-04
45,18,1.83870581,19.378523,2.03730423e-04
46,18,1.86018364,19.392186,3.99545443e-04
47,18,1.88166114,19.429540,9.37133066e-04
48,18,1.90313897,19.515005,1.92250729e-03
49,18,1.92461647,19.653313,2.66130646e-03
50,18,1.94609430,19.818218,3.00815727e-03
51,18,1.96757180,19.995636,3.19960174e-03
52,18,1.98904963,20.177747,3.33746444e-03
53,18,2.01052713,20.361252,3.46249183e-03
54,18,2.03200496,20.542006,3.59780363e-03
55,18,2.05348246,20.716263,3.76012448e-03
56,18,2.07496029,20.877906,3.96370891e-03
57,18,2.09643779,21.015398,4.20517866e-03
58,18,2.11791562,21.112143,4.43361218e-03
59,18,2.13939312,21.130204,2.71985510e-05
60,18,2.13939312,21.130204,2.71985879e-05
61,18,2.20382612,21.593024,1.39667038e-05
62,18,2.26825912,21.912212,1.95135320e-05
63,18,2.33269211,21.834523,2.45007173e-05
64,18,2.39712495,22.057560,2.59357702e-05
65,18,2.46155794,22.392271,1.57621189e-04
66,18,2.52599094,21.540739,6.64456154e-05
67,18,2.59042394,21.149312,1.93470093e-05
68,18,2.65485693,21.462892,2.48584019e-05
69,18,2.71928993,21.748735,2.03080158e-05
70,18,2.78372276,20.991935,2.85858516e-05
71,18,2.84815576,20.588906,3.57030519e-03
72,18,2.91258876,21.076065,3.75224527e-03
73,18,2.97702175,21.567693,3.79736315e-03
74,18,3.04145475,22.061206,3.68780688e-03
75,18,3.10588775,22.545950,3.38464675e-03
76,18,3.17032058,23.016082,2.84213490e-03
77,18,3.23475363,23.448373,1.98060536e-03
78,18,3.29918661,23.789966,7.87790100e-04
79,18,3.36361957,23.904286,1.71274317e-05
80,18,3.36361957,23.904286,1.08316501e-05
81,18,3.41622887,23.839318,1.62031518e-04
82,18,3.46883817,23.679982,7.76101215e-04
83,18,3.52144747,23.584189,8.01093022e-04
84,18,3.57405686,23.552556,1.08511932e-03
85,18,3.62666598,23.558663,1.04986603e-04
86,18,3.67927530,23.584252,3.04493100e-04
87,18,3.73188462,23.621558,8.68726138e-04
88,18,3.78449394,23.667048,1.34469052e-03
89,18,3.83710326,23.710107,1.60885684e-03
90,18,3.88971258,23.747057,2.09060292e-03
91,18,3.94232191,23.769544,2.43502760e-03
92,18,3.99493123,23.764498,2.40045363e-03
93,18,4.04754055,23.708332,1.74551967e-03
94,18,4.10014987,23.599735,8.09105306e-04
95,18,4.15275899,23.200300,8.63110892e-06
96,18,4.20536831,23.042441,9.81328078e-04
97,18,4.25797763,22.576414,3.25577437e-04
98,18,4.31058696,22.011466,1.98103450e-04
99,18,4.36319628,21.482021,5.89848191e-03
0,19,0.00000000,23.904286,4.56771336e-07
1,19,0.06074799,23.812018,4.33401583e-04
2,19,0.12149598,23.514475,1.17713597e-03
3,19,0.18224397,23.122950,1.80409232e-03
4,19,0.24299205,22.988149,2.46463963e-04
5,19,0.30373983,23.136752,3.46393872e-04
6,19,0.36448784,23.325332,4.34143495e-04
7,19,0.42523585,23.564749,4.89056036e-04
8,19,0.48598386,23.873360,4.87851971e-04
9,19,0.54673188,24.258848,4.14550932e-04
10,19,0.60747989,24.749818,2.72934698e-04
11,19,0.66822790,25.320811,1.22562935e-03
12,19,0.72897591,24.696175,1.60322444e-03
13,19,0.78972392,23.976616,1.72788479e-03
14,19,0.85047193,23.201610,1.64048077e-03
15,19,0.91121971,22.997339,1.74885375e-04
16,19,0.97196773,22.102161,1.69316285e-04
17,19,1.03271574,21.233279,2.00271663e-04
18,19,1.09346375,20.406554,7.97350655e-04
19,19,1.15421176,19.823427,6.39407547e-06
20,19,1.15421176,19.823427,6.39384860e-06
21,19,1.18458576,19.861330,1.53926491e-05
22,19,1.21495976,19.973614,2.24309520e-05
23,19,1.24533376,20.145405,2.18156011e-05
24,19,1.27570776,20.350702,2.08749750e-05
25,19,1.30608176,20.569305,2.17626564e-05
26,19,1.33645576,20.786233,2.59047399e-05
27,19,1.36682976,20.987480,3.87547438e-05
28,19,1.39720381,21.162713,7.31098180e-05
29,19,1.42757781,21.296627,1.60093606e-04
30,19,1.45795159,21.366234,3.43173659e-04
31,19,1.48832560,21.348880,6.20420952e-04
32,19,1.51869960,21.233750,8.83507110e-04
33,19,1.54907361,21.036860,1.02469013e-03
34,19,1.57944761,20.784679,1.03647679e-03
35,19,1.60982162,20.497436,9.64696680e-04
36,19,1.64019563,20.196849,8.26157441e-04
37,19,1.67056963,19.901103,6.27945079e-04
38,19,1.70094364,19.647607,3.47921356e-04
39,19,1.73131764,19.539497,4.74694975e-06
40,19,1.73131764,19.539497,4.74710131e-06
41,19,1.75279515,19.669297,2.03316432e-04
42,19,1.77427297,19.880595,3.27125648e-04
43,19,1.79575048,20.130891,3.90769700e-04
44,19,1.81722830,20.396279,4.08435169e-04
45,19,1.83870581,20.664106,3.98401587e-04
46,19,1.86018364,20.926954,3.72264972e-04
47,19,1.88166114,21.179433,3.36883404e-04
48,19,1.90313897,21.421144,2.94202235e-04
49,19,1.92461647,21.636295,2.50150263e-04
50,19,1.94609430,21.812326,1.92440598e-04
51,19,1.96757180,21.855615,7.06026534e-05
52,19,1.98904963,21.759773,2.92386719e-05
53,19,2.01052713,21.636248,2.29616796e-05
54,19,2.03200496,21.512599,2.30687448e-05
55,19,2.05348246,21.394792,2.48052510e-05
56,19,2.07496029,21.290383,2.66993216e-05
57,19,2.09643779,21.205374,2.81968658e-05
58,19,2.11791562,21.149296,2.84877378e-05
59,19,2.13939312,21.147891,4.52494357e-03
60,19,2.13939312,21.147891,4.52494365e-03
61,19,2.20382612,21.753653,2.96847701e-03
62,19,2.26825912,22.130549,2.73798935e-05
63,19,2.33269211,22.727573,7.79832413e-05
64,19,2.39712495,23.054225,6.38131899e-05
65,19,2.46155794,22.565209,2.35319143e-05
66,19,2.52599094,23.269552,2.02445892e-05
67,19,2.59042394,23.586761,1.18904308e-05
68,19,2.65485693,22.634420,1.49315339e-05
69,19,2.71928993,21.759253,3.01064698e-05
70,19,2.78372276,22.044705,3.54550001e-05
71,19,2.84815576,22.322167,4.10244153e-05
72,19,2.91258876,22.584411,4.68989881e-05
73,19,2.97702175,22.825610,5.29299425e-05
74,19,3.04145475,23.043890,5.86518352e-05
75,19,3.10588775,23.241787,6.26035114e-05
76,19,3.17032058,23.419010,6.23597570e-05
77,19,3.23475363,23.592197,5.27004763e-05
78,19,3.29918661,23.794538,3.00327745e-05
79,19,3.36361957,23.904286,8.72408903e-06
80,19,3.36361957,23.904286,1.50197359e-05
81,19,3.41622887,23.839318,2.83286082e-04
82,19,3.46883817,23.679982,1.32500093e-04
83,19,3.52144747,23.584189,2.85694142e-04
84,19,3.57405686,23.552556,1.20502825e-04
85,19,3.62666598,23.558663,1.25070168e-03
86,19,3.67927530,23.584252,1.23688081e-03
87,19,3.73188462,23.621558,8.92905065e-04
88,19,3.78449394,23.667048,6.65401369e-04
89,19,3.83710326,23.710107,6.78429139e-04
90,19,3.88971258,23.747057,4.99924945e-04
91,19,3.94232191,23.769544,4.86633572e-04
92,19,3.99493123,23.764498,8.84221411e-04
93,19,4.04754055,23.708332,1.95289010e-03
94,19,4.10014987,23.599735,3.30639926e-03
95,19,4.15275899,23.382357,1.37353916e-03
96,19,4.20536831,23.042441,3.73375034e-03
97,19,4.25797763,22.576414,4.45573342e-03
98,19,4.31058696,22.011466,4.64693867e-03
99,19,4.36319628,21.482021,1.48742713e-03
0,20,0.00000000,25.363618,8.95701319e-08
1,20,0.06074799,25.459118,3.01430118e-03
2,20,0.12149598,25.652306,2.25842028e-03
3,20,0.18224397,25.870517,1.56025947e-03
4,20,0.24299205,26.070125,9.83265528e-04
5,20,0.30373983,26.237942,5.23582013e-04
6,20,0.36448784,26.333801,1.97663890e-04
7,20,0.42523585,26.360505,2.14092965e-05
8,20,0.48598386,26.295064,3.06469733e-05
9,20,0.54673188,26.114002,2.62303256e-04
10,20,0.60747989,25.791732,7.04572649e-04
11,20,0.66822790,25.362800,1.10281386e-04
12,20,0.72897591,25.657553,7.46590561e-04
13,20,0.78972392,24.797155,3.77027997e-04
14,20,0.85047193,23.898869,2.30810063e-04
15,20,0.91121971,22.997339,3.17411076e-04
16,20,0.97196773,22.102161,5.16292883e-04
17,20,1.03271574,21.233279,7.21309589e-04
18,20,1.09346375,20.781035,1.17204754e-03
19,20,1.15421176,21.046957,2.23112668e-03
20,20,1.15421176,21.046957,2.23112310e-03
21,20,1.18458576,21.073704,1.91150182e-03
22,20,1.21495976,21.151135,1.42436891e-03
23,20,1.24533376,21.272787,1.07921280e-03
24,20,1.27570776,21.431236,8.59017652e-04
25,20,1.30608176,21.620872,7.34586552e-04
26,20,1.33645576,21.836738,6.82093946e-04
27,20,1.36682976,22.071762,6.91206710e-04
28,20,1.39720381,22.313546,7.57592066e-04
29,20,1.42757781,22.536639,8.46532079e-04
30,20,1.45795159,22.691833,8.71512694e-04
31,20,1.48832560,22.769124,8.18328832e-04
32,20,1.51869960,22.821543,6.69505712e-04
33,20,1.54907361,22.889667,4.73559264e-04
34,20,1.57944761,22.973538,3.33297439e-04
35,20,1.60982162,23.060279,2.45749454e-04
36,20,1.64019563,23.138866,1.98336841e-04
37,20,1.67056963,23.200885,1.76393217e-04
38,20,1.70094364,23.240748,1.70827731e-04
39,20,1.73131764,23.257778,1.82206475e-04
40,20,1.73131764,23.257778,1.82206380e-04
41,20,1.75279515,23.144313,6.16499583e-06
42,20,1.77427297,23.031485,4.23195915e-06
43,20,1.79575048,22.916389,2.64222110e-06
44,20,1.81722830,22.801538,1.45218819e-06
45,20,1.83870581,22.685230,6.29547542e-07
46,20,1.86018364,22.567244,2.13704081e-07
47,20,1.88166114,22.447584,2.91383901e-07
48,20,1.90313897,22.326893,1.13020171e-06
49,20,1.92461647,22.207979,4.11985190e-06
50,20,1.94609430,22.102741,2.22230546e-05
51,20,1.96757180,22.107284,1.05771608e-04
52,20,1.98904963,22.225119,1.12614180e-04
53,20,2.01052713,22.344077,8.87781824e-05
54,20,2.03200496,22.443599,6.46025371e-05
55,20,2.05348246,22.521548,4.43518450e-05
56,20,2.07496029,22.588488,2.91558283e-05
57,20,2.09643779,22.556157,3.43782487e-04
58,20,2.11791562,22.459848,1.44900197e-04
59,20,2.13939312,22.424274,6.63396824e-05
60,20,2.13939312,22.424274,6.63396980e-05
61,20,2.20382612,22.239753,1.42443338e-05
62,20,2.26825912,22.397044,1.65396752e-03
63,20,2.33269211,22.972455,5.37999078e-04
64,20,2.39712495,23.371008,1.54554745e-04
65,20,2.46155794,24.045996,2.18695341e-04
66,20,2.52599094,24.562750,1.28894453e-05
67,20,2.59042394,24.088913,1.83794981e-05
68,20,2.65485693,24.960679,1.92980424e-05
69,20,2.71928993,25.749004,2.58194186e-05
70,20,2.78372276,26.201840,3.48630287e-05
71,20,2.84815576,26.283940,3.52660035e-05
72,20,2.91258876,26.234138,3.25465482e-05
73,20,2.97702175,26.148182,2.87201795e-05
74,20,3.04145475,26.052810,2.40830328e-05
75,20,3.10588775,25.954687,1.88242879e-05
76,20,3.17032058,25.838914,1.32017426e-05
77,20,3.23475363,25.680137,4.65115585e-03
78,20,3.29918661,25.469669,6.01197562e-03
79,20,3.36361957,25.363618,8.25079305e-08
80,20,3.36361957,25.363618,5.96184307e-08
81,20,3.41622887,25.447532,2.18240750e-03
82,20,3.46883817,25.594530,3.37676011e-03
83,20,3.52144747,25.733949,2.40131816e-03
84,20,3.57405686,25.848360,2.25832837e-03
85,20,3.62666598,25.944110,1.91279853e-03
86,20,3.67927530,26.028329,1.02709067e-03
87,20,3.73188462,26.106734,1.06870494e-04
88,20,3.78449394,26.183305,2.67735581e-04
89,20,3.83710326,26.255734,3.59593066e-04
90,20,3.88971258,26.324500,6.78066685e-04
91,20,3.94232191,26.350719,5.93803826e-06
92,20,3.99493123,25.468043,8.29971558e-06
93,20,4.04754055,24.567893,1.08150425e-05
94,20,4.10014987,23.701789,1.36530341e-05
95,20,4.15275899,23.382357,3.10844778e-03
96,20,4.20536831,23.782665,2.77950014e-06
97,20,4.25797763,24.434896,1.74858237e-06
98,20,4.31058696,24.968068,9.89792229e-07
99,20,4.36319628,25.194597,5.56461923e-07
0,21,0.00000000,25.363619,3.42419647e-03
1,21,0.06074799,25.503351,1.75258456e-03
2,21,0.12149598,25.787483,1.99928760e-03
3,21,0.18224397,26.087826,2.40974816e-03
4,21,0.24299205,26.347003,2.89240261e-03
5,21,0.30373983,26.562253,3.34781404e-03
6,21,0.36448784,26.737882,3.73274616e-03
7,21,0.42523585,26.883133,4.04470840e-03
8,21,0.48598386,26.993302,4.24304383e-03
9,21,0.54673188,27.025880,4.11280110e-03
10,21,0.60747989,26.876965,3.18504527e-03
11,21,0.66822790,26.405737,1.66493672e-03
12,21,0.72897591,25.657553,4.70384939e-05
13,21,0.78972392,24.797155,6.79794862e-05
14,21,0.85047193,23.898869,1.61742110e-04
15,21,0.91121971,23.498860,1.86906158e-03
16,21,0.97196773,23.152693,9.01443158e-04
17,21,1.03271574,22.383900,8.12707174e-04
18,21,1.09346375,21.644234,9.74495724e-04
19,21,1.15421176,21.046957,4.49899537e-05
20,21,1.15421176,21.046957,4.49939604e-05
21,21,1.18458576,21.073704,3.87654648e-04
22,21,1.21495976,21.151135,9.35594783e-04
23,21,1.24533376,21.272787,1.36271493e-03
24,21,1.27570776,21.431236,1.66927724e-03
25,21,1.30608176,21.620872,1.87839323e-03
26,21,1.33645576,21.836738,2.01587629e-03
27,21,1.36682976,22.071762,2.10494655e-03
28,21,1.39720381,22.313546,2.17613180e-03
29,21,1.42757781,22.536639,2.23853572e-03
30,21,1.45795159,22.691833,2.16385903e-03
31,21,1.48832560,22.769124,1.79216871e-03
32,21,1.51869960,22.821543,1.44576151e-03
33,21,1.54907361,22.889667,1.29078197e-03
34,21,1.57944761,22.973538,1.22223001e-03
35,21,1.60982162,23.060279,1.19045876e-03
36,21,1.64019563,23.138866,1.17315412e-03
37,21,1.67056963,23.200885,1.16351317e-03
38,21,1.70094364,23.240748,1.15815079e-03
39,21,1.73131764,23.257778,1.15131056e-03
40,21,1.73131764,23.257778,1.15131088e-03
41,21,1.75279515,23.363574,1.24128243e-03
42,21,1.77427297,23.460692,1.16724115e-03
43,21,1.79575048,23.545156,1.10579817e-03
44,21,1.81722830,23.615361,1.05705004e-03
45,21,1.83870581,23.668453,1.02227048e-03
46,21,1.86018364,23.701726,1.00158740e-03
47,21,1.88166114,23.711972,9.94040672e-04
48,21,1.90313897,23.696751,9.99850391e-04
49,21,1.92461647,23.650097,1.00653103e-03
50,21,1.94609430,23.571672,1.00902927e-03
51,21,1.96757180,23.462903,9.99007906e-04
52,21,1.98904963,23.328636,9.70225910e-04
53,21,2.01052713,23.175980,9.17756696e-04
54,21,2.03200496,23.012961,8.35504754e-04
55,21,2.05348246,22.848150,7.15331610e-04
56,21,2.07496029,22.692025,5.50877130e-04
57,21,2.09643779,22.626957,1.85211673e-05
58,21,2.11791562,22.649126,1.25123327e-05
59,21,2.13939312,22.656596,1.09314497e-05
60,21,2.13939312,22.656596,1.09314453e-05
61,21,2.20382612,22.911679,6.38244294e-05
62,21,2.26825912,23.455868,6.06556053e-05
63,21,2.33269211,24.043157,5.73430698e-05
64,21,2.39712495,24.660444,5.43122573e-05
65,21,2.46155794,25.173926,4.59138658e-05
66,21,2.52599094,24.717697,2.19833276e-04
67,21,2.59042394,25.343338,1.38345079e-04
68,21,2.65485693,25.863116,2.65023275e-05
69,21,2.71928993,26.228472,1.68124022e-05
70,21,2.78372276,26.418898,1.81249118e-04
71,21,2.84815576,26.486913,4.78690912e-04
72,21,2.91258876,26.464948,8.56107928e-04
73,21,2.97702175,26.385902,1.30866123e-03
74,21,3.04145475,26.259967,1.86912795e-03
75,21,3.10588775,26.099173,2.57657539e-03
76,21,3.17032058,25.902922,3.48698142e-03
77,21,3.23475363,25.689537,7.64225418e-06
78,21,3.29918661,25.495657,2.63084501e-06
79,21,3.36361957,25.363619,8.68464727e-04
80,21,3.36361957,25.363619,6.35186978e-03
81,21,3.41622887,25.447532,3.93145872e-03
82,21,3.46883817,25.594530,1.53502808e-03
83,21,3.52144747,25.733949,1.50197520e-03
84,21,3.57405686,25.848360,8.88134010e-04
85,21,3.62666598,25.944110,6.51024290e-04
86,21,3.67927530,26.028329,1.06914311e-03
87,21,3.73188462,26.106734,1.59294002e-03
88,21,3.78449394,26.183305,1.08713565e-03
89,21,3.83710326,26.255734,6.93552398e-04
90,21,3.88971258,26.324500,1.13189724e-04
91,21,3.94232191,26.387080,3.57977918e-05
92,21,3.99493123,26.437494,1.28889508e-04
93,21,4.04754055,26.474462,9.03415352e-06
94,21,4.10014987,26.480839,4.70072418e-05
95,21,4.15275899,26.430445,8.43123507e-06
96,21,4.20536831,26.320427,5.76099244e-05
97,21,4.25797763,26.192302,6.20289149e-05
98,21,4.31058696,26.101870,7.17514788e-05
99,21,4.36319628,26.067566,4.27997779e-05
0,22,0.00000000,25.363619,3.43732001e-03
1,22,0.06074799,25.503351,1.57079388e-03
2,22,0.12149598,25.787483,1.32478507e-03
3,22,0.18224397,26.087826,1.07377659e-03
4,22,0.24299205,26.347003,8.46293873e-04
5,22,0.30373983,26.562253,6.73036806e-04
6,22,0.36448784,26.737882,5.45434734e-04
7,22,0.42523585,26.883133,4.46668818e-04
8,22,0.48598386,26.993302,3.59989525e-04
9,22,0.54673188,27.025880,2.94037858e-04
10,22,0.60747989,26.876965,2.18892947e-04
11,22,0.66822790,26.405737,1.05755233e-04
12,22,0.72897591,26.034017,1.02561454e-05
13,22,0.78972392,26.014247,5.86826981e-05
14,22,0.85047193,25.178366,3.56369607e-05
15,22,0.91121971,24.374642,1.42166709e-04
16,22,0.97196773,24.215365,1.16565803e-03
17,22,1.03271574,24.514305,1.30870586e-03
18,22,1.09346375,24.859204,1.16073984e-03
19,22,1.15421176,25.211164,1.91115900e-05
20,22,1.15421176,25.211164,1.93357598e-05
21,22,1.18458576,25.178431,2.01182784e-05
22,22,1.21495976,25.083573,2.37843052e-05
23,22,1.24533376,24.936273,2.94482371e-05
24,22,1.27570776,24.746664,3.57953915e-05
25,22,1.30608176,24.528516,3.77001187e-05
26,22,1.33645576,24.295400,3.25989482e-05
27,22,1.36682976,24.055358,2.01624369e-05
28,22,1.39720381,23.841194,5.14764841e-06
29,22,1.42757781,23.700900,1.66074810e-06
30,22,1.45795159,23.692700,3.26097556e-06
31,22,1.48832560,23.855653,8.20449817e-05
32,22,1.51869960,24.140703,2.51520293e-04
33,22,1.54907361,24.491723,4.27485068e-04
34,22,1.57944761,24.882486,5.95094495e-04
35,22,1.60982162,25.295801,7.63069058e-04
36,22,1.64019563,25.727328,9.34845250e-04
37,22,1.67056963,26.172742,1.11575892e-03
38,22,1.70094364,26.629800,1.30641993e-03
39,22,1.73131764,27.024139,8.77494166e-04
40,22,1.73131764,27.024139,8.77491516e-04
41,22,1.75279515,26.838394,1.63337417e-06
42,22,1.77427297,26.603535,3.10662971e-05
43,22,1.79575048,26.366862,7.01340965e-05
44,22,1.81722830,26.134892,9.95717066e-05
45,22,1.83870581,25.910882,1.18154975e-04
46,22,1.86018364,25.698555,1.25322979e-04
47,22,1.88166114,25.502116,1.20961584e-04
48,22,1.90313897,25.326365,1.06043311e-04
49,22,1.92461647,25.175715,8.54984825e-05
50,22,1.94609430,25.050418,6.41164733e-05
51,22,1.96757180,24.956432,4.90329288e-05
52,22,1.98904963,24.887718,4.10527356e-05
53,22,2.01052713,24.839081,3.86875924e-05
54,22,2.03200496,24.805864,3.95820927e-05
55,22,2.05348246,24.783482,4.17122675e-05
56,22,2.07496029,24.772327,4.39503844e-05
57,22,2.09643779,24.763110,4.58832348e-05
58,22,2.11791562,24.758058,4.72579128e-05
59,22,2.13939312,24.756516,4.79818454e-05
60,22,2.13939312,24.756516,4.79817880e-05
61,22,2.20382612,25.522379,4.42648410e-05
62,22,2.26825912,26.259932,2.64008359e-03
63,22,2.33269211,25.318197,2.50119495e-03
64,22,2.39712495,24.977049,1.87650325e-03
65,22,2.46155794,25.495073,8.87365310e-04
66,22,2.52599094,26.172390,3.86027695e-05
67,22,2.59042394,26.862656,3.92749808e-05
68,22,2.65485693,27.208603,1.95119971e-05
69,22,2.71928993,27.242286,1.27382845e-05
70,22,2.78372276,27.641812,2.52432674e-06
71,22,2.84815576,28.441738,1.86974498e-07
72,22,2.91258876,28.828195,1.36140591e-05
73,22,2.97702175,28.257150,9.07501782e-06
74,22,3.04145475,27.636578,7.15330031e-06
75,22,3.10588775,27.012338,5.93587985e-06
76,22,3.17032058,26.425725,4.74729302e-06
77,22,3.23475363,25.909233,3.17137525e-06
78,22,3.29918661,25.523749,1.16881404e-06
79,22,3.36361957,25.363619,5.99305786e-03
80,22,3.36361957,25.363619,5.09676503e-04
81,22,3.41622887,25.479985,1.67023125e-07
82,22,3.46883817,25.753881,3.65917438e-07
83,22,3.52144747,26.116222,5.84968980e-07
84,22,3.57405686,26.513705,7.90822440e-07
85,22,3.62666598,26.931057,9.72606253e-07
86,22,3.67927530,27.319888,1.06209625e-06
87,22,3.73188462,27.670269,9.42598600e-07
88,22,3.78449394,27.920407,3.40471590e-07
89,22,3.83710326,27.820326,4.96692276e-07
90,22,3.88971258,27.183725,3.39347984e-06
91,22,3.94232191,26.387080,5.33681759e-04
92,22,3.99493123,26.437494,2.59872931e-04
93,22,4.04754055,26.474462,2.35329300e-04
94,22,4.10014987,26.480839,1.01852951e-04
95,22,4.15275899,26.430445,7.88827622e-05
96,22,4.20536831,26.320427,4.37664815e-06
97,22,4.25797763,26.192302,1.10994476e-05
98,22,4.31058696,26.101870,3.26428010e-05
99,22,4.36319628,26.067566,7.87441179e-05
0,23,0.00000000,28.862843,5.73809675e-03
1,23,0.06074799,28.960004,5.45280271e-03
2,23,0.12149598,29.239397,5.17980801e-03
3,23,0.18224397,29.697813,4.78290162e-03
4,23,0.24299205,30.310506,4.32705161e-03
5,23,0.30373983,31.053175,3.88156055e-03
6,23,0.36448784,31.691542,2.40669683e-03
7,23,0.42523585,30.992835,1.24178486e-05
8,23,0.48598386,30.176855,1.31625430e-04
9,23,0.54673188,29.394471,6.18670658e-04
10,23,0.60747989,28.772326,1.96473139e-03
11,23,0.66822790,28.339023,3.82321444e-04
12,23,0.72897591,27.415327,1.90209702e-04
13,23,0.78972392,27.359483,6.31083213e-06
14,23,0.85047193,27.020546,1.66513964e-05
15,23,0.91121971,26.651309,5.27930929e-05
16,23,0.97196773,26.280733,2.05446495e-04
17,23,1.03271574,25.920249,4.27175155e-04
18,23,1.09346375,25.565110,6.79931385e-04
19,23,1.15421176,25.211164,1.84994229e-03
20,23,1.15421176,25.211164,1.84971922e-03
21,23,1.18458576,25.178431,1.86566743e-03
22,23,1.21495976,25.083573,1.90055746e-03
23,23,1.24533376,24.936273,1.93113643e-03
24,23,1.27570776,24.746664,1.92418622e-03
25,23,1.30608176,24.528517,1.86675400e-03
26,23,1.33645576,24.295400,1.74608571e-03
27,23,1.36682976,24.055358,1.54379095e-03
28,23,1.39720381,23.841194,1.24449174e-03
29,23,1.42757781,23.700900,8.55426918e-04
30,23,1.45795159,23.692700,6.15750463e-04
31,23,1.48832560,23.855653,6.82637436e-04
32,23,1.51869960,24.140703,7.85499857e-04
33,23,1.54907361,24.491723,8.34881409e-04
34,23,1.57944761,24.882486,8.41692429e-04
35,23,1.60982162,25.295801,8.28355325e-04
36,23,1.64019563,25.727328,8.03710739e-04
37,23,1.67056963,26.172742,7.71047023e-04
38,23,1.70094364,26.629800,7.19281727e-04
39,23,1.73131764,27.024139,1.72890160e-04
40,23,1.73131764,27.024139,1.72893134e-04
41,23,1.75279515,26.872088,1.38290052e-04
42,23,1.77427297,26.661498,1.05019401e-04
43,23,1.79575048,26.459189,9.36603291e-05
44,23,1.81722830,26.269853,8.74423999e-05
45,23,1.83870581,26.094810,8.36780805e-05
46,23,1.86018364,25.936081,8.11716432e-05
47,23,1.88166114,25.795638,7.92660990e-05
48,23,1.90313897,25.675696,7.72235881e-05
49,23,1.92461647,25.577271,7.49524066e-05
50,23,1.94609430,25.501174,7.13415705e-05
51,23,1.96757180,25.448710,6.65741370e-05
52,23,1.98904963,25.418224,5.98077198e-05
53,23,2.01052713,25.406383,5.12877502e-05
54,23,2.03200496,25.410721,4.05139374e-05
55,23,2.05348246,25.425140,2.88606905e-05
56,23,2.07496029,25.447643,1.76932892e-05
57,23,2.09643779,25.465617,8.36641150e-06
58,23,2.11791562,25.478248,2.25118264e-06
59,23,2.13939312,25.483119,1.69273593e-07
60,23,2.13939312,25.483119,1.69275932e-07
61,23,2.20382612,26.185011,8.40794568e-07
62,23,2.26825912,26.332487,4.17496340e-05
63,23,2.33269211,27.162505,3.97252661e-05
64,23,2.39712495,26.798946,5.03014838e-07
65,23,2.46155794,25.898424,7.31908439e-06
66,23,2.52599094,26.331204,3.70079150e-04
67,23,2.59042394,27.276904,1.27118145e-04
68,23,2.65485693,27.596942,3.75447930e-05
69,23,2.71928993,28.311669,3.57322668e-05
70,23,2.78372276,28.918208,3.32051672e-05
71,23,2.84815576,29.147188,2.41781814e-05
72,23,2.91258876,29.387188,2.99779131e-07
73,23,2.97702175,30.320205,7.24587132e-04
74,23,3.04145475,30.036131,1.44368774e-03
75,23,3.10588775,29.687085,1.98241987e-03
76,23,3.17032058,29.357556,2.29986812e-03
77,23,3.23475363,29.093574,2.43502931e-03
78,23,3.29918661,28.924367,2.46432173e-03
79,23,3.36361957,28.862843,7.29768528e-03
80,23,3.36361957,28.862843,1.07223957e-03
81,23,3.41622887,28.874768,3.21917860e-11
82,23,3.46883817,28.899725,1.16279499e-10
83,23,3.52144747,28.941168,2.54114567e-10
84,23,3.57405686,28.998800,4.45718904e-10
85,23,3.62666598,29.072198,6.91677269e-10
86,23,3.67927530,29.160729,9.86923193e-10
87,23,3.73188462,29.263596,1.33025760e-09
88,23,3.78449394,29.380314,1.72200797e-09
89,23,3.83710326,29.036216,7.60754514e-06
90,23,3.88971258,29.070822,6.50785427e-06
91,23,3.94232191,29.251610,6.01723525e-06
92,23,3.99493123,29.410280,5.90256395e-06
93,23,4.04754055,28.710297,3.31725976e-04
94,23,4.10014987,28.078537,2.23181213e-04
95,23,4.15275899,27.601533,1.76984737e-05
96,23,4.20536831,27.315426,4.25640512e-05
97,23,4.25797763,27.181962,6.28833432e-05
98,23,4.31058696,27.129888,7.56893896e-05
99,23,4.36319628,27.115447,2.02477553e-05
0,24,0.00000000,28.862843,1.65507107e-03
1,24,0.06074799,28.960004,6.60525741e-04
2,24,0.12149598,29.239397,7.85197715e-04
3,24,0.18224397,29.697813,9.51113984e-04
4,24,0.24299205,30.310506,1.13801366e-03
5,24,0.30373983,31.053175,1.30378930e-03
6,24,0.36448784,31.691542,3.58356503e-04
7,24,0.42523585,30.992835,7.18823354e-04
8,24,0.48598386,30.176855,3.88526862e-04
9,24,0.54673188,29.394471,1.71497737e-04
10,24,0.60747989,28.772326,4.90609912e-05
11,24,0.66822790,28.350921,1.29004884e-03
12,24,0.72897591,27.842838,5.79230968e-04
13,24,0.78972392,27.411034,1.65498366e-04
14,24,0.85047193,28.261352,4.86316548e-05
15,24,0.91121971,28.796354,7.55113160e-03
16,24,0.97196773,28.931455,8.13324288e-03
17,24,1.03271574,29.038756,8.61719867e-03
18,24,1.09346375,29.111063,8.94996934e-03
19,24,1.15421176,29.136372,9.07020356e-03
20,24,1.15421176,29.136372,9.07054075e-03
21,24,1.18458576,29.162416,8.83896595e-03
22,24,1.21495976,29.236950,8.21990225e-03
23,24,1.24533376,29.350410,7.46339743e-03
24,24,1.27570776,29.489349,6.63006651e-03
25,24,1.30608176,29.638639,5.76734894e-03
26,24,1.33645576,29.781450,5.32460910e-03
27,24,1.36682976,29.895117,3.68040073e-03
28,24,1.39720381,29.962737,2.57177348e-03
29,24,1.42757781,29.964432,2.19435115e-03
30,24,1.45795159,29.894462,1.85416291e-03
31,24,1.48832560,29.766048,1.54463830e-03
32,24,1.51869960,29.599505,1.28616557e-03
33,24,1.54907361,29.410687,1.03733333e-03
34,24,1.57944761,29.193485,7.18310908e-04
35,24,1.60982162,28.902836,3.26564919e-04
36,24,1.64019563,28.506547,1.27159586e-04
37,24,1.67056963,28.052925,7.03446566e-05
38,24,1.70094364,27.585367,2.17363866e-05
39,24,1.73131764,27.187755,5.03559104e-04
40,24,1.73131764,27.187755,5.03598260e-04
41,24,1.75279515,27.194277,1.82538008e-03
42,24,1.77427297,27.251582,1.87450303e-03
43,24,1.79575048,27.321718,1.90118650e-03
44,24,1.81722830,27.398215,1.92940014e-03
45,24,1.83870581,27.480000,1.96071328e-03
46,24,1.86018364,27.566510,1.99588641e-03
47,24,1.88166114,27.657198,2.03572112e-03
48,24,1.90313897,27.751504,2.07930984e-03
49,24,1.92461647,27.848299,2.13067610e-03
50,24,1.94609430,27.948349,2.18835898e-03
51,24,1.96757180,28.046753,2.25323140e-03
52,24,1.98904963,28.143582,2.32472492e-03
53,24,2.01052713,28.236651,2.40300560e-03
54,24,2.03200496,28.323752,2.48412496e-03
55,24,2.05348246,28.401877,2.56534134e-03
56,24,2.07496029,28.468742,2.64016968e-03
57,24,2.09643779,28.519072,2.70277856e-03
58,24,2.11791562,28.550746,2.74379652e-03
59,24,2.13939312,28.561970,2.75579355e-03
60,24,2.13939312,28.561970,2.75579361e-03
61,24,2.20382612,27.375306,2.73903063e-03
62,24,2.26825912,26.931171,3.07095874e-06
63,24,2.33269211,27.566799,9.92714197e-06
64,24,2.39712495,27.716405,1.64009398e-05
65,24,2.46155794,27.599945,1.84759876e-05
66,24,2.52599094,27.446804,2.01304180e-05
67,24,2.59042394,27.306253,2.09183006e-05
68,24,2.65485693,28.290491,4.29627308e-05
69,24,2.71928993,29.343464,6.05700404e-05
70,24,2.78372276,29.933308,6.74818475e-04
71,24,2.84815576,30.294030,9.31208725e-05
72,24,2.91258876,30.437136,1.06791698e-04
73,24,2.97702175,30.366711,4.46202459e-07
74,24,3.04145475,30.944938,5.75795486e-03
75,24,3.10588775,30.285539,5.62948170e-03
76,24,3.17032058,29.716686,5.40472449e-03
77,24,3.23475363,29.266051,5.16997532e-03
78,24,3.29918661,28.971073,4.99514827e-03
79,24,3.36361957,28.862843,9.54845894e-05
80,24,3.36361957,28.862843,6.32092794e-03
81,24,3.41622887,28.996058,3.55020951e-03
82,24,3.46883817,29.358471,6.87768331e-05
83,24,3.52144747,29.896097,7.55328324e-03
84,24,3.57405686,30.542130,3.95792664e-03
85,24,3.62666598,31.242488,5.93639818e-03
86,24,3.67927530,31.093611,3.13513360e-06
87,24,3.73188462,30.265120,4.40733544e-06
88,24,3.78449394,29.495746,6.33583986e-06
89,24,3.83710326,29.508301,2.15494303e-09
90,24,3.88971258,29.646337,2.62741238e-09
91,24,3.94232191,29.792050,3.13947571e-09
92,24,3.99493123,29.446258,3.09298210e-04
93,24,4.04754055,28.710297,1.49120756e-04
94,24,4.10014987,28.078537,2.23537003e-04
95,24,4.15275899,27.601533,3.06589386e-04
96,24,4.20536831,27.315426,1.50649450e-04
97,24,4.25797763,27.181962,4.98709331e-05
98,24,4.31058696,27.129888,6.19360655e-07
99,24,4.36319628,27.115447,4.61002879e-05
0,25,0.00000000,28.862843,3.79144517e-12
1,25,0.06074799,29.038018,1.21338471e-03
2,25,0.12149598,29.488888,1.16890297e-03
3,25,0.18224397,30.114103,1.10891731e-03
4,25,0.24299205,30.829552,1.02801343e-03
5,25,0.30373983,31.583733,9.16429305e-04
6,25,0.36448784,31.983872,4.23475050e-03
7,25,0.42523585,31.219780,4.05728641e-03
8,25,0.48598386,30.430381,3.66285704e-03
9,25,0.54673188,29.660967,3.02701923e-03
10,25,0.60747989,28.956807,2.18416395e-03
11,25,0.66822790,28.466331,3.93315939e-03
12,25,0.72897591,28.428536,5.32545682e-03
13,25,0.78972392,28.520940,6.21670451e-03
14,25,0.85047193,28.652034,6.92201091e-03
15,25,0.91121971,28.796354,1.03096070e-05
16,25,0.97196773,28.931455,4.31011717e-06
17,25,1.03271574,29.038756,3.02300337e-06
18,25,1.09346375,29.111063,1.50890594e-06
19,25,1.15421176,29.136372,4.68645068e-07
20,25,1.15421176,29.136372,1.25313829e-07
21,25,1.18458576,29.162416,1.61161426e-04
22,25,1.21495976,29.236950,5.77291875e-04
23,25,1.24533376,29.350410,1.01666646e-03
24,25,1.27570776,29.489349,1.43101762e-03
25,25,1.30608176,29.638639,1.76720902e-03
26,25,1.33645576,29.781450,1.54731046e-03
27,25,1.36682976,29.895117,2.33679968e-03
28,25,1.39720381,29.962737,2.39911278e-03
29,25,1.42757781,29.964432,1.62535021e-03
30,25,1.45795159,29.894462,9.07752101e-04
31,25,1.48832560,29.766048,4.39763235e-04
32,25,1.51869960,29.599505,1.66961232e-04
33,25,1.54907361,29.410687,3.31936234e-05
34,25,1.57944761,29.193485,9.78110331e-07
35,25,1.60982162,28.902836,9.83829647e-06
36,25,1.64019563,28.506547,3.24811541e-06
37,25,1.67056963,28.052925,2.59157352e-05
38,25,1.70094364,27.585367,1.11674099e-04
39,25,1.73131764,27.187755,8.21241561e-04
40,25,1.73131764,27.187755,8.21202446e-04
41,25,1.75279515,27.524002,6.05419918e-04
42,25,1.77427297,27.928547,7.65084603e-04
43,25,1.79575048,28.321513,8.56791113e-04
44,25,1.81722830,28.530189,2.72771380e-04
45,25,1.83870581,28.495874,8.83391869e-05
46,25,1.86018364,28.442060,6.53902895e-05
47,25,1.88166114,28.394493,6.31341023e-05
48,25,1.90313897,28.358390,6.69969973e-05
49,25,1.92461647,28.334094,7.49257228e-05
50,25,1.94609430,28.324166,8.59570883e-05
51,25,1.96757180,28.330203,9.84902958e-05
52,25,1.98904963,28.353989,1.12766862e-04
53,25,2.01052713,28.397191,1.28466698e-04
54,25,2.03200496,28.461600,1.45395432e-04
55,25,2.05348246,28.548423,1.63315034e-04
56,25,2.07496029,28.663635,1.83693595e-04
57,25,2.09643779,28.797085,2.06577871e-04
58,25,2.11791562,28.950793,2.45243127e-04
59,25,2.13939312,29.086369,4.09101768e-04
60,25,2.13939312,29.086369,4.09103693e-04
61,25,2.20382612,28.815053,4.52837866e-06
62,25,2.26825912,28.547008,5.24730172e-06
63,25,2.33269211,27.855770,5.47747419e-07
64,25,2.39712495,28.017786,3.84361705e-05
65,25,2.46155794,28.854504,3.69439730e-05
66,25,2.52599094,28.915760,1.32614116e-03
67,25,2.59042394,28.998441,1.50551210e-03
68,25,2.65485693,29.193820,1.54623542e-03
69,25,2.71928993,29.523370,1.27640007e-03
70,25,2.78372276,30.420690,1.35095416e-04
71,25,2.84815576,30.790386,4.61277779e-06
72,25,2.91258876,31.223279,1.16353287e-05
73,25,2.97702175,31.656134,5.57946310e-03
74,25,3.04145475,31.337131,4.42190290e-07
75,25,3.10588775,31.582464,6.10227843e-06
76,25,3.17032058,30.603558,3.31926765e-06
77,25,3.23475363,29.735297,1.47475689e-06
78,25,3.29918661,29.104092,3.60558421e-07
79,25,3.36361957,28.862843,4.10967402e-12
80,25,3.36361957,28.862843,3.27794005e-11
81,25,3.41622887,28.996058,3.96245063e-03
82,25,3.46883817,29.358471,7.65636189e-03
83,25,3.52144747,29.896097,2.23121567e-04
84,25,3.57405686,30.542130,3.53291866e-03
85,25,3.62666598,31.242488,8.56574750e-04
86,25,3.67927530,31.900709,1.50844702e-03
87,25,3.73188462,32.376224,2.49431464e-03
88,25,3.78449394,32.354343,1.63527913e-05
89,25,3.83710326,31.804075,4.96548013e-05
90,25,3.88971258,31.048898,5.11672759e-06
91,25,3.94232191,30.241970,1.74985797e-05
92,25,3.99493123,29.446258,7.16582354e-05
93,25,4.04754055,29.489367,5.87342011e-06
94,25,4.10014987,29.445315,5.78966061e-06
95,25,4.15275899,29.234076,5.60425240e-06
96,25,4.20536831,28.867004,5.44907004e-06
97,25,4.25797763,28.402247,5.52483938e-06
98,25,4.31058696,27.963766,5.90895133e-06
99,25,4.36319628,27.765535,6.23317089e-06
0,26,0.00000000,34.511773,7.72681160e-03
1,26,0.06074799,34.458467,4.11632635e-03
2,26,0.12149598,34.194862,1.96197121e-03
3,26,0.18224397,33.774737,1.72178918e-03
4,26,0.24299205,33.223151,8.88551088e-04
5,26,0.30373983,32.568430,6.55844975e-04
6,26,0.36448784,32.004451,3.04920712e-03
7,26,0.42523585,32.592182,1.55769539e-03
8,26,0.48598386,31.510244,1.21368368e-03
9,26,0.54673188,30.434592,8.97830103e-04
10,26,0.60747989,29.375039,6.17529094e-04
11,26,0.66822790,28.466331,2.72256181e-05
12,26,0.72897591,28.428536,3.04616641e-05
13,26,0.78972392,28.520940,2.59895928e-05
14,26,0.85047193,28.652034,1.79629528e-05
15,26,0.91121971,29.336263,1.69510633e-04
16,26,0.97196773,30.476652,3.09623081e-04
17,26,1.03271574,31.639578,4.31944974e-04
18,26,1.09346375,32.774841,4.99624263e-04
19,26,1.15421176,33.718480,3.00135074e-06
20,26,1.15421176,33.718480,1.27236412e-06
21,26,1.18458576,33.482166,3.16181157e-04
22,26,1.21495976,33.206008,4.76503987e-04
23,26,1.24533376,32.927413,6.15361743e-04
24,26,1.27570776,32.652498,5.86734466e-04
25,26,1.30608176,32.389063,6.45669476e-04
26,26,1.33645576,32.147210,7.81466857e-04
27,26,1.36682976,31.939772,9.92232951e-04
28,26,1.39720381,31.785389,1.24193519e-03
29,26,1.42757781,31.693960,1.26510444e-03
30,26,1.45795159,31.610463,5.08829004e-05
31,26,1.48832560,31.229248,2.54751467e-04
32,26,1.51869960,30.742621,1.94437351e-04
33,26,1.54907361,30.257652,1.13115851e-04
34,26,1.57944761,29.806466,2.70168856e-05
35,26,1.60982162,29.441301,3.72935192e-05
36,26,1.64019563,29.213696,5.05080565e-04
37,26,1.67056963,29.080602,7.45125451e-04
38,26,1.70094364,29.007643,6.70312535e-04
39,26,1.73131764,28.983956,5.34002315e-04
40,26,1.73131764,28.983956,5.33917582e-04
41,26,1.75279515,28.878086,2.06253696e-06
42,26,1.77427297,28.784048,6.13587102e-06
43,26,1.79575048,28.717795,5.97066116e-05
44,26,1.81722830,28.849012,7.77901719e-04
45,26,1.83870581,29.235294,1.14792916e-03
46,26,1.86018364,29.652323,1.35246575e-03
47,26,1.88166114,30.072605,1.54874384e-03
48,26,1.90313897,30.455125,1.89782784e-04
49,26,1.92461647,30.640356,1.01242404e-04
50,26,1.94609430,30.781739,3.07335715e-05
51,26,1.96757180,30.863676,1.64224401e-05
52,26,1.98904963,30.692553,3.83722834e-04
53,26,2.01052713,30.463305,3.11841306e-04
54,26,2.03200496,30.229615,2.70990485e-04
55,26,2.05348246,29.995671,2.43821679e-04
56,26,2.07496029,29.766921,2.20500465e-04
57,26,2.09643779,29.545612,1.97807531e-04
58,26,2.11791562,29.338089,1.59910991e-04
59,26,2.13939312,29.185799,3.24175270e-06
60,26,2.13939312,29.185799,3.24170299e-06
61,26,2.20382612,29.054437,5.22421839e-04
62,26,2.26825912,28.899742,3.03035116e-07
63,26,2.33269211,28.471490,2.53748976e-06
64,26,2.39712495,28.920721,3.49204077e-07
65,26,2.46155794,28.905683,1.11954062e-03
66,26,2.52599094,29.667882,3.47257859e-05
67,26,2.59042394,30.413969,3.04039728e-05
68,26,2.65485693,30.972555,2.05932216e-05
69,26,2.71928993,31.089831,6.27179637e-06
70,26,2.78372276,30.845718,7.91633456e-08
71,26,2.84815576,31.506866,1.57647478e-04
72,26,2.91258876,32.290367,2.44942376e-03
73,26,2.97702175,31.860454,1.29208808e-05
74,26,3.04145475,32.512197,1.05562842e-05
75,26,3.10588775,32.267749,4.92676942e-07
76,26,3.17032058,33.120756,3.03205049e-07
77,26,3.23475363,33.845097,1.47279649e-07
78,26,3.29918661,34.358796,4.05228457e-08
79,26,3.36361957,34.511773,3.99295746e-04
80,26,3.36361957,34.511773,4.65054102e-03
81,26,3.41622887,34.401500,1.86891975e-07
82,26,3.46883817,33.992336,5.70040135e-07
83,26,3.52144747,33.401549,1.03351366e-06
84,26,3.57405686,32.693703,1.56926128e-06
85,26,3.62666598,31.913848,2.24412364e-06
86,26,3.67927530,31.900709,4.12137659e-03
87,26,3.73188462,32.376224,1.58205645e-03
88,26,3.78449394,32.354343,1.85887234e-03
89,26,3.83710326,31.804075,2.36302924e-04
90,26,3.88971258,31.048898,9.80581517e-06
91,26,3.94232191,30.241970,1.65227852e-04
92,26,3.99493123,29.942367,3.67351039e-09
93,26,4.04754055,30.093334,4.22990463e-09
94,26,4.10014987,30.244057,4.78993411e-09
95,26,4.15275899,30.379970,5.33345052e-09
96,26,4.20536831,30.498004,5.82397027e-09
97,26,4.25797763,30.590270,6.22498006e-09
98,26,4.31058696,30.649333,6.49159826e-09
99,26,4.36319628,30.669515,6.58510115e-09
0,27,0.00000000,34.511773,5.22442400e-04
1,27,0.06074799,34.460322,7.19220132e-04
2,27,0.12149598,34.194862,1.57493063e-03
3,27,0.18224397,33.774737,1.20411881e-03
4,27,0.24299205,33.223151,1.35411617e-03
5,27,0.30373983,32.568430,9.30654114e-04
6,27,0.36448784,32.004451,9.42009704e-05
7,27,0.42523585,32.777105,3.37108095e-03
8,27,0.48598386,33.668907,3.85223037e-04
9,27,0.54673188,34.182476,2.02914369e-04
10,27,0.60747989,34.576303,7.25162146e-05
11,27,0.66822790,34.579116,1.24427359e-04
12,27,0.72897591,34.579021,8.44194056e-05
13,27,0.78972392,34.643305,5.07752017e-05
14,27,0.85047193,34.723939,9.85203363e-04
15,27,0.91121971,34.390600,2.15373190e-03
16,27,0.97196773,34.109945,4.91371884e-04
17,27,1.03271574,33.897408,4.57172988e-04
18,27,1.09346375,33.764042,1.29788610e-04
19,27,1.15421176,33.718480,1.08843181e-03
20,27,1.15421176,33.718480,1.09015783e-03
21,27,1.18458576,33.482166,5.75108040e-04
22,27,1.21495976,33.206008,3.26352916e-04
23,27,1.24533376,32.927413,1.55895634e-04
24,27,1.27570776,32.652498,2.15559777e-04
25,27,1.30608176,32.389063,2.66231739e-04
26,27,1.33645576,32.147210,3.48507180e-04
27,27,1.36682976,31.939772,5.07282017e-04
28,27,1.39720381,31.785389,7.65116663e-04
29,27,1.42757781,31.693960,1.19971727e-03
30,27,1.45795159,31.610463,1.44515921e-03
31,27,1.48832560,31.229248,5.11454021e-06
32,27,1.51869960,30.742621,8.17932209e-05
33,27,1.54907361,30.257652,2.25906820e-04
34,27,1.57944761,29.806466,4.52091826e-04
35,27,1.60982162,29.441301,6.71462415e-04
36,27,1.64019563,29.213696,2.92484372e-04
37,27,1.67056963,29.080602,1.27008540e-05
38,27,1.70094364,29.007643,1.48876035e-05
39,27,1.73131764,28.983956,6.69604004e-05
40,27,1.73131764,28.983956,6.70456161e-05
41,27,1.75279515,29.107996,5.39697411e-04
42,27,1.77427297,29.256555,4.89964891e-04
43,27,1.79575048,29.426621,4.47426444e-04
44,27,1.81722830,29.614860,4.08960703e-04
45,27,1.83870581,29.817575,3.70127810e-04
46,27,1.86018364,30.030051,3.25057036e-04
47,27,1.88166114,30.245574,2.66902877e-04
48,27,1.90313897,30.488355,1.75573048e-03
49,27,1.92461647,30.865333,1.91154145e-03
50,27,1.94609430,31.031888,1.20085674e-03
51,27,1.96757180,30.900793,5.63045551e-04
52,27,1.98904963,30.888122,4.83162385e-05
53,27,2.01052713,30.872018,8.42906961e-05
54,27,2.03200496,30.832960,9.78492721e-05
55,27,2.05348246,30.785112,8.75419649e-05
56,27,2.07496029,30.739356,6.22037876e-05
57,27,2.09643779,30.700471,3.19231462e-05
58,27,2.11791562,30.674952,8.94843513e-06
59,27,2.13939312,30.666272,1.90810884e-06
60,27,2.13939312,30.666272,1.90810593e-06
61,27,2.20382612,29.872566,6.90992690e-07
62,27,2.26825912,29.017302,6.47313702e-04
63,27,2.33269211,28.974984,7.84948709e-04
64,27,2.39712495,28.931165,9.38110087e-04
65,27,2.46155794,29.678888,3.24297034e-06
66,27,2.52599094,30.482209,6.91921294e-06
67,27,2.59042394,31.274662,1.11497128e-05
68,27,2.65485693,32.031174,1.59411697e-05
69,27,2.71928993,32.713333,2.09200337e-05
70,27,2.78372276,33.274220,2.53140412e-05
71,27,2.84815576,33.286959,6.19439284e-03
72,27,2.91258876,32.821679,4.61910822e-03
73,27,2.97702175,33.263482,1.70798071e-05
74,27,3.04145475,32.521286,1.15068104e-05
75,27,3.10588775,33.152416,8.97206975e-06
76,27,3.17032058,33.709250,5.98127527e-06
77,27,3.23475363,34.152758,3.06408757e-06
78,27,3.29918661,34.443120,8.61291521e-07
79,27,3.36361957,34.511773,7.75219036e-03
80,27,3.36361957,34.511773,3.48503628e-03
81,27,3.41622887,34.524829,3.77525106e-03
82,27,3.46883817,34.444721,7.26693567e-03
83,27,3.52144747,34.317124,1.12964066e-03
84,27,3.57405686,34.147650,3.73192074e-03
85,27,3.62666598,33.943632,2.04147453e-03
86,27,3.67927530,33.715177,1.35456162e-03
87,27,3.73188462,33.503080,7.38509045e-04
88,27,3.78449394,33.412873,2.34594142e-03
89,27,3.83710326,33.235522,5.53299479e-04
90,27,3.88971258,32.979007,3.73233375e-03
91,27,3.94232191,32.738187,5.19436925e-03
92,27,3.99493123,32.525081,3.05456211e-03
93,27,4.04754055,32.344407,2.65556598e-04
94,27,4.10014987,32.195695,2.46492823e-03
95,27,4.15275899,32.079845,4.23601551e-03
96,27,4.20536831,32.004916,4.22579471e-03
97,27,4.25797763,31.957067,3.81822015e-03
98,27,4.31058696,31.935305,3.67413526e-03
99,27,4.36319628,31.928747,5.37826992e-03
0,28,0.00000000,34.511773,2.04964012e-05
1,28,0.06074799,34.460322,3.24911672e-03
2,28,0.12149598,34.198104,4.08195429e-03
3,28,0.18224397,33.803314,4.09871288e-03
4,28,0.24299205,33.295155,4.17090086e-03
5,28,0.30373983,32.684738,4.24447227e-03
6,28,0.36448784,32.325538,7.67101676e-04
7,28,0.42523585,32.777105,1.09970935e-03
8,28,0.48598386,33.695163,3.34907632e-03
9,28,0.54673188,34.612575,2.32658030e-03
10,28,0.60747989,34.650706,1.70142554e-04
11,28,0.66822790,34.856237,1.03711064e-05
12,28,0.72897591,35.042882,9.48622268e-06
13,28,0.78972392,35.105654,3.11941824e-03
14,28,0.85047193,34.723939,2.17479808e-03
15,28,0.91121971,34.390600,4.58198566e-04
16,28,0.97196773,34.109945,1.56308862e-03
17,28,1.03271574,33.897408,1.10342743e-03
18,28,1.09346375,33.764042,1.08620285e-03
19,28,1.15421176,33.792977,1.98920568e-05
20,28,1.15421176,33.792977,1.94416657e-05
21,28,1.18458576,34.018990,2.99306417e-06
22,28,1.21495976,34.264924,1.56149580e-05
23,28,1.24533376,34.495166,1.19379053e-04
24,28,1.27570776,34.547114,1.41694076e-03
25,28,1.30608176,34.170726,8.79635307e-04
26,28,1.33645576,33.735839,7.28278515e-04
27,28,1.36682976,33.272462,6.05727020e-04
28,28,1.39720381,32.786991,5.02376222e-04
29,28,1.42757781,32.303053,3.93568647e-04
30,28,1.45795159,31.878186,8.96614678e-04
31,28,1.48832560,31.806267,2.61894674e-03
32,28,1.51869960,31.875952,2.38534051e-03
33,28,1.54907361,31.972568,2.07153996e-03
34,28,1.57944761,32.073371,1.81463013e-03
35,28,1.60982162,32.166291,1.39703051e-03
36,28,1.64019563,32.245126,1.23496531e-03
37,28,1.67056963,32.305028,9.31107099e-04
38,28,1.70094364,32.351586,9.51238844e-04
39,28,1.73131764,32.373828,1.70691465e-04
40,28,1.73131764,32.373828,7.79034377e-04
41,28,1.75279515,32.329042,1.77773069e-03
42,28,1.77427297,32.269182,1.76790406e-03
43,28,1.79575048,32.214922,1.76865333e-03
44,28,1.81722830,32.159778,1.77884853e-03
45,28,1.83870581,32.104051,1.80025162e-03
46,28,1.86018364,31.986948,9.44558897e-05
47,28,1.88166114,31.831377,6.23320362e-05
48,28,1.90313897,31.665530,1.89022522e-05
49,28,1.92461647,31.519815,2.86924834e-05
50,28,1.94609430,31.568741,9.03486377e-04
51,28,1.96757180,31.903940,1.73266599e-03
52,28,1.98904963,32.304351,2.11347763e-03
53,28,2.01052713,32.605453,2.03233438e-03
54,28,2.03200496,32.883209,2.02419064e-03
55,28,2.05348246,33.181535,2.05548062e-03
56,28,2.07496029,33.495461,2.13938732e-03
57,28,2.09643779,33.807049,2.30797209e-03
58,28,2.11791562,34.101581,2.70282042e-03
59,28,2.13939312,34.276019,3.47628810e-03
60,28,2.13939312,34.276019,3.47627678e-03
61,28,2.20382612,34.238794,4.13453728e-03
62,28,2.26825912,34.101032,4.22979118e-03
63,28,2.33269211,33.991910,4.35431698e-03
64,28,2.39712495,33.913977,4.45875650e-03
65,28,2.46155794,33.883303,4.54981525e-03
66,28,2.52599094,33.882325,4.56260796e-03
67,28,2.59042394,33.452410,7.38062644e-06
68,28,2.65485693,33.113562,1.50098353e-05
69,28,2.71928993,33.196963,2.67121594e-05
70,28,2.78372276,33.709205,3.03893918e-05
71,28,2.84815576,33.638981,2.71995322e-05
72,28,2.91258876,33.667590,2.41431581e-05
73,28,2.97702175,33.794802,2.04370130e-03
74,28,3.04145475,34.257888,3.73225097e-03
75,28,3.10588775,34.377060,5.60118451e-03
76,28,3.17032058,34.457441,6.88422542e-03
77,28,3.23475363,34.509254,7.68687224e-03
78,28,3.29918661,34.538801,8.12720894e-03
79,28,3.36361957,34.511773,1.18266908e-04
80,28,3.36361957,34.511773,1.34268454e-04
81,28,3.41622887,34.524829,4.41611575e-03
82,28,3.46883817,34.444721,6.92267180e-04
83,28,3.52144747,34.317124,6.43439291e-03
84,28,3.57405686,34.147650,3.24745304e-03
85,28,3.62666598,33.943633,4.08272959e-03
86,28,3.67927530,33.715177,3.49492202e-03
87,28,3.73188462,33.503080,2.31117272e-03
88,28,3.78449394,33.412873,5.07715486e-04
89,28,3.83710326,33.235522,4.75112165e-03
90,28,3.88971258,32.979007,2.37842754e-03
91,28,3.94232191,32.738187,9.21752511e-04
92,28,3.99493123,32.525081,2.91524561e-03
93,28,4.04754055,32.344408,5.58335131e-03
94,28,4.10014987,32.195695,3.36595694e-03
95,28,4.15275899,32.079845,1.70887785e-03
96,28,4.20536831,32.004916,1.95144375e-03
97,28,4.25797763,31.957067,2.75551964e-03
98,28,4.31058696,31.935305,3.32502479e-03
99,28,4.36319628,31.928747,1.82389316e-03
0,29,0.00000000,37.687382,1.73272722e-05
1,29,0.06074799,37.755726,2.61648585e-05
2,29,0.12149598,37.521813,3.70918739e-03
3,29,0.18224397,36.703250,3.20924336e-03
4,29,0.24299205,35.753144,2.74428135e-03
5,29,0.30373983,34.730768,2.31942773e-03
6,29,0.36448784,33.670225,1.92597197e-03
7,29,0.42523585,33.023397,5.83866937e-04
8,29,0.48598386,33.695163,7.91513521e-04
9,29,0.54673188,34.612575,1.30870152e-03
10,29,0.60747989,35.486501,1.07445016e-03
11,29,0.66822790,35.868751,2.62460452e-03
12,29,0.72897591,35.516184,1.28165211e-03
13,29,0.78972392,35.105654,4.99413460e-04
14,29,0.85047193,34.744721,2.59376627e-05
15,29,0.91121971,34.861266,1.66838327e-05
16,29,0.97196773,34.942586,3.78978179e-05
17,29,1.03271574,34.887789,1.25184815e-04
18,29,1.09346375,34.537368,3.03161528e-04
19,29,1.15421176,33.792977,9.10307703e-04
20,29,1.15421176,33.792977,9.10754211e-04
21,29,1.18458576,34.018990,1.18126227e-03
22,29,1.21495976,34.264924,1.42787450e-03
23,29,1.24533376,34.495166,1.73638869e-03
24,29,1.27570776,34.547114,4.41344309e-04
25,29,1.30608176,34.170726,2.02764676e-04
26,29,1.33645576,33.735839,1.79559015e-04
27,29,1.36682976,33.272462,2.20784830e-04
28,29,1.39720381,32.786991,3.07107358e-04
29,29,1.42757781,32.303053,5.70908449e-04
30,29,1.45795159,31.878186,1.59171921e-03
31,29,1.48832560,31.806267,1.35924548e-03
32,29,1.51869960,31.875952,1.59905142e-03
33,29,1.54907361,31.972568,1.73964819e-03
34,29,1.57944761,32.073371,1.72794330e-03
35,29,1.60982162,32.166291,1.82649723e-03
36,29,1.64019563,32.245126,1.65171161e-03
37,29,1.67056963,32.305028,1.62212151e-03
38,29,1.70094364,32.351586,1.28834976e-03
39,29,1.73131764,32.373828,1.78134265e-03
40,29,1.73131764,32.373828,1.17300299e-03
41,29,1.75279515,32.387599,1.62195303e-04
42,29,1.77427297,32.366121,1.58528435e-04
43,29,1.79575048,32.315694,1.49319773e-04
44,29,1.81722830,32.233616,1.36013048e-04
45,29,1.83870581,32.122723,1.18109202e-04
46,29,1.86018364,32.050987,1.83631536e-03
47,29,1.88166114,32.006061,1.89103194e-03
48,29,1.90313897,31.979058,1.96585772e-03
49,29,1.92461647,31.984284,2.05021886e-03
50,29,1.94609430,32.041533,2.11105332e-03
51,29,1.96757180,32.168170,2.11137708e-03
52,29,1.98904963,32.361644,2.06957457e-03
53,29,2.01052713,32.708941,2.40823755e-03
54,29,2.03200496,33.108819,2.68836251e-03
55,29,2.05348246,33.490717,2.98363126e-03
56,29,2.07496029,33.844575,3.30510033e-03
57,29,2.09643779,34.139148,3.64412132e-03
58,29,2.11791562,34.343976,3.93977301e-03
59,29,2.13939312,34.419050,4.06621590e-03
60,29,2.13939312,34.419050,4.06624542e-03
61,29,2.20382612,34.454535,3.35172197e-03
62,29,2.26825912,34.657328,3.16236841e-03
63,29,2.33269211,34.702877,8.31270213e-06
64,29,2.39712495,34.606711,5.42699894e-06
65,29,2.46155794,34.337596,4.39377766e-06
66,29,2.52599094,33.920748,4.83339540e-06
67,29,2.59042394,33.899380,4.32805643e-03
68,29,2.65485693,33.929344,3.67075805e-03
69,29,2.71928993,33.939668,2.34635534e-03
70,29,2.78372276,33.898920,7.96500402e-04
71,29,2.84815576,33.860923,1.95175366e-04
72,29,2.91258876,33.928581,3.59202325e-04
73,29,2.97702175,34.098997,1.59592127e-03
74,29,3.04145475,34.866468,2.36354474e-03
75,29,3.10588775,35.892243,3.01273023e-03
76,29,3.17032058,36.823312,3.83833154e-03
77,29,3.23475363,37.598256,4.73311634e-03
78,29,3.29918661,37.762244,1.96872895e-05
79,29,3.36361957,37.687382,1.73314911e-05
80,29,3.36361957,37.687382,1.73324743e-05
81,29,3.41622887,37.738415,1.77553726e-05
82,29,3.46883817,37.863728,1.90962907e-05
83,29,3.52144747,37.509347,4.40114813e-04
84,29,3.57405686,36.912894,6.23893397e-06
85,29,3.62666598,36.194556,1.01175001e-05
86,29,3.67927530,35.419730,6.66197436e-05
87,29,3.73188462,34.690716,1.51503551e-03
88,29,3.78449394,34.194303,5.94573481e-04
89,29,3.83710326,34.072792,3.16526705e-04
90,29,3.88971258,34.019882,1.93944812e-05
91,29,3.94232191,33.875856,9.14717244e-06
92,29,3.99493123,33.666079,7.28862002e-05
93,29,4.04754055,33.425778,5.05609569e-04
94,29,4.10014987,33.190857,3.77450977e-05
95,29,4.15275899,32.967394,3.25567307e-04
96,29,4.20536831,32.773799,9.49811806e-05
97,29,4.25797763,32.617263,5.67870129e-04
98,29,4.31058696,32.513765,5.40153995e-04
99,29,4.36319628,32.473527,3.64079591e-04
0,30,0.00000000,38.292740,2.57005423e-03
1,30,0.06074799,38.108767,4.16958946e-03
2,30,0.12149598,37.908492,1.39080670e-05
3,30,0.18224397,37.837468,2.42261402e-04
4,30,0.24299205,37.212410,6.55055229e-04
5,30,0.30373983,36.516808,6.47505376e-04
6,30,0.36448784,35.910319,5.21665887e-04
7,30,0.42523585,35.428184,3.93461435e-04
8,30,0.48598386,35.065020,2.95369725e-04
9,30,0.54673188,34.809610,2.24462216e-04
10,30,0.60747989,35.486501,1.64437966e-03
11,30,0.66822790,35.868751,3.07548607e-04
12,30,0.72897591,35.516184,2.54075603e-03
13,30,0.78972392,35.169561,5.14861638e-05
14,30,0.85047193,35.244066,1.18318787e-04
15,30,0.91121971,35.298717,1.97358379e-04
16,30,0.97196773,35.334876,2.80971114e-04
17,30,1.03271574,35.368700,3.64867690e-04
18,30,1.09346375,35.406918,4.46741774e-04
19,30,1.15421176,35.454259,1.04800569e-03
20,30,1.15421176,35.454259,1.04828230e-03
21,30,1.18458576,35.391111,1.00949165e-03
22,30,1.21495976,35.211567,8.88693560e-04
23,30,1.24533376,34.943695,6.19038375e-04
24,30,1.27570776,34.765584,3.30719967e-04
25,30,1.30608176,34.953206,1.90996247e-04
26,30,1.33645576,35.154457,4.30854129e-04
27,30,1.36682976,35.354784,5.93597331e-04
28,30,1.39720381,35.551699,7.08664798e-04
29,30,1.42757781,35.749261,7.42171398e-04
30,30,1.45795159,35.949680,8.43996649e-04
31,30,1.48832560,36.147257,9.37219640e-04
32,30,1.51869960,36.336386,1.41669660e-03
33,30,1.54907361,36.492133,1.04850087e-03
34,30,1.57944761,36.549464,4.75451068e-04
35,30,1.60982162,36.499752,8.66880328e-05
36,30,1.64019563,36.427596,6.25882986e-05
37,30,1.67056963,36.366748,2.58166279e-04
38,30,1.70094364,36.329032,3.67991582e-04
39,30,1.73131764,36.318339,8.68040048e-05
40,30,1.73131764,36.318339,6.15763622e-04
41,30,1.75279515,36.184536,1.23979650e-03
42,30,1.77427297,36.041345,1.07097168e-03
43,30,1.79575048,35.896575,9.20299986e-04
44,30,1.81722830,35.753623,7.88044049e-04
45,30,1.83870581,35.614671,6.72767732e-04
46,30,1.86018364,35.481949,5.72378247e-04
47,30,1.88166114,35.357068,4.85018690e-04
48,30,1.90313897,35.241337,4.09115547e-04
49,30,1.92461647,35.135144,3.43715527e-04
50,30,1.94609430,35.038427,2.87898532e-04
51,30,1.96757180,34.952821,2.40859691e-04
52,30,1.98904963,34.877673,2.02217998e-04
53,30,2.01052713,34.812913,1.71698588e-04
54,30,2.03200496,34.758204,1.49952882e-04
55,30,2.05348246,34.713149,1.38612282e-04
56,30,2.07496029,34.677305,1.43961046e-04
57,30,2.09643779,34.647096,1.82155425e-04
58,30,2.11791562,34.611459,2.83583860e-04
59,30,2.13939312,34.561549,8.39900591e-05
60,30,2.13939312,34.561549,8.39881950e-05
61,30,2.20382612,34.590781,2.30819819e-05
62,30,2.26825912,34.667416,1.33635285e-05
63,30,2.33269211,34.880947,2.88695282e-03
64,30,2.39712495,35.116912,2.47113308e-03
65,30,2.46155794,35.359313,1.85607489e-03
66,30,2.52599094,35.572776,9.48312844e-04
67,30,2.59042394,35.662912,4.00340972e-05
68,30,2.65485693,35.431311,1.01142632e-03
69,30,2.71928993,34.837499,3.43605228e-03
70,30,2.78372276,34.069882,5.11698758e-03
71,30,2.84815576,34.381574,2.86285471e-05
72,30,2.91258876,35.087384,2.50121093e-05
73,30,2.97702175,35.727128,1.52859910e-02
74,30,3.04145475,36.435608,1.19514215e-02
75,30,3.10588775,37.044321,1.11730092e-05
76,30,3.17032058,37.566135,6.84003128e-06
77,30,3.23475363,37.933476,2.69852807e-05
78,30,3.29918661,38.133658,5.50327875e-03
79,30,3.36361957,38.292740,4.36986129e-04
80,30,3.36361957,38.292740,2.54328871e-03
81,30,3.41622887,38.233394,1.34495032e-03
82,30,3.46883817,37.953650,2.26998356e-03
83,30,3.52144747,37.509347,1.97798558e-03
84,30,3.57405686,36.912895,7.13453169e-04
85,30,3.62666598,36.194557,1.91432449e-06
86,30,3.67927530,35.419730,4.29912952e-04
87,30,3.73188462,34.690716,3.33673579e-04
88,30,3.78449394,34.194303,1.72023424e-03
89,30,3.83710326,34.072792,1.54804599e-04
90,30,3.88971258,34.019882,2.40341843e-04
91,30,3.94232191,33.875856,9.25045386e-04
92,30,3.99493123,33.666079,1.51736780e-03
93,30,4.04754055,33.425778,1.46337885e-03
94,30,4.10014987,33.190857,2.05669950e-03
95,30,4.15275899,32.967394,1.64521376e-03
96,30,4.20536831,32.773799,1.57239933e-03
97,30,4.25797763,32.617263,6.22034307e-04
98,30,4.31058696,32.513765,1.59574780e-04
99,30,4.36319628,32.473527,1.06515464e-04
0,31,0.00000000,38.292740,3.29453880e-03
1,31,0.06074799,38.297954,1.44640285e-03
2,31,0.12149598,38.203820,1.42209978e-03
3,31,0.18224397,38.059507,1.38687867e-03
4,31,0.24299205,37.877699,1.34530616e-03
5,31,0.30373983,37.671076,1.30075764e-03
6,31,0.36448784,37.450662,1.25546360e-03
7,31,0.42523585,37.225310,1.20990262e-03
8,31,0.48598386,37.001818,1.16452028e-03
9,31,0.54673188,36.785267,1.11822204e-03
10,31,0.60747989,36.579406,1.07117654e-03
11,31,0.66822790,36.387553,1.02217445e-03
12,31,0.72897591,36.210316,9.71483163e-04
13,31,0.78972392,36.049763,9.18194020e-04
14,31,0.85047193,35.906633,8.61916028e-04
15,31,0.91121971,35.782994,8.02527882e-04
16,31,0.97196773,35.679420,7.38508855e-04
17,31,1.03271574,35.588574,6.71398032e-04
18,31,1.09346375,35.514041,6.00386440e-04
19,31,1.15421176,35.454259,2.82236409e-06
20,31,1.15421176,35.454259,2.57835619e-06
21,31,1.18458576,35.391111,4.30620536e-06
22,31,1.21495976,35.211567,9.82437763e-06
23,31,1.24533376,34.943695,8.12157830e-06
24,31,1.27570776,34.765584,4.60679738e-04
25,31,1.30608176,34.953206,1.53568173e-03
26,31,1.33645576,35.154457,1.64761280e-03
27,31,1.36682976,35.354784,1.75711600e-03
28,31,1.39720381,35.551699,1.87591376e-03
29,31,1.42757781,35.749261,2.03389923e-03
30,31,1.45795159,35.949680,2.07255832e-03
31,31,1.48832560,36.147257,2.03211336e-03
32,31,1.51869960,36.336386,1.44350944e-03
33,31,1.54907361,36.492133,1.31567964e-03
34,31,1.57944761,36.549464,1.03494671e-03
35,31,1.60982162,36.499752,1.15648434e-03
36,31,1.64019563,36.427596,1.20773163e-03
37,31,1.67056963,36.366748,1.08007746e-03
38,31,1.70094364,36.329032,1.03820021e-03
39,31,1.73131764,36.318339,1.37804696e-03
40,31,1.73131764,36.318339,8.49074822e-04
41,31,1.75279515,36.447590,8.80776859e-06
42,31,1.77427297,36.579584,9.54452116e-06
43,31,1.79575048,36.698143,4.00197546e-05
44,31,1.81722830,36.781266,8.23156639e-05
45,31,1.83870581,36.808147,1.04575073e-04
46,31,1.86018364,36.781640,9.65840914e-05
47,31,1.88166114,36.721372,7.54206098e-05
48,31,1.90313897,36.645481,5.46860809e-05
49,31,1.92461647,36.564700,3.83139694e-05
50,31,1.94609430,36.484385,2.67355638e-05
51,31,1.96757180,36.410499,1.83403841e-05
52,31,1.98904963,36.343734,1.25368776e-05
53,31,2.01052713,36.284380,8.61756885e-06
54,31,2.03200496,36.115301,1.53262533e-03
55,31,2.05348246,35.834114,1.48242161e-03
56,31,2.07496029,35.540907,1.37572612e-03
57,31,2.09643779,35.244530,1.16110835e-03
58,31,2.11791562,34.976530,6.68521826e-04
59,31,2.13939312,34.849955,1.05244127e-04
60,31,2.13939312,34.849955,1.05247808e-04
61,31,2.20382612,35.135030,1.63920647e-04
62,31,2.26825912,35.513560,1.69630435e-04
63,31,2.33269211,35.916169,1.66957171e-04
64,31,2.39712495,36.340154,1.58177689e-04
65,31,2.46155794,36.764561,9.38045354e-05
66,31,2.52599094,36.887307,7.23552016e-03
67,31,2.59042394,36.320350,8.61103355e-03
68,31,2.65485693,35.792193,1.04786646e-02
69,31,2.71928993,35.355054,1.30855646e-02
70,31,2.78372276,35.092486,1.59129270e-02
71,31,2.84815576,35.064851,1.74534730e-02
72,31,2.91258876,35.269764,1.73456539e-02
73,31,2.97702175,35.782470,2.06081983e-05
74,31,3.04145475,36.439927,1.58937335e-05
75,31,3.10588775,37.316120,8.72835382e-03
76,31,3.17032058,38.107269,4.07191983e-05
77,31,3.23475363,37.974459,3.24603100e-06
78,31,3.29918661,38.237826,8.46542225e-07
79,31,3.36361957,38.292740,5.42782046e-03
80,31,3.36361957,38.292741,3.32215621e-03
81,31,3.41622887,38.233394,4.07218303e-03
82,31,3.46883817,37.953651,1.94376658e-03
83,31,3.52144747,38.018243,2.14445494e-05
84,31,3.57405686,38.169883,2.48921712e-05
85,31,3.62666598,38.098262,8.15903278e-03
86,31,3.67927530,37.711718,1.46960962e-02
87,31,3.73188462,37.459214,2.64941002e-04
88,31,3.78449394,37.402834,1.54447461e-02
89,31,3.83710326,37.612894,1.45390681e-02
90,31,3.88971258,37.383798,1.21176331e-05
91,31,3.94232191,36.509679,5.72270858e-06
92,31,3.99493123,35.678136,3.41661137e-06
93,31,4.04754055,34.934897,2.39980242e-06
94,31,4.10014987,34.330532,1.94922010e-06
95,31,4.15275899,33.897366,1.67855648e-06
96,31,4.20536831,33.641749,1.33011672e-06
97,31,4.25797763,33.524221,7.97666299e-07
98,31,4.31058696,33.481980,2.48110894e-07
99,31,4.36319628,33.473123,8.86935150e-09
0,32,0.00000000,40.168744,1.25401254e-04
1,32,0.06074799,39.864176,4.24283032e-04
2,32,0.12149598,39.187590,9.82785851e-04
3,32,0.18224397,38.724671,9.40700157e-04
4,32,0.24299205,38.904158,5.35924742e-04
5,32,0.30373983,39.283066,3.91017916e-04
6,32,0.36448784,39.130216,4.08221558e-03
7,32,0.42523585,38.425622,5.03175852e-04
8,32,0.48598386,37.779389,2.34004281e-03
9,32,0.54673188,37.193249,1.34509425e-03
10,32,0.60747989,36.701514,6.24869656e-03
11,32,0.66822790,36.737823,5.64272459e-03
12,32,0.72897591,37.506551,3.35969518e-03
13,32,0.78972392,38.309716,1.16687441e-03
14,32,0.85047193,39.010050,4.36743893e-04
15,32,0.91121971,38.740429,5.73336768e-05
16,32,0.97196773,38.395950,7.53848346e-05
17,32,1.03271574,38.081268,1.08396644e-04
18,32,1.09346375,37.841650,1.73379582e-04
19,32,1.15421176,37.762476,2.04422639e-04
20,32,1.15421176,37.762476,2.31383139e-04
21,32,1.18458576,37.786746,9.44905593e-05
22,32,1.21495976,37.858187,5.92172330e-05
23,32,1.24533376,37.972460,1.98587138e-04
24,32,1.27570776,38.117140,2.92701946e-04
25,32,1.30608176,38.257832,1.53273632e-04
26,32,1.33645576,38.276329,4.22572240e-04
27,32,1.36682976,38.106838,4.29768749e-04
28,32,1.39720381,37.881260,3.15560562e-04
29,32,1.42757781,37.654736,2.82957723e-04
30,32,1.45795159,37.441227,2.42050161e-04
31,32,1.48832560,37.248144,2.01287409e-04
32,32,1.51869960,37.082438,1.17924895e-03
33,32,1.54907361,36.972253,1.44807602e-04
34,32,1.57944761,36.980414,1.80260243e-05
35,32,1.60982162,37.105728,6.35163514e-04
36,32,1.64019563,37.260191,2.97191289e-03
37,32,1.67056963,37.397567,1.97215614e-03
38,32,1.70094364,37.493348,1.30879008e-03
39,32,1.73131764,37.531444,6.35691347e-04
40,32,1.73131764,37.531444,6.28791760e-04
41,32,1.75279515,37.482682,6.23990323e-04
42,32,1.77427297,37.447900,7.66750650e-04
43,32,1.79575048,37.420767,8.90138319e-04
44,32,1.81722830,37.396045,9.95192445e-04
45,32,1.83870581,37.368152,1.08669411e-03
46,32,1.86018364,37.331716,1.16946209e-03
47,32,1.88166114,37.280994,1.24741918e-03
48,32,1.90313897,37.207548,1.32299821e-03
49,32,1.92461647,37.109429,1.39423103e-03
50,32,1.94609430,36.977466,1.45736462e-03
51,32,1.96757180,36.811573,1.50753900e-03
52,32,1.98904963,36.610367,1.53931091e-03
53,32,2.01052713,36.375783,1.54906648e-03
54,32,2.03200496,36.234575,5.96856186e-06
55,32,2.05348246,36.193734,4.26286723e-06
56,32,2.07496029,36.162570,3.34236391e-06
57,32,2.09643779,36.139855,2.86478977e-06
58,32,2.11791562,36.126184,2.71645381e-06
59,32,2.13939312,36.121709,2.64740290e-06
60,32,2.13939312,36.121709,2.64739216e-06
61,32,2.20382612,36.319558,8.60729389e-06
62,32,2.26825912,36.490231,2.89577239e-05
63,32,2.33269211,36.590627,6.34524636e-05
64,32,2.39712495,36.660976,8.49971204e-05
65,32,2.46155794,36.794337,1.44226253e-04
66,32,2.52599094,36.924109,9.69999848e-05
67,32,2.59042394,37.145959,9.75549171e-05
68,32,2.65485693,37.427301,9.62984047e-05
69,32,2.71928993,37.532363,8.76667640e-03
70,32,2.78372276,37.849929,7.06235535e-03
71,32,2.84815576,38.269645,5.93006263e-03
72,32,2.91258876,38.106812,2.56376277e-05
73,32,2.97702175,37.959847,4.19154988e-05
74,32,3.04145475,38.069466,5.94755049e-05
75,32,3.10588775,38.178802,5.94561639e-05
76,32,3.17032058,38.265970,5.92299696e-03
77,32,3.23475363,39.177469,3.38205335e-03
78,32,3.29918661,39.895885,1.13832438e-03
79,32,3.36361957,40.168744,1.15794675e-04
80,32,3.36361957,40.168744,3.75947212e-05
81,32,3.41622887,40.047032,7.93373115e-05
82,32,3.46883817,39.663171,1.68266324e-03
83,32,3.52144747,39.135250,3.44084424e-03
84,32,3.57405686,38.585417,7.99921304e-03
85,32,3.62666598,38.098262,5.32450971e-03
86,32,3.67927530,37.711718,1.06266667e-03
87,32,3.73188462,37.459214,1.74663392e-02
88,32,3.78449394,37.402834,3.86033406e-03
89,32,3.83710326,37.612894,5.07808455e-03
90,32,3.88971258,38.094965,1.26293568e-02
91,32,3.94232191,37.937833,5.99698364e-05
92,32,3.99493123,37.675961,6.46224359e-05
93,32,4.04754055,37.288675,1.67201022e-09
94,32,4.10014987,36.915857,1.29113701e-09
95,32,4.15275899,36.594656,9.50446642e-10
96,32,4.20536831,36.332457,5.89497937e-10
97,32,4.25797763,36.137189,2.84821119e-10
98,32,4.31058696,36.016318,7.73499392e-11
99,32,4.36319628,35.974999,3.56065209e-12
0,33,0.00000000,40.168744,1.76291083e-06
1,33,0.06074799,40.168969,1.49414268e-04
2,33,0.12149598,40.117760,2.31894274e-04
3,33,0.18224397,40.049402,3.60970442e-04
4,33,0.24299205,39.984419,5.28572820e-04
5,33,0.30373983,39.893912,3.97148687e-03
6,33,0.36448784,39.130216,1.78619193e-03
7,33,0.42523585,38.425622,5.61195862e-03
8,33,0.48598386,37.779389,3.91357316e-03
9,33,0.54673188,37.193249,5.00221199e-03
10,33,0.60747989,36.701514,4.13849344e-04
11,33,0.66822790,36.737823,8.48062356e-05
12,33,0.72897591,37.506552,6.13292317e-04
13,33,0.78972392,38.309716,2.00760103e-03
14,33,0.85047193,39.010050,2.07022145e-03
15,33,0.91121971,39.293499,7.41631743e-06
16,33,0.97196773,39.203800,3.12847267e-04
17,33,1.03271574,38.628276,6.92532109e-04
18,33,1.09346375,37.992059,5.17025361e-04
19,33,1.15421176,37.762476,4.02353328e-04
20,33,1.15421176,37.762476,3.75392931e-04
21,33,1.18458576,37.786746,4.88101439e-04
22,33,1.21495976,37.858187,4.55833880e-04
23,33,1.24533376,37.972460,2.16152067e-04
24,33,1.27570776,38.117140,1.17685401e-06
25,33,1.30608176,38.257832,5.13098459e-05
26,33,1.33645576,38.276329,4.33320704e-05
27,33,1.36682976,38.106838,4.19611053e-04
28,33,1.39720381,37.881260,7.18076327e-04
29,33,1.42757781,37.654736,8.72824486e-04
30,33,1.45795159,37.441227,1.03207084e-03
31,33,1.48832560,37.248144,1.22860309e-03
32,33,1.51869960,37.082438,5.17757657e-04
33,33,1.54907361,36.972254,2.14157001e-03
34,33,1.57944761,36.980414,3.14039657e-03
35,33,1.60982162,37.105728,2.72102230e-03
36,33,1.64019563,37.260191,1.74562125e-04
37,33,1.67056963,37.397567,7.99602091e-04
38,33,1.70094364,37.493348,9.79012375e-04
39,33,1.73131764,37.531444,1.12184641e-03
40,33,1.73131764,37.531444,1.12874663e-03
41,33,1.75279515,37.568443,9.27298735e-04
42,33,1.77427297,37.581013,5.96056445e-04
43,33,1.79575048,37.587528,3.23176404e-04
44,33,1.81722830,37.619425,1.29070057e-04
45,33,1.83870581,37.702387,2.54904990e-05
46,33,1.86018364,37.837979,1.79234026e-06
47,33,1.88166114,38.008611,2.30161204e-05
48,33,1.90313897,38.196230,6.04040566e-05
49,33,1.92461647,38.387360,9.44453174e-05
50,33,1.94609430,38.572547,1.06088362e-04
51,33,1.96757180,38.730146,7.12267171e-05
52,33,1.98904963,38.821464,2.72608581e-05
53,33,2.01052713,38.745516,3.40742735e-04
54,33,2.03200496,38.485115,7.57580572e-04
55,33,2.05348246,38.156514,8.35733714e-04
56,33,2.07496029,37.830534,7.04963014e-04
57,33,2.09643779,37.547394,4.69517303e-04
58,33,2.11791562,37.347907,2.26086647e-04
59,33,2.13939312,37.274717,1.12496704e-04
60,33,2.13939312,37.274717,1.12495973e-04
61,33,2.20382612,37.107432,1.06434538e-04
62,33,2.26825912,37.056260,8.54766417e-05
63,33,2.33269211,37.160875,5.00302096e-05
64,33,2.39712495,37.389491,2.71980316e-05
65,33,2.46155794,37.461609,6.14773971e-03
66,33,2.52599094,37.289841,1.28754965e-04
67,33,2.59042394,37.735316,1.18776232e-02
68,33,2.65485693,37.429798,1.11041126e-02
69,33,2.71928993,37.756346,9.33017873e-05
70,33,2.78372276,38.109365,8.78516676e-05
71,33,2.84815576,38.438250,8.38272955e-05
72,33,2.91258876,38.712832,5.13270695e-05
73,33,2.97702175,38.854946,2.83019312e-05
74,33,3.04145475,38.915315,6.08564247e-06
75,33,3.10588775,39.051007,2.50467869e-06
76,33,3.17032058,39.376233,2.28205437e-05
77,33,3.23475363,39.766229,4.39218041e-05
78,33,3.29918661,40.071600,6.15474566e-05
79,33,3.36361957,40.168744,1.13806129e-05
80,33,3.36361957,40.168744,8.95708062e-05
81,33,3.41622887,40.047032,8.84477534e-04
82,33,3.46883817,39.663171,1.67012476e-03
83,33,3.52144747,39.135250,3.40053479e-03
84,33,3.57405686,38.585417,2.51043263e-03
85,33,3.62666598,38.300205,2.95843335e-05
86,33,3.67927530,38.389770,3.57233877e-05
87,33,3.73188462,38.422865,4.33863384e-05
88,33,3.78449394,38.382042,5.29160043e-05
89,33,3.83710326,38.166405,5.06306387e-05
90,33,3.88971258,38.094965,5.66287107e-03
91,33,3.94232191,38.165362,2.32656633e-09
92,33,3.99493123,37.706896,2.02437315e-09
93,33,4.04754055,37.394430,6.75029342e-05
94,33,4.10014987,37.110292,6.94845423e-05
95,33,4.15275899,36.837528,7.10165783e-05
96,33,4.20536831,36.593709,7.23993939e-05
97,33,4.25797763,36.397027,7.37062392e-05
98,33,4.31058696,36.267800,7.47369782e-05
99,33,4.36319628,36.222245,7.51390812e-05
0,34,0.00000000,41.694681,4.14506600e-05
1,34,0.06074799,41.687792,3.82942552e-05
2,34,0.12149598,41.641482,5.12389693e-05
3,34,0.18224397,41.552269,2.47488050e-04
4,34,0.24299205,40.712203,2.37586461e-03
5,34,0.30373983,39.893913,1.53349091e-03
6,34,0.36448784,39.694328,2.95064253e-04
7,34,0.42523585,40.069312,1.19284927e-03
8,34,0.48598386,40.290964,1.42468942e-03
9,34,0.54673188,40.421484,3.89753588e-04
10,34,0.60747989,40.168790,1.05821228e-04
11,34,0.66822790,39.942439,3.78039843e-04
12,34,0.72897591,39.724529,3.16472908e-05
13,34,0.78972392,39.418373,3.80900568e-05
14,34,0.85047193,39.086730,4.60549689e-05
15,34,0.91121971,39.293499,3.39620609e-04
16,34,0.97196773,39.203801,3.20739273e-05
17,34,1.03271574,39.137316,2.89068204e-04
18,34,1.09346375,39.097360,7.01614733e-05
19,34,1.15421176,39.084028,1.15000094e-04
20,34,1.15421176,39.084028,1.65206350e-04
21,34,1.18458576,39.128412,3.38841560e-05
22,34,1.21495976,39.243603,3.24346462e-05
23,34,1.24533376,39.321831,1.47088257e-04
24,34,1.27570776,39.143750,2.89563345e-04
25,34,1.30608176,38.916647,3.06620067e-06
26,34,1.33645576,38.841835,4.12889880e-05
27,34,1.36682976,38.990383,3.76567935e-05
28,34,1.39720381,39.223687,1.39407687e-05
29,34,1.42757781,39.477470,7.92251286e-06
30,34,1.45795159,39.725841,3.76744571e-05
31,34,1.48832560,39.941008,1.36127585e-04
32,34,1.51869960,40.094752,3.66967687e-04
33,34,1.54907361,40.176147,6.14223057e-04
34,34,1.57944761,40.178843,7.46730650e-04
35,34,1.60982162,40.115924,1.20881725e-03
36,34,1.64019563,40.019094,1.26132673e-03
37,34,1.67056963,39.918996,1.25754583e-03
38,34,1.70094364,39.845074,2.48558037e-04
39,34,1.73131764,39.831247,3.10522934e-04
40,34,1.73131764,39.831247,1.07468678e-04
41,34,1.75279515,39.819584,2.95644976e-05
42,34,1.77427297,39.792522,3.62420138e-05
43,34,1.79575048,39.744394,4.50121859e-05
44,34,1.81722830,39.681002,5.61501719e-05
45,34,1.83870581,39.598009,6.87478427e-05
46,34,1.86018364,39.497159,8.09218503e-05
47,34,1.88166114,39.382449,8.99969492e-05
48,34,1.90313897,39.259953,9.32088756e-05
49,34,1.92461647,39.137917,9.01666123e-05
50,34,1.94609430,39.021195,8.14340664e-05
51,34,1.96757180,38.922275,7.14603081e-05
52,34,1.98904963,38.841131,6.23747910e-05
53,34,2.01052713,38.780275,5.55435188e-05
54,34,2.03200496,38.732751,5.05810090e-05
55,34,2.05348246,38.698687,4.70596050e-05
56,34,2.07496029,38.675557,4.44783944e-05
57,34,2.09643779,38.660448,4.25689597e-05
58,34,2.11791562,38.652052,4.13225880e-05
59,34,2.13939312,38.649451,4.07957093e-05
60,34,2.13939312,38.649451,4.07940045e-05
61,34,2.20382612,38.502458,2.95781605e-05
62,34,2.26825912,38.232441,2.31568414e-05
63,34,2.33269211,37.933888,2.13251706e-05
64,34,2.39712495,37.735710,2.36164219e-05
65,34,2.46155794,37.684276,1.65753451e-05
66,34,2.52599094,37.877340,3.36978899e-05
67,34,2.59042394,37.832214,1.20221771e-04
68,34,2.65485693,38.389257,1.34427880e-04
69,34,2.71928993,38.833874,1.04518898e-04
70,34,2.78372276,39.172404,1.58366227e-06
71,34,2.84815576,38.598883,5.66026963e-07
72,34,2.91258876,38.754485,5.03381666e-03
73,34,2.97702175,39.291579,4.19702614e-03
74,34,3.04145475,39.871717,3.31196559e-03
75,34,3.10588775,40.486018,2.30260326e-03
76,34,3.17032058,41.081896,1.17572026e-03
77,34,3.23475363,41.520050,2.75938520e-04
78,34,3.29918661,41.682386,3.31536156e-05
79,34,3.36361957,41.694681,1.35848211e-05
80,34,3.36361957,41.694681,1.96189851e-05
81,34,3.41622887,41.706912,4.59066419e-05
82,34,3.46883817,41.690228,3.43835001e-05
83,34,3.52144747,41.611560,5.21973387e-05
84,34,3.57405686,41.482661,8.40770067e-05
85,34,3.62666598,41.279020,4.60028841e-05
86,34,3.67927530,40.719730,3.10051497e-05
87,34,3.73188462,40.018444,1.73049577e-05
88,34,3.78449394,39.216854,5.77667105e-06
89,34,3.83710326,38.453795,9.99924799e-06
90,34,3.88971258,38.169403,5.09005754e-05
91,34,3.94232191,38.765785,1.08045237e-02
92,34,3.99493123,39.509117,3.64436543e-03
93,34,4.04754055,40.137266,6.65071050e-03
94,34,4.10014987,40.354583,1.77496055e-03
95,34,4.15275899,40.382208,5.71980099e-04
96,34,4.20536831,40.382192,2.21957119e-04
97,34,4.25797763,40.377367,5.42647643e-05
98,34,4.31058696,40.373685,8.41726740e-06
99,34,4.36319628,40.371869,8.29119904e-06
0,35,0.00000000,41.694681,3.47403434e-05
1,35,0.06074799,41.742891,8.54519532e-05
2,35,0.12149598,41.833660,1.58638350e-05
3,35,0.18224397,41.552269,4.27633251e-03
4,35,0.24299205,40.712203,2.68454390e-03
5,35,0.30373983,39.947205,7.28270369e-04
6,35,0.36448784,39.965335,9.53569978e-04
7,35,0.42523585,40.098219,2.13768500e-04
8,35,0.48598386,40.461687,1.42867421e-04
9,35,0.54673188,40.421484,6.88497574e-05
10,35,0.60747989,40.168790,3.43146064e-04
11,35,0.66822790,39.942439,5.82919441e-05
12,35,0.72897591,39.741761,2.47016637e-04
13,35,0.78972392,39.568965,7.39703172e-05
14,35,0.85047193,39.424342,2.27537472e-04
15,35,0.91121971,39.579322,3.05678898e-04
16,35,0.97196773,39.521156,6.49147656e-04
17,35,1.03271574,39.137316,5.34143608e-05
18,35,1.09346375,39.097360,2.69745966e-04
19,35,1.15421176,39.084028,2.23971709e-04
20,35,1.15421176,39.084028,1.73774468e-04
21,35,1.18458576,39.128412,3.64212759e-04
22,35,1.21495976,39.243603,5.89439856e-04
23,35,1.24533376,39.321831,1.09701452e-03
24,35,1.27570776,39.143750,1.08143027e-03
25,35,1.30608176,38.916647,1.29342385e-03
26,35,1.33645576,38.841835,8.85394960e-04
27,35,1.36682976,38.990383,4.69855438e-04
28,35,1.39720381,39.223687,3.05990042e-04
29,35,1.42757781,39.477470,2.29362212e-04
30,35,1.45795159,39.725841,1.86944536e-04
31,35,1.48832560,39.941008,1.49231136e-04
32,35,1.51869960,40.094753,6.76004852e-05
33,35,1.54907361,40.176147,5.88071242e-05
34,35,1.57944761,40.178843,2.23442347e-04
35,35,1.60982162,40.115924,8.87442521e-05
36,35,1.64019563,40.019094,3.89172673e-04
37,35,1.67056963,39.918996,7.81157213e-04
38,35,1.70094364,39.845074,2.20108669e-03
39,35,1.73131764,39.831247,2.52529427e-03
40,35,1.73131764,39.831247,2.72835337e-03
41,35,1.75279515,39.848874,3.25765837e-03
42,35,1.77427297,39.932085,3.64789500e-03
43,35,1.79575048,40.061167,3.96972901e-03
44,35,1.81722830,40.224797,4.22906706e-03
45,35,1.83870581,40.406233,4.46335230e-03
46,35,1.86018364,40.584061,4.71199257e-03
47,35,1.88166114,40.718355,4.94486809e-03
48,35,1.90313897,40.734326,4.83026951e-03
49,35,1.92461647,40.571619,4.19117303e-03
50,35,1.94609430,40.281533,3.61996662e-03
51,35,1.96757180,39.956151,3.31138962e-03
52,35,1.98904963,39.661028,3.13936067e-03
53,35,2.01052713,39.507896,2.66610532e-03
54,35,2.03200496,39.528382,2.10362862e-03
55,35,2.05348246,39.611056,1.85648379e-03
56,35,2.07496029,39.699871,1.77404230e-03
57,35,2.09643779,39.769206,1.75691343e-03
58,35,2.11791562,39.813594,1.76047687e-03
59,35,2.13939312,39.834394,1.76893141e-03
60,35,2.13939312,39.834394,1.76890010e-03
61,35,2.20382612,39.464423,2.55271424e-03
62,35,2.26825912,39.040571,3.39431340e-03
63,35,2.33269211,38.559585,4.26366672e-03
64,35,2.39712495,38.013338,5.18487869e-03
65,35,2.46155794,37.721694,2.88431169e-05
66,35,2.52599094,38.014582,1.06830132e-05
67,35,2.59042394,38.154913,3.01420977e-05
68,35,2.65485693,38.547172,8.60932449e-07
69,35,2.71928993,39.091398,4.14006920e-07
70,35,2.78372276,39.249757,9.13749629e-05
71,35,2.84815576,39.673780,8.44964118e-05
72,35,2.91258876,40.102858,7.77317363e-05
73,35,2.97702175,40.531605,6.95783204e-05
74,35,3.04145475,40.951361,5.97392101e-05
75,35,3.10588775,41.352772,4.87535165e-05
76,35,3.17032058,41.675555,3.47720050e-05
77,35,3.23475363,41.784605,1.76079782e-05
78,35,3.29918661,41.736733,8.92185352e-06
79,35,3.36361957,41.694681,4.40575303e-05
80,35,3.36361957,41.694681,2.94195326e-05
81,35,3.41622887,41.706912,1.24185862e-05
82,35,3.46883817,41.690230,3.33486787e-05
83,35,3.52144747,41.611560,3.88482069e-05
84,35,3.57405686,41.482661,1.64414643e-05
85,35,3.62666598,41.335423,6.30978248e-05
86,35,3.67927530,40.942045,3.20084374e-09
87,35,3.73188462,40.330570,3.08266007e-09
88,35,3.78449394,39.744998,2.95091715e-09
89,35,3.83710326,39.187376,2.78264260e-09
90,35,3.88971258,38.659946,2.57768460e-09
91,35,3.94232191,38.765785,5.21300926e-03
92,35,3.99493123,39.509117,9.45017637e-03
93,35,4.04754055,40.137267,8.04074938e-04
94,35,4.10014987,40.354583,5.61930246e-05
95,35,4.15275899,40.382208,5.87247820e-05
96,35,4.20536831,40.382192,5.47123228e-05
97,35,4.25797763,40.377367,6.79307132e-05
98,35,4.31058696,40.373685,4.04054462e-05
99,35,4.36319628,40.371869,1.81983962e-05
0,36,0.00000000,41.694682,2.79453243e-05
1,36,0.06074799,41.742891,8.17740115e-05
2,36,0.12149598,41.833664,5.64357167e-04
3,36,0.18224397,41.555752,5.23136871e-05
4,36,0.24299205,41.433946,4.67128581e-05
5,36,0.30373983,41.283300,3.93531565e-05
6,36,0.36448784,41.110093,3.24302551e-05
7,36,0.42523585,40.919768,2.68756724e-05
8,36,0.48598386,40.698686,1.91606441e-05
9,36,0.54673188,40.497869,2.19386430e-05
10,36,0.60747989,40.265068,2.31430578e-05
11,36,0.66822790,40.003347,2.65670644e-05
12,36,0.72897591,39.741761,1.77567016e-04
13,36,0.78972392,39.568965,3.44303390e-04
14,36,0.85047193,39.424342,2.25332568e-04
15,36,0.91121971,39.579322,1.73792443e-03
16,36,0.97196773,39.936509,1.36791085e-03
17,36,1.03271574,40.142125,1.40308816e-04
18,36,1.09346375,40.242470,6.11096062e-04
19,36,1.15421176,40.271838,1.86546529e-04
20,36,1.15421176,40.271838,6.42942360e-04
21,36,1.18458576,40.143634,8.14938593e-04
22,36,1.21495976,39.884896,5.37007510e-04
23,36,1.24533376,39.698424,1.83917410e-05
24,36,1.27570776,39.826880,1.13253438e-04
25,36,1.30608176,40.087796,2.39111851e-04
26,36,1.33645576,40.383734,3.05442569e-04
27,36,1.36682976,40.693361,3.79341673e-04
28,36,1.39720381,41.008183,3.57916560e-04
29,36,1.42757781,41.318273,6.25514461e-04
30,36,1.45795159,41.610784,6.47867975e-04
31,36,1.48832560,41.855345,1.58778151e-04
32,36,1.51869960,42.021060,5.33245914e-04
33,36,1.54907361,42.142113,2.74427966e-04
34,36,1.57944761,42.270632,3.62850318e-04
35,36,1.60982162,42.416963,2.21542248e-04
36,36,1.64019563,42.566680,1.72681035e-04
37,36,1.67056963,42.694847,1.63502433e-04
38,36,1.70094364,42.781184,1.54105071e-04
39,36,1.73131764,42.813245,8.43902202e-05
40,36,1.73131764,42.813245,2.11755427e-04
41,36,1.75279515,42.774663,3.25010661e-04
42,36,1.77427297,42.724202,3.79542192e-04
43,36,1.79575048,42.664647,4.39729001e-04
44,36,1.81722830,42.601608,5.00622572e-04
45,36,1.83870581,42.436645,3.88160641e-04
46,36,1.86018364,42.208539,2.59894122e-04
47,36,1.88166114,41.991691,5.20328475e-05
48,36,1.90313897,41.874665,1.15330094e-04
49,36,1.92461647,41.922994,6.31040423e-04
50,36,1.94609430,42.087437,1.00987740e-03
51,36,1.96757180,42.294771,1.03818650e-03
52,36,1.98904963,42.414592,6.02082082e-04
53,36,2.01052713,42.444002,5.36667908e-04
54,36,2.03200496,42.477001,4.57944019e-04
55,36,2.05348246,42.512976,3.59584102e-04
56,36,2.07496029,42.549706,2.42898722e-04
57,36,2.09643779,42.580065,1.30044377e-04
58,36,2.11791562,42.577504,8.55808096e-07
59,36,2.13939312,42.573228,4.32755095e-07
60,36,2.13939312,42.573228,4.32747517e-07
61,36,2.20382612,42.715409,4.55861996e-03
62,36,2.26825912,41.884461,5.59578676e-03
63,36,2.33269211,41.013420,6.65870214e-03
64,36,2.39712495,40.099075,7.78386966e-03
65,36,2.46155794,39.226011,9.06359744e-03
66,36,2.52599094,38.403040,1.05461816e-02
67,36,2.59042394,38.369025,6.48481257e-06
68,36,2.65485693,38.737805,3.03093001e-06
69,36,2.71928993,39.147932,1.73941602e-05
70,36,2.78372276,39.747295,1.84499642e-07
71,36,2.84815576,39.979162,2.78200368e-06
72,36,2.91258876,40.333909,1.35802415e-05
73,36,2.97702175,40.729347,3.08289355e-05
74,36,3.04145475,41.151991,4.98758593e-05
75,36,3.10588775,41.555182,6.94488443e-05
76,36,3.17032058,41.815864,8.70835873e-05
77,36,3.23475363,41.836908,8.98835834e-05
78,36,3.29918661,41.745777,8.09378568e-05
79,36,3.36361957,41.694682,4.66507246e-05
80,36,3.36361957,41.694684,5.50994891e-05
81,36,3.41622887,41.736836,5.23928534e-05
82,36,3.46883817,41.810882,5.69943390e-05
83,36,3.52144747,41.829885,6.24701863e-05
84,36,3.57405686,41.663372,5.89702143e-05
85,36,3.62666598,41.335423,2.87799922e-05
86,36,3.67927530,41.189897,3.32977647e-05
87,36,3.73188462,41.055813,5.04139871e-05
88,36,3.78449394,40.937448,1.08062706e-05
89,36,3.83710326,40.836659,3.93362682e-05
90,36,3.88971258,40.755278,4.58518972e-05
91,36,3.94232191,40.697690,1.37725702e-04
92,36,3.99493123,40.682117,1.17391898e-04
93,36,4.04754055,40.810974,2.84232034e-03
94,36,4.10014987,41.290111,1.82663610e-03
95,36,4.15275899,41.757432,3.73062790e-04
96,36,4.20536831,42.024924,2.17302075e-03
97,36,4.25797763,42.140962,1.17165545e-03
98,36,4.31058696,42.186208,8.05787978e-04
99,36,4.36319628,42.196188,5.51838423e-05
0,37,0.00000000,43.459501,5.58222288e-03
1,37,0.06074799,43.154709,3.30549039e-05
2,37,0.12149598,42.467361,2.38139139e-03
3,37,0.18224397,41.980951,1.23939983e-04
4,37,0.24299205,41.879552,2.75501524e-05
5,37,0.30373983,41.624510,1.29914254e-04
6,37,0.36448784,41.311844,3.28636424e-04
7,37,0.42523585,40.997278,1.54229943e-04
8,37,0.48598386,40.698686,4.43931658e-04
9,37,0.54673188,40.657420,1.61379229e-03
10,37,0.60747989,40.958696,4.80306571e-05
11,37,0.66822790,41.069647,2.79183232e-05
12,37,0.72897591,41.079092,2.35163864e-05
13,37,0.78972392,40.995298,3.88462101e-05
14,37,0.85047193,40.779983,1.14572401e-04
15,37,0.91121971,40.317027,3.58691304e-04
16,37,0.97196773,39.936509,2.11809283e-04
17,37,1.03271574,40.142126,1.13125676e-03
18,37,1.09346375,40.242470,4.94848802e-04
19,37,1.15421176,40.271838,8.68272904e-04
20,37,1.15421176,40.271838,4.11968459e-04
21,37,1.18458576,40.143634,1.37415044e-04
22,37,1.21495976,39.884896,1.95754045e-04
23,37,1.24533376,39.698424,1.70467785e-04
24,37,1.27570776,39.826880,5.53776517e-05
25,37,1.30608176,40.087796,8.22529362e-05
26,37,1.33645576,40.383734,1.21987028e-04
27,37,1.36682976,40.693361,1.31995395e-04
28,37,1.39720381,41.008183,2.25904225e-04
29,37,1.42757781,41.318273,3.34909000e-05
30,37,1.45795159,41.610784,1.01389364e-04
31,37,1.48832560,41.855345,6.87753996e-04
32,37,1.51869960,42.021062,3.07781668e-04
33,37,1.54907361,42.142113,4.12557259e-04
34,37,1.57944761,42.270632,1.31277846e-04
35,37,1.60982162,42.416963,1.15686130e-04
36,37,1.64019563,42.566681,6.87593311e-05
37,37,1.67056963,42.694848,4.40836132e-05
38,37,1.70094364,42.781184,8.20689580e-05
39,37,1.73131764,42.813245,2.46574735e-04
40,37,1.73131764,42.813245,1.19205810e-04
41,37,1.75279515,42.829057,1.10355977e-04
42,37,1.77427297,42.811606,1.95373496e-04
43,37,1.79575048,42.747601,2.99981469e-04
44,37,1.81722830,42.623853,3.86298950e-04
45,37,1.83870581,42.540179,5.57544583e-04
46,37,1.86018364,42.485295,6.05954934e-04
47,37,1.88166114,42.440810,6.42346263e-04
48,37,1.90313897,42.408365,6.63601753e-04
49,37,1.92461647,42.390627,6.71405692e-04
50,37,1.94609430,42.388240,6.63979053e-04
51,37,1.96757180,42.396125,6.41425474e-04
52,37,1.98904963,42.489069,7.27201912e-04
53,37,2.01052713,42.610575,2.70131852e-04
54,37,2.03200496,42.646447,5.24983214e-05
55,37,2.05348246,42.637796,5.50945341e-06
56,37,2.07496029,42.615545,3.33972807e-07
57,37,2.09643779,42.593208,8.79909773e-07
58,37,2.11791562,42.600918,4.34251973e-05
59,37,2.13939312,42.608410,1.33422822e-05
60,37,2.13939312,42.608410,1.33420357e-05
61,37,2.20382612,42.899903,1.41234297e-05
62,37,2.26825912,43.146798,7.66269312e-07
63,37,2.33269211,43.072091,4.13986995e-07
64,37,2.39712495,42.848127,1.67994817e-07
65,37,2.46155794,42.526377,4.16417786e-08
66,37,2.52599094,42.102683,9.62089848e-09
67,37,2.59042394,41.572417,6.55732996e-08
68,37,2.65485693,40.944610,2.77007785e-07
69,37,2.71928993,40.240760,7.94908322e-07
70,37,2.78372276,39.846683,1.72144346e-05
71,37,2.84815576,40.572298,1.02182643e-05
72,37,2.91258876,41.273705,3.50885660e-06
73,37,2.97702175,41.860485,1.59776022e-07
74,37,3.04145475,42.236605,4.71500481e-07
75,37,3.10588775,42.400333,4.13720695e-07
76,37,3.17032058,42.487425,8.89351998e-07
77,37,3.23475363,42.737740,6.07881481e-06
78,37,3.29918661,43.168488,5.07368096e-06
79,37,3.36361957,43.459501,3.38397785e-03
80,37,3.36361957,43.459501,9.08083104e-04
81,37,3.41622887,43.314191,7.12789497e-06
82,37,3.46883817,43.064564,8.15164494e-06
83,37,3.52144747,42.871380,2.55937051e-06
84,37,3.57405686,42.233250,3.34421749e-09
85,37,3.62666598,41.577239,3.23884982e-09
86,37,3.67927530,41.189897,4.60373388e-05
87,37,3.73188462,41.055813,1.81179449e-05
88,37,3.78449394,40.937448,4.89021955e-05
89,37,3.83710326,40.836659,1.49213498e-05
90,37,3.88971258,40.755278,1.76091078e-05
91,37,3.94232191,40.697690,2.93600290e-06
92,37,3.99493123,40.682117,4.84795793e-04
93,37,4.04754055,40.810975,7.33497096e-04
94,37,4.10014987,41.290112,4.32324653e-03
95,37,4.15275899,41.757432,3.80289759e-03
96,37,4.20536831,42.024924,9.17473697e-05
97,37,4.25797763,42.140962,1.29811392e-04
98,37,4.31058696,42.186208,9.70077659e-05
99,37,4.36319628,42.196188,7.40244805e-04
0,38,0.00000000,43.459506,7.81736850e-05
1,38,0.06074799,43.154710,3.16891740e-03
2,38,0.12149598,42.467364,1.04251644e-03
3,38,0.18224397,41.980951,5.79468220e-05
4,38,0.24299205,41.879553,2.49536368e-04
5,38,0.30373983,41.624511,2.54099599e-04
6,38,0.36448784,41.311844,1.07297396e-04
7,38,0.42523585,40.997278,3.03530226e-04
8,38,0.48598386,40.715535,2.32292300e-05
9,38,0.54673188,40.755001,8.61805281e-05
10,38,0.60747989,41.181287,1.72553949e-03
11,38,0.66822790,41.855937,1.74620829e-03
12,38,0.72897591,42.422839,1.32780618e-05
13,38,0.78972392,42.061062,2.06124947e-05
14,38,0.85047193,41.772938,3.25562536e-05
15,38,0.91121971,41.558036,4.91928288e-05
16,38,0.97196773,41.408736,7.01314727e-05
17,38,1.03271574,41.318848,9.57277630e-05
18,38,1.09346375,41.281737,1.27339757e-04
19,38,1.15421176,41.293846,1.99786706e-04
20,38,1.15421176,41.293846,2.09048391e-04
21,38,1.18458576,41.430173,6.46838990e-05
22,38,1.21495976,41.717965,3.97647835e-04
23,38,1.24533376,42.029580,4.28237201e-04
24,38,1.27570776,42.304499,2.77607445e-04
25,38,1.30608176,42.507870,7.13126826e-05
26,38,1.33645576,42.625710,4.76419611e-05
27,38,1.36682976,42.659282,3.30705679e-04
28,38,1.39720381,42.641645,1.92547702e-04
29,38,1.42757781,42.596749,4.21113197e-04
30,38,1.45795159,42.558735,1.50864291e-04
31,38,1.48832560,42.573253,4.13955058e-05
32,38,1.51869960,42.692545,2.49207906e-04
33,38,1.54907361,42.909646,6.77933870e-05
34,38,1.57944761,43.174411,1.45092922e-04
35,38,1.60982162,43.425910,1.65995124e-04
36,38,1.64019563,43.658135,1.21996347e-04
37,38,1.67056963,43.847466,2.06029242e-04
38,38,1.70094364,43.974090,2.42199804e-04
39,38,1.73131764,44.024680,4.94427827e-04
40,38,1.73131764,44.024680,3.93996069e-04
41,38,1.75279515,43.909468,6.26848524e-05
42,38,1.77427297,43.774251,6.50390589e-05
43,38,1.79575048,43.628002,4.44460798e-05
44,38,1.81722830,43.494343,1.27677498e-05
45,38,1.83870581,43.387420,4.07296238e-06
46,38,1.86018364,43.306763,3.31968094e-05
47,38,1.88166114,43.243249,9.05252954e-05
48,38,1.90313897,43.189705,1.67926562e-04
49,38,1.92461647,43.142419,2.65575311e-04
50,38,1.94609430,43.104022,3.97644732e-04
51,38,1.96757180,43.081220,6.11038719e-04
52,38,1.98904963,43.100128,9.75443799e-04
53,38,2.01052713,43.205275,1.37149206e-03
54,38,2.03200496,43.406528,1.44685554e-03
55,38,2.05348246,43.603095,2.95185514e-03
56,38,2.07496029,43.543165,3.11450827e-03
57,38,2.09643779,43.491592,3.25829570e-03
58,38,2.11791562,43.458008,3.36529186e-03
59,38,2.13939312,43.448306,3.40443530e-03
60,38,2.13939312,43.448306,3.40436959e-03
61,38,2.20382612,43.009387,9.22994571e-07
62,38,2.26825912,43.369392,1.13075229e-05
63,38,2.33269211,43.875435,6.59884924e-06
64,38,2.39712495,44.318381,2.17106811e-06
65,38,2.46155794,44.189354,5.24206284e-04
66,38,2.52599094,43.629951,6.55960434e-04
67,38,2.59042394,43.153484,8.12678225e-04
68,38,2.65485693,42.763925,9.69807101e-04
69,38,2.71928993,42.462367,1.11321618e-03
70,38,2.78372276,42.249839,1.23313692e-03
71,38,2.84815576,42.127588,1.32862437e-03
72,38,2.91258876,42.092505,1.40824585e-03
73,38,2.97702175,42.143841,1.49355716e-03
74,38,3.04145475,42.278522,1.61872041e-03
75,38,3.10588775,42.493001,1.84953514e-03
76,38,3.17032058,42.778783,2.30587935e-03
77,38,3.23475363,43.109981,3.26016774e-03
78,38,3.29918661,43.353191,3.16561544e-07
79,38,3.36361957,43.459504,2.33015675e-03
80,38,3.36361957,43.459510,1.82290068e-03
81,38,3.41622887,43.378166,1.04101966e-05
82,38,3.46883817,43.289824,1.65407097e-03
83,38,3.52144747,42.904913,3.44183574e-09
84,38,3.57405686,42.824320,8.12237205e-07
85,38,3.62666598,42.913254,3.73706355e-06
86,38,3.67927530,43.060327,5.92893661e-06
87,38,3.73188462,43.230812,9.12165392e-06
88,38,3.78449394,43.265389,1.78532399e-05
89,38,3.83710326,43.083214,1.83087845e-05
90,38,3.88971258,42.903059,1.65500062e-05
91,38,3.94232191,42.753520,1.36911212e-05
92,38,3.99493123,42.633827,1.07864356e-05
93,38,4.04754055,42.539438,8.24242681e-06
94,38,4.10014987,42.467421,6.31952294e-06
95,38,4.15275899,42.412354,4.77627369e-06
96,38,4.20536831,42.372490,3.69131115e-06
97,38,4.25797763,42.345581,2.95886416e-06
98,38,4.31058696,42.330056,2.53432497e-06
99,38,4.36319628,42.324425,2.39243223e-06
0,39,0.00000000,43.459527,5.75651731e-04
1,39,0.06074799,43.574858,1.42193321e-03
2,39,0.12149598,43.435709,4.38442869e-04
3,39,0.18224397,43.069482,5.49349508e-04
4,39,0.24299205,42.990504,7.74629060e-04
5,39,0.30373983,43.146614,8.62219863e-04
6,39,0.36448784,43.366754,8.84997481e-04
7,39,0.42523585,43.534603,3.92971394e-05
8,39,0.48598386,43.581922,3.49818727e-04
9,39,0.54673188,43.502539,2.58666982e-04
10,39,0.60747989,43.339806,1.10070413e-05
11,39,0.66822790,42.853687,9.95780641e-06
12,39,0.72897591,42.659812,1.68434093e-03
13,39,0.78972392,43.002992,1.46242566e-04
14,39,0.85047193,43.072309,1.73852001e-04
15,39,0.91121971,42.298733,9.15976348e-04
16,39,0.97196773,41.751340,5.45827561e-04
17,39,1.03271574,41.490637,3.34185526e-04
18,39,1.09346375,41.357826,2.29325051e-04
19,39,1.15421176,41.293846,1.37714127e-04
20,39,1.15421176,41.293846,1.28504587e-04
21,39,1.18458576,41.430173,3.57391333e-04
22,39,1.21495976,41.717966,1.34977484e-04
23,39,1.24533376,42.029580,1.89129772e-04
24,39,1.27570776,42.304501,4.09368053e-04
25,39,1.30608176,42.507870,6.68157019e-04
26,39,1.33645576,42.625710,7.18923012e-04
27,39,1.36682976,42.659282,4.35560982e-04
28,39,1.39720381,42.641646,5.48708194e-04
29,39,1.42757781,42.596749,2.65401139e-04
30,39,1.45795159,42.558735,4.34980049e-04
31,39,1.48832560,42.573253,3.94175396e-04
32,39,1.51869960,42.692548,7.42384127e-05
33,39,1.54907361,42.909647,2.46912122e-04
34,39,1.57944761,43.174411,1.92460567e-04
35,39,1.60982162,43.425910,1.96096977e-04
36,39,1.64019563,43.658135,2.65739441e-04
37,39,1.67056963,43.847466,2.15074730e-04
38,39,1.70094364,43.974090,2.21469876e-04
39,39,1.73131764,44.024680,9.56264305e-06
40,39,1.73131764,44.024680,1.09972936e-04
41,39,1.75279515,44.111105,5.71928720e-04
42,39,1.77427297,44.179411,7.15856565e-04
43,39,1.79575048,44.225248,8.86353567e-04
44,39,1.81722830,44.250503,1.08352808e-03
45,39,1.83870581,44.252894,1.29414752e-03
46,39,1.86018364,44.233977,1.50627695e-03
47,39,1.88166114,44.196470,1.70928393e-03
48,39,1.90313897,44.143222,1.89789001e-03
49,39,1.92461647,44.078548,2.06875017e-03
50,39,1.94609430,43.998788,2.21909875e-03
51,39,1.96757180,43.919860,2.36402243e-03
52,39,1.98904963,43.837989,2.50459291e-03
53,39,2.01052713,43.756570,2.65299836e-03
54,39,2.03200496,43.677108,2.79955813e-03
55,39,2.05348246,43.655579,1.27413038e-03
56,39,2.07496029,43.914620,9.86944665e-04
57,39,2.09643779,44.155635,6.22325300e-04
58,39,2.11791562,44.341980,2.28924475e-04
59,39,2.13939312,44.416442,1.57306602e-05
60,39,2.13939312,44.416442,1.57192825e-05
61,39,2.20382612,45.337411,1.27454912e-05
62,39,2.26825912,45.983013,7.96602598e-04
63,39,2.33269211,45.445458,4.38708564e-04
64,39,2.39712495,44.803816,4.32545313e-04
65,39,2.46155794,44.618890,2.31574530e-07
66,39,2.52599094,44.753459,1.63860055e-06
67,39,2.59042394,44.756075,5.51519174e-06
68,39,2.65485693,44.692230,1.07046482e-05
69,39,2.71928993,44.152431,3.12559386e-07
70,39,2.78372276,43.710189,7.40012145e-07
71,39,2.84815576,43.407615,1.17033912e-06
72,39,2.91258876,43.238319,1.22425141e-06
73,39,2.97702175,43.170746,8.42711808e-07
74,39,3.04145475,43.162652,4.96586942e-07
75,39,3.10588775,43.205924,7.46391521e-07
76,39,3.17032058,43.270193,1.75879795e-03
77,39,3.23475363,43.272135,1.91406324e-06
78,39,3.29918661,43.387146,5.07825998e-03
79,39,3.36361957,43.459517,5.18285690e-04
80,39,3.36361957,43.459564,3.50007406e-03
81,39,3.41622887,43.378227,6.00271625e-03
82,39,3.46883817,43.289825,3.85050314e-03
83,39,3.52144747,43.335927,3.70082701e-03
84,39,3.57405686,43.436034,1.73901296e-03
85,39,3.62666598,43.488899,6.20300193e-04
86,39,3.67927530,43.501095,1.60529236e-04
87,39,3.73188462,43.495209,5.41663134e-05
88,39,3.78449394,43.477097,1.83493431e-05
89,39,3.83710326,43.447673,8.21969517e-07
90,39,3.88971258,43.412209,7.08476636e-08
91,39,3.94232191,43.380377,1.31664493e-04
92,39,3.99493123,43.369746,2.46699043e-04
93,39,4.04754055,43.413829,5.26254473e-04
94,39,4.10014987,43.533392,3.28028895e-05
95,39,4.15275899,43.484884,3.20378504e-05
96,39,4.20536831,43.444873,3.14548420e-05
97,39,4.25797763,43.414395,3.10192230e-05
98,39,4.31058696,43.395252,3.07522613e-05
99,39,4.36319628,43.387981,3.06571858e-05
0,40,0.00000000,44.055217,2.16456582e-05
1,40,0.06074799,44.026444,4.06333952e-04
2,40,0.12149598,43.435710,1.66897041e-04
3,40,0.18224397,43.069482,1.84400019e-04
4,40,0.24299205,42.990504,1.06653291e-04
5,40,0.30373983,43.146615,1.19405045e-04
6,40,0.36448784,43.366754,1.16073514e-04
7,40,0.42523585,43.534604,8.51517877e-04
8,40,0.48598386,43.581922,3.16271468e-04
9,40,0.54673188,43.502539,1.72186374e-04
10,40,0.60747989,43.349509,2.55963255e-04
11,40,0.66822790,43.183732,1.74965909e-04
12,40,0.72897591,43.053609,1.44689746e-04
13,40,0.78972392,43.002992,4.15298336e-05
14,40,0.85047193,43.072309,9.45207296e-05
15,40,0.91121971,43.299610,2.28087618e-04
16,40,0.97196773,43.670413,2.67374823e-04
17,40,1.03271574,44.105297,2.72321603e-04
18,40,1.09346375,44.471858,2.55785500e-04
19,40,1.15421176,44.618596,2.45676382e-04
20,40,1.15421176,44.618596,2.45377188e-04
21,40,1.18458576,44.631218,2.34002357e-04
22,40,1.21495976,44.673207,2.03415735e-04
23,40,1.24533376,44.757275,1.56509776e-04
24,40,1.27570776,44.901361,9.89766449e-05
25,40,1.30608176,45.123291,4.33761669e-05
26,40,1.33645576,45.426761,6.79129455e-06
27,40,1.36682976,45.794940,5.28197816e-06
28,40,1.39720381,46.194554,4.95403142e-05
29,40,1.42757781,46.572076,1.69043078e-04
30,40,1.45795159,46.830485,4.81993584e-04
31,40,1.48832560,46.919709,6.98418561e-04
32,40,1.51869960,46.928674,3.87526580e-04
33,40,1.54907361,46.929468,1.20138008e-03
34,40,1.57944761,46.934498,1.09394203e-03
35,40,1.60982162,46.943392,8.66200757e-04
36,40,1.64019563,46.946316,1.33480261e-03
37,40,1.67056963,46.930855,8.66065250e-04
38,40,1.70094364,46.903326,2.77154394e-04
39,40,1.73131764,46.891396,5.25170834e-04
40,40,1.73131764,46.891396,8.57598554e-05
41,40,1.75279515,46.783733,1.54047559e-03
42,40,1.77427297,46.661342,1.55537555e-03
43,40,1.79575048,46.547114,1.49984634e-03
44,40,1.81722830,46.455213,1.38919430e-03
45,40,1.83870581,46.388907,1.24599421e-03
46,40,1.86018364,46.347983,1.08948940e-03
47,40,1.88166114,46.329617,9.35914360e-04
48,40,1.90313897,46.330484,7.95835027e-04
49,40,1.92461647,46.344702,6.75943599e-04
50,40,1.94609430,46.364279,5.81195589e-04
51,40,1.96757180,46.394361,5.00307475e-04
52,40,1.98904963,46.428026,4.36076470e-04
53,40,2.01052713,46.460009,3.86180556e-04
54,40,2.03200496,46.455636,5.04604501e-04
55,40,2.05348246,46.278148,7.81662066e-04
56,40,2.07496029,46.082126,1.11863619e-03
57,40,2.09643779,45.885067,1.51326529e-03
58,40,2.11791562,45.724659,1.92746930e-03
59,40,2.13939312,45.660911,2.15505516e-03
60,40,2.13939312,45.660911,2.15507329e-03
61,40,2.20382612,46.029351,1.76133244e-03
62,40,2.26825912,46.355325,1.10799963e-05
63,40,2.33269211,47.227316,8.89817061e-06
64,40,2.39712495,47.123874,5.27748769e-05
65,40,2.46155794,46.646710,7.03790054e-05
66,40,2.52599094,46.100380,2.75598986e-07
67,40,2.59042394,45.382139,6.49342171e-08
68,40,2.65485693,44.719252,7.78346061e-08
69,40,2.71928993,44.593560,1.62695664e-05
70,40,2.78372276,44.502145,2.17893694e-05
71,40,2.84815576,44.202830,4.05146993e-04
72,40,2.91258876,43.921318,5.41252231e-04
73,40,2.97702175,43.676102,7.26779158e-04
74,40,3.04145475,43.469650,9.85771535e-04
75,40,3.10588775,43.317010,1.34009074e-03
76,40,3.17032058,43.352153,8.07865928e-06
77,40,3.23475363,43.472073,1.86430273e-03
78,40,3.29918661,44.029195,1.10354404e-03
79,40,3.36361957,44.055113,2.07878063e-05
80,40,3.36361957,44.055259,1.98660478e-05
81,40,3.41622887,44.210258,5.69410035e-09
82,40,3.46883817,43.579454,2.78908371e-09
83,40,3.52144747,43.335928,6.94143435e-04
84,40,3.57405686,43.436034,8.09172775e-04
85,40,3.62666598,43.488899,4.86340772e-04
86,40,3.67927530,43.501096,3.10479122e-04
87,40,3.73188462,43.495209,1.36395439e-04
88,40,3.78449394,43.477097,3.96781170e-05
89,40,3.83710326,43.447673,8.25493742e-06
90,40,3.88971258,43.412209,3.00821680e-05
91,40,3.94232191,43.380377,4.89514040e-06
92,40,3.99493123,43.369746,1.34788089e-04
93,40,4.04754055,43.413829,3.65865891e-04
94,40,4.10014987,43.581721,1.25848602e-03
95,40,4.15275899,43.964536,2.34721639e-03
96,40,4.20536831,44.582456,1.45193973e-04
97,40,4.25797763,45.312283,8.07985965e-04
98,40,4.31058696,45.985014,2.88308836e-04
99,40,4.36319628,46.286398,9.41520327e-06
0,41,0.00000000,44.457719,5.54619468e-05
1,41,0.06074799,44.026471,1.53805379e-04
2,41,0.12149598,43.718511,2.27637877e-04
3,41,0.18224397,43.877393,2.07618593e-05
4,41,0.24299205,44.069438,1.22817652e-04
5,41,0.30373983,44.294635,3.39671986e-04
6,41,0.36448784,44.548053,5.92358081e-04
7,41,0.42523585,44.833587,8.38048162e-04
8,41,0.48598386,44.430764,3.36954280e-05
9,41,0.54673188,43.871748,1.76868679e-05
10,41,0.60747989,43.349509,9.04274637e-06
11,41,0.66822790,43.183732,2.75076608e-06
12,41,0.72897591,43.053609,1.05395950e-05
13,41,0.78972392,43.567846,1.56468731e-03
14,41,0.85047193,43.262536,1.20902580e-03
15,41,0.91121971,43.299610,1.44524044e-04
16,41,0.97196773,43.670413,1.59889954e-04
17,41,1.03271574,44.105297,1.18920837e-04
18,41,1.09346375,44.471858,4.70170654e-05
19,41,1.15421176,44.618596,8.47200239e-06
20,41,1.15421176,44.618596,8.77135557e-06
21,41,1.18458576,44.631218,9.93198545e-06
22,41,1.21495976,44.673207,1.02298332e-05
23,41,1.24533376,44.757275,9.23051738e-06
24,41,1.27570776,44.901361,9.43820571e-06
25,41,1.30608176,45.123291,1.33396221e-05
26,41,1.33645576,45.426761,1.79841037e-05
27,41,1.36682976,45.794940,1.41293550e-05
28,41,1.39720381,46.194554,5.39622031e-06
29,41,1.42757781,46.572076,4.25267845e-05
30,41,1.45795159,46.830485,1.78316131e-04
31,41,1.48832560,46.919709,4.31723496e-04
32,41,1.51869960,46.928674,9.93860594e-04
33,41,1.54907361,46.929468,3.31528515e-04
34,41,1.57944761,46.934498,5.53730725e-04
35,41,1.60982162,46.943392,8.68545502e-04
36,41,1.64019563,46.946316,4.34509247e-04
37,41,1.67056963,46.930855,8.44611381e-04
38,41,1.70094364,46.903326,1.31500294e-03
39,41,1.73131764,46.891396,1.01352674e-03
40,41,1.73131764,46.891396,1.45286074e-03
41,41,1.75279515,46.956188,4.07960428e-05
42,41,1.77427297,46.974615,5.03525182e-05
43,41,1.79575048,46.953507,1.25565495e-04
44,41,1.81722830,46.917178,1.80984419e-04
45,41,1.83870581,46.885635,1.83570921e-04
46,41,1.86018364,46.866238,1.48452435e-04
47,41,1.88166114,46.857520,9.72169501e-05
48,41,1.90313897,46.853908,4.65250018e-05
49,41,1.92461647,46.846854,1.11586337e-05
50,41,1.94609430,46.828503,4.32615565e-06
51,41,1.96757180,46.786892,4.05193691e-05
52,41,1.98904963,46.714665,1.32777224e-04
53,41,2.01052713,46.601555,2.86561865e-04
54,41,2.03200496,46.493311,3.46985344e-04
55,41,2.05348246,46.523395,3.17330775e-04
56,41,2.07496029,46.551232,2.94338609e-04
57,41,2.09643779,46.570208,2.79675047e-04
58,41,2.11791562,46.581991,2.71122453e-04
59,41,2.13939312,46.586622,2.67499002e-04
60,41,2.13939312,46.586622,2.67487560e-04
61,41,2.20382612,47.291777,1.39613839e-05
62,41,2.26825912,47.628057,1.12121039e-05
63,41,2.33269211,47.500515,3.53873159e-05
64,41,2.39712495,47.373107,3.29296061e-06
65,41,2.46155794,46.813327,9.03042794e-07
66,41,2.52599094,46.156227,9.40170030e-05
67,41,2.59042394,45.692798,1.26679325e-04
68,41,2.65485693,45.268315,1.69278326e-04
69,41,2.71928993,44.876431,2.27185808e-04
70,41,2.78372276,44.520984,3.03439692e-04
71,41,2.84815576,44.458406,2.66852474e-05
72,41,2.91258876,44.522764,2.97451910e-05
73,41,2.97702175,44.766706,2.62736470e-05
74,41,3.04145475,44.293751,3.89364063e-05
75,41,3.10588775,43.749975,2.70352784e-05
76,41,3.17032058,43.394486,6.23399888e-06
77,41,3.23475363,43.697235,1.01802977e-05
78,41,3.29918661,44.146887,2.61564805e-05
79,41,3.36361957,44.457719,2.46168903e-05
80,41,3.36361957,44.457719,7.16700330e-05
81,41,3.41622887,44.220783,4.06963068e-06
82,41,3.46883817,44.113848,1.45519548e-04
83,41,3.52144747,44.026532,1.18037593e-03
84,41,3.57405686,44.037930,4.57773454e-06
85,41,3.62666598,43.890950,3.30619732e-06
86,41,3.67927530,43.734925,3.13245885e-06
87,41,3.73188462,43.571163,3.32565374e-06
88,41,3.78449394,43.555163,8.39320197e-07
89,41,3.83710326,43.757223,1.70906252e-05
90,41,3.88971258,43.768663,3.60660335e-05
91,41,3.94232191,43.706290,3.58771655e-05
92,41,3.99493123,43.642100,3.47515403e-05
93,41,4.04754055,43.584237,3.36824085e-05
94,41,4.10014987,43.581721,6.19085140e-04
95,41,4.15275899,43.964536,7.36387873e-04
96,41,4.20536831,44.582456,3.30065244e-03
97,41,4.25797763,45.312283,1.84107352e-03
98,41,4.31058696,45.985014,8.60982727e-04
99,41,4.36319628,46.286398,5.21725418e-06
0,42,0.00000000,44.457759,7.27325839e-05
1,42,0.06074799,44.376500,1.16640490e-03
2,42,0.12149598,44.785348,1.10231978e-04
3,42,0.18224397,45.059763,1.28067290e-04
4,42,0.24299205,45.423838,1.45452004e-04
5,42,0.30373983,45.864570,1.59089202e-04
6,42,0.36448784,45.526353,1.51600599e-04
7,42,0.42523585,44.995256,6.91620150e-05
8,42,0.48598386,45.163284,1.04800643e-03
9,42,0.54673188,45.553727,1.21893264e-03
10,42,0.60747989,46.019452,1.39635332e-03
11,42,0.66822790,46.507251,2.04386452e-03
12,42,0.72897591,45.768992,1.57358402e-03
13,42,0.78972392,44.486434,1.34943139e-03
14,42,0.85047193,44.552042,1.40706513e-03
15,42,0.91121971,45.602763,1.23104217e-03
16,42,0.97196773,46.685515,1.04537939e-03
17,42,1.03271574,47.795935,8.60501228e-04
18,42,1.09346375,48.718888,1.69787110e-04
19,42,1.15421176,48.639918,1.24734306e-04
20,42,1.15421176,48.639918,2.23706539e-05
21,42,1.18458576,48.589416,3.49057966e-05
22,42,1.21495976,48.458555,3.06126528e-04
23,42,1.24533376,48.286073,6.92826729e-04
24,42,1.27570776,48.098877,5.22489762e-04
25,42,1.30608176,47.915739,4.42503778e-04
26,42,1.33645576,47.748338,8.87711872e-04
27,42,1.36682976,47.604536,2.19216309e-04
28,42,1.39720381,47.498739,1.07068828e-03
29,42,1.42757781,47.463183,8.05286912e-04
30,42,1.45795159,47.565904,6.63627238e-04
31,42,1.48832560,47.814609,3.22873555e-04
32,42,1.51869960,48.065351,1.14611686e-04
33,42,1.54907361,48.198176,6.68302731e-05
34,42,1.57944761,48.186668,4.90794774e-06
35,42,1.60982162,48.079584,1.14888062e-04
36,42,1.64019563,47.971743,3.70670046e-05
37,42,1.67056963,47.927156,2.44836884e-04
38,42,1.70094364,47.973600,4.18662180e-04
39,42,1.73131764,48.049360,5.08868909e-04
40,42,1.73131764,48.049360,7.94009420e-04
41,42,1.75279515,47.928170,2.16696741e-03
42,42,1.77427297,47.837072,2.04009185e-03
43,42,1.79575048,47.818014,1.77259148e-03
44,42,1.81722830,47.850263,1.51004368e-03
45,42,1.83870581,47.905022,1.30540725e-03
46,42,1.86018364,47.965092,1.15666877e-03
47,42,1.88166114,48.021208,1.05084559e-03
48,42,1.90313897,48.071205,9.76781471e-04
49,42,1.92461647,48.108690,9.29265466e-04
50,42,1.94609430,48.135462,9.01813622e-04
51,42,1.96757180,48.156973,8.80736475e-04
52,42,1.98904963,48.175078,8.60536162e-04
53,42,2.01052713,48.190790,8.36456447e-04
54,42,2.03200496,48.209410,8.03113047e-04
55,42,2.05348246,48.229030,7.65199006e-04
56,42,2.07496029,48.248792,7.26144997e-04
57,42,2.09643779,48.264730,6.94539192e-04
58,42,2.11791562,48.275306,6.72939566e-04
59,42,2.13939312,48.279768,6.61595019e-04
60,42,2.13939312,48.279768,6.61538620e-04
61,42,2.20382612,47.702028,9.10714471e-04
62,42,2.26825912,47.640966,1.74199463e-03
63,42,2.33269211,48.158050,1.99860017e-03
64,42,2.39712495,48.867383,1.89522300e-03
65,42,2.46155794,48.794881,6.09213504e-05
66,42,2.52599094,48.610262,5.65385870e-05
67,42,2.59042394,48.040020,3.21482575e-05
68,42,2.65485693,47.461413,2.99392853e-05
69,42,2.71928993,46.936363,2.75028700e-05
70,42,2.78372276,46.505812,2.64288740e-05
71,42,2.84815576,46.214137,3.47001418e-05
72,42,2.91258876,45.658818,5.43305967e-05
73,42,2.97702175,44.942810,4.66304520e-05
74,42,3.04145475,45.136714,2.30402855e-05
75,42,3.10588775,44.846931,9.29709079e-05
76,42,3.17032058,44.634019,1.20299026e-04
77,42,3.23475363,44.524499,1.40741215e-04
78,42,3.29918661,44.371198,7.90812660e-06
79,42,3.36361957,44.457759,2.20741340e-05
80,42,3.36361957,44.457740,3.89758417e-06
81,42,3.41622887,44.318530,2.77409357e-04
82,42,3.46883817,44.113851,5.00831682e-04
83,42,3.52144747,44.026534,1.01836214e-04
84,42,3.57405686,44.121797,2.40733755e-03
85,42,3.62666598,44.417916,5.15361973e-04
86,42,3.67927530,44.840803,1.15573410e-03
87,42,3.73188462,44.388463,4.48114289e-05
88,42,3.78449394,44.107830,4.04175881e-05
89,42,3.83710326,44.012583,2.21744330e-05
90,42,3.88971258,44.265309,2.20817063e-06
91,42,3.94232191,44.692380,5.39987123e-07
92,42,3.99493123,45.194371,2.49234753e-07
93,42,4.04754055,45.752868,1.55546182e-07
94,42,4.10014987,46.349818,1.20524300e-07
95,42,4.15275899,46.967430,1.02137592e-07
96,42,4.20536831,47.586034,9.34793369e-08
97,42,4.25797763,48.160004,8.62057419e-08
98,42,4.31058696,48.204701,9.62743011e-04
99,42,4.36319628,48.008729,1.98607152e-03
0,43,0.00000000,44.459044,6.99055187e-05
1,43,0.06074799,44.613329,9.66219403e-05
2,43,0.12149598,45.069687,4.87374138e-04
3,43,0.18224397,45.596193,7.40783404e-04
4,43,0.24299205,45.972935,6.92232118e-04
5,43,0.30373983,45.925633,3.60556089e-04
6,43,0.36448784,46.370619,1.68602382e-04
7,43,0.42523585,46.568384,1.92670111e-04
8,43,0.48598386,46.559520,2.28783195e-04
9,43,0.54673188,46.751535,1.46154370e-04
10,43,0.60747989,47.089305,2.57431113e-05
11,43,0.66822790,47.186019,2.76517791e-04
12,43,0.72897591,47.334428,7.52359050e-04
13,43,0.78972392,48.051762,9.48161396e-04
14,43,0.85047193,48.711448,8.42391702e-05
15,43,0.91121971,48.943142,2.32460245e-04
16,43,0.97196773,48.988188,2.82144733e-04
17,43,1.03271574,48.881537,8.01929195e-05
18,43,1.09346375,48.718888,1.85835109e-04
19,43,1.15421176,48.639918,2.70188272e-04
20,43,1.15421176,48.639918,3.72574384e-04
21,43,1.18458576,48.589416,4.18081734e-04
22,43,1.21495976,48.458555,2.76896733e-04
23,43,1.24533376,48.286073,3.45901794e-05
24,43,1.27570776,48.098877,3.38900785e-04
25,43,1.30608176,47.915739,5.39408505e-04
26,43,1.33645576,47.748338,2.00783146e-04
27,43,1.36682976,47.604536,9.54938257e-04
28,43,1.39720381,47.498739,1.54086742e-04
29,43,1.42757781,47.463183,3.42631564e-04
30,43,1.45795159,47.565905,9.61444922e-05
31,43,1.48832560,47.814609,2.52113375e-05
32,43,1.51869960,48.065352,4.10199960e-05
33,43,1.54907361,48.198177,1.96993381e-05
34,43,1.57944761,48.186668,8.48953599e-05
35,43,1.60982162,48.079585,8.01313775e-06
36,43,1.64019563,47.971745,1.47589689e-04
37,43,1.67056963,47.927156,7.08692379e-05
38,43,1.70094364,47.973600,1.40852261e-04
39,43,1.73131764,48.049360,1.07913289e-03
40,43,1.73131764,48.049360,7.93939070e-04
41,43,1.75279515,48.142144,1.25237667e-04
42,43,1.77427297,48.280583,2.17338111e-04
43,43,1.79575048,48.412201,5.10425224e-04
44,43,1.81722830,48.514945,5.39061482e-04
45,43,1.83870581,48.620451,5.00342429e-04
46,43,1.86018364,48.735407,4.59399495e-04
47,43,1.88166114,48.859852,4.19922437e-04
48,43,1.90313897,48.992590,3.81714291e-04
49,43,1.92461647,49.131387,3.45291529e-04
50,43,1.94609430,49.276455,3.05176258e-04
51,43,1.96757180,49.362592,1.59014657e-04
52,43,1.98904963,49.207711,1.62575057e-04
53,43,2.01052713,49.067574,1.49736900e-04
54,43,2.03200496,48.953401,1.23407189e-04
55,43,2.05348246,48.862629,9.24679931e-05
56,43,2.07496029,48.795390,6.40189677e-05
57,43,2.09643779,48.747971,4.14868837e-05
58,43,2.11791562,48.720047,2.67078111e-05
59,43,2.13939312,48.715449,1.97174447e-05
60,43,2.13939312,48.715449,1.97098370e-05
61,43,2.20382612,48.947226,1.79623366e-05
62,43,2.26825912,49.019375,8.12699320e-06
63,43,2.33269211,48.783342,7.19342757e-07
64,43,2.39712495,48.884492,3.72141422e-07
65,43,2.46155794,49.052505,1.31918814e-05
66,43,2.52599094,48.622085,2.99481304e-05
67,43,2.59042394,48.356829,5.11447305e-05
68,43,2.65485693,48.019840,4.61321341e-05
69,43,2.71928993,47.602136,4.37009499e-05
70,43,2.78372276,47.125805,4.41049898e-05
71,43,2.84815576,46.426818,3.48088723e-05
72,43,2.91258876,46.108510,5.53837005e-05
73,43,2.97702175,45.625512,7.05183249e-05
74,43,3.04145475,45.330376,8.51446837e-05
75,43,3.10588775,45.629906,1.21205332e-03
76,43,3.17032058,45.167563,8.63569897e-04
77,43,3.23475363,44.805446,4.90383323e-04
78,43,3.29918661,44.481331,1.51505391e-04
79,43,3.36361957,44.458258,1.40920195e-04
80,43,3.36361957,44.458312,1.19220948e-04
81,43,3.41622887,44.318835,9.40415811e-05
82,43,3.46883817,44.266707,4.26089774e-06
83,43,3.52144747,44.170710,5.96435174e-06
84,43,3.57405686,44.121797,1.99309555e-04
85,43,3.62666598,44.417917,3.05728073e-03
86,43,3.67927530,44.840804,2.61928842e-03
87,43,3.73188462,45.327068,2.73043666e-03
88,43,3.78449394,45.843542,2.22031696e-03
89,43,3.83710326,46.365212,2.38253965e-03
90,43,3.88971258,46.872028,5.23843046e-04
91,43,3.94232191,47.343085,5.67174050e-04
92,43,3.99493123,47.759554,1.38392238e-04
93,43,4.04754055,48.127265,1.99628561e-04
94,43,4.10014987,48.402072,1.04449187e-04
95,43,4.15275899,48.576600,5.62722862e-05
96,43,4.20536831,48.627761,9.60522154e-06
97,43,4.25797763,48.488878,1.11556172e-04
98,43,4.31058696,48.204702,6.96158847e-04
99,43,4.36319628,48.008729,6.78891321e-04
0,44,0.00000000,44.550056,3.72957162e-06
1,44,0.06074799,44.635952,1.54478201e-04
2,44,0.12149598,45.206781,1.81345433e-03
3,44,0.18224397,45.824997,4.77335917e-04
4,44,0.24299205,46.397748,5.24157365e-04
5,44,0.30373983,46.846824,6.80694853e-05
6,44,0.36448784,46.757925,8.33327270e-05
7,44,0.42523585,46.568510,1.21307651e-04
8,44,0.48598386,46.559523,3.15081907e-04
9,44,0.54673188,46.751536,6.04679430e-04
10,44,0.60747989,47.089310,8.34802763e-04
11,44,0.66822790,47.514828,4.56446885e-04
12,44,0.72897591,47.953723,2.18096651e-04
13,44,0.78972392,48.370028,5.87626321e-04
14,44,0.85047193,48.711448,4.31476150e-04
15,44,0.91121971,48.943143,1.40894077e-04
16,44,0.97196773,48.988188,7.86556639e-06
17,44,1.03271574,48.881537,2.12242751e-04
18,44,1.09346375,48.921605,6.82314880e-04
19,44,1.15421176,50.046804,6.50579352e-04
20,44,1.15421176,50.046804,8.35492562e-04
21,44,1.18458576,50.095754,9.46111708e-04
22,44,1.21495976,50.220610,8.77392509e-05
23,44,1.24533376,50.380543,4.30732900e-04
24,44,1.27570776,50.537695,3.43307473e-04
25,44,1.30608176,50.666232,3.15466862e-04
26,44,1.33645576,50.745024,9.22385164e-07
27,44,1.36682976,50.755553,2.66537792e-05
28,44,1.39720381,50.698412,1.45750448e-04
29,44,1.42757781,50.580230,4.09445759e-05
30,44,1.45795159,50.421775,1.39250893e-04
31,44,1.48832560,50.260221,2.05812508e-04
32,44,1.51869960,50.140707,5.21039910e-04
33,44,1.54907361,50.041465,5.01170558e-04
34,44,1.57944761,49.722123,1.95829046e-03
35,44,1.60982162,49.347957,1.24003471e-03
36,44,1.64019563,48.993232,1.71641876e-03
37,44,1.67056963,48.672136,2.41558584e-03
38,44,1.70094364,48.402631,2.49327040e-03
39,44,1.73131764,48.257026,4.68939818e-04
40,44,1.73131764,48.257026,1.39545834e-03
41,44,1.75279515,48.305315,6.41823465e-04
42,44,1.77427297,48.377481,4.62907304e-04
43,44,1.79575048,48.502381,1.09228393e-04
44,44,1.81722830,48.691633,3.22236005e-05
45,44,1.83870581,48.905119,2.66805423e-05
46,44,1.86018364,49.130614,2.57946208e-05
47,44,1.88166114,49.362954,2.46692486e-05
48,44,1.90313897,49.597754,2.47546944e-05
49,44,1.92461647,49.671844,8.18968686e-05
50,44,1.94609430,49.526633,1.35618376e-04
51,44,1.96757180,49.420319,2.67123704e-04
52,44,1.98904963,49.562115,2.28711307e-04
53,44,2.01052713,49.697795,1.88681828e-04
54,44,2.03200496,49.822698,1.50591023e-04
55,44,2.05348246,49.931628,1.14485387e-04
56,44,2.07496029,50.022194,8.11673597e-05
57,44,2.09643779,50.085770,5.58560960e-05
58,44,2.11791562,50.123838,3.83699898e-05
59,44,2.13939312,50.139678,2.92596769e-05
60,44,2.13939312,50.139721,2.95151663e-05
61,44,2.20382612,49.927362,5.04211507e-05
62,44,2.26825912,49.539610,5.54231858e-05
63,44,2.33269211,49.213608,5.93269636e-05
64,44,2.39712495,48.972073,6.18237849e-05
65,44,2.46155794,49.603562,1.58599028e-03
66,44,2.52599094,49.944824,1.55732936e-03
67,44,2.59042394,49.611399,1.66760836e-03
68,44,2.65485693,48.853988,4.36997566e-05
69,44,2.71928993,48.024207,4.55835548e-05
70,44,2.78372276,47.207839,4.56319237e-05
71,44,2.84815576,46.616121,4.77681083e-05
72,44,2.91258876,46.124360,1.32710532e-05
73,44,2.97702175,46.226066,1.23721290e-05
74,44,3.04145475,46.155538,1.46400733e-03
75,44,3.10588775,45.801523,5.86106684e-04
76,44,3.17032058,45.267601,7.39915624e-04
77,44,3.23475363,44.809150,7.73746798e-04
78,44,3.29918661,44.551386,3.68312137e-04
79,44,3.36361957,44.550056,2.43074849e-05
80,44,3.36361957,44.550056,3.05003292e-05
81,44,3.41622887,44.492681,4.45357023e-05
82,44,3.46883817,44.797075,3.06057677e-05
83,44,3.52144747,45.308831,1.70591586e-05
84,44,3.57405686,45.834350,1.41432682e-06
85,44,3.62666598,45.510294,2.72672781e-05
86,44,3.67927530,44.863711,4.12901242e-05
87,44,3.73188462,45.327074,8.87915172e-04
88,44,3.78449394,45.843552,1.07546010e-03
89,44,3.83710326,46.365212,4.77940081e-04
90,44,3.88971258,46.872030,1.82540478e-03
91,44,3.94232191,47.343086,1.22640441e-03
92,44,3.99493123,47.759558,1.10611056e-03
93,44,4.04754055,48.127265,5.52934919e-04
94,44,4.10014987,48.402073,2.42621872e-04
95,44,4.15275899,48.576601,6.61380997e-06
96,44,4.20536831,48.627762,2.59689028e-05
97,44,4.25797763,48.488878,4.00053860e-04
98,44,4.31058696,48.598220,8.44991498e-08
99,44,4.36319628,48.771833,8.46997998e-08
0,45,0.00000000,44.550161,1.29585951e-04
1,45,0.06074799,44.776612,1.55472452e-04
2,45,0.12149598,45.267967,4.31958958e-04
3,45,0.18224397,45.825112,6.27502088e-05
4,45,0.24299205,46.399179,3.79724838e-06
5,45,0.30373983,46.850970,3.31358053e-04
6,45,0.36448784,46.759207,1.02386686e-04
7,45,0.42523585,46.932438,1.67940702e-04
8,45,0.48598386,47.542188,1.63716604e-04
9,45,0.54673188,48.193766,1.52997593e-04
10,45,0.60747989,48.126111,7.64242551e-04
11,45,0.66822790,47.514829,4.12084796e-04
12,45,0.72897591,47.953738,5.78513880e-04
13,45,0.78972392,48.370028,8.33020902e-05
14,45,0.85047193,48.849783,9.85382501e-04
15,45,0.91121971,49.705009,9.88325934e-04
16,45,0.97196773,50.584141,9.71766937e-04
17,45,1.03271574,51.462967,9.41261447e-04
18,45,1.09346375,51.141597,3.55921880e-04
19,45,1.15421176,50.046805,3.77677695e-04
20,45,1.15421176,50.046806,1.92939197e-04
21,45,1.18458576,50.095754,1.82684459e-05
22,45,1.21495976,50.220610,7.29545087e-04
23,45,1.24533376,50.380545,2.19370070e-04
24,45,1.27570776,50.537698,1.40859010e-04
25,45,1.30608176,50.666234,2.18809640e-05
26,45,1.33645576,50.745033,2.24712014e-04
27,45,1.36682976,50.755586,1.38128601e-04
28,45,1.39720381,50.698491,2.05816035e-05
29,45,1.42757781,50.580293,1.84517715e-04
30,45,1.45795159,50.421779,1.89017766e-04
31,45,1.48832560,50.260232,2.57142232e-04
32,45,1.51869960,50.140786,1.48219731e-04
33,45,1.54907361,50.041620,1.06634332e-03
34,45,1.57944761,49.722144,3.24807785e-04
35,45,1.60982162,49.347959,1.19058174e-03
36,45,1.64019563,48.993237,8.15801360e-04
37,45,1.67056963,48.672137,1.88116722e-04
38,45,1.70094364,48.402631,7.47290812e-05
39,45,1.73131764,48.257027,1.17336859e-03
40,45,1.73131764,48.257026,2.47002279e-04
41,45,1.75279515,48.328372,7.41659499e-05
42,45,1.77427297,48.477299,1.30738018e-05
43,45,1.79575048,48.650464,3.03091093e-06
44,45,1.81722830,48.839018,5.22113570e-07
45,45,1.83870581,49.038490,4.85686802e-09
46,45,1.86018364,49.245429,2.72635449e-07
47,45,1.88166114,49.454532,6.65091400e-07
48,45,1.90313897,49.644383,6.03560872e-06
49,45,1.92461647,49.831030,2.45991661e-05
50,45,1.94609430,50.057481,2.55497136e-05
51,45,1.96757180,50.270057,2.88871977e-05
52,45,1.98904963,50.462462,3.56453152e-05
53,45,2.01052713,50.626555,4.55403350e-05
54,45,2.03200496,50.765493,5.78195607e-05
55,45,2.05348246,50.882684,6.74252109e-05
56,45,2.07496029,50.987595,7.51008951e-05
57,45,2.09643779,51.087292,7.40202164e-05
58,45,2.11791562,51.180334,5.94856482e-05
59,45,2.13939312,51.233653,2.18130317e-05
60,45,2.13939312,51.235037,2.11420633e-05
61,45,2.20382612,50.826994,2.06687038e-05
62,45,2.26825912,50.504114,3.76178297e-05
63,45,2.33269211,50.374302,5.85055512e-05
64,45,2.39712495,50.120158,6.99529430e-05
65,45,2.46155794,50.054155,6.19304324e-05
66,45,2.52599094,50.093147,7.10113159e-04
67,45,2.59042394,49.631560,4.51710827e-05
68,45,2.65485693,49.237148,1.73415117e-03
69,45,2.71928993,48.807088,1.76991312e-03
70,45,2.78372276,48.331437,1.78020536e-03
71,45,2.84815576,47.816182,1.76631978e-03
72,45,2.91258876,47.271961,1.71804481e-03
73,45,2.97702175,46.711975,1.62402083e-03
74,45,3.04145475,46.361744,4.45710997e-04
75,45,3.10588775,46.007098,3.42192691e-05
76,45,3.17032058,45.493283,2.11508182e-05
77,45,3.23475363,44.890865,1.86245392e-05
78,45,3.29918661,44.577434,1.53838755e-04
79,45,3.36361957,44.550223,2.50653596e-05
80,45,3.36361957,44.550132,7.91911532e-05
81,45,3.41622887,44.737081,3.15735792e-04
82,45,3.46883817,45.159185,3.24693492e-04
83,45,3.52144747,45.690821,1.33414147e-04
84,45,3.57405686,46.292325,2.26598102e-04
85,45,3.62666598,46.805112,2.80021165e-05
86,45,3.67927530,47.542549,1.86891965e-05
87,45,3.73188462,48.349262,2.73580050e-05
88,45,3.78449394,48.854125,1.23405048e-05
89,45,3.83710326,48.956891,2.37670372e-05
90,45,3.88971258,49.143436,3.18532449e-05
91,45,3.94232191,49.423121,9.17129713e-06
92,45,3.99493123,49.791332,8.88370570e-05
93,45,4.04754055,50.236780,2.90936285e-05
94,45,4.10014987,50.716217,2.54822744e-05
95,45,4.15275899,51.182695,1.08250263e-04
96,45,4.20536831,51.596755,5.71761232e-04
97,45,4.25797763,51.904576,1.21386395e-05
98,45,4.31058696,52.095108,2.86952361e-04
99,45,4.36319628,51.996956,3.07957381e-07
0,46,0.00000000,44.550637,1.22162104e-05
1,46,0.06074799,44.776709,1.74666429e-04
2,46,0.12149598,45.268009,6.87455584e-05
3,46,0.18224397,46.275984,1.62054199e-03
4,46,0.24299205,46.862179,3.25783246e-04
5,46,0.30373983,47.352417,2.67219788e-04
6,46,0.36448784,47.930114,4.24271954e-04
7,46,0.42523585,48.556626,1.03948017e-04
8,46,0.48598386,49.041937,3.65557711e-04
9,46,0.54673188,48.757037,6.21047649e-04
10,46,0.60747989,48.881408,1.37427690e-04
11,46,0.66822790,49.603934,1.18822938e-04
12,46,0.72897591,50.345215,9.65961411e-05
13,46,0.78972392,51.096425,7.23736360e-05
14,46,0.85047193,51.829430,4.24221569e-05
15,46,0.91121971,52.463413,2.45602938e-05
16,46,0.97196773,52.683810,6.61279960e-05
17,46,1.03271574,52.119455,2.01636494e-04
18,46,1.09346375,52.318586,8.93987148e-04
19,46,1.15421176,53.091118,8.58710036e-04
20,46,1.15421176,53.091065,7.08146932e-05
21,46,1.18458576,53.088025,1.52271132e-03
22,46,1.21495976,53.077568,9.70758234e-04
23,46,1.24533376,53.058452,1.16513324e-03
24,46,1.27570776,53.014910,2.41216784e-04
25,46,1.30608176,52.933056,9.70055988e-04
26,46,1.33645576,52.786067,8.06774234e-04
27,46,1.36682976,52.551818,7.05637530e-04
28,46,1.39720381,52.233899,1.95561468e-03
29,46,1.42757781,51.857097,1.82907375e-03
30,46,1.45795159,51.448350,1.17960885e-03
31,46,1.48832560,51.030393,2.00115721e-03
32,46,1.51869960,50.617408,1.47932715e-03
33,46,1.54907361,50.315107,6.02077846e-04
34,46,1.57944761,50.379882,5.61999550e-04
35,46,1.60982162,50.588433,2.52706302e-04
36,46,1.64019563,50.808839,1.20965880e-05
37,46,1.67056963,50.988841,1.31255903e-04
38,46,1.70094364,51.103920,2.98961373e-04
39,46,1.73131764,51.147692,3.07154591e-04
40,46,1.73131764,51.147682,2.61057958e-04
41,46,1.75279515,51.032106,3.71366631e-05
42,46,1.77427297,50.905908,3.52352066e-05
43,46,1.79575048,50.767454,3.47203979e-05
44,46,1.81722830,50.618538,3.75143338e-05
45,46,1.83870581,50.460623,4.45256815e-05
46,46,1.86018364,50.295620,5.84320273e-05
47,46,1.88166114,50.128099,7.92069246e-05
48,46,1.90313897,49.979741,1.03000706e-04
49,46,1.92461647,49.994784,5.88715430e-05
50,46,1.94609430,50.188293,3.20916062e-05
51,46,1.96757180,50.403319,2.76201891e-05
52,46,1.98904963,50.615476,2.38268670e-05
53,46,2.01052713,50.815055,2.14754458e-05
54,46,2.03200496,50.991368,1.77416368e-05
55,46,2.05348246,51.136124,1.48822514e-05
56,46,2.07496029,51.245677,9.11793585e-06
57,46,2.09643779,51.317426,7.76501533e-06
58,46,2.11791562,51.357790,7.45048279e-06
59,46,2.13939312,51.371305,8.44790512e-06
60,46,2.13939312,51.371428,9.40713703e-06
61,46,2.20382612,50.833036,1.58544848e-04
62,46,2.26825912,50.527420,3.90220497e-04
63,46,2.33269211,50.442787,7.54781589e-04
64,46,2.39712495,50.374032,1.12160951e-03
65,46,2.46155794,50.208832,1.38629674e-03
66,46,2.52599094,50.113037,4.63609246e-05
67,46,2.59042394,49.950751,6.60463427e-05
68,46,2.65485693,49.537434,1.11998803e-06
69,46,2.71928993,49.059840,3.51547126e-05
70,46,2.78372276,48.552491,9.49107894e-05
71,46,2.84815576,48.026381,1.66636075e-04
72,46,2.91258876,47.482047,2.46858773e-04
73,46,2.97702175,46.924748,3.38210445e-04
74,46,3.04145475,46.426977,4.23869879e-07
75,46,3.10588775,46.089706,1.56063418e-05
76,46,3.17032058,46.344884,2.79624175e-05
77,46,3.23475363,45.662277,2.36769534e-05
78,46,3.29918661,44.939181,2.72384704e-05
79,46,3.36361957,44.551926,8.59825212e-05
80,46,3.36361957,44.551392,4.08014329e-05
81,46,3.41622887,44.737548,1.28252068e-05
82,46,3.46883817,45.159287,5.09759768e-05
83,46,3.52144747,45.691273,1.85550592e-04
84,46,3.57405686,46.292491,2.13083897e-05
85,46,3.62666598,46.949654,1.36062075e-04
86,46,3.67927530,47.649915,1.27466326e-04
87,46,3.73188462,48.380319,1.04856771e-04
88,46,3.78449394,48.891322,9.45519815e-06
89,46,3.83710326,48.958420,2.69971237e-05
90,46,3.88971258,49.144039,6.05367158e-05
91,46,3.94232191,49.423268,1.07125438e-04
92,46,3.99493123,49.791584,1.77453147e-05
93,46,4.04754055,50.236802,3.18592517e-05
94,46,4.10014987,50.716233,6.53625589e-07
95,46,4.15275899,51.182752,3.72275208e-05
96,46,4.20536831,51.597436,3.57650822e-05
97,46,4.25797763,51.906408,1.40729794e-03
98,46,4.31058696,52.122218,2.00736532e-03
99,46,4.36319628,52.161236,5.17874252e-04
0,47,0.00000000,45.906459,8.94242376e-04
1,47,0.06074799,45.973595,5.12717691e-04
2,47,0.12149598,46.160084,4.53415723e-04
3,47,0.18224397,46.461124,3.75355489e-04
4,47,0.24299205,47.464320,9.81453892e-04
5,47,0.30373983,47.612756,1.40252856e-04
6,47,0.36448784,47.954030,1.39018900e-04
7,47,0.42523585,48.607183,4.82824887e-04
8,47,0.48598386,49.301816,3.41578156e-04
9,47,0.54673188,50.075262,2.70816604e-04
10,47,0.60747989,50.849673,1.71796404e-04
11,47,0.66822790,51.644705,1.03978608e-04
12,47,0.72897591,52.267156,5.28374641e-04
13,47,0.78972392,52.563690,4.18215735e-04
14,47,0.85047193,53.012464,4.22909800e-04
15,47,0.91121971,53.523490,7.04013935e-04
16,47,0.97196773,54.102715,1.69906771e-04
17,47,1.03271574,54.083951,8.52750727e-04
18,47,1.09346375,53.701802,7.56797583e-04
19,47,1.15421176,53.091830,7.89099455e-04
20,47,1.15421176,53.091198,1.58863022e-03
21,47,1.18458576,53.088239,1.55643353e-04
22,47,1.21495976,53.077953,8.26106298e-04
23,47,1.24533376,53.059403,7.75589284e-04
24,47,1.27570776,53.015403,1.93590748e-03
25,47,1.30608176,52.936641,1.42840982e-03
26,47,1.33645576,52.792725,1.75132414e-03
27,47,1.36682976,52.553536,1.82209464e-03
28,47,1.39720381,52.236382,4.51508542e-04
29,47,1.42757781,51.859958,4.44771274e-04
30,47,1.45795159,51.448639,9.95756417e-04
31,47,1.48832560,51.030422,1.51823304e-04
32,47,1.51869960,50.617476,6.09103408e-04
33,47,1.54907361,50.315138,7.15675319e-04
34,47,1.57944761,50.379900,1.53616899e-04
35,47,1.60982162,50.588557,4.14160078e-04
36,47,1.64019563,50.809113,6.43362384e-04
37,47,1.67056963,50.988893,4.98408511e-04
38,47,1.70094364,51.103929,2.98377770e-04
39,47,1.73131764,51.147860,2.42707024e-04
40,47,1.73131764,51.147746,2.90903433e-04
41,47,1.75279515,51.245262,4.77067624e-04
42,47,1.77427297,51.330826,4.41363125e-04
43,47,1.79575048,51.399449,4.07629089e-04
44,47,1.81722830,51.457887,3.67792943e-04
45,47,1.83870581,51.502681,3.32175660e-04
46,47,1.86018364,51.534060,3.04031430e-04
47,47,1.88166114,51.553967,2.67220695e-04
48,47,1.90313897,51.561503,2.35970940e-04
49,47,1.92461647,51.565652,2.07358097e-04
50,47,1.94609430,51.564812,1.78681135e-04
51,47,1.96757180,51.569505,1.49797880e-04
52,47,1.98904963,51.581183,1.21133787e-04
53,47,2.01052713,51.597238,8.17324485e-05
54,47,2.03200496,51.609172,4.81479881e-05
55,47,2.05348246,51.607703,2.31816583e-05
56,47,2.07496029,51.580322,4.52567160e-06
57,47,2.09643779,51.524715,2.26510972e-06
58,47,2.11791562,51.451805,1.77460968e-05
59,47,2.13939312,51.407179,5.74874665e-05
60,47,2.13939312,51.407420,5.90339875e-05
61,47,2.20382612,52.305661,2.95124399e-06
62,47,2.26825912,52.662135,8.63930595e-06
63,47,2.33269211,52.372609,2.12342011e-05
64,47,2.39712495,51.868753,4.39075941e-05
65,47,2.46155794,51.447228,2.28054507e-04
66,47,2.52599094,51.328163,9.76580451e-04
67,47,2.59042394,51.683242,6.69772750e-05
68,47,2.65485693,50.973205,2.11753419e-05
69,47,2.71928993,50.256470,1.77718618e-05
70,47,2.78372276,49.551677,2.37705252e-05
71,47,2.84815576,48.866999,3.00773840e-05
72,47,2.91258876,48.203291,3.55520022e-05
73,47,2.97702175,47.571720,4.33689791e-05
74,47,3.04145475,47.091598,5.60799748e-05
75,47,3.10588775,47.428124,3.87558091e-05
76,47,3.17032058,47.397818,1.64017760e-06
77,47,3.23475363,47.339785,8.53114613e-04
78,47,3.29918661,46.324890,6.97804600e-05
79,47,3.36361957,45.906459,4.78828527e-06
80,47,3.36361957,45.906459,1.67096427e-03
81,47,3.41622887,46.279766,1.08232334e-03
82,47,3.46883817,46.990750,9.16709713e-05
83,47,3.52144747,47.484642,6.77960549e-05
84,47,3.57405686,46.615087,4.79726727e-05
85,47,3.62666598,46.950211,6.16301747e-05
86,47,3.67927530,47.649954,4.39475791e-05
87,47,3.73188462,48.403256,5.49366030e-05
88,47,3.78449394,49.170716,5.80555050e-05
89,47,3.83710326,49.939385,5.05832016e-05
90,47,3.88971258,50.589750,3.03476517e-05
91,47,3.94232191,51.127829,1.99532095e-05
92,47,3.99493123,51.648099,4.62453071e-05
93,47,4.04754055,51.990652,1.26010239e-05
94,47,4.10014987,52.351192,1.18254068e-05
95,47,4.15275899,52.647572,1.16821114e-05
96,47,4.20536831,52.785129,6.35694369e-06
97,47,4.25797763,52.510153,1.77888191e-06
98,47,4.31058696,52.154456,3.19851251e-05
99,47,4.36319628,52.168843,2.08116618e-03
