k_index,band_index,k_distance,energy_eV,weight
0,0,0.00000000,-12.174008,1.69652930e-09
1,0,0.06074799,-12.161831,3.29912126e-06
2,0,0.12149598,-12.125518,2.44726429e-05
3,0,0.18224397,-12.065039,9.67889387e-05
4,0,0.24299205,-11.980516,2.73774413e-04
5,0,0.30373983,-11.871987,6.26341653e-04
6,0,0.36448784,-11.739760,1.23936768e-03
7,0,0.42523585,-11.583992,2.20685418e-03
8,0,0.48598386,-11.404888,3.62696832e-03
9,0,0.54673188,-11.202855,5.59739769e-03
10,0,0.60747989,-10.978205,8.20901980e-03
11,0,0.66822790,-10.731338,1.15407774e-02
12,0,0.72897591,-10.462806,1.56572704e-02
13,0,0.78972392,-10.173086,2.06017666e-02
14,0,0.85047193,-9.862951,2.63940592e-02
15,0,0.91121971,-9.532994,3.30278803e-02
16,0,0.97196773,-9.184204,4.04766815e-02
17,0,1.03271574,-8.817441,4.86841357e-02
18,0,1.09346375,-8.433770,5.75727785e-02
19,0,1.15421176,-8.034362,1.03425090e-03
20,0,1.15421176,-8.034362,1.03347982e-03
21,0,1.18458576,-8.033320,1.43866925e-03
22,0,1.21495976,-8.030216,2.63451722e-03
23,0,1.24533376,-8.025095,4.72355349e-03
24,0,1.27570776,-8.018102,7.47644217e-03
25,0,1.30608176,-8.009363,1.09074321e-02
26,0,1.33645576,-7.999066,1.49681159e-02
27,0,1.36682976,-7.987477,1.92891235e-02
28,0,1.39720381,-7.974810,2.37848688e-02
29,0,1.42757781,-7.961386,2.90715785e-02
30,0,1.45795159,-7.947528,3.18181049e-02
31,0,1.48832560,-7.933662,3.73886408e-02
32,0,1.51869960,-7.920150,4.32656243e-02
33,0,1.54907361,-7.907380,5.09263704e-02
34,0,1.57944761,-7.895736,6.19488275e-02
35,0,1.60982162,-7.885624,7.62853411e-02
36,0,1.64019563,-7.877365,7.33815496e-02
37,0,1.67056963,-7.871244,5.24663946e-02
38,0,1.70094364,-7.867476,3.56643051e-02
39,0,1.73131764,-7.866182,2.67142815e-02
40,0,1.73131764,-7.866182,2.67433496e-02
41,0,1.75279515,-7.924879,4.83849650e-02
42,0,1.77427297,-7.980461,4.36021246e-02
43,0,1.79575048,-8.032927,3.90295824e-02
44,0,1.81722830,-8.082250,3.46748851e-02
45,0,1.83870581,-8.128431,3.05498954e-02
46,0,1.86018364,-8.171462,2.66641015e-02
47,0,1.88166114,-8.211334,2.30266934e-02
48,0,1.90313897,-8.248035,1.96460188e-02
49,0,1.92461647,-8.281571,1.65300217e-02
50,0,1.94609430,-8.311938,1.36857928e-02
51,0,1.96757180,-8.339113,1.11200944e-02
52,0,1.98904963,-8.363101,8.83871150e-03
53,0,2.01052713,-8.383910,6.84860516e-03
54,0,2.03200496,-8.401513,5.15080841e-03
55,0,2.05348246,-8.415920,3.75111287e-03
56,0,2.07496029,-8.427121,2.65260608e-03
57,0,2.09643779,-8.435128,1.85799683e-03
58,0,2.11791562,-8.439933,1.36894930e-03
59,0,2.13939312,-8.441535,1.18656224e-03
60,0,2.13939312,-8.441535,1.18656233e-03
61,0,2.20382612,-8.639944,1.12408005e-03
62,0,2.26825912,-8.879154,1.04345674e-03
63,0,2.33269211,-9.149303,9.52054503e-04
64,0,2.39712495,-9.438544,8.56442783e-04
65,0,2.46155794,-9.736095,7.61105419e-04
66,0,2.52599094,-10.033039,6.68479974e-04
67,0,2.59042394,-10.322529,5.79788449e-04
68,0,2.65485693,-10.599298,4.95650430e-04
69,0,2.71928993,-10.859598,4.16528988e-04
70,0,2.78372276,-11.100614,3.42781098e-04
71,0,2.84815576,-11.320138,2.74923030e-04
72,0,2.91258876,-11.516590,2.13402111e-04
73,0,2.97702175,-11.688792,1.58728360e-04
74,0,3.04145475,-11.835792,1.11418757e-04
75,0,3.10588775,-11.956914,7.19486246e-05
76,0,3.17032058,-12.051610,4.07543262e-05
77,0,3.23475363,-12.119498,1.82068259e-05
78,0,3.29918661,-12.160320,4.56714476e-06
79,0,3.36361957,-12.174008,1.69652769e-09
80,0,3.36361957,-12.174008,1.69651250e-09
81,0,3.41622887,-12.164855,5.00527220e-06
82,0,3.46883817,-12.137635,2.00003667e-05
83,0,3.52144747,-12.092341,4.49373352e-05
84,0,3.57405686,-12.029118,7.97398146e-05
85,0,3.62666598,-11.948130,1.24320455e-04
86,0,3.67927530,-11.849741,1.78574058e-04
87,0,3.73188462,-11.734281,2.42430453e-04
88,0,3.78449394,-11.602234,3.15889197e-04
89,0,3.83710326,-11.454415,3.98961381e-04
90,0,3.88971258,-11.291718,4.91863261e-04
91,0,3.94232191,-11.115499,5.94974714e-04
92,0,3.99493123,-10.927719,7.08905038e-04
93,0,4.04754055,-10.731246,8.34473235e-04
94,0,4.10014987,-10.530251,9.72489800e-04
95,0,4.15275899,-10.331492,1.12269630e-03
96,0,4.20536831,-10.145155,1.28150113e-03
97,0,4.25797763,-9.986820,1.43630651e-03
98,0,4.31058696,-9.877355,1.55818730e-03
99,0,4.36319628,-9.837738,1.60609446e-03
0,1,0.00000000,-0.221237,1.05652084e-10
1,1,0.06074799,-0.304028,3.37937539e-01
2,1,0.12149598,-0.533108,3.10610843e-01
3,1,0.18224397,-0.861308,2.81030427e-01
4,1,0.24299205,-1.249585,2.55061347e-01
5,1,0.30373983,-1.673052,2.33483707e-01
6,1,0.36448784,-2.117453,2.15515621e-01
7,1,0.42523585,-2.574406,2.00179856e-01
8,1,0.48598386,-3.038851,1.86674004e-01
9,1,0.54673188,-3.507869,1.74374614e-01
10,1,0.60747989,-3.979083,1.62836923e-01
11,1,0.66822790,-4.451056,1.51757102e-01
12,1,0.72897591,-4.921378,1.40879481e-01
13,1,0.78972392,-5.388366,1.30088077e-01
14,1,0.85047193,-5.851013,1.19309961e-01
15,1,0.91121971,-6.307241,1.08549970e-01
16,1,0.97196773,-6.755448,9.78562128e-02
17,1,1.03271574,-7.193728,8.73032046e-02
18,1,1.09346375,-7.620536,7.69951709e-02
19,1,1.15421176,-8.034362,1.33058449e-01
20,1,1.15421176,-8.034362,1.33059218e-01
21,1,1.18458576,-8.033320,1.32385382e-01
22,1,1.21495976,-8.030216,1.30385875e-01
23,1,1.24533376,-8.025095,1.26967350e-01
24,1,1.27570776,-8.018102,1.22365717e-01
25,1,1.30608176,-8.009363,1.16585141e-01
26,1,1.33645576,-7.999066,1.09694334e-01
27,1,1.36682976,-7.987477,1.02087793e-01
28,1,1.39720381,-7.974810,9.38790032e-02
29,1,1.42757781,-7.961386,8.44851813e-02
30,1,1.45795159,-7.947528,7.72738736e-02
31,1,1.48832560,-7.933662,6.69225377e-02
32,1,1.51869960,-7.920150,5.59911963e-02
33,1,1.54907361,-7.907380,4.30494613e-02
34,1,1.57944761,-7.895736,2.65693723e-02
35,1,1.60982162,-7.885624,6.64487945e-03
36,1,1.64019563,-7.877365,3.88254961e-03
37,1,1.67056963,-7.871244,1.91033856e-02
38,1,1.70094364,-7.867476,3.02310394e-02
39,1,1.73131764,-7.866182,3.35745739e-02
40,1,1.73131764,-7.866182,3.35455039e-02
41,1,1.75279515,-7.808596,5.99997066e-03
42,1,1.77427297,-7.756296,5.13645079e-03
43,1,1.79575048,-7.709236,4.34354170e-03
44,1,1.81722830,-7.667276,3.62894434e-03
45,1,1.83870581,-7.630209,2.99634446e-03
46,1,1.86018364,-7.597762,2.44578374e-03
47,1,1.88166114,-7.569606,1.97418003e-03
48,1,1.90313897,-7.545351,1.57587624e-03
49,1,1.92461647,-7.524711,1.24484199e-03
50,1,1.94609430,-7.507363,9.72766997e-04
51,1,1.96757180,-7.492793,7.52759161e-04
52,1,1.98904963,-7.480754,5.77036847e-04
53,1,2.01052713,-7.470955,4.38772324e-04
54,1,2.03200496,-7.463114,3.32263973e-04
55,1,2.05348246,-7.457014,2.52417099e-04
56,1,2.07496029,-7.452412,1.95111814e-04
57,1,2.09643779,-7.449271,1.57511854e-04
58,1,2.11791562,-7.447428,1.37319599e-04
59,1,2.13939312,-7.446815,1.33276705e-04
60,1,2.13939312,-7.446815,1.33276725e-04
61,1,2.20382612,-7.247460,1.73155036e-04
62,1,2.26825912,-7.019417,2.15934066e-04
63,1,2.33269211,-6.762998,2.60555095e-04
64,1,2.39712495,-6.478367,3.05867711e-04
65,1,2.46155794,-6.166004,3.50667845e-04
66,1,2.52599094,-5.826264,3.93718923e-04
67,1,2.59042394,-5.459647,4.33745682e-04
68,1,2.65485693,-5.066690,4.69433289e-04
69,1,2.71928993,-4.648299,4.99413247e-04
70,1,2.78372276,-4.205520,5.22183361e-04
71,1,2.84815576,-3.739690,5.36111978e-04
72,1,2.91258876,-3.252868,5.39160596e-04
73,1,2.97702175,-2.748308,5.28666646e-04
74,1,3.04145475,-2.230417,5.00710872e-04
75,1,3.10588775,-1.707984,4.49383796e-04
76,1,3.17032058,-1.196202,3.66161553e-04
77,1,3.23475363,-0.726540,2.41755449e-04
78,1,3.29918661,-0.364477,8.85609060e-05
79,1,3.36361957,-0.221237,1.08568388e-10
80,1,3.36361957,-0.221237,1.29698823e-10
81,1,3.41622887,-0.329993,1.10048268e-04
82,1,3.46883817,-0.619918,3.34769627e-04
83,1,3.52144747,-1.018698,5.44450324e-04
84,1,3.57405686,-1.474774,7.01637720e-04
85,1,3.62666598,-1.958536,8.10117104e-04
86,1,3.67927530,-2.454449,8.79308789e-04
87,1,3.73188462,-2.952316,9.17551036e-04
88,1,3.78449394,-3.445848,9.30277969e-04
89,1,3.83710326,-3.930558,9.20914493e-04
90,1,3.88971258,-4.402823,8.91498227e-04
91,1,3.94232191,-4.859400,8.43027313e-04
92,1,3.99493123,-5.296989,7.75704137e-04
93,1,4.04754055,-5.711758,6.89093827e-04
94,1,4.10014987,-6.098368,5.82601488e-04
95,1,4.15275899,-6.449798,4.56144423e-04
96,1,4.20536831,-6.755259,3.13270122e-04
97,1,4.25797763,-6.998913,1.66912824e-04
98,1,4.31058696,-7.159679,4.76991800e-05
99,1,4.36319628,-7.216452,7.50671794e-10
0,2,0.00000000,-0.221237,1.34733154e-02
1,2,0.06074799,-0.273253,1.74415310e-01
2,2,0.12149598,-0.417348,1.74092170e-01
3,2,0.18224397,-0.620436,1.75887854e-01
4,2,0.24299205,-0.854281,1.80410704e-01
5,2,0.30373983,-1.099562,1.87379239e-01
6,2,0.36448784,-1.345517,1.96221356e-01
7,2,0.42523585,-1.584481,2.06414792e-01
8,2,0.48598386,-1.811733,2.17498427e-01
9,2,0.54673188,-2.024671,2.29045220e-01
10,2,0.60747989,-2.220993,2.40695736e-01
11,2,0.66822790,-2.399222,2.52116349e-01
12,2,0.72897591,-2.558338,2.62994851e-01
13,2,0.78972392,-2.697456,2.73053765e-01
14,2,0.85047193,-2.816014,2.82034432e-01
15,2,0.91121971,-2.913496,2.89721430e-01
16,2,0.97196773,-2.989660,2.95904534e-01
17,2,1.03271574,-3.044267,3.00431450e-01
18,2,1.09346375,-3.077078,3.03194977e-01
19,2,1.15421176,-3.088023,3.04123919e-01
20,2,1.15421176,-3.088023,3.04123920e-01
21,2,1.18458576,-3.097704,3.00862851e-01
22,2,1.21495976,-3.126067,2.91502185e-01
23,2,1.24533376,-3.171205,2.77153120e-01
24,2,1.27570776,-3.230427,2.59290183e-01
25,2,1.30608176,-3.300545,2.39351249e-01
26,2,1.33645576,-3.378349,2.18532659e-01
27,2,1.36682976,-3.460868,1.97675791e-01
28,2,1.39720381,-3.545310,1.77419987e-01
29,2,1.42757781,-3.629326,1.58092194e-01
30,2,1.45795159,-3.710912,1.39866004e-01
31,2,1.48832560,-3.788257,1.22860998e-01
32,2,1.51869960,-3.859926,1.07083982e-01
33,2,1.54907361,-3.924565,9.25792474e-02
34,2,1.57944761,-3.981093,7.93140480e-02
35,2,1.60982162,-4.028638,6.72860293e-02
36,2,1.64019563,-4.066409,5.64664438e-02
37,2,1.67056963,-4.093817,4.68316142e-02
38,2,1.70094364,-4.110419,3.83579159e-02
39,2,1.73131764,-4.115971,3.09691603e-02
40,2,1.73131764,-4.115971,3.09691872e-02
41,2,1.75279515,-4.160922,3.18199569e-03
42,2,1.77427297,-4.203776,2.74814940e-03
43,2,1.79575048,-4.244477,2.36084242e-03
44,2,1.81722830,-4.282950,2.01492393e-03
45,2,1.83870581,-4.319157,1.70687180e-03
46,2,1.86018364,-4.353049,1.43321210e-03
47,2,1.88166114,-4.384584,1.19086244e-03
48,2,1.90313897,-4.413723,9.77129651e-04
49,2,1.92461647,-4.440438,7.89563275e-04
50,2,1.94609430,-4.464692,6.25889707e-04
51,2,1.96757180,-4.486462,4.84707180e-04
52,2,1.98904963,-4.505724,3.64205126e-04
53,2,2.01052713,-4.522484,2.62741609e-04
54,2,2.03200496,-4.536669,1.79816246e-04
55,2,2.05348246,-4.548295,1.14149190e-04
56,2,2.07496029,-4.557325,6.49211249e-05
57,2,2.09643779,-4.563799,3.17274165e-05
58,2,2.11791562,-4.567686,1.40729521e-05
59,2,2.13939312,-4.568962,1.17420667e-05
60,2,2.13939312,-4.568962,1.17420654e-05
61,2,2.20382612,-4.667231,3.95392305e-05
62,2,2.26825912,-4.683691,8.09028618e-05
63,2,2.33269211,-4.625347,1.28291373e-04
64,2,2.39712495,-4.502100,1.74908114e-04
65,2,2.46155794,-4.323677,2.16556903e-04
66,2,2.52599094,-4.098907,2.51372880e-04
67,2,2.59042394,-3.834999,2.78822234e-04
68,2,2.65485693,-3.537912,2.98932893e-04
69,2,2.71928993,-3.213237,3.11848294e-04
70,2,2.78372276,-2.866140,3.17521287e-04
71,2,2.84815576,-2.501942,3.15515499e-04
72,2,2.91258876,-2.126895,3.05031860e-04
73,2,2.97702175,-1.748566,2.84755460e-04
74,2,3.04145475,-1.376798,2.52938328e-04
75,2,3.10588775,-1.024255,2.08117959e-04
76,2,3.17032058,-0.708614,1.50412505e-04
77,2,3.23475363,-0.451775,8.58167878e-05
78,2,3.29918661,-0.280740,3.02358050e-05
79,2,3.36361957,-0.221237,2.59086524e-01
80,2,3.36361957,-0.221237,1.29272508e-01
81,2,3.41622887,-0.236100,3.73975836e-01
82,2,3.46883817,-0.282174,5.17076152e-01
83,2,3.52144747,-0.352540,2.66376058e-01
84,2,3.57405686,-0.440122,2.01169557e-01
85,2,3.62666598,-0.538050,2.30750706e-01
86,2,3.67927530,-0.640874,2.36549580e-01
87,2,3.73188462,-0.744147,4.93480893e-02
88,2,3.78449394,-0.844362,7.85772669e-02
89,2,3.83710326,-0.939896,2.04864637e-01
90,2,3.88971258,-1.028758,1.36165793e-01
91,2,3.94232191,-1.109818,1.25073639e-01
92,2,3.99493123,-1.182323,6.98074696e-02
93,2,4.04754055,-1.245711,3.05942342e-02
94,2,4.10014987,-1.299418,3.92426704e-02
95,2,4.15275899,-1.343739,1.03070263e-02
96,2,4.20536831,-1.378237,9.44121887e-03
97,2,4.25797763,-1.402944,3.25703320e-03
98,2,4.31058696,-1.417777,1.34732892e-03
99,2,4.36319628,-1.422833,1.79382966e-04
0,3,0.00000000,-0.221237,6.83074312e-01
1,3,0.06074799,-0.273253,1.65245220e-01
2,3,0.12149598,-0.417348,1.49590880e-01
3,3,0.18224397,-0.620436,1.31106592e-01
4,3,0.24299205,-0.854280,1.13296369e-01
5,3,0.30373983,-1.099562,9.71873918e-02
6,3,0.36448784,-1.345517,8.28428716e-02
7,3,0.42523585,-1.584481,7.00521646e-02
8,3,0.48598386,-1.811733,5.86004439e-02
9,3,0.54673188,-2.024671,4.83401764e-02
10,3,0.60747989,-2.220993,3.91577303e-02
11,3,0.66822790,-2.399221,3.09851501e-02
12,3,0.72897591,-2.558338,2.37849702e-02
13,3,0.78972392,-2.697456,1.75384769e-02
14,3,0.85047193,-2.816014,1.22399708e-02
15,3,0.91121971,-2.913496,7.88980589e-03
16,3,0.97196773,-2.989660,4.49616277e-03
17,3,1.03271574,-3.044267,2.06693855e-03
18,3,1.09346375,-3.077077,6.06699889e-04
19,3,1.15421176,-3.088023,1.19469863e-04
20,3,1.15421176,-3.088023,1.19468107e-04
21,3,1.18458576,-3.097704,1.54229597e-03
22,3,1.21495976,-3.126067,5.58999423e-03
23,3,1.24533376,-3.171205,1.16849340e-02
24,3,1.27570776,-3.230427,1.90758047e-02
25,3,1.30608176,-3.300545,2.70419464e-02
26,3,1.33645576,-3.378349,3.50061179e-02
27,3,1.36682976,-3.460868,4.26015797e-02
28,3,1.39720381,-3.545310,4.95219672e-02
29,3,1.42757781,-3.629326,5.56560856e-02
30,3,1.45795159,-3.710911,6.09673541e-02
31,3,1.48832560,-3.788257,6.54114983e-02
32,3,1.51869960,-3.859926,6.90206931e-02
33,3,1.54907361,-3.924565,7.17687344e-02
34,3,1.57944761,-3.981093,7.36858283e-02
35,3,1.60982162,-4.028638,7.47723236e-02
36,3,1.64019563,-4.066409,7.50426787e-02
37,3,1.67056963,-4.093817,7.45081916e-02
38,3,1.70094364,-4.110419,7.31811238e-02
39,3,1.73131764,-4.115970,7.11241559e-02
40,3,1.73131764,-4.115970,7.11241275e-02
41,3,1.75279515,-4.065517,1.00079537e-01
42,3,1.77427297,-4.006250,1.01722910e-01
43,3,1.79575048,-3.938490,1.03358061e-01
44,3,1.81722830,-3.862762,1.04991927e-01
45,3,1.83870581,-3.779723,1.06637550e-01
46,3,1.86018364,-3.690187,1.08313180e-01
47,3,1.88166114,-3.595116,1.10041132e-01
48,3,1.90313897,-3.495610,1.11847136e-01
49,3,1.92461647,-3.393066,1.13752532e-01
50,3,1.94609430,-3.289015,1.15780533e-01
51,3,1.96757180,-3.185156,1.17937692e-01
52,3,1.98904963,-3.083567,1.20221079e-01
53,3,2.01052713,-2.986564,1.22602459e-01
54,3,2.03200496,-2.896860,1.25014808e-01
55,3,2.05348246,-2.817356,1.27351496e-01
56,3,2.07496029,-2.750976,1.29461351e-01
57,3,2.09643779,-2.700999,1.31149886e-01
58,3,2.11791562,-2.669834,1.32230385e-01
59,3,2.13939312,-2.659237,1.32558635e-01
60,3,2.13939312,-2.659237,1.32558636e-01
61,3,2.20382612,-2.519168,1.73698526e-01
62,3,2.26825912,-2.362696,2.18494760e-01
63,3,2.33269211,-2.191907,2.66081431e-01
64,3,2.39712495,-2.009155,3.15526009e-01
65,3,2.46155794,-1.817763,3.65834080e-01
66,3,2.52599094,-1.621230,4.15929604e-01
67,3,2.59042394,-1.423757,4.64668241e-01
68,3,2.65485693,-1.229855,5.10830356e-01
69,3,2.71928993,-1.044774,5.53157756e-01
70,3,2.78372276,-0.873833,5.90466725e-01
71,3,2.84815576,-0.720502,6.21857253e-01
72,3,2.91258876,-0.588153,6.46856386e-01
73,3,2.97702175,-0.478361,6.65558880e-01
74,3,3.04145475,-0.390914,6.78619788e-01
75,3,3.10588775,-0.324440,6.87087597e-01
76,3,3.17032058,-0.276357,6.92164610e-01
77,3,3.23475363,-0.244265,6.94942968e-01
78,3,3.29918661,-0.225970,6.96260746e-01
79,3,3.36361957,-0.221237,4.37461117e-01
80,3,3.36361957,-0.221237,5.67275123e-01
81,3,3.41622887,-0.236100,3.09151060e-01
82,3,3.46883817,-0.282174,1.28646690e-01
83,3,3.52144747,-0.352540,3.25598597e-01
84,3,3.57405686,-0.440122,3.28706459e-01
85,3,3.62666598,-0.538050,2.34722095e-01
86,3,3.67927530,-0.640874,1.65944904e-01
87,3,3.73188462,-0.744147,2.93592267e-01
88,3,3.78449394,-0.844362,2.09138686e-01
89,3,3.83710326,-0.939896,3.24729721e-02
90,3,3.88971258,-1.028758,5.57123915e-02
91,3,3.94232191,-1.109818,2.62770525e-02
92,3,3.99493123,-1.182323,4.59165876e-02
93,3,4.04754055,-1.245711,5.43503860e-02
94,3,4.10014987,-1.299418,1.97378771e-02
95,3,4.15275899,-1.343739,2.74786487e-02
96,3,4.20536831,-1.378237,1.18807453e-02
97,3,4.25797763,-1.402944,6.33123443e-03
98,3,4.31058696,-1.417777,1.20815601e-03
99,3,4.36319628,-1.422833,3.48048721e-05
0,4,0.00000000,2.274995,1.46811863e-03
1,4,0.06074799,2.244732,7.86847368e-04
2,4,0.12149598,2.154349,2.09559096e-03
3,4,0.18224397,2.016423,4.13889530e-03
4,4,0.24299205,1.845019,6.77655657e-03
5,4,0.30373983,1.653898,9.88305186e-03
6,4,0.36448784,1.454130,1.33576757e-02
7,4,0.42523585,1.254906,1.71149286e-02
8,4,0.48598386,1.063070,2.10801261e-02
9,4,0.54673188,0.883751,2.51855491e-02
10,4,0.60747989,0.720924,2.93667241e-02
11,4,0.66822790,0.577793,3.35629829e-02
12,4,0.72897591,0.456413,3.77228675e-02
13,4,0.78972392,0.359191,4.18015079e-02
14,4,0.85047193,0.287551,4.57621172e-02
15,4,0.91121971,0.243231,4.95783392e-02
16,4,0.97196773,0.226879,5.32420739e-02
17,4,1.03271574,0.240200,5.67532473e-02
18,4,1.09346375,0.284534,6.01322352e-02
19,4,1.15421176,0.360751,1.26210981e-01
20,4,1.15421176,0.360751,1.26210765e-01
21,4,1.18458576,0.378034,1.03049590e-01
22,4,1.21495976,0.429218,6.58022051e-02
23,4,1.24533376,0.512893,3.70028852e-02
24,4,1.27570776,0.625517,1.80915525e-02
25,4,1.30608176,0.764456,6.92692234e-03
26,4,1.33645576,0.926614,1.60762835e-03
27,4,1.36682976,1.109305,5.33171653e-04
28,4,1.39720381,1.309518,2.43560968e-03
29,4,1.42757781,1.525288,6.34823105e-03
30,4,1.45795159,1.754526,1.15417917e-02
31,4,1.48832560,1.995871,1.75982018e-02
32,4,1.51869960,2.247569,2.41834591e-02
33,4,1.54907361,2.508368,3.11372892e-02
34,4,1.57944761,2.777064,3.84782803e-02
35,4,1.60982162,3.050460,4.63005482e-02
36,4,1.64019563,3.325448,5.51722085e-02
37,4,1.67056963,3.593549,6.61388045e-02
38,4,1.70094364,3.828788,8.00624514e-02
39,4,1.73131764,3.942405,1.27392641e-03
40,4,1.73131764,3.942405,1.27108304e-03
41,4,1.75279515,3.837369,2.47828978e-02
42,4,1.77427297,3.652729,2.48332336e-02
43,4,1.79575048,3.435041,2.39923215e-02
44,4,1.81722830,3.206234,2.30140517e-02
45,4,1.83870581,2.975236,2.19991863e-02
46,4,1.86018364,2.746290,2.09251434e-02
47,4,1.88166114,2.521870,1.97540088e-02
48,4,1.90313897,2.303456,1.84526402e-02
49,4,1.92461647,2.093182,1.69914022e-02
50,4,1.94609430,1.891880,1.53495386e-02
51,4,1.96757180,1.702051,1.35258280e-02
52,4,1.98904963,1.525161,1.15268300e-02
53,4,2.01052713,1.363358,9.38725783e-03
54,4,2.03200496,1.219159,7.17393328e-03
55,4,2.05348246,1.095297,4.99764325e-03
56,4,2.07496029,0.995251,3.01076216e-03
57,4,2.09643779,0.920814,1.40444173e-03
58,4,2.11791562,0.875006,3.63782718e-04
59,4,2.13939312,0.859611,3.06809796e-05
60,4,2.13939312,0.859611,3.06809654e-05
61,4,2.20382612,1.022667,3.90728813e-05
62,4,2.26825912,1.205036,4.76148038e-05
63,4,2.33269211,1.403751,5.57832818e-05
64,4,2.39712495,1.615620,6.28812425e-05
65,4,2.46155794,1.834222,6.80188879e-05
66,4,2.52599094,2.052884,7.00847765e-05
67,4,2.59042394,2.261745,6.78924460e-05
68,4,2.65485693,2.448497,6.06466964e-05
69,4,2.71928993,2.598664,4.88449714e-05
70,4,2.78372276,2.700806,3.49850885e-05
71,4,2.84815576,2.751308,2.26398536e-05
72,4,2.91258876,2.756410,1.41950212e-05
73,4,2.97702175,2.728260,1.00193612e-05
74,4,3.04145475,2.624919,7.14623723e-02
75,4,3.10588775,2.499518,4.66638605e-02
76,4,3.17032058,2.401936,2.66659349e-02
77,4,3.23475363,2.332191,1.19910960e-02
78,4,3.29918661,2.290323,3.02756575e-03
79,4,3.36361957,2.274995,1.46812159e-03
80,4,3.36361957,2.274995,1.46811878e-03
81,4,3.41622887,2.299708,1.50352451e-03
82,4,3.46883817,2.333157,7.01736020e-04
83,4,3.52144747,2.315336,3.80276395e-04
84,4,3.57405686,2.255115,2.24750493e-04
85,4,3.62666598,2.169645,1.45471031e-04
86,4,3.67927530,2.070163,1.00184382e-04
87,4,3.73188462,1.964771,7.13746710e-05
88,4,3.78449394,1.858751,5.17014368e-05
89,4,3.83710326,1.755657,3.76609398e-05
90,4,3.88971258,1.658128,2.73505963e-05
91,4,3.94232191,1.568001,1.96539834e-05
92,4,3.99493123,1.486340,1.38622837e-05
93,4,4.04754055,1.414128,9.47261087e-06
94,4,4.10014987,1.352965,6.17449213e-06
95,4,4.15275899,1.302102,3.77020911e-06
96,4,4.20536831,1.262291,2.05113193e-06
97,4,4.25797763,1.233807,9.00344192e-07
98,4,4.31058696,1.216620,2.39800767e-07
99,4,4.36319628,1.210881,2.44965724e-08
0,5,0.00000000,2.274995,1.28664893e-05
1,5,0.06074799,2.344461,2.59513150e-03
2,5,0.12149598,2.532908,5.54137390e-03
3,5,0.18224397,2.809689,7.98473690e-03
4,5,0.24299205,3.146167,9.18365604e-03
5,5,0.30373983,3.523605,9.29618939e-03
6,5,0.36448784,3.928399,8.64435499e-03
7,5,0.42523585,3.766002,1.18932357e-01
8,5,0.48598386,3.391923,1.10317032e-01
9,5,0.54673188,2.987801,1.03037216e-01
10,5,0.60747989,2.587837,9.70951593e-02
11,5,0.66822790,2.207108,9.20517901e-02
12,5,0.72897591,1.854986,8.75903551e-02
13,5,0.78972392,1.536719,8.35609930e-02
14,5,0.85047193,1.252390,7.98401444e-02
15,5,0.91121971,1.003715,7.63611849e-02
16,5,0.97196773,0.790614,7.30299772e-02
17,5,1.03271574,0.612883,6.98009376e-02
18,5,1.09346375,0.469881,6.66112771e-02
19,5,1.15421176,0.360751,5.98727914e-04
20,5,1.15421176,0.360751,5.98949560e-04
21,5,1.18458576,0.378034,2.54649869e-02
22,5,1.21495976,0.429218,6.76288821e-02
23,5,1.24533376,0.512893,1.04032618e-01
24,5,1.27570776,0.625517,1.32528609e-01
25,5,1.30608176,0.764456,1.54555192e-01
26,5,1.33645576,0.926614,1.71409064e-01
27,5,1.36682976,1.109305,1.84231002e-01
28,5,1.39720381,1.309518,1.93970865e-01
29,5,1.42757781,1.525288,2.01392274e-01
30,5,1.45795159,1.754526,2.07092750e-01
31,5,1.48832560,1.995871,2.11471542e-01
32,5,1.51869960,2.247569,2.14833563e-01
33,5,1.54907361,2.508368,2.17366457e-01
34,5,1.57944761,2.777064,2.19089094e-01
35,5,1.60982162,3.050460,2.19850362e-01
36,5,1.64019563,3.325448,2.18793522e-01
37,5,1.67056963,3.593549,2.13039529e-01
38,5,1.70094364,3.828788,1.90826864e-01
39,5,1.73131764,3.942405,2.01352815e-01
40,5,1.73131764,3.942405,2.01355655e-01
41,5,1.75279515,3.977453,1.43666948e-01
42,5,1.77427297,3.993789,1.09756505e-01
43,5,1.79575048,3.995050,8.26522090e-02
44,5,1.81722830,3.987634,6.24877232e-02
45,5,1.83870581,3.974346,4.76559186e-02
46,5,1.86018364,3.957735,3.66659494e-02
47,5,1.88166114,3.939508,2.83810353e-02
48,5,1.90313897,3.920883,2.20215110e-02
49,5,1.92461647,3.902477,1.70389473e-02
50,5,1.94609430,3.884730,1.31007474e-02
51,5,1.96757180,3.868368,9.93366592e-03
52,5,1.98904963,3.853489,7.38757350e-03
53,5,2.01052713,3.839893,5.32722695e-03
54,5,2.03200496,3.828516,3.71118862e-03
55,5,2.05348246,3.819082,2.45818336e-03
56,5,2.07496029,3.811827,1.52564819e-03
57,5,2.09643779,3.806493,8.88592789e-04
58,5,2.11791562,3.803278,5.26420783e-04
59,5,2.13939312,3.802232,4.28818330e-04
60,5,2.13939312,3.802232,4.28818368e-04
61,5,2.20382612,4.605246,3.76965101e-04
62,5,2.26825912,5.396746,2.70820084e-04
63,5,2.33269211,5.788534,4.43593986e-01
64,5,2.39712495,5.371642,4.15755776e-01
65,5,2.46155794,4.979658,3.85095918e-01
66,5,2.52599094,4.611788,3.51863098e-01
67,5,2.59042394,4.269688,3.16510979e-01
68,5,2.65485693,3.954048,2.79669894e-01
69,5,2.71928993,3.664845,2.42050933e-01
70,5,2.78372276,3.402087,2.04470522e-01
71,5,2.84815576,3.166828,1.67753731e-01
72,5,2.91258876,2.958744,1.32783089e-01
73,5,2.97702175,2.778083,1.00415750e-01
74,5,3.04145475,2.679440,9.97811369e-06
75,5,3.10588775,2.619012,1.66840184e-05
76,5,3.17032058,2.496909,6.57492695e-04
77,5,3.23475363,2.381671,7.57992285e-04
78,5,3.29918661,2.304197,8.39363502e-04
79,5,3.36361957,2.274995,1.97719375e-05
80,5,3.36361957,2.274995,2.15366747e-05
81,5,3.41622887,2.299708,1.25940247e-02
82,5,3.46883817,2.366765,3.56431102e-02
83,5,3.52144747,2.469830,8.33450687e-02
84,5,3.57405686,2.598166,1.06440627e-01
85,5,3.62666598,2.739683,1.12809226e-01
86,5,3.67927530,2.881542,2.32903479e-01
87,5,3.73188462,3.011233,8.66243273e-02
88,5,3.78449394,3.117875,1.27512801e-01
89,5,3.83710326,3.192899,4.25357862e-02
90,5,3.88971258,3.234047,4.28581010e-01
91,5,3.94232191,3.244219,4.30853592e-02
92,5,3.99493123,3.230154,1.10518519e-01
93,5,4.04754055,3.200406,1.61564527e-01
94,5,4.10014987,3.162864,2.28128006e-01
95,5,4.15275899,3.124037,1.18662050e-01
96,5,4.20536831,3.089200,6.86916062e-02
97,5,4.25797763,3.061860,4.01491673e-01
98,5,4.31058696,3.044540,2.88424589e-01
99,5,4.36319628,3.037693,2.74152627e-01
0,6,0.00000000,2.274995,9.97236041e-06
1,6,0.06074799,2.344461,6.42110082e-03
2,6,0.12149598,2.532908,2.17547924e-02
3,6,0.18224397,2.809689,3.95667459e-02
4,6,0.24299205,3.146167,5.62896547e-02
5,6,0.30373983,3.523605,7.08966794e-02
6,6,0.36448784,3.928399,8.32294164e-02
7,6,0.42523585,4.353477,7.56879321e-03
8,6,0.48598386,4.794438,6.31144712e-03
9,6,0.54673188,5.246494,5.00525306e-03
10,6,0.60747989,5.707975,3.76771055e-03
11,6,0.66822790,6.178182,2.67216841e-03
12,6,0.72897591,6.653573,1.76021240e-03
13,6,0.78972392,7.135955,1.07624495e-03
14,6,0.85047193,7.623230,6.34127240e-04
15,6,0.91121971,8.117273,4.41210858e-04
16,6,0.97196773,8.610386,4.72900264e-04
17,6,1.03271574,9.095365,6.56793371e-04
18,6,1.09346375,9.540429,7.46925638e-04
19,6,1.15421176,9.778134,4.68010438e-04
20,6,1.15421176,9.778134,4.68004362e-04
21,6,1.18458576,9.751137,4.78492418e-04
22,6,1.21495976,9.664357,4.81679274e-04
23,6,1.24533376,9.507946,4.38361274e-04
24,6,1.27570776,9.284278,3.74952898e-04
25,6,1.30608176,9.010263,3.46527819e-04
26,6,1.33645576,8.704441,3.72249084e-04
27,6,1.36682976,8.378108,4.41257551e-04
28,6,1.39720381,8.042206,5.57982518e-04
29,6,1.42757781,7.701520,7.15313331e-04
30,6,1.45795159,7.358434,9.16946790e-04
31,6,1.48832560,7.015337,1.19533106e-03
32,6,1.51869960,6.672463,1.57748183e-03
33,6,1.54907361,6.334162,2.15030405e-03
34,6,1.57944761,6.000866,3.05147856e-03
35,6,1.60982162,5.673880,4.62936588e-03
36,6,1.64019563,5.357423,7.73321938e-03
37,6,1.67056963,5.059744,1.50216460e-02
38,6,1.70094364,4.807018,3.57344370e-02
39,6,1.73131764,4.688886,3.14296190e-02
40,6,1.73131764,4.688886,3.14283911e-02
41,6,1.75279515,4.699999,5.04202933e-04
42,6,1.77427297,4.799212,3.24217909e-04
43,6,1.79575048,4.939569,9.32315278e-04
44,6,1.81722830,5.065296,2.22847182e-01
45,6,1.83870581,5.195651,2.39426064e-01
46,6,1.86018364,5.333572,2.52508446e-01
47,6,1.88166114,5.477195,2.63240409e-01
48,6,1.90313897,5.625267,2.72455695e-01
49,6,1.92461647,5.776664,2.80843634e-01
50,6,1.94609430,5.930598,2.88899015e-01
51,6,1.96757180,6.086532,2.97186364e-01
52,6,1.98904963,6.243739,3.06260911e-01
53,6,2.01052713,6.401394,3.16987484e-01
54,6,2.03200496,6.558659,3.30350965e-01
55,6,2.05348246,6.713933,3.48361082e-01
56,6,2.07496029,6.864863,3.74483449e-01
57,6,2.09643779,7.004239,4.14408661e-01
58,6,2.11791562,7.116496,4.71876483e-01
59,6,2.13939312,7.164785,5.10980600e-01
60,6,2.13939312,7.164785,5.10980603e-01
61,6,2.20382612,6.686147,4.90706828e-01
62,6,2.26825912,6.227142,4.68520219e-01
63,6,2.33269211,5.881088,1.20032009e-05
64,6,2.39712495,5.666431,4.84561671e-05
65,6,2.46155794,5.304217,9.91655881e-05
66,6,2.52599094,4.938639,1.33315671e-04
67,6,2.59042394,4.591579,1.62374979e-04
68,6,2.65485693,4.267603,1.90913425e-04
69,6,2.71928993,3.966560,2.21383245e-04
70,6,2.78372276,3.688152,2.55680810e-04
71,6,2.84815576,3.434025,2.95858463e-04
72,6,2.91258876,3.203003,3.44035476e-04
73,6,2.97702175,2.994195,4.02624001e-04
74,6,3.04145475,2.806825,4.74040337e-04
75,6,3.10588775,2.640663,5.59571947e-04
76,6,3.17032058,2.548351,4.46491755e-05
77,6,3.23475363,2.458214,1.50243524e-04
78,6,3.29918661,2.342919,4.16846703e-04
79,6,3.36361957,2.274995,3.06380501e-06
80,6,3.36361957,2.274995,1.30203122e-06
81,6,3.41622887,2.303229,1.19722040e-03
82,6,3.46883817,2.366765,1.74380231e-02
83,6,3.52144747,2.469830,2.58891768e-02
84,6,3.57405686,2.598166,6.77140442e-02
85,6,3.62666598,2.739683,1.28236559e-01
86,6,3.67927530,2.881542,7.18156271e-02
87,6,3.73188462,3.011233,2.74391946e-01
88,6,3.78449394,3.117875,2.78897608e-01
89,6,3.83710326,3.192899,3.95816872e-01
90,6,3.88971258,3.234047,2.81642707e-02
91,6,3.94232191,3.244219,4.20720238e-01
92,6,3.99493123,3.230154,3.52533382e-01
93,6,4.04754055,3.200406,2.96405320e-01
94,6,4.10014987,3.162864,2.23069843e-01
95,6,4.15275899,3.124037,3.25707976e-01
96,6,4.20536831,3.089200,3.69743070e-01
97,6,4.25797763,3.061860,3.24756358e-02
98,6,4.31058696,3.044540,1.42780358e-01
99,6,4.36319628,3.037693,1.56001413e-01
0,7,0.00000000,3.020503,1.04606010e-03
1,7,0.06074799,3.103032,1.04597132e-02
2,7,0.12149598,3.322531,3.32493322e-02
3,7,0.18224397,3.618009,6.11178392e-02
4,7,0.24299205,3.911187,9.01467441e-02
5,7,0.30373983,4.090297,1.15621686e-01
6,7,0.36448784,4.036068,1.24873993e-01
7,7,0.42523585,4.353477,9.35068917e-02
8,7,0.48598386,4.794438,1.01953442e-01
9,7,0.54673188,5.246494,1.08669632e-01
10,7,0.60747989,5.707975,1.13835729e-01
11,7,0.66822790,6.178182,1.17616157e-01
12,7,0.72897591,6.653573,1.20151275e-01
13,7,0.78972392,7.135955,1.21799531e-01
14,7,0.85047193,7.623230,1.22865473e-01
15,7,0.91121971,8.117273,1.24070638e-01
16,7,0.97196773,8.610387,1.26407817e-01
17,7,1.03271574,9.095365,1.32666902e-01
18,7,1.09346375,9.540429,1.49895485e-01
19,7,1.15421176,9.778135,1.75019179e-01
20,7,1.15421176,9.778135,1.75019189e-01
21,7,1.18458576,9.751137,1.70975257e-01
22,7,1.21495976,9.664358,1.57638098e-01
23,7,1.24533376,9.507946,1.35591821e-01
24,7,1.27570776,9.284278,1.11684087e-01
25,7,1.30608176,9.010263,9.21462943e-02
26,7,1.33645576,8.704441,7.78926104e-02
27,7,1.36682976,8.378108,6.74593446e-02
28,7,1.39720381,8.042206,5.95560526e-02
29,7,1.42757781,7.701520,5.32148689e-02
30,7,1.45795159,7.358434,4.77760499e-02
31,7,1.48832560,7.015337,4.28474223e-02
32,7,1.51869960,6.672463,3.81211472e-02
33,7,1.54907361,6.334162,3.34272043e-02
34,7,1.57944761,6.000866,2.85056852e-02
35,7,1.60982162,5.673880,2.30422533e-02
36,7,1.64019563,5.357423,1.65775028e-02
37,7,1.67056963,5.059744,8.44003234e-03
38,7,1.70094364,4.807018,2.72027856e-04
39,7,1.73131764,4.688886,7.40602112e-02
40,7,1.73131764,4.688886,7.40614334e-02
41,7,1.75279515,4.752448,1.39219210e-01
42,7,1.77427297,4.839416,1.73395198e-01
43,7,1.79575048,4.945198,2.01335871e-01
44,7,1.81722830,5.099288,1.57980028e-03
45,7,1.83870581,5.269835,2.13800825e-03
46,7,1.86018364,5.447473,2.60316309e-03
47,7,1.88166114,5.630333,2.98996222e-03
48,7,1.90313897,5.817656,3.31313920e-03
49,7,1.92461647,6.008183,3.57933891e-03
50,7,1.94609430,6.201417,3.79630974e-03
51,7,1.96757180,6.397613,3.96536014e-03
52,7,1.98904963,6.596115,4.08637299e-03
53,7,2.01052713,6.797382,4.15626283e-03
54,7,2.03200496,6.999308,4.16041844e-03
55,7,2.05348246,7.202049,4.07712536e-03
56,7,2.07496029,7.405057,3.85239510e-03
57,7,2.09643779,7.603816,3.34943947e-03
58,7,2.11791562,7.748707,3.78275411e-02
59,7,2.13939312,7.702336,1.40965490e-04
60,7,2.13939312,7.702336,1.40965458e-04
61,7,2.20382612,7.215723,1.82596565e-04
62,7,2.26825912,6.799880,2.77869605e-04
63,7,2.33269211,6.732269,5.19992785e-04
64,7,2.39712495,6.440299,2.90009668e-04
65,7,2.46155794,6.139456,3.07447574e-04
66,7,2.52599094,5.875243,3.32669365e-04
67,7,2.59042394,5.655426,3.68538282e-04
68,7,2.65485693,5.488431,4.18720964e-04
69,7,2.71928993,5.380580,4.87309374e-04
70,7,2.78372276,5.329732,5.78960589e-04
71,7,2.84815576,5.315887,7.00927895e-04
72,7,2.91258876,5.287425,8.60092150e-04
73,7,2.97702175,5.157682,1.03685053e-03
74,7,3.04145475,4.851312,1.16616922e-03
75,7,3.10588775,4.393370,1.23146932e-03
76,7,3.17032058,3.882557,1.26767685e-03
77,7,3.23475363,3.423254,1.25634666e-03
78,7,3.29918661,3.119101,1.13817612e-03
79,7,3.36361957,3.020503,1.04605990e-03
80,7,3.36361957,3.020503,1.04605998e-03
81,7,3.41622887,3.086656,1.16976014e-03
82,7,3.46883817,3.296273,1.37131546e-03
83,7,3.52144747,3.633642,1.42848394e-03
84,7,3.57405686,4.047656,1.36510426e-03
85,7,3.62666598,4.499263,1.25509729e-03
86,7,3.67927530,4.965141,1.13463459e-03
87,7,3.73188462,5.433911,1.01894601e-03
88,7,3.78449394,5.897802,9.15301231e-04
89,7,3.83710326,6.348814,8.27599562e-04
90,7,3.88971258,6.772653,7.56511364e-04
91,7,3.94232191,7.135813,6.90040484e-04
92,7,3.99493123,7.373992,5.86318331e-04
93,7,4.04754055,7.454108,4.50487950e-04
94,7,4.10014987,7.437108,3.52655789e-04
95,7,4.15275899,7.387328,2.96614027e-04
96,7,4.20536831,7.335059,2.64864850e-04
97,7,4.25797763,7.292487,2.46963122e-04
98,7,4.31058696,7.265248,2.37698963e-04
99,7,4.36319628,7.255859,2.34828821e-04
0,8,0.00000000,7.439846,3.26575935e-07
1,8,0.06074799,7.358478,2.80118969e-03
2,8,0.12149598,7.083810,7.58691117e-03
3,8,0.18224397,6.723670,8.92851311e-03
4,8,0.24299205,6.374932,4.56693890e-03
5,8,0.30373983,6.161960,1.94651662e-04
6,8,0.36448784,6.211337,1.00489195e-02
7,8,0.42523585,6.510669,2.89252744e-02
8,8,0.48598386,6.951435,4.45204830e-02
9,8,0.54673188,7.459296,5.50462810e-02
10,8,0.60747989,8.000236,6.17158498e-02
11,8,0.66822790,8.557251,6.55792753e-02
12,8,0.72897591,9.118172,6.74478764e-02
13,8,0.78972392,9.678603,6.77730311e-02
14,8,0.85047193,10.073465,2.51307259e-03
15,8,0.91121971,10.459379,2.62038840e-03
16,8,0.97196773,10.873249,2.68947097e-03
17,8,1.03271574,11.308836,2.72107387e-03
18,8,1.09346375,10.962063,7.06561116e-03
19,8,1.15421176,10.719854,7.05529575e-03
20,8,1.15421176,10.719854,7.05529645e-03
21,8,1.18458576,10.676350,1.13413168e-02
22,8,1.21495976,10.576012,1.11357612e-02
23,8,1.24533376,10.472638,1.63238198e-04
24,8,1.27570776,10.395856,8.27784229e-04
25,8,1.30608176,10.346946,1.55678246e-03
26,8,1.33645576,10.317337,2.33741470e-03
27,8,1.36682976,10.298527,3.17145746e-03
28,8,1.39720381,10.287642,4.03128775e-03
29,8,1.42757781,10.281729,4.95236925e-03
30,8,1.45795159,10.278302,5.85289076e-03
31,8,1.48832560,10.277010,6.80036366e-03
32,8,1.51869960,10.276169,7.72775366e-03
33,8,1.54907361,10.276772,8.63062753e-03
34,8,1.57944761,10.277770,9.47772418e-03
35,8,1.60982162,10.278861,1.02605593e-02
36,8,1.64019563,10.279888,1.09588930e-02
37,8,1.67056963,10.280718,1.15595882e-02
38,8,1.70094364,10.281969,1.20363851e-02
39,8,1.73131764,10.282995,1.23651962e-02
40,8,1.73131764,10.282995,1.23650411e-02
41,8,1.75279515,10.167889,2.23911441e-01
42,8,1.77427297,10.045536,2.21024236e-01
43,8,1.79575048,9.918268,2.18506128e-01
44,8,1.81722830,9.786249,2.16288030e-01
45,8,1.83870581,9.649955,2.14231025e-01
46,8,1.86018364,9.509888,2.12211267e-01
47,8,1.88166114,9.366472,2.10092705e-01
48,8,1.90313897,9.220458,2.07765449e-01
49,8,1.92461647,9.071449,2.04958149e-01
50,8,1.94609430,8.920199,2.01503229e-01
51,8,1.96757180,8.767125,1.97062320e-01
52,8,1.98904963,8.612697,1.91212631e-01
53,8,2.01052713,8.455845,1.83157379e-01
54,8,2.03200496,8.300848,1.72061433e-01
55,8,2.05348246,8.147483,1.55966110e-01
56,8,2.07496029,7.998617,1.31552819e-01
57,8,2.09643779,7.860322,9.32981873e-02
58,8,2.11791562,7.787577,2.14865159e-03
59,8,2.13939312,7.889672,2.65838171e-04
60,8,2.13939312,7.889672,2.65838159e-04
61,8,2.20382612,7.501657,2.66864433e-04
62,8,2.26825912,7.127311,2.70841405e-04
63,8,2.33269211,6.771575,2.78242426e-04
64,8,2.39712495,6.737550,8.20396183e-03
65,8,2.46155794,6.455206,6.60660411e-03
66,8,2.52599094,6.214921,4.68517959e-03
67,8,2.59042394,6.022615,2.66924531e-03
68,8,2.65485693,5.885740,9.49939284e-04
69,8,2.71928993,5.804898,4.00092784e-05
70,8,2.78372276,5.783720,4.46106187e-04
71,8,2.84815576,5.826822,2.49723500e-03
72,8,2.91258876,5.934049,6.14389192e-03
73,8,2.97702175,6.102644,1.07891523e-02
74,8,3.04145475,6.326262,1.52668514e-02
75,8,3.10588775,6.593194,1.79810600e-02
76,8,3.17032058,6.883560,1.72527435e-02
77,8,3.23475363,7.163689,1.21309303e-02
78,8,3.29918661,7.379632,4.34177944e-03
79,8,3.36361957,7.439846,3.26574919e-07
80,8,3.36361957,7.439846,3.26575793e-07
81,8,3.41622887,7.428910,1.07803834e-03
82,8,3.46883817,7.334219,4.83232397e-03
83,8,3.52144747,7.202059,6.85998891e-03
84,8,3.57405686,7.057679,1.69896532e-03
85,8,3.62666598,6.923868,4.82063739e-03
86,8,3.67927530,6.819811,1.69642802e-03
87,8,3.73188462,6.762105,1.47316348e-04
88,8,3.78449394,6.765239,1.37067614e-03
89,8,3.83710326,6.836767,5.44769435e-04
90,8,3.88971258,6.980951,1.81598366e-02
91,8,3.94232191,7.195369,4.69174931e-03
92,8,3.99493123,7.473271,5.99713771e-03
93,8,4.04754055,7.808703,5.28560089e-02
94,8,4.10014987,8.190079,1.09079915e-01
95,8,4.15275899,8.608903,3.58371353e-02
96,8,4.20536831,9.063518,1.03036698e-02
97,8,4.25797763,9.535658,4.97109966e-02
98,8,4.31058696,10.003533,3.54402937e-03
99,8,4.36319628,10.290997,1.40161665e-05
0,9,0.00000000,7.456025,1.51381330e-04
1,9,0.06074799,7.477038,2.92607218e-04
2,9,0.12149598,7.517033,3.51595032e-04
3,9,0.18224397,7.583765,4.47900529e-04
4,9,0.24299205,7.677220,5.78458205e-04
5,9,0.30373983,7.797374,7.39104592e-04
6,9,0.36448784,7.944199,9.24711170e-04
7,9,0.42523585,8.117658,1.12932776e-03
8,9,0.48598386,8.317712,1.34643240e-03
9,9,0.54673188,8.544302,1.56888595e-03
10,9,0.60747989,8.797372,1.78949733e-03
11,9,0.66822790,9.077530,2.00099677e-03
12,9,0.72897591,9.383311,2.19636567e-03
13,9,0.78972392,9.715326,2.36903179e-03
14,9,0.85047193,10.228431,6.69317133e-02
15,9,0.91121971,10.765232,6.51952070e-02
16,9,0.97196773,11.282688,6.28469401e-02
17,9,1.03271574,11.418463,8.16528341e-03
18,9,1.09346375,10.962063,2.66103302e-02
19,9,1.15421176,10.719854,6.33746951e-07
20,9,1.15421176,10.719854,6.32668726e-07
21,9,1.18458576,10.676350,4.74485544e-04
22,9,1.21495976,10.576012,1.57843132e-02
23,9,1.24533376,10.472638,5.10451444e-02
24,9,1.27570776,10.395856,7.65290491e-02
25,9,1.30608176,10.346946,9.74604916e-02
26,9,1.33645576,10.317337,1.13104814e-01
27,9,1.36682976,10.298527,1.25095509e-01
28,9,1.39720381,10.287642,1.34790225e-01
29,9,1.42757781,10.281729,1.43174063e-01
30,9,1.45795159,10.278302,1.51035758e-01
31,9,1.48832560,10.277010,1.58491579e-01
32,9,1.51869960,10.276169,1.65919522e-01
33,9,1.54907361,10.276772,1.73368550e-01
34,9,1.57944761,10.277771,1.80954618e-01
35,9,1.60982162,10.278861,1.88699439e-01
36,9,1.64019563,10.279888,1.96603227e-01
37,9,1.67056963,10.280718,2.04637704e-01
38,9,1.70094364,10.281969,2.12798638e-01
39,9,1.73131764,10.282995,2.20948788e-01
40,9,1.73131764,10.282995,2.20948948e-01
41,9,1.75279515,10.385342,4.59037435e-03
42,9,1.77427297,10.466852,3.01884709e-03
43,9,1.79575048,10.520452,1.60054451e-03
44,9,1.81722830,10.538206,5.66803054e-04
45,9,1.83870581,10.514916,1.02400956e-04
46,9,1.86018364,10.450343,2.11968340e-04
47,9,1.88166114,10.349022,7.24342278e-04
48,9,1.90313897,10.218542,1.42823281e-03
49,9,1.92461647,10.064740,2.16070991e-03
50,9,1.94609430,9.893144,2.84218529e-03
51,9,1.96757180,9.710458,3.44757607e-03
52,9,1.98904963,9.519077,3.97567419e-03
53,9,2.01052713,9.319986,4.44665294e-03
54,9,2.03200496,9.118471,4.87136945e-03
55,9,2.05348246,8.914771,5.29106275e-03
56,9,2.07496029,8.711371,5.77650126e-03
57,9,2.09643779,8.511147,6.46819922e-03
58,9,2.11791562,8.326354,7.83609112e-03
59,9,2.13939312,8.224283,9.92496100e-03
60,9,2.13939312,8.224283,9.92496099e-03
61,9,2.20382612,7.807405,1.01720179e-02
62,9,2.26825912,7.418616,1.00030798e-02
63,9,2.33269211,7.061166,9.36410279e-03
64,9,2.39712495,7.397290,4.90658204e-04
65,9,2.46155794,8.228929,4.49003783e-04
66,9,2.52599094,9.040115,4.32543145e-04
67,9,2.59042394,9.734722,4.28797479e-04
68,9,2.65485693,10.178476,4.12215698e-04
69,9,2.71928993,10.294186,3.64735773e-04
70,9,2.78372276,9.525204,2.73974878e-04
71,9,2.84815576,8.749934,2.36071843e-04
72,9,2.91258876,8.084559,1.60206213e-04
73,9,2.97702175,7.595495,5.81313010e-05
74,9,3.04145475,7.341954,1.22234403e-06
75,9,3.10588775,7.284385,1.98628299e-05
76,9,3.17032058,7.326265,6.61053545e-05
77,9,3.23475363,7.392862,1.06326525e-04
78,9,3.29918661,7.444525,1.31205928e-04
79,9,3.36361957,7.456025,2.19978946e-04
80,9,3.36361957,7.456025,2.86890239e-04
81,9,3.41622887,7.428910,7.83004221e-04
82,9,3.46883817,7.334219,3.97351380e-04
83,9,3.52144747,7.202059,1.01560175e-03
84,9,3.57405686,7.057679,6.43501229e-03
85,9,3.62666598,6.923868,1.05047948e-03
86,9,3.67927530,6.819811,6.93447785e-04
87,9,3.73188462,6.762105,3.00441472e-07
88,9,3.78449394,6.765239,8.47579304e-04
89,9,3.83710326,6.836767,1.04649434e-02
90,9,3.88971258,6.980951,8.74860347e-03
91,9,3.94232191,7.195369,4.32387550e-02
92,9,3.99493123,7.473271,6.48001151e-02
93,9,4.04754055,7.808703,3.93362896e-02
94,9,4.10014987,8.190079,7.94389513e-04
95,9,4.15275899,8.608903,8.59029291e-02
96,9,4.20536831,9.063518,1.15524441e-01
97,9,4.25797763,9.535658,6.77279170e-02
98,9,4.31058696,10.003533,7.66590575e-02
99,9,4.36319628,10.290997,2.53003574e-05
0,10,0.00000000,7.456025,1.46196725e-04
1,10,0.06074799,7.495489,2.72471464e-06
2,10,0.12149598,7.657169,4.55700401e-05
3,10,0.18224397,7.913552,2.12675938e-04
4,10,0.24299205,8.249913,5.91799384e-04
5,10,0.30373983,8.651824,1.24683452e-03
6,10,0.36448784,9.105844,2.21528436e-03
7,10,0.42523585,9.600887,3.51845704e-03
8,10,0.48598386,10.126813,5.17692768e-03
9,10,0.54673188,10.673041,7.22676145e-03
10,10,0.60747989,11.227907,9.73674861e-03
11,10,0.66822790,11.776296,1.28273411e-02
12,10,0.72897591,12.296502,1.66780051e-02
13,10,0.78972392,12.757777,2.14863629e-02
14,10,0.85047193,12.824583,1.72931365e-02
15,10,0.91121971,12.400700,1.31161821e-02
16,10,0.97196773,11.915740,1.01845536e-02
17,10,1.03271574,11.418463,4.40695607e-02
18,10,1.09346375,11.769927,2.71029358e-03
19,10,1.15421176,12.256298,5.30980484e-03
20,10,1.15421176,12.256298,5.30980827e-03
21,10,1.18458576,12.289874,1.09189185e-02
22,10,1.21495976,12.351798,2.96496490e-02
23,10,1.24533376,12.398739,4.83495248e-02
24,10,1.27570776,12.429150,5.90676183e-02
25,10,1.30608176,12.453178,6.42284071e-02
26,10,1.33645576,12.475427,6.61191113e-02
27,10,1.36682976,12.497270,6.62348867e-02
28,10,1.39720381,12.519539,6.53104512e-02
29,10,1.42757781,12.543216,6.37015836e-02
30,10,1.45795159,12.567286,6.18858108e-02
31,10,1.48832560,12.591549,5.98438206e-02
32,10,1.51869960,12.615304,5.76473141e-02
33,10,1.54907361,12.637992,5.55434472e-02
34,10,1.57944761,12.661070,5.34949227e-02
35,10,1.60982162,12.678304,5.16853724e-02
36,10,1.64019563,12.693327,4.95517428e-02
37,10,1.67056963,12.704531,4.73847439e-02
38,10,1.70094364,12.712000,4.54185792e-02
39,10,1.73131764,12.715142,4.31838945e-02
40,10,1.73131764,12.715142,4.31839661e-02
41,10,1.75279515,12.604635,2.18818062e-02
42,10,1.77427297,12.509566,2.27931429e-02
43,10,1.79575048,12.439568,2.35435051e-02
44,10,1.81722830,12.402184,2.39110235e-02
45,10,1.83870581,12.403074,2.37148417e-02
46,10,1.86018364,12.443153,2.29463205e-02
47,10,1.88166114,12.518517,2.17682826e-02
48,10,1.90313897,12.623087,2.03823087e-02
49,10,1.92461647,12.749617,1.89554349e-02
50,10,1.94609430,12.892086,1.75628499e-02
51,10,1.96757180,13.047807,1.62263317e-02
52,10,1.98904963,13.212775,1.49411924e-02
53,10,2.01052713,13.384773,1.36754679e-02
54,10,2.03200496,13.560909,1.23943492e-02
55,10,2.05348246,13.739177,1.10127247e-02
56,10,2.07496029,13.917630,9.34982803e-03
57,10,2.09643779,14.088133,7.10203822e-03
58,10,2.11791562,14.236996,3.50738650e-03
59,10,2.13939312,14.310373,7.98759252e-05
60,10,2.13939312,14.310373,7.98759202e-05
61,10,2.20382612,14.326600,1.16756832e-04
62,10,2.26825912,13.987909,1.17735593e-04
63,10,2.33269211,13.562116,1.17111591e-04
64,10,2.39712495,13.135326,1.21248318e-04
65,10,2.46155794,12.727055,1.31218239e-04
66,10,2.52599094,12.335868,1.56868577e-04
67,10,2.59042394,11.918516,2.51664719e-04
68,10,2.65485693,11.219374,3.09052478e-04
69,10,2.71928993,10.362869,2.90709587e-04
70,10,2.78372276,10.162406,3.10225304e-04
71,10,2.84815576,9.891680,2.62877750e-04
72,10,2.91258876,9.540361,2.20767734e-04
73,10,2.97702175,9.141487,1.80331478e-04
74,10,3.04145475,8.724592,1.40154866e-04
75,10,3.10588775,8.321355,1.00500063e-04
76,10,3.17032058,7.964033,6.29785124e-05
77,10,3.23475363,7.682671,3.07634923e-05
78,10,3.29918661,7.502275,8.40976195e-06
79,10,3.36361957,7.456025,7.75991347e-05
80,10,3.36361957,7.456025,1.06877926e-05
81,10,3.41622887,7.481654,8.47071579e-06
82,10,3.46883817,7.603432,3.19075952e-05
83,10,3.52144747,7.796201,6.76708817e-05
84,10,3.57405686,8.042624,1.10269942e-04
85,10,3.62666598,8.310864,1.49342139e-04
86,10,3.67927530,8.542050,1.64801851e-04
87,10,3.73188462,8.659973,1.38906813e-04
88,10,3.78449394,8.647300,9.23756768e-05
89,10,3.83710326,8.563165,5.04323067e-05
90,10,3.88971258,8.472282,1.64640926e-05
91,10,3.94232191,8.435490,5.57238323e-07
92,10,3.99493123,8.530259,3.71286851e-05
93,10,4.04754055,8.797496,1.05116111e-04
94,10,4.10014987,9.178371,1.38620554e-04
95,10,4.15275899,9.605455,1.37795487e-04
96,10,4.20536831,10.043164,1.16521333e-04
97,10,4.25797763,10.459301,8.00757169e-05
98,10,4.31058696,10.797734,3.12605591e-05
99,10,4.36319628,10.941567,1.38180523e-07
0,11,0.00000000,10.822728,9.55206763e-07
1,11,0.06074799,10.846622,4.97943864e-02
2,11,0.12149598,10.910313,4.91015085e-02
3,11,0.18224397,11.016333,4.79796662e-02
4,11,0.24299205,11.164296,4.64782624e-02
5,11,0.30373983,11.355910,4.46266735e-02
6,11,0.36448784,11.584741,4.25842347e-02
7,11,0.42523585,11.850341,4.04032965e-02
8,11,0.48598386,12.150350,3.81537777e-02
9,11,0.54673188,12.468299,3.59841988e-02
10,11,0.60747989,12.785547,3.38793339e-02
11,11,0.66822790,13.057650,3.15575002e-02
12,11,0.72897591,13.198087,2.80756919e-02
13,11,0.78972392,13.122071,2.27538087e-02
14,11,0.85047193,12.824583,4.91767725e-02
15,11,0.91121971,12.400700,5.04359238e-02
16,11,0.97196773,11.915740,4.95590471e-02
17,11,1.03271574,11.775185,6.00426478e-02
18,11,1.09346375,12.234754,5.68967720e-02
19,11,1.15421176,12.256298,3.69152705e-06
20,11,1.15421176,12.256298,3.68827107e-06
21,11,1.18458576,12.289874,3.77877797e-04
22,11,1.21495976,12.351798,2.21681184e-04
23,11,1.24533376,12.398739,4.79076599e-05
24,11,1.27570776,12.429150,1.23301205e-04
25,11,1.30608176,12.453178,6.50226256e-04
26,11,1.33645576,12.475427,1.83640326e-03
27,11,1.36682976,12.497270,3.42303040e-03
28,11,1.39720381,12.519539,5.21418729e-03
29,11,1.42757781,12.543216,7.18155680e-03
30,11,1.45795159,12.567286,8.94119079e-03
31,11,1.48832560,12.591549,1.06635501e-02
32,11,1.51869960,12.615304,1.22779041e-02
33,11,1.54907361,12.637992,1.35505818e-02
34,11,1.57944761,12.661070,1.45337468e-02
35,11,1.60982162,12.678304,1.49965962e-02
36,11,1.64019563,12.693327,1.55205867e-02
37,11,1.67056963,12.704531,1.58027769e-02
38,11,1.70094364,12.712000,1.55696777e-02
39,11,1.73131764,12.715142,1.53688728e-02
40,11,1.73131764,12.715142,1.53688001e-02
41,11,1.75279515,12.833813,4.39769785e-02
42,11,1.77427297,12.958591,4.97550231e-02
43,11,1.79575048,13.087967,5.49177167e-02
44,11,1.81722830,13.221856,5.94749036e-02
45,11,1.83870581,13.358965,6.35089881e-02
46,11,1.86018364,13.498644,6.70748855e-02
47,11,1.88166114,13.640320,7.02240881e-02
48,11,1.90313897,13.783566,7.29820662e-02
49,11,1.92461647,13.927639,7.54364592e-02
50,11,1.94609430,14.073285,7.75711687e-02
51,11,1.96757180,14.217594,7.94956535e-02
52,11,1.98904963,14.361086,8.12306117e-02
53,11,2.01052713,14.500257,8.29973451e-02
54,11,2.03200496,14.639514,8.46630998e-02
55,11,2.05348246,14.774935,8.66394042e-02
56,11,2.07496029,14.860824,7.98022293e-03
57,11,2.09643779,14.781619,1.15138205e-02
58,11,2.11791562,14.689321,1.64127569e-02
59,11,2.13939312,14.634897,2.05539130e-02
60,11,2.13939312,14.634897,2.05539120e-02
61,11,2.20382612,14.991442,1.84615507e-04
62,11,2.26825912,14.529700,1.72981925e-04
63,11,2.33269211,14.089122,1.58253169e-04
64,11,2.39712495,13.684470,1.38383047e-04
65,11,2.46155794,13.334839,1.11084859e-04
66,11,2.52599094,13.071446,7.44597602e-05
67,11,2.59042394,12.318770,5.94795859e-05
68,11,2.65485693,11.781289,1.35663533e-05
69,11,2.71928993,11.467761,4.27496563e-05
70,11,2.78372276,11.215014,5.19225262e-05
71,11,2.84815576,11.007548,5.27941652e-05
72,11,2.91258876,10.845867,4.90441114e-05
73,11,2.97702175,10.731252,4.21857915e-05
74,11,3.04145475,10.667642,3.34266575e-05
75,11,3.10588775,10.653806,2.39032432e-05
76,11,3.17032058,10.684899,1.51387232e-05
77,11,3.23475363,10.743953,8.51789520e-06
78,11,3.29918661,10.801488,4.66767073e-06
79,11,3.36361957,10.822728,9.52804887e-07
80,11,3.36361957,10.822728,9.55105786e-07
81,11,3.41622887,10.784795,9.22335315e-07
82,11,3.46883817,10.673344,8.41317697e-07
83,11,3.52144747,10.516833,1.03327621e-06
84,11,3.57405686,10.349258,3.24233024e-06
85,11,3.62666598,10.216837,1.36738533e-05
86,11,3.67927530,10.179490,4.78138150e-05
87,11,3.73188462,10.318658,1.17812154e-04
88,11,3.78449394,10.652245,1.97106565e-04
89,11,3.83710326,11.121407,2.58887663e-04
90,11,3.88971258,11.666553,3.01912300e-04
91,11,3.94232191,12.245464,3.31306570e-04
92,11,3.99493123,12.815947,3.50833413e-04
93,11,4.04754055,13.311784,3.59686883e-04
94,11,4.10014987,13.602422,1.12045322e-01
95,11,4.15275899,13.015949,1.62042240e-01
96,11,4.20536831,12.426351,5.55358112e-02
97,11,4.25797763,11.851412,1.15645542e-01
98,11,4.31058696,11.321113,2.69326862e-01
99,11,4.36319628,11.010095,1.79140320e-01
0,12,0.00000000,10.822728,1.94674398e-01
1,12,0.06074799,10.846622,4.91022932e-02
2,12,0.12149598,10.910313,4.81067662e-02
3,12,0.18224397,11.016333,4.65110013e-02
4,12,0.24299205,11.164296,4.44143199e-02
5,12,0.30373983,11.355910,4.19176374e-02
6,12,0.36448784,11.584741,3.92817029e-02
7,12,0.42523585,11.850341,3.67025367e-02
8,12,0.48598386,12.150350,3.44498069e-02
9,12,0.54673188,12.468299,3.30216966e-02
10,12,0.60747989,12.785547,3.30208009e-02
11,12,0.66822790,13.057650,3.53195668e-02
12,12,0.72897591,13.198087,4.03460740e-02
13,12,0.78972392,13.122071,4.57955895e-02
14,12,0.85047193,13.118528,2.72968570e-02
15,12,0.91121971,13.334138,3.37064091e-02
16,12,0.97196773,13.376436,3.98770255e-02
17,12,1.03271574,13.253234,4.51845605e-02
18,12,1.09346375,12.767689,2.56141828e-03
19,12,1.15421176,12.648925,1.06789134e-01
20,12,1.15421176,12.648925,1.06788902e-01
21,12,1.18458576,12.688796,7.23641144e-02
22,12,1.21495976,12.822789,4.39464504e-02
23,12,1.24533376,13.051138,2.75801216e-02
24,12,1.27570776,13.341012,1.90887860e-02
25,12,1.30608176,13.664647,1.45277395e-02
26,12,1.33645576,14.006766,1.18485661e-02
27,12,1.36682976,14.358662,1.01212005e-02
28,12,1.39720381,14.713812,8.98638369e-03
29,12,1.42757781,15.068216,8.15437010e-03
30,12,1.45795159,15.415296,7.50153884e-03
31,12,1.48832560,15.735894,6.74836335e-03
32,12,1.51869960,15.992078,5.34069230e-03
33,12,1.54907361,16.124975,3.14010405e-03
34,12,1.57944761,16.142470,2.28569192e-03
35,12,1.60982162,16.112061,1.12968172e-03
36,12,1.64019563,16.073330,6.52276251e-04
37,12,1.67056963,16.040432,5.68774974e-04
38,12,1.70094364,16.019954,6.58583245e-04
39,12,1.73131764,16.013269,8.70402286e-04
40,12,1.73131764,16.013269,8.70400487e-04
41,12,1.75279515,15.904599,2.13600779e-04
42,12,1.77427297,15.798912,2.94391212e-04
43,12,1.79575048,15.698660,3.85357256e-04
44,12,1.81722830,15.604185,4.87145537e-04
45,12,1.83870581,15.515978,6.00731394e-04
46,12,1.86018364,15.434221,7.28418639e-04
47,12,1.88166114,15.358880,8.74314546e-04
48,12,1.90313897,15.289687,1.04537216e-03
49,12,1.92461647,15.226486,1.25183428e-03
50,12,1.94609430,15.168468,1.51278870e-03
51,12,1.96757180,15.115463,1.85253812e-03
52,12,1.98904963,15.066300,2.31842449e-03
53,12,2.01052713,15.019534,2.98719000e-03
54,12,2.03200496,14.972687,3.99374618e-03
55,12,2.05348246,14.921601,5.55496030e-03
56,12,2.07496029,14.905886,8.95187447e-02
57,12,2.09643779,15.025974,9.49253089e-02
58,12,2.11791562,15.126305,1.06052470e-01
59,12,2.13939312,15.172913,1.17429517e-01
60,12,2.13939312,15.172913,1.17429515e-01
61,12,2.20382612,15.029316,2.28665587e-02
62,12,2.26825912,15.333100,1.14413838e-05
63,12,2.33269211,15.484666,4.57588670e-05
64,12,2.39712495,15.022681,1.14735134e-04
65,12,2.46155794,14.131803,1.36189713e-04
66,12,2.52599094,13.195347,1.35312976e-04
67,12,2.59042394,12.963624,3.16481888e-05
68,12,2.65485693,13.117862,3.17895123e-06
69,12,2.71928993,13.470587,4.47765326e-07
70,12,2.78372276,13.274738,1.63926419e-06
71,12,2.84815576,12.742649,1.38364589e-06
72,12,2.91258876,12.241778,5.91272958e-07
73,12,2.97702175,11.822122,7.45136818e-07
74,12,3.04145475,11.488964,1.45694767e-06
75,12,3.10588775,11.235044,1.95102147e-06
76,12,3.17032058,11.048081,1.90978120e-06
77,12,3.23475363,10.922229,1.49279474e-06
78,12,3.29918661,10.849111,1.05465742e-06
79,12,3.36361957,10.822728,2.49080288e-02
80,12,3.36361957,10.822728,2.10000767e-02
81,12,3.41622887,10.889489,8.85618106e-02
82,12,3.46883817,11.072575,1.45236974e-02
83,12,3.52144747,11.353993,1.13805936e-01
84,12,3.57405686,11.711286,2.96514356e-02
85,12,3.62666598,12.125878,2.65525628e-02
86,12,3.67927530,12.582440,3.75249253e-02
87,12,3.73188462,13.068289,7.64416697e-02
88,12,3.78449394,13.570550,1.06530342e-01
89,12,3.83710326,14.061474,2.72944367e-02
90,12,3.88971258,14.487827,1.55340270e-02
91,12,3.94232191,14.715523,7.45024727e-02
92,12,3.99493123,14.577287,7.74214017e-02
93,12,4.04754055,14.148369,1.01136103e-01
94,12,4.10014987,13.602422,7.34918432e-02
95,12,4.15275899,13.015949,3.34367148e-02
96,12,4.20536831,12.426351,1.53973745e-01
97,12,4.25797763,11.851412,1.15611412e-01
98,12,4.31058696,11.321113,6.75252153e-03
99,12,4.36319628,11.010095,1.77538254e-01
0,13,0.00000000,10.822728,6.08344645e-03
1,13,0.06074799,10.898141,9.48560314e-02
2,13,0.12149598,11.083295,8.00778916e-02
3,13,0.18224397,11.325101,6.32980413e-02
4,13,0.24299205,11.587036,4.83382770e-02
5,13,0.30373983,11.857184,3.64566869e-02
6,13,0.36448784,12.136838,2.75921064e-02
7,13,0.42523585,12.432266,2.11908682e-02
8,13,0.48598386,12.750070,1.66478823e-02
9,13,0.54673188,13.095972,1.34644707e-02
10,13,0.60747989,13.474745,1.12506147e-02
11,13,0.66822790,13.893457,9.70681199e-03
12,13,0.72897591,14.347145,8.64626183e-03
13,13,0.78972392,14.842557,7.89219237e-03
14,13,0.85047193,15.055748,1.82741973e-03
15,13,0.91121971,14.448588,2.05449868e-03
16,13,0.97196773,13.864237,2.25603266e-03
17,13,1.03271574,13.303791,2.42663216e-03
18,13,1.09346375,12.998182,4.96141277e-02
19,13,1.15421176,12.648925,1.02817317e-04
20,13,1.15421176,12.648925,1.03049722e-04
21,13,1.18458576,12.688796,2.87959658e-02
22,13,1.21495976,12.822789,3.97828125e-02
23,13,1.24533376,13.051138,3.82842321e-02
24,13,1.27570776,13.341012,3.58201515e-02
25,13,1.30608176,13.664647,3.41810319e-02
26,13,1.33645576,14.006766,3.30555112e-02
27,13,1.36682976,14.358662,3.20915500e-02
28,13,1.39720381,14.713812,3.10197704e-02
29,13,1.42757781,15.068216,2.95488949e-02
30,13,1.45795159,15.415296,2.71544362e-02
31,13,1.48832560,15.735894,2.27640492e-02
32,13,1.51869960,15.992078,1.45534791e-02
33,13,1.54907361,16.124975,5.21287777e-03
34,13,1.57944761,16.142470,4.94166302e-04
35,13,1.60982162,16.112061,7.13469769e-05
36,13,1.64019563,16.073330,1.48661767e-04
37,13,1.67056963,16.040432,2.34206276e-04
38,13,1.70094364,16.019954,3.85133500e-04
39,13,1.73131764,16.013269,6.28731304e-04
40,13,1.73131764,16.013269,6.28733025e-04
41,13,1.75279515,16.116076,1.40855516e-03
42,13,1.77427297,16.203064,1.38347072e-03
43,13,1.79575048,16.270627,1.22741407e-03
44,13,1.81722830,16.313717,9.17135615e-04
45,13,1.83870581,16.329602,5.08331513e-04
46,13,1.86018364,16.319182,1.51427612e-04
47,13,1.88166114,16.286583,4.02431854e-05
48,13,1.90313897,16.237449,3.43444792e-04
49,13,1.92461647,16.177153,1.17834146e-03
50,13,1.94609430,16.109825,2.62376614e-03
51,13,1.96757180,16.038345,4.72313146e-03
52,13,1.98904963,15.964180,7.47921871e-03
53,13,2.01052713,15.887602,1.07792109e-02
54,13,2.03200496,15.808921,1.44235460e-02
55,13,2.05348246,15.699235,4.02004693e-03
56,13,2.07496029,15.544713,3.07828124e-03
57,13,2.09643779,15.424969,1.72407559e-03
58,13,2.11791562,15.351456,5.12377735e-04
59,13,2.13939312,15.328357,3.27363109e-05
60,13,2.13939312,15.328357,3.27363014e-05
61,13,2.20382612,15.153339,2.90968099e-06
62,13,2.26825912,15.409789,2.56373777e-02
63,13,2.33269211,15.772961,2.88849127e-02
64,13,2.39712495,16.110075,3.27634684e-02
65,13,2.46155794,16.429155,3.74513168e-02
66,13,2.52599094,16.496413,1.53564348e-05
67,13,2.59042394,15.724878,1.72807784e-05
68,13,2.65485693,14.989507,1.87861727e-05
69,13,2.71928993,14.447326,2.47210529e-05
70,13,2.78372276,14.766306,3.35584734e-05
71,13,2.84815576,15.362452,8.88530243e-02
72,13,2.91258876,14.613544,9.98218102e-02
73,13,2.97702175,13.858646,1.12588355e-01
74,13,3.04145475,13.126806,1.26934363e-01
75,13,3.10588775,12.440528,1.42705561e-01
76,13,3.17032058,11.823754,1.59838037e-01
77,13,3.23475363,11.310862,1.77773081e-01
78,13,3.29918661,10.955625,1.93662949e-01
79,13,3.36361957,10.822728,1.75849828e-01
80,13,3.36361957,10.822728,1.79757784e-01
81,13,3.41622887,10.889489,1.08547330e-01
82,13,3.46883817,11.072575,1.73495390e-01
83,13,3.52144747,11.353993,6.22814784e-02
84,13,3.57405686,11.711286,1.33900297e-01
85,13,3.62666598,12.125878,1.25118018e-01
86,13,3.67927530,12.582440,1.03700839e-01
87,13,3.73188462,13.068289,5.64716553e-02
88,13,3.78449394,13.570550,2.12903163e-02
89,13,3.83710326,14.061474,1.01090859e-01
90,13,3.88971258,14.487827,1.23311177e-01
91,13,3.94232191,14.715523,8.58691863e-02
92,13,3.99493123,14.577287,9.74390025e-02
93,13,4.04754055,14.148369,7.82946892e-02
94,13,4.10014987,13.613470,3.45792773e-04
95,13,4.15275899,13.616008,3.09649992e-04
96,13,4.20536831,13.381619,2.86249771e-04
97,13,4.25797763,13.050858,2.91556559e-04
98,13,4.31058696,12.745836,3.20925193e-04
99,13,4.36319628,12.610695,3.43951132e-04
0,14,0.00000000,14.790353,2.55184501e-05
1,14,0.06074799,14.881885,1.73219791e-03
2,14,0.12149598,15.151778,6.17753710e-03
3,14,0.18224397,15.586005,1.17152003e-02
4,14,0.24299205,16.160873,1.66582594e-02
5,14,0.30373983,16.847476,2.00365427e-02
6,14,0.36448784,17.614560,2.16514435e-02
7,14,0.42523585,18.433157,2.17287854e-02
8,14,0.48598386,17.966993,2.83251234e-03
9,14,0.54673188,17.325598,2.10694096e-03
10,14,0.60747989,16.745566,1.13281707e-03
11,14,0.66822790,16.272650,2.32127383e-04
12,14,0.72897591,15.989634,3.90951991e-04
13,14,0.78972392,15.686110,1.58300772e-03
14,14,0.85047193,15.379398,7.29874901e-03
15,14,0.91121971,15.957133,6.75605202e-03
16,14,0.97196773,16.569050,6.17959840e-03
17,14,1.03271574,17.207193,5.50738895e-03
18,14,1.09346375,17.849333,4.70108885e-03
19,14,1.15421176,18.436794,6.96011136e-05
20,14,1.15421176,18.436794,6.96068959e-05
21,14,1.18458576,18.386747,1.06554286e-04
22,14,1.21495976,18.258969,2.04144593e-04
23,14,1.24533376,18.091153,3.34464858e-04
24,14,1.27570776,17.906013,4.82024569e-04
25,14,1.30608176,17.717266,6.42294855e-04
26,14,1.33645576,17.531983,8.12971398e-04
27,14,1.36682976,17.355232,9.86093675e-04
28,14,1.39720381,17.189594,1.16475529e-03
29,14,1.42757781,17.040050,1.30406218e-03
30,14,1.45795159,16.912552,1.28736837e-03
31,14,1.48832560,16.823962,7.95293012e-04
32,14,1.51869960,16.809962,1.55690019e-05
33,14,1.54907361,16.933630,1.43580006e-03
34,14,1.57944761,17.184375,3.28908753e-03
35,14,1.60982162,17.486592,4.19514055e-03
36,14,1.64019563,17.789953,4.26151177e-03
37,14,1.67056963,18.023803,8.89399823e-04
38,14,1.70094364,18.102944,6.00084570e-03
39,14,1.73131764,18.114348,1.74194744e-03
40,14,1.73131764,18.114348,1.74193210e-03
41,14,1.75279515,17.992803,2.80508137e-04
42,14,1.77427297,17.884294,2.68706212e-04
43,14,1.79575048,17.795154,1.49128048e-03
44,14,1.81722830,17.727069,4.01647619e-03
45,14,1.83870581,17.676019,7.99153036e-03
46,14,1.86018364,17.562552,2.53012341e-03
47,14,1.88166114,17.349514,2.87319968e-03
48,14,1.90313897,17.132930,3.22290340e-03
49,14,1.92461647,16.916780,3.57340366e-03
50,14,1.94609430,16.699418,3.90590942e-03
51,14,1.96757180,16.485997,4.20968414e-03
52,14,1.98904963,16.276297,4.44781153e-03
53,14,2.01052713,16.073230,4.57058345e-03
54,14,2.03200496,15.878761,4.47381056e-03
55,14,2.05348246,15.727432,1.78593802e-02
56,14,2.07496029,15.643006,2.00577637e-02
57,14,2.09643779,15.557078,1.88873583e-02
58,14,2.11791562,15.478065,1.05868065e-02
59,14,2.13939312,15.438804,1.94519087e-04
60,14,2.13939312,15.438804,1.94519099e-04
61,14,2.20382612,15.725243,1.07140256e-01
62,14,2.26825912,16.266058,9.50404305e-02
63,14,2.33269211,16.550898,6.41292785e-05
64,14,2.39712495,16.358283,1.23415036e-05
65,14,2.46155794,16.624232,4.51036717e-06
66,14,2.52599094,16.700570,4.35259867e-02
67,14,2.59042394,16.879563,5.16602560e-02
68,14,2.65485693,16.879334,6.17461938e-02
69,14,2.71928993,16.600906,7.13803063e-02
70,14,2.78372276,16.055238,7.97122105e-02
71,14,2.84815576,15.642135,3.68197243e-05
72,14,2.91258876,16.651118,3.50882785e-05
73,14,2.97702175,17.415825,3.32356170e-05
74,14,3.04145475,16.781749,3.30089225e-05
75,14,3.10588775,16.166137,3.17564672e-05
76,14,3.17032058,15.619451,2.99107664e-05
77,14,3.23475363,15.181082,2.78667989e-05
78,14,3.29918661,14.892178,2.61890605e-05
79,14,3.36361957,14.790353,2.55184678e-05
80,14,3.36361957,14.790353,2.55184538e-05
81,14,3.41622887,14.858479,2.51305459e-05
82,14,3.46883817,15.053277,2.40630036e-05
83,14,3.52144747,15.352848,2.25286577e-05
84,14,3.57405686,15.732201,2.06770172e-05
85,14,3.62666598,16.170095,1.85966380e-05
86,14,3.67927530,16.640360,1.60291637e-05
87,14,3.73188462,17.111318,1.26231015e-05
88,14,3.78449394,17.507857,7.57352482e-06
89,14,3.83710326,17.655505,1.85265265e-06
90,14,3.88971258,17.239492,1.84858506e-02
91,14,3.94232191,16.923703,5.48524818e-03
92,14,3.99493123,16.675766,2.35910383e-08
93,14,4.04754055,16.364977,3.19059360e-06
94,14,4.10014987,16.279373,2.32175166e-05
95,14,4.15275899,16.517682,6.36353752e-05
96,14,4.20536831,17.032274,9.46490189e-05
97,14,4.25797763,17.701132,1.02614013e-04
98,14,4.31058696,18.434742,8.52481385e-05
99,14,4.36319628,19.007652,1.62271721e-07
0,15,0.00000000,22.719198,1.97830171e-07
1,15,0.06074799,22.546671,2.91996205e-03
2,15,0.12149598,22.065225,3.00158637e-03
3,15,0.18224397,21.442135,3.16838885e-03
4,15,0.24299205,20.757139,3.34784913e-03
5,15,0.30373983,20.054746,3.47012139e-03
6,15,0.36448784,19.342403,3.46228130e-03
7,15,0.42523585,18.641315,3.26565673e-03
8,15,0.48598386,17.966993,1.24048748e-02
9,15,0.54673188,17.325598,1.35043849e-02
10,15,0.60747989,16.745566,1.36147526e-02
11,15,0.66822790,16.272650,1.18962842e-02
12,15,0.72897591,15.989635,7.91151774e-03
13,15,0.78972392,15.992210,2.34389678e-03
14,15,0.85047193,16.273939,4.54030689e-03
15,15,0.91121971,16.747693,5.62758970e-03
16,15,0.97196773,17.337832,5.76093952e-03
17,15,1.03271574,18.003016,5.43954534e-03
18,15,1.09346375,18.711444,5.19714541e-03
19,15,1.15421176,18.436794,7.38086469e-03
20,15,1.15421176,18.436794,7.38085954e-03
21,15,1.18458576,18.386747,7.31821504e-03
22,15,1.21495976,18.258969,7.22387531e-03
23,15,1.24533376,18.091153,7.20021047e-03
24,15,1.27570776,17.906013,7.24669359e-03
25,15,1.30608176,17.717266,7.35390826e-03
26,15,1.33645576,17.531983,7.52650580e-03
27,15,1.36682976,17.355232,7.80834114e-03
28,15,1.39720381,17.189594,8.30452682e-03
29,15,1.42757781,17.040050,9.28087564e-03
30,15,1.45795159,16.912552,1.13865932e-02
31,15,1.48832560,16.823962,1.63039025e-02
32,15,1.51869960,16.809962,2.61717200e-02
33,15,1.54907361,16.933630,3.57572762e-02
34,15,1.57944761,17.184375,3.91342582e-02
35,15,1.60982162,17.486592,3.99047356e-02
36,15,1.64019563,17.789953,3.94623236e-02
37,15,1.67056963,18.023803,2.99068698e-02
38,15,1.70094364,18.102944,3.77528968e-03
39,15,1.73131764,18.114348,7.77798346e-04
40,15,1.73131764,18.114348,7.77813500e-04
41,15,1.75279515,18.243378,1.31027023e-04
42,15,1.77427297,18.333372,1.15830143e-03
43,15,1.79575048,18.162267,1.58554835e-03
44,15,1.81722830,17.972497,1.88584429e-03
45,15,1.83870581,17.771179,2.20001554e-03
46,15,1.86018364,17.632356,1.31893771e-02
47,15,1.88166114,17.583590,1.86320781e-02
48,15,1.90313897,17.521006,2.29303032e-02
49,15,1.92461647,17.442721,2.53012337e-02
50,15,1.94609430,17.352514,2.57990988e-02
51,15,1.96757180,17.255580,2.47174389e-02
52,15,1.98904963,17.156821,2.24245502e-02
53,15,2.01052713,17.059382,1.91405011e-02
54,15,2.03200496,16.969591,1.52107187e-02
55,15,2.05348246,16.889843,1.09273504e-02
56,15,2.07496029,16.823822,6.75953297e-03
57,15,2.09643779,16.774022,3.20468088e-03
58,15,2.11791562,16.743130,8.20566045e-04
59,15,2.13939312,16.734622,2.73250099e-07
60,15,2.13939312,16.734622,2.73253653e-07
61,15,2.20382612,17.413512,2.12327421e-06
62,15,2.26825912,17.390007,7.87353852e-05
63,15,2.33269211,16.780357,8.24687380e-02
64,15,2.39712495,17.270579,7.00978795e-02
65,15,2.46155794,17.248218,1.21975994e-05
66,15,2.52599094,16.967113,3.84119065e-06
67,15,2.59042394,17.326962,4.39260925e-06
68,15,2.65485693,17.685157,5.92274532e-06
69,15,2.71928993,18.018601,8.97026110e-06
70,15,2.78372276,18.266586,1.47237706e-05
71,15,2.84815576,18.301537,2.40000579e-05
72,15,2.91258876,17.983229,3.13083250e-05
73,15,2.97702175,17.714571,3.01448693e-05
74,15,3.04145475,18.799180,2.37329105e-05
75,15,3.10588775,19.879223,1.70550377e-05
76,15,3.17032058,20.911364,1.06717786e-05
77,15,3.23475363,21.837410,5.14616791e-06
78,15,3.29918661,22.503265,1.37995427e-06
79,15,3.36361957,22.719198,1.96476446e-07
80,15,3.36361957,22.719198,1.99628338e-07
81,15,3.41622887,22.621420,2.19195636e-07
82,15,3.46883817,22.306203,1.82901547e-07
83,15,3.52144747,21.858488,2.55036787e-04
84,15,3.57405686,21.235373,7.15504888e-04
85,15,3.62666598,20.552574,2.02895328e-02
86,15,3.67927530,19.842388,4.37608459e-03
87,15,3.73188462,19.130628,2.35693288e-02
88,15,3.78449394,18.440632,1.19373874e-02
89,15,3.83710326,17.789934,2.62924853e-02
90,15,3.88971258,17.239492,9.29599203e-03
91,15,3.94232191,16.923703,4.30064565e-03
92,15,3.99493123,17.008209,3.87898428e-05
93,15,4.04754055,17.421751,1.26272462e-03
94,15,4.10014987,17.989504,7.78798978e-04
95,15,4.15275899,18.626343,1.13110786e-04
96,15,4.20536831,19.301538,2.39627762e-03
97,15,4.25797763,19.989633,8.10581709e-04
98,15,4.31058696,20.157782,1.40508286e-04
99,15,4.36319628,19.554761,2.32139889e-04
0,16,0.00000000,22.719198,1.11016134e-02
1,16,0.06074799,22.546671,3.07298099e-03
2,16,0.12149598,22.065225,3.74133931e-03
3,16,0.18224397,21.442135,4.75190134e-03
4,16,0.24299205,20.757139,6.03210882e-03
5,16,0.30373983,20.054746,7.53477335e-03
6,16,0.36448784,19.342403,9.16849364e-03
7,16,0.42523585,18.641315,1.08413952e-02
8,16,0.48598386,19.137204,3.86883085e-04
9,16,0.54673188,18.412211,5.91995533e-04
10,16,0.60747989,17.702257,8.23558291e-04
11,16,0.66822790,17.009889,1.07202073e-03
12,16,0.72897591,16.336952,1.32801184e-03
13,16,0.78972392,15.992210,3.65413267e-03
14,16,0.85047193,16.273939,1.41462139e-03
15,16,0.91121971,16.747693,6.63266511e-04
16,16,0.97196773,17.337832,4.64750335e-04
17,16,1.03271574,18.003016,4.45075924e-04
18,16,1.09346375,18.711444,4.39756854e-04
19,16,1.15421176,19.255671,6.58900388e-03
20,16,1.15421176,19.255671,6.58900363e-03
21,16,1.18458576,19.256795,6.61707701e-03
22,16,1.21495976,19.241778,6.49195732e-03
23,16,1.24533376,19.194951,6.03862855e-03
24,16,1.27570776,19.122315,5.40569204e-03
25,16,1.30608176,19.034741,4.75564335e-03
26,16,1.33645576,18.940225,4.15572263e-03
27,16,1.36682976,18.843777,3.61423854e-03
28,16,1.39720381,18.749089,3.12640353e-03
29,16,1.42757781,18.658716,2.67494066e-03
30,16,1.45795159,18.574507,2.24474502e-03
31,16,1.48832560,18.496961,1.81016057e-03
32,16,1.51869960,18.426123,1.36705936e-03
33,16,1.54907361,18.365897,8.92828918e-04
34,16,1.57944761,18.316741,4.04084596e-04
35,16,1.60982162,18.280500,3.07875074e-05
36,16,1.64019563,18.267413,4.49951540e-04
37,16,1.67056963,18.322540,2.38828154e-03
38,16,1.70094364,18.497276,7.90561142e-03
39,16,1.73131764,18.601261,1.34627521e-02
40,16,1.73131764,18.601261,1.34626629e-02
41,16,1.75279515,18.487621,1.13687851e-03
42,16,1.77427297,18.385029,4.01553720e-04
43,16,1.79575048,18.532224,2.96597649e-04
44,16,1.81722830,18.519350,3.38347112e-02
45,16,1.83870581,18.463471,2.79939561e-02
46,16,1.86018364,18.428678,2.16159256e-02
47,16,1.88166114,18.426012,1.52194459e-02
48,16,1.90313897,18.460181,9.80391982e-03
49,16,1.92461647,18.527892,5.92726927e-03
50,16,1.94609430,18.621337,3.43918611e-03
51,16,1.96757180,18.732932,1.94594387e-03
52,16,1.98904963,18.855398,1.06788139e-03
53,16,2.01052713,18.984317,5.67299215e-04
54,16,2.03200496,19.111169,2.82668874e-04
55,16,2.05348246,19.231832,1.31091416e-04
56,16,2.07496029,19.332430,5.63294782e-05
57,16,2.09643779,19.333768,5.81927669e-05
58,16,2.11791562,19.334540,6.00312675e-05
59,16,2.13939312,19.335132,6.18195827e-05
60,16,2.13939312,19.335132,6.18195892e-05
61,16,2.20382612,18.358093,7.05747030e-05
62,16,2.26825912,18.031916,2.50225311e-06
63,16,2.33269211,18.266697,3.87816638e-06
64,16,2.39712495,17.901353,7.92657190e-06
65,16,2.46155794,17.753136,5.84322604e-02
66,16,2.52599094,18.226331,4.77643527e-02
67,16,2.59042394,18.691476,3.82061090e-02
68,16,2.65485693,19.159061,2.98038146e-02
69,16,2.71928993,19.631417,2.25611240e-02
70,16,2.78372276,19.964691,4.02382282e-03
71,16,2.84815576,20.203211,7.36263696e-03
72,16,2.91258876,20.423671,3.96870415e-07
73,16,2.97702175,20.650020,2.89665296e-07
74,16,3.04145475,21.018323,1.57303483e-06
75,16,3.10588775,21.437804,2.74951088e-06
76,16,3.17032058,21.873957,3.28910728e-06
77,16,3.23475363,22.287136,2.79531586e-06
78,16,3.29918661,22.611051,1.19632220e-06
79,16,3.36361957,22.719198,4.77445000e-03
80,16,3.36361957,22.719198,5.96073909e-03
81,16,3.41622887,22.651069,4.18258972e-03
82,16,3.46883817,22.354804,2.46748732e-03
83,16,3.52144747,21.858488,1.41675849e-02
84,16,3.57405686,21.235373,1.70792565e-02
85,16,3.62666598,20.552574,2.04209807e-03
86,16,3.67927530,19.842388,2.30983745e-02
87,16,3.73188462,19.130628,8.93433817e-03
88,16,3.78449394,18.440632,2.43341101e-02
89,16,3.83710326,17.789934,9.85062081e-03
90,16,3.88971258,17.453136,3.41716131e-08
91,16,3.94232191,17.075878,9.44348611e-08
92,16,3.99493123,17.008209,6.57089369e-05
93,16,4.04754055,17.421751,6.52303758e-04
94,16,4.10014987,17.989504,2.88572939e-03
95,16,4.15275899,18.626343,3.49380196e-03
96,16,4.20536831,19.301538,2.20269439e-04
97,16,4.25797763,19.989633,6.20601836e-04
98,16,4.31058696,20.676291,8.24597826e-05
99,16,4.36319628,21.237225,2.56002917e-05
0,17,0.00000000,22.719198,3.36977639e-04
1,17,0.06074799,22.757619,5.60157485e-03
2,17,0.12149598,22.802377,5.26803051e-03
3,17,0.18224397,22.749868,8.33422311e-05
4,17,0.24299205,22.070749,2.01112754e-05
5,17,0.30373983,21.350066,2.51081528e-05
6,17,0.36448784,20.611371,9.34188085e-05
7,17,0.42523585,19.869806,2.16645629e-04
8,17,0.48598386,19.275570,2.05724285e-02
9,17,0.54673188,20.106565,1.84788536e-02
10,17,0.60747989,19.768662,5.77579875e-03
11,17,0.66822790,19.338188,6.77595456e-03
12,17,0.72897591,18.956024,7.30210756e-03
13,17,0.78972392,18.660009,7.11291579e-03
14,17,0.85047193,18.481510,6.07349940e-03
15,17,0.91121971,18.458478,4.43819617e-03
16,17,0.97196773,18.588426,2.89718303e-03
17,17,1.03271574,18.782752,2.15679213e-03
18,17,1.09346375,18.805466,2.61800332e-03
19,17,1.15421176,19.255671,3.34990474e-05
20,17,1.15421176,19.255671,3.34987498e-05
21,17,1.18458576,19.256795,2.84725304e-05
22,17,1.21495976,19.241778,2.61148667e-05
23,17,1.24533376,19.194951,1.33714997e-04
24,17,1.27570776,19.122315,3.38380568e-04
25,17,1.30608176,19.034741,5.50936805e-04
26,17,1.33645576,18.940225,7.17451211e-04
27,17,1.36682976,18.843777,8.28635086e-04
28,17,1.39720381,18.749089,8.68510329e-04
29,17,1.42757781,18.658716,8.47187209e-04
30,17,1.45795159,18.574507,7.67726380e-04
31,17,1.48832560,18.496961,6.50167860e-04
32,17,1.51869960,18.426123,5.04241195e-04
33,17,1.54907361,18.365897,3.24817100e-04
34,17,1.57944761,18.316741,1.42111479e-04
35,17,1.60982162,18.280500,4.73322501e-05
36,17,1.64019563,18.267413,9.79168365e-04
37,17,1.67056963,18.322540,1.38910722e-02
38,17,1.70094364,18.497276,3.42010921e-02
39,17,1.73131764,18.601261,4.06625181e-02
40,17,1.73131764,18.601261,4.06626091e-02
41,17,1.75279515,18.653473,5.11239829e-02
42,17,1.77427297,18.635102,4.52292253e-02
43,17,1.79575048,18.582307,3.93893918e-02
44,17,1.81722830,18.686335,3.41701811e-04
45,17,1.83870581,18.843321,3.85643922e-04
46,17,1.86018364,18.997641,4.04781620e-04
47,17,1.88166114,19.135727,3.49652879e-04
48,17,1.90313897,19.231484,2.00784267e-04
49,17,1.92461647,19.278167,9.85366189e-05
50,17,1.94609430,19.299490,6.42648566e-05
51,17,1.96757180,19.311451,5.39394984e-05
52,17,1.98904963,19.319058,5.13639876e-05
53,17,2.01052713,19.323532,5.14666132e-05
54,17,2.03200496,19.327342,5.27405184e-05
55,17,2.05348246,19.330124,5.44382234e-05
56,17,2.07496029,19.339949,5.76599453e-05
57,17,2.09643779,19.426919,2.37982984e-05
58,17,2.11791562,19.484272,9.46966568e-06
59,17,2.13939312,19.504431,3.21965793e-06
60,17,2.13939312,19.504431,3.21965462e-06
61,17,2.20382612,19.527816,1.25500233e-06
62,17,2.26825912,19.502083,1.37462258e-07
63,17,2.33269211,19.592485,9.71161966e-07
64,17,2.39712495,19.990740,2.71994425e-06
65,17,2.46155794,20.434301,5.14195247e-06
66,17,2.52599094,20.814819,7.19695668e-06
67,17,2.59042394,20.757774,1.00317455e-03
68,17,2.65485693,20.182791,1.55214257e-04
69,17,2.71928993,19.922526,8.93567096e-04
70,17,2.78372276,20.103186,1.63837153e-02
71,17,2.84815576,20.501799,4.93648699e-06
72,17,2.91258876,20.545085,9.74358948e-03
73,17,2.97702175,20.937993,1.11468719e-02
74,17,3.04145475,21.348109,1.18177522e-02
75,17,3.10588775,21.756071,1.20044985e-02
76,17,3.17032058,22.134300,1.19148722e-02
77,17,3.23475363,22.449371,1.17121660e-02
78,17,3.29918661,22.663129,1.15340511e-02
79,17,3.36361957,22.719198,6.66414519e-03
80,17,3.36361957,22.719198,5.47785039e-03
81,17,3.41622887,22.651069,7.52642881e-03
82,17,3.46883817,22.354804,1.00361155e-02
83,17,3.52144747,21.876955,1.58332218e-07
84,17,3.57405686,21.388782,3.52903138e-07
85,17,3.62666598,20.883735,9.51739001e-07
86,17,3.67927530,20.366915,2.26203470e-06
87,17,3.73188462,19.883572,4.65645181e-06
88,17,3.78449394,19.509986,8.82839080e-06
89,17,3.83710326,19.422835,1.37233476e-05
90,17,3.88971258,19.728694,1.45286294e-05
91,17,3.94232191,20.263325,1.25807861e-05
92,17,3.99493123,20.894339,9.94069260e-06
93,17,4.04754055,21.569207,6.74196647e-06
94,17,4.10014987,22.251457,1.99135831e-06
95,17,4.15275899,22.582660,3.66551442e-05
96,17,4.20536831,21.834481,8.44596090e-05
97,17,4.25797763,20.986569,1.08272544e-04
98,17,4.31058696,20.676291,4.10934078e-04
99,17,4.36319628,21.237225,2.60811061e-05
0,18,0.00000000,23.904286,7.11750898e-04
1,18,0.06074799,23.770166,3.52413552e-04
2,18,0.12149598,23.341940,2.07856321e-04
3,18,0.18224397,22.878537,4.73041645e-03
4,18,0.24299205,22.680461,6.99485298e-05
5,18,0.30373983,22.214128,4.62632866e-04
6,18,0.36448784,21.720467,1.16331350e-03
7,18,0.42523585,21.222174,2.13318826e-03
8,18,0.48598386,20.724569,3.29772499e-03
9,18,0.54673188,20.236504,4.55750242e-03
10,18,0.60747989,20.892446,1.56384620e-02
11,18,0.66822790,21.603377,1.23243558e-02
12,18,0.72897591,22.215292,9.00499773e-03
13,18,0.78972392,22.759297,6.14861110e-03
14,18,0.85047193,23.197409,4.04799052e-03
15,18,0.91121971,22.418063,3.53437572e-04
16,18,0.97196773,21.671107,8.80434831e-04
17,18,1.03271574,21.046985,1.34554884e-03
18,18,1.09346375,20.406554,1.53854421e-03
19,18,1.15421176,19.823427,1.11846951e-04
20,18,1.15421176,19.823427,1.11848721e-04
21,18,1.18458576,19.861330,2.90822557e-04
22,18,1.21495976,19.973614,6.84302922e-04
23,18,1.24533376,20.145405,1.02086771e-03
24,18,1.27570776,20.350702,1.22209977e-03
25,18,1.30608176,20.569305,1.35227958e-03
26,18,1.33645576,20.786233,1.48503672e-03
27,18,1.36682976,20.987480,1.66023561e-03
28,18,1.39720381,21.162713,1.92609640e-03
29,18,1.42757781,21.296627,2.23254491e-03
30,18,1.45795159,21.366234,2.62094119e-03
31,18,1.48832560,21.348880,2.99237895e-03
32,18,1.51869960,21.233750,3.39080387e-03
33,18,1.54907361,21.036860,3.86422541e-03
34,18,1.57944761,20.784679,4.36174313e-03
35,18,1.60982162,20.497436,4.83393642e-03
36,18,1.64019563,20.196849,5.11669023e-03
37,18,1.67056963,19.901103,4.82295253e-03
38,18,1.70094364,19.647607,2.95752509e-03
39,18,1.73131764,19.539497,4.38460168e-05
40,18,1.73131764,19.539497,4.38448086e-05
41,18,1.75279515,19.465319,7.34125414e-05
42,18,1.77427297,19.417472,7.43078241e-05
43,18,1.79575048,19.388742,7.73736188e-05
44,18,1.81722830,19.377808,8.87280645e-05
45,18,1.83870581,19.378523,1.13398068e-04
46,18,1.86018364,19.392186,1.68449191e-04
47,18,1.88166114,19.429540,2.99768154e-04
48,18,1.90313897,19.515005,5.25135511e-04
49,18,1.92461647,19.653313,7.10628302e-04
50,18,1.94609430,19.818218,8.36770415e-04
51,18,1.96757180,19.995636,9.43365933e-04
52,18,1.98904963,20.177747,1.04972999e-03
53,18,2.01052713,20.361252,1.16512580e-03
54,18,2.03200496,20.542006,1.29274588e-03
55,18,2.05348246,20.716263,1.43966280e-03
56,18,2.07496029,20.877906,1.60902851e-03
57,18,2.09643779,21.015398,1.79913706e-03
58,18,2.11791562,21.112143,1.97462517e-03
59,18,2.13939312,21.130204,3.06299174e-03
60,18,2.13939312,21.130204,3.06299224e-03
61,18,2.20382612,21.593024,2.56215023e-03
62,18,2.26825912,21.912212,1.52946727e-05
63,18,2.33269211,21.834523,1.71730700e-05
64,18,2.39712495,22.057560,1.43386149e-05
65,18,2.46155794,22.392271,3.87085956e-04
66,18,2.52599094,21.540739,1.09380662e-03
67,18,2.59042394,21.149312,8.45535098e-06
68,18,2.65485693,21.462892,9.08937945e-06
69,18,2.71928993,21.748735,1.34275284e-05
70,18,2.78372276,20.991935,1.10350363e-05
71,18,2.84815576,20.588906,1.13146832e-02
72,18,2.91258876,21.076065,7.23848328e-03
73,18,2.97702175,21.567693,4.12048521e-03
74,18,3.04145475,22.061206,1.91467146e-03
75,18,3.10588775,22.545950,5.66017461e-04
76,18,3.17032058,23.016082,3.72670062e-05
77,18,3.23475363,23.448373,2.73936960e-04
78,18,3.29918661,23.789966,1.10316756e-03
79,18,3.36361957,23.904286,1.75251456e-04
80,18,3.36361957,23.904286,1.41143752e-03
81,18,3.41622887,23.839318,2.84861989e-04
82,18,3.46883817,23.679982,2.60991408e-03
83,18,3.52144747,23.584189,3.20327621e-03
84,18,3.57405686,23.552556,2.88890883e-03
85,18,3.62666598,23.558663,1.28582727e-03
86,18,3.67927530,23.584252,4.80696961e-04
87,18,3.73188462,23.621558,3.06174332e-03
88,18,3.78449394,23.667048,2.09784681e-03
89,18,3.83710326,23.710107,2.86926749e-03
90,18,3.88971258,23.747057,2.71192772e-03
91,18,3.94232191,23.769544,2.85331013e-03
92,18,3.99493123,23.764498,1.89969260e-03
93,18,4.04754055,23.708332,2.13640315e-03
94,18,4.10014987,23.599735,5.15697906e-04
95,18,4.15275899,23.200300,4.69112832e-05
96,18,4.20536831,23.042441,4.60739213e-04
97,18,4.25797763,22.576414,7.23098364e-05
98,18,4.31058696,22.011466,3.15778361e-06
99,18,4.36319628,21.482021,2.46937050e-06
0,19,0.00000000,23.904286,1.00917775e-03
1,19,0.06074799,23.812018,9.21062995e-04
2,19,0.12149598,23.514475,3.46133882e-04
3,19,0.18224397,23.122950,3.12127604e-05
4,19,0.24299205,22.988149,4.01804013e-03
5,19,0.30373983,23.136752,3.17925591e-03
6,19,0.36448784,23.325332,2.26437028e-03
7,19,0.42523585,23.564749,1.36468780e-03
8,19,0.48598386,23.873360,5.99800211e-04
9,19,0.54673188,24.258848,1.10926232e-04
10,19,0.60747989,24.749818,1.40385823e-05
11,19,0.66822790,25.320811,2.02876287e-03
12,19,0.72897591,24.696175,8.00771765e-04
13,19,0.78972392,23.976616,1.45127260e-04
14,19,0.85047193,23.201610,4.73113645e-05
15,19,0.91121971,22.997339,5.60414479e-04
16,19,0.97196773,22.102161,9.31210397e-04
17,19,1.03271574,21.233279,1.33835077e-03
18,19,1.09346375,20.406554,1.45679846e-03
19,19,1.15421176,19.823427,1.81712566e-03
20,19,1.15421176,19.823427,1.81712423e-03
21,19,1.18458576,19.861330,1.58785291e-03
22,19,1.21495976,19.973614,1.19767651e-03
23,19,1.24533376,20.145405,1.00345770e-03
24,19,1.27570776,20.350702,1.04062296e-03
25,19,1.30608176,20.569305,1.27053667e-03
26,19,1.33645576,20.786233,1.67509835e-03
27,19,1.36682976,20.987480,2.26386543e-03
28,19,1.39720381,21.162713,3.00041531e-03
29,19,1.42757781,21.296627,3.93600047e-03
30,19,1.45795159,21.366234,4.96793480e-03
31,19,1.48832560,21.348880,5.96828692e-03
32,19,1.51869960,21.233750,6.66196191e-03
33,19,1.54907361,21.036860,6.95345401e-03
34,19,1.57944761,20.784679,6.95210194e-03
35,19,1.60982162,20.497436,6.64856894e-03
36,19,1.64019563,20.196849,5.84686737e-03
37,19,1.67056963,19.901103,4.16212265e-03
38,19,1.70094364,19.647607,1.37228788e-03
39,19,1.73131764,19.539497,5.00426054e-05
40,19,1.73131764,19.539497,5.00438423e-05
41,19,1.75279515,19.669297,2.46887755e-03
42,19,1.77427297,19.880595,6.64529216e-03
43,19,1.79575048,20.130891,9.69587820e-03
44,19,1.81722830,20.396279,1.13560548e-02
45,19,1.83870581,20.664106,1.20231313e-02
46,19,1.86018364,20.926954,1.20500771e-02
47,19,1.88166114,21.179433,1.16866027e-02
48,19,1.90313897,21.421144,1.11259779e-02
49,19,1.92461647,21.636295,1.06747927e-02
50,19,1.94609430,21.812326,1.08550391e-02
51,19,1.96757180,21.855615,8.68668236e-03
52,19,1.98904963,21.759773,5.79310491e-03
53,19,2.01052713,21.636248,4.69314786e-03
54,19,2.03200496,21.512599,4.09147338e-03
55,19,2.05348246,21.394792,3.69402799e-03
56,19,2.07496029,21.290383,3.39752596e-03
57,19,2.09643779,21.205374,3.20891758e-03
58,19,2.11791562,21.149296,3.09956976e-03
59,19,2.13939312,21.147891,2.05710902e-03
60,19,2.13939312,21.147891,2.05710908e-03
61,19,2.20382612,21.753653,2.30861552e-03
62,19,2.26825912,22.130549,2.34021608e-03
63,19,2.33269211,22.727573,2.48496193e-03
64,19,2.39712495,23.054225,2.32532516e-04
65,19,2.46155794,22.565209,9.56158980e-06
66,19,2.52599094,23.269552,5.45326682e-06
67,19,2.59042394,23.586761,1.06572076e-05
68,19,2.65485693,22.634420,1.29294959e-05
69,19,2.71928993,21.759253,9.26523809e-06
70,19,2.78372276,22.044705,9.14809910e-06
71,19,2.84815576,22.322167,8.83463259e-06
72,19,2.91258876,22.584411,8.30549783e-06
73,19,2.97702175,22.825610,7.55225290e-06
74,19,3.04145475,23.043890,6.65710637e-06
75,19,3.10588775,23.241787,5.56861347e-06
76,19,3.17032058,23.419010,4.40051078e-06
77,19,3.23475363,23.592197,3.15769856e-06
78,19,3.29918661,23.794538,1.45937524e-06
79,19,3.36361957,23.904286,1.54567664e-03
80,19,3.36361957,23.904286,3.09489310e-04
81,19,3.41622887,23.839318,1.64524622e-03
82,19,3.46883817,23.679982,1.04087010e-04
83,19,3.52144747,23.584189,3.95022866e-04
84,19,3.57405686,23.552556,1.21667089e-03
85,19,3.62666598,23.558663,2.98814616e-03
86,19,3.67927530,23.584252,3.78027383e-03
87,19,3.73188462,23.621558,1.08098148e-03
88,19,3.78449394,23.667048,1.88962920e-03
89,19,3.83710326,23.710107,9.37780592e-04
90,19,3.88971258,23.747057,9.28641983e-04
91,19,3.94232191,23.769544,6.50081848e-04
92,19,3.99493123,23.764498,1.51209455e-03
93,19,4.04754055,23.708332,1.16622408e-03
94,19,4.10014987,23.599735,2.58867134e-03
95,19,4.15275899,23.382357,1.07944146e-03
96,19,4.20536831,23.042441,1.37898794e-03
97,19,4.25797763,22.576414,8.35041053e-04
98,19,4.31058696,22.011466,2.16860364e-04
99,19,4.36319628,21.482021,5.49539316e-05
0,20,0.00000000,25.363618,1.30090885e-05
1,20,0.06074799,25.459118,5.42710201e-04
2,20,0.12149598,25.652306,1.62967723e-03
3,20,0.18224397,25.870517,2.80076693e-03
4,20,0.24299205,26.070125,3.89148354e-03
5,20,0.30373983,26.237942,4.80333324e-03
6,20,0.36448784,26.333801,5.46897365e-03
7,20,0.42523585,26.360505,5.76828455e-03
8,20,0.48598386,26.295064,5.59189691e-03
9,20,0.54673188,26.114002,4.84351337e-03
10,20,0.60747989,25.791732,3.55450966e-03
11,20,0.66822790,25.362800,2.38955518e-04
12,20,0.72897591,25.657553,1.89331098e-05
13,20,0.78972392,24.797155,1.00901383e-04
14,20,0.85047193,23.898869,2.80483339e-04
15,20,0.91121971,22.997339,2.13457462e-03
16,20,0.97196773,22.102161,1.85037789e-03
17,20,1.03271574,21.233279,1.59898881e-03
18,20,1.09346375,20.781035,1.35572019e-03
19,20,1.15421176,21.046957,3.27034697e-05
20,20,1.15421176,21.046957,3.27069538e-05
21,20,1.18458576,21.073704,3.20169232e-05
22,20,1.21495976,21.151135,3.24094326e-05
23,20,1.24533376,21.272787,7.65312735e-05
24,20,1.27570776,21.431236,1.57315946e-04
25,20,1.30608176,21.620872,2.33701794e-04
26,20,1.33645576,21.836738,2.67042882e-04
27,20,1.36682976,22.071762,2.40438480e-04
28,20,1.39720381,22.313546,1.67417272e-04
29,20,1.42757781,22.536639,8.24998896e-05
30,20,1.45795159,22.691833,4.94491094e-05
31,20,1.48832560,22.769124,1.76845360e-04
32,20,1.51869960,22.821543,6.55249744e-04
33,20,1.54907361,22.889667,1.39999591e-03
34,20,1.57944761,22.973538,2.21734322e-03
35,20,1.60982162,23.060279,2.97901790e-03
36,20,1.64019563,23.138866,3.64154189e-03
37,20,1.67056963,23.200885,4.17473279e-03
38,20,1.70094364,23.240748,4.54942681e-03
39,20,1.73131764,23.257778,4.73181864e-03
40,20,1.73131764,23.257778,4.73182314e-03
41,20,1.75279515,23.144313,3.90315493e-03
42,20,1.77427297,23.031485,3.91246045e-03
43,20,1.79575048,22.916389,3.88629416e-03
44,20,1.81722830,22.801538,3.82031607e-03
45,20,1.83870581,22.685230,3.70445628e-03
46,20,1.86018364,22.567244,3.52365337e-03
47,20,1.88166114,22.447584,3.24942723e-03
48,20,1.90313897,22.326893,2.81883317e-03
49,20,1.92461647,22.207979,2.05488150e-03
50,20,1.94609430,22.102741,5.11744392e-04
51,20,1.96757180,22.107284,1.24395770e-03
52,20,1.98904963,22.225119,2.70029471e-03
53,20,2.01052713,22.344077,2.45782504e-03
54,20,2.03200496,22.443599,1.84908870e-03
55,20,2.05348246,22.521548,1.22709711e-03
56,20,2.07496029,22.588488,6.94881089e-04
57,20,2.09643779,22.556157,2.52841997e-04
58,20,2.11791562,22.459848,8.56716627e-05
59,20,2.13939312,22.424274,4.98194978e-06
60,20,2.13939312,22.424274,4.98195449e-06
61,20,2.20382612,22.239753,8.45545248e-06
62,20,2.26825912,22.397044,2.34386953e-03
63,20,2.33269211,22.972455,1.77829068e-03
64,20,2.39712495,23.371008,3.08937085e-03
65,20,2.46155794,24.045996,4.24670637e-03
66,20,2.52599094,24.562750,6.17889110e-06
67,20,2.59042394,24.088913,2.78590542e-06
68,20,2.65485693,24.960679,1.28721320e-06
69,20,2.71928993,25.749004,5.34863059e-07
70,20,2.78372276,26.201840,1.10517720e-07
71,20,2.84815576,26.283940,6.74680428e-10
72,20,2.91258876,26.234138,6.94612676e-08
73,20,2.97702175,26.148182,2.94244433e-07
74,20,3.04145475,26.052810,6.07987127e-07
75,20,3.10588775,25.954687,8.90773252e-07
76,20,3.17032058,25.838914,8.95105828e-07
77,20,3.23475363,25.680137,2.67300054e-03
78,20,3.29918661,25.469669,9.32711410e-04
79,20,3.36361957,25.363618,1.30063925e-05
80,20,3.36361957,25.363618,1.29729901e-05
81,20,3.41622887,25.447532,3.12528690e-04
82,20,3.46883817,25.594530,1.32456509e-03
83,20,3.52144747,25.733949,1.95871542e-03
84,20,3.57405686,25.848360,3.52061503e-03
85,20,3.62666598,25.944110,5.27871026e-03
86,20,3.67927530,26.028329,4.69008062e-03
87,20,3.73188462,26.106734,8.55693193e-04
88,20,3.78449394,26.183305,2.98061576e-03
89,20,3.83710326,26.255734,6.31616466e-03
90,20,3.88971258,26.324500,1.59086957e-02
91,20,3.94232191,26.350719,2.67219439e-05
92,20,3.99493123,25.468043,3.88945893e-05
93,20,4.04754055,24.567893,5.21909872e-05
94,20,4.10014987,23.701789,6.81372763e-05
95,20,4.15275899,23.382357,1.55304440e-03
96,20,4.20536831,23.782665,1.36968056e-05
97,20,4.25797763,24.434896,8.29739624e-06
98,20,4.31058696,24.968068,5.90670952e-06
99,20,4.36319628,25.194597,5.09848349e-06
0,21,0.00000000,25.363619,4.52783492e-05
1,21,0.06074799,25.503351,3.77494812e-05
2,21,0.12149598,25.787483,7.63923681e-05
3,21,0.18224397,26.087826,8.61754049e-05
4,21,0.24299205,26.347003,8.62611512e-05
5,21,0.30373983,26.562253,8.55938610e-05
6,21,0.36448784,26.737882,8.55797306e-05
7,21,0.42523585,26.883133,8.74185596e-05
8,21,0.48598386,26.993302,9.35336680e-05
9,21,0.54673188,27.025880,8.88152637e-05
10,21,0.60747989,26.876965,6.19530025e-05
11,21,0.66822790,26.405737,2.03662029e-05
12,21,0.72897591,25.657553,3.33854606e-03
13,21,0.78972392,24.797155,2.84085741e-03
14,21,0.85047193,23.898869,2.45893969e-03
15,21,0.91121971,23.498860,2.95827480e-03
16,21,0.97196773,23.152693,2.05406961e-03
17,21,1.03271574,22.383900,1.53723079e-03
18,21,1.09346375,21.644234,1.28794325e-03
19,21,1.15421176,21.046957,2.35344523e-03
20,21,1.15421176,21.046957,2.35344066e-03
21,21,1.18458576,21.073704,2.40382957e-03
22,21,1.21495976,21.151135,2.52317559e-03
23,21,1.24533376,21.272787,2.60179945e-03
24,21,1.27570776,21.431236,2.58508097e-03
25,21,1.30608176,21.620872,2.46534532e-03
26,21,1.33645576,21.836738,2.26098567e-03
27,21,1.36682976,22.071762,2.00106721e-03
28,21,1.39720381,22.313546,1.71587815e-03
29,21,1.42757781,22.536639,1.44233266e-03
30,21,1.45795159,22.691833,1.18782858e-03
31,21,1.48832560,22.769124,9.76539912e-04
32,21,1.51869960,22.821543,7.64827378e-04
33,21,1.54907361,22.889667,5.82156002e-04
34,21,1.57944761,22.973538,4.39367007e-04
35,21,1.60982162,23.060279,3.35288717e-04
36,21,1.64019563,23.138866,2.52484009e-04
37,21,1.67056963,23.200885,1.87322534e-04
38,21,1.70094364,23.240748,1.40364200e-04
39,21,1.73131764,23.257778,1.09358253e-04
40,21,1.73131764,23.257778,1.09353395e-04
41,21,1.75279515,23.363574,1.00807766e-03
42,21,1.77427297,23.460692,1.01744012e-03
43,21,1.79575048,23.545156,1.02585019e-03
44,21,1.81722830,23.615361,1.03215141e-03
45,21,1.83870581,23.668453,1.03986096e-03
46,21,1.86018364,23.701726,1.05032740e-03
47,21,1.88166114,23.711972,1.06302446e-03
48,21,1.90313897,23.696751,1.07555309e-03
49,21,1.92461647,23.650097,1.07786472e-03
50,21,1.94609430,23.571672,1.06223972e-03
51,21,1.96757180,23.462903,1.02064250e-03
52,21,1.98904963,23.328636,9.51630002e-04
53,21,2.01052713,23.175980,8.57886083e-04
54,21,2.03200496,23.012961,7.40420867e-04
55,21,2.05348246,22.848150,5.99748879e-04
56,21,2.07496029,22.692025,4.35099394e-04
57,21,2.09643779,22.626957,3.15868766e-04
58,21,2.11791562,22.649126,8.48309776e-05
59,21,2.13939312,22.656596,1.06833792e-06
60,21,2.13939312,22.656596,1.06833098e-06
61,21,2.20382612,22.911679,7.61607900e-06
62,21,2.26825912,23.455868,9.94920342e-06
63,21,2.33269211,24.043157,1.16045369e-05
64,21,2.39712495,24.660444,1.16155273e-05
65,21,2.46155794,25.173926,3.22708675e-06
66,21,2.52599094,24.717697,6.12903692e-03
67,21,2.59042394,25.343338,8.69074565e-03
68,21,2.65485693,25.863116,1.13508202e-02
69,21,2.71928993,26.228472,1.29991113e-02
70,21,2.78372276,26.418898,1.31360849e-02
71,21,2.84815576,26.486913,1.21265878e-02
72,21,2.91258876,26.464948,1.07078428e-02
73,21,2.97702175,26.385902,9.18756454e-03
74,21,3.04145475,26.259967,7.65687603e-03
75,21,3.10588775,26.099173,6.10162802e-03
76,21,3.17032058,25.902922,4.44966817e-03
77,21,3.23475363,25.689537,4.93016940e-07
78,21,3.29918661,25.495657,2.66102715e-08
79,21,3.36361957,25.363619,4.82020864e-05
80,21,3.36361957,25.363619,5.37486315e-05
81,21,3.41622887,25.447532,2.45737351e-04
82,21,3.46883817,25.594530,3.99173544e-04
83,21,3.52144747,25.733949,1.29001266e-03
84,21,3.57405686,25.848360,1.52921280e-03
85,21,3.62666598,25.944110,1.82922951e-03
86,21,3.67927530,26.028329,4.73000309e-03
87,21,3.73188462,26.106734,1.10919218e-02
88,21,3.78449394,26.183305,1.16021388e-02
89,21,3.83710326,26.255734,1.10448265e-02
90,21,3.88971258,26.324500,4.21994722e-03
91,21,3.94232191,26.387080,5.25306971e-04
92,21,3.99493123,26.437494,8.80127952e-03
93,21,4.04754055,26.474462,1.90374755e-03
94,21,4.10014987,26.480839,1.54414415e-02
95,21,4.15275899,26.430445,4.89643276e-04
96,21,4.20536831,26.320427,8.57706512e-03
97,21,4.25797763,26.192302,3.82241961e-03
98,21,4.31058696,26.101870,6.70558860e-04
99,21,4.36319628,26.067566,6.92104913e-05
0,22,0.00000000,25.363619,2.56576442e-05
1,22,0.06074799,25.503351,6.67264999e-05
2,22,0.12149598,25.787483,1.15328831e-04
3,22,0.18224397,26.087826,2.66309899e-04
4,22,0.24299205,26.347003,5.29499605e-04
5,22,0.30373983,26.562253,8.89247407e-04
6,22,0.36448784,26.737882,1.34722846e-03
7,22,0.42523585,26.883133,1.90725501e-03
8,22,0.48598386,26.993302,2.58168877e-03
9,22,0.54673188,27.025880,3.40731457e-03
10,22,0.60747989,26.876965,4.10190349e-03
11,22,0.66822790,26.405737,3.94501312e-03
12,22,0.72897591,26.034017,2.65953455e-04
13,22,0.78972392,26.014247,3.01939861e-04
14,22,0.85047193,25.178366,6.41080338e-04
15,22,0.91121971,24.374642,2.64320637e-04
16,22,0.97196773,24.215365,1.19370756e-04
17,22,1.03271574,24.514305,4.23894285e-05
18,22,1.09346375,24.859204,4.65947131e-05
19,22,1.15421176,25.211164,5.59613651e-04
20,22,1.15421176,25.211164,5.59465742e-04
21,22,1.18458576,25.178431,5.41386941e-04
22,22,1.21495976,25.083573,4.87174002e-04
23,22,1.24533376,24.936273,4.05393912e-04
24,22,1.27570776,24.746664,3.06968232e-04
25,22,1.30608176,24.528516,2.14840996e-04
26,22,1.33645576,24.295400,1.47478366e-04
27,22,1.36682976,24.055358,1.21773509e-04
28,22,1.39720381,23.841194,1.70961024e-04
29,22,1.42757781,23.700900,3.75427957e-04
30,22,1.45795159,23.692700,6.04009419e-04
31,22,1.48832560,23.855653,4.37049397e-04
32,22,1.51869960,24.140703,2.42740968e-04
33,22,1.54907361,24.491723,1.16050813e-04
34,22,1.57944761,24.882486,4.22406414e-05
35,22,1.60982162,25.295801,8.39054203e-06
36,22,1.64019563,25.727328,7.53036782e-06
37,22,1.67056963,26.172742,3.79535123e-05
38,22,1.70094364,26.629800,1.06106051e-04
39,22,1.73131764,27.024139,2.16839261e-04
40,22,1.73131764,27.024139,2.16800017e-04
41,22,1.75279515,26.838394,1.05445542e-03
42,22,1.77427297,26.603535,8.66501735e-04
43,22,1.79575048,26.366862,7.62485471e-04
44,22,1.81722830,26.134892,6.76296881e-04
45,22,1.83870581,25.910882,5.91572109e-04
46,22,1.86018364,25.698555,5.02526565e-04
47,22,1.88166114,25.502116,4.08187784e-04
48,22,1.90313897,25.326365,3.11249559e-04
49,22,1.92461647,25.175715,2.20210838e-04
50,22,1.94609430,25.050418,1.45620556e-04
51,22,1.96757180,24.956432,9.07686330e-05
52,22,1.98904963,24.887718,5.74090881e-05
53,22,2.01052713,24.839081,3.99103994e-05
54,22,2.03200496,24.805864,3.24293894e-05
55,22,2.05348246,24.783482,2.98462540e-05
56,22,2.07496029,24.772327,2.93647828e-05
57,22,2.09643779,24.763110,2.95776608e-05
58,22,2.11791562,24.758058,2.99237227e-05
59,22,2.13939312,24.756516,3.02527373e-05
60,22,2.13939312,24.756516,3.02527197e-05
61,22,2.20382612,25.522379,3.08635811e-05
62,22,2.26825912,26.259932,3.24842884e-05
63,22,2.33269211,25.318197,7.46232366e-04
64,22,2.39712495,24.977049,2.93222396e-03
65,22,2.46155794,25.495073,3.74976544e-03
66,22,2.52599094,26.172390,2.21511511e-05
67,22,2.59042394,26.862656,1.96444211e-05
68,22,2.65485693,27.208603,1.60365330e-06
69,22,2.71928993,27.242286,1.39420354e-06
70,22,2.78372276,27.641812,1.63297340e-06
71,22,2.84815576,28.441738,2.15524206e-06
72,22,2.91258876,28.828195,1.55623999e-05
73,22,2.97702175,28.257150,2.63257483e-05
74,22,3.04145475,27.636578,3.19687796e-05
75,22,3.10588775,27.012338,3.53294462e-05
76,22,3.17032058,26.425725,3.77096158e-05
77,22,3.23475363,25.909233,3.99277252e-05
78,22,3.29918661,25.523749,4.23038301e-05
79,22,3.36361957,25.363619,2.27361056e-05
80,22,3.36361957,25.363619,1.72229164e-05
81,22,3.41622887,25.479985,1.31556937e-05
82,22,3.46883817,25.753881,1.34984044e-05
83,22,3.52144747,26.116222,1.39715794e-05
84,22,3.57405686,26.513705,1.43166298e-05
85,22,3.62666598,26.931057,1.41500911e-05
86,22,3.67927530,27.319888,1.31790599e-05
87,22,3.73188462,27.670269,1.05230326e-05
88,22,3.78449394,27.920407,4.43015895e-06
89,22,3.83710326,27.820326,1.06066445e-06
90,22,3.88971258,27.183725,1.40677058e-05
91,22,3.94232191,26.387080,2.22097415e-02
92,22,3.99493123,26.437494,1.61380583e-02
93,22,4.04754055,26.474462,2.42606520e-02
94,22,4.10014987,26.480839,9.82891043e-03
95,22,4.15275899,26.430445,1.99099604e-02
96,22,4.20536831,26.320427,3.22098848e-03
97,22,4.25797763,26.192302,8.76842672e-04
98,22,4.31058696,26.101870,5.92337782e-04
99,22,4.36319628,26.067566,2.57801367e-04
0,23,0.00000000,28.862843,3.97854708e-06
1,23,0.06074799,28.960004,7.27247122e-06
2,23,0.12149598,29.239397,2.48541947e-05
3,23,0.18224397,29.697813,6.75655130e-05
4,23,0.24299205,30.310506,1.49197036e-04
5,23,0.30373983,31.053175,2.75819336e-04
6,23,0.36448784,31.691542,6.15964342e-04
7,23,0.42523585,30.992835,1.41981490e-04
8,23,0.48598386,30.176855,1.14112368e-04
9,23,0.54673188,29.394471,5.40114049e-05
10,23,0.60747989,28.772326,1.82116038e-05
11,23,0.66822790,28.339023,1.33555471e-03
12,23,0.72897591,27.415327,1.90823508e-03
13,23,0.78972392,27.359483,2.26137379e-03
14,23,0.85047193,27.020546,3.53870272e-03
15,23,0.91121971,26.651309,2.90337220e-03
16,23,0.97196773,26.280733,2.14664544e-03
17,23,1.03271574,25.920249,1.40894522e-03
18,23,1.09346375,25.565110,7.65633358e-04
19,23,1.15421176,25.211164,2.78735552e-05
20,23,1.15421176,25.211164,2.80221118e-05
21,23,1.18458576,25.178431,4.21004714e-05
22,23,1.21495976,25.083573,9.04277067e-05
23,23,1.24533376,24.936273,1.79287461e-04
24,23,1.27570776,24.746664,3.10196760e-04
25,23,1.30608176,24.528517,4.66664430e-04
26,23,1.33645576,24.295400,6.22126877e-04
27,23,1.36682976,24.055358,7.37256122e-04
28,23,1.39720381,23.841194,7.25720189e-04
29,23,1.42757781,23.700900,4.62796868e-04
30,23,1.45795159,23.692700,7.49859935e-05
31,23,1.48832560,23.855653,3.70763317e-05
32,23,1.51869960,24.140703,4.60097430e-05
33,23,1.54907361,24.491723,4.04622246e-05
34,23,1.57944761,24.882486,5.04930595e-05
35,23,1.60982162,25.295801,9.65583953e-05
36,23,1.64019563,25.727328,1.88318195e-04
37,23,1.67056963,26.172742,3.33068773e-04
38,23,1.70094364,26.629800,5.49654539e-04
39,23,1.73131764,27.024139,1.29111594e-03
40,23,1.73131764,27.024139,1.29115434e-03
41,23,1.75279515,26.872088,4.31010181e-05
42,23,1.77427297,26.661498,6.81694889e-05
43,23,1.79575048,26.459189,1.16645083e-04
44,23,1.81722830,26.269853,1.93842900e-04
45,23,1.83870581,26.094810,3.03816679e-04
46,23,1.86018364,25.936081,4.48290855e-04
47,23,1.88166114,25.795638,6.25434979e-04
48,23,1.90313897,25.675696,8.28429952e-04
49,23,1.92461647,25.577271,1.04104800e-03
50,23,1.94609430,25.501174,1.23641698e-03
51,23,1.96757180,25.448710,1.38794761e-03
52,23,1.98904963,25.418224,1.45815259e-03
53,23,2.01052713,25.406383,1.41907258e-03
54,23,2.03200496,25.410721,1.26463736e-03
55,23,2.05348246,25.425140,1.01509591e-03
56,23,2.07496029,25.447643,7.12896826e-04
57,23,2.09643779,25.465617,4.33816820e-04
58,23,2.11791562,25.478248,2.36284520e-04
59,23,2.13939312,25.483119,1.65946284e-04
60,23,2.13939312,25.483119,1.65946302e-04
61,23,2.20382612,26.185011,1.44765321e-04
62,23,2.26825912,26.332487,3.04754916e-05
63,23,2.33269211,27.162505,3.06349602e-05
64,23,2.39712495,26.798946,1.09855041e-05
65,23,2.46155794,25.898424,2.25616167e-05
66,23,2.52599094,26.331204,3.80979750e-03
67,23,2.59042394,27.276904,3.72824819e-03
68,23,2.65485693,27.596942,1.75626167e-05
69,23,2.71928993,28.311669,1.35324029e-05
70,23,2.78372276,28.918208,5.25319443e-06
71,23,2.84815576,29.147188,1.55608623e-06
72,23,2.91258876,29.387188,2.95916950e-06
73,23,2.97702175,30.320205,7.23136105e-03
74,23,3.04145475,30.036131,5.65793966e-03
75,23,3.10588775,29.687085,3.76670907e-03
76,23,3.17032058,29.357556,2.12158406e-03
77,23,3.23475363,29.093574,9.25891324e-04
78,23,3.29918661,28.924367,2.32222785e-04
79,23,3.36361957,28.862843,2.18605565e-05
80,23,3.36361957,28.862843,3.28423128e-05
81,23,3.41622887,28.874768,3.20017583e-07
82,23,3.46883817,28.899725,3.15951443e-07
83,23,3.52144747,28.941168,3.09469363e-07
84,23,3.57405686,28.998800,3.00395421e-07
85,23,3.62666598,29.072198,2.88720987e-07
86,23,3.67927530,29.160729,2.74668135e-07
87,23,3.73188462,29.263596,2.58117996e-07
88,23,3.78449394,29.380314,2.39211532e-07
89,23,3.83710326,29.036216,3.83668638e-05
90,23,3.88971258,29.070822,3.08119658e-05
91,23,3.94232191,29.251610,2.47214920e-05
92,23,3.99493123,29.410280,2.01300963e-05
93,23,4.04754055,28.710297,1.43287158e-04
94,23,4.10014987,28.078537,6.75722328e-04
95,23,4.15275899,27.601533,9.01511892e-04
96,23,4.20536831,27.315426,2.33643226e-03
97,23,4.25797763,27.181962,1.93408037e-02
98,23,4.31058696,27.129888,1.56748675e-02
99,23,4.36319628,27.115447,2.88027246e-02
0,24,0.00000000,28.862843,3.53981493e-05
1,24,0.06074799,28.960004,1.05995854e-05
2,24,0.12149598,29.239397,1.95535147e-05
3,24,0.18224397,29.697813,5.84997157e-05
4,24,0.24299205,30.310506,1.71785389e-04
5,24,0.30373983,31.053175,4.06604512e-04
6,24,0.36448784,31.691542,5.16964653e-04
7,24,0.42523585,30.992835,6.96118706e-04
8,24,0.48598386,30.176855,5.05776434e-04
9,24,0.54673188,29.394471,2.07435124e-04
10,24,0.60747989,28.772326,4.79601630e-05
11,24,0.66822790,28.350921,3.08247463e-03
12,24,0.72897591,27.842838,3.77003144e-03
13,24,0.78972392,27.411034,3.89050195e-03
14,24,0.85047193,28.261352,1.83626774e-03
15,24,0.91121971,28.796354,4.59145727e-05
16,24,0.97196773,28.931455,3.52431995e-05
17,24,1.03271574,29.038756,2.16232328e-05
18,24,1.09346375,29.111063,8.66657153e-06
19,24,1.15421176,29.136372,1.34812163e-05
20,24,1.15421176,29.136372,1.16489153e-05
21,24,1.18458576,29.162416,3.41692424e-04
22,24,1.21495976,29.236950,1.23318403e-03
23,24,1.24533376,29.350410,2.35936888e-03
24,24,1.27570776,29.489349,3.58678671e-03
25,24,1.30608176,29.638639,4.78702957e-03
26,24,1.33645576,29.781450,5.24856266e-03
27,24,1.36682976,29.895117,4.73295442e-04
28,24,1.39720381,29.962737,1.02650640e-03
29,24,1.42757781,29.964432,9.11528684e-04
30,24,1.45795159,29.894462,6.67131529e-04
31,24,1.48832560,29.766048,4.29001882e-04
32,24,1.51869960,29.599505,2.08487332e-04
33,24,1.54907361,29.410687,4.73356287e-05
34,24,1.57944761,29.193485,5.22636681e-06
35,24,1.60982162,28.902836,5.55518286e-05
36,24,1.64019563,28.506547,1.79701963e-04
37,24,1.67056963,28.052925,4.32673050e-05
38,24,1.70094364,27.585367,3.49740455e-05
39,24,1.73131764,27.187755,3.78062922e-05
40,24,1.73131764,27.187755,3.78047272e-05
41,24,1.75279515,27.194277,4.63924308e-04
42,24,1.77427297,27.251582,6.54438455e-04
43,24,1.79575048,27.321718,7.52327705e-04
44,24,1.81722830,27.398215,8.25389558e-04
45,24,1.83870581,27.480000,8.91009533e-04
46,24,1.86018364,27.566510,9.55350960e-04
47,24,1.88166114,27.657198,1.02108385e-03
48,24,1.90313897,27.751504,1.09026155e-03
49,24,1.92461647,27.848299,1.16226603e-03
50,24,1.94609430,27.948349,1.23744436e-03
51,24,1.96757180,28.046753,1.31779098e-03
52,24,1.98904963,28.143582,1.40209891e-03
53,24,2.01052713,28.236651,1.48889310e-03
54,24,2.03200496,28.323752,1.57732769e-03
55,24,2.05348246,28.401877,1.66357605e-03
56,24,2.07496029,28.468742,1.74011181e-03
57,24,2.09643779,28.519072,1.80405609e-03
58,24,2.11791562,28.550746,1.84531917e-03
59,24,2.13939312,28.561970,1.85789459e-03
60,24,2.13939312,28.561970,1.85789328e-03
61,24,2.20382612,27.375306,5.35029123e-04
62,24,2.26825912,26.931171,1.20710241e-04
63,24,2.33269211,27.566799,7.58281491e-05
64,24,2.39712495,27.716405,1.82769693e-05
65,24,2.46155794,27.599945,6.33050155e-06
66,24,2.52599094,27.446804,3.43103218e-06
67,24,2.59042394,27.306253,2.23021143e-06
68,24,2.65485693,28.290491,3.54262401e-03
69,24,2.71928993,29.343464,3.27051218e-03
70,24,2.78372276,29.933308,1.96295826e-03
71,24,2.84815576,30.294030,5.17387250e-03
72,24,2.91258876,30.437136,7.37674077e-03
73,24,2.97702175,30.366711,3.97741603e-06
74,24,3.04145475,30.944938,7.19490552e-04
75,24,3.10588775,30.285539,3.68628807e-04
76,24,3.17032058,29.716686,1.54140420e-04
77,24,3.23475363,29.266051,5.31684496e-05
78,24,3.29918661,28.971073,1.79269777e-05
79,24,3.36361957,28.862843,1.75161494e-05
80,24,3.36361957,28.862843,6.53453987e-06
81,24,3.41622887,28.996058,1.29977489e-04
82,24,3.46883817,29.358471,3.89641712e-05
83,24,3.52144747,29.896097,3.21130401e-03
84,24,3.57405686,30.542130,3.47150834e-03
85,24,3.62666598,31.242488,8.90577244e-03
86,24,3.67927530,31.093611,1.50041938e-05
87,24,3.73188462,30.265120,2.10637679e-05
88,24,3.78449394,29.495746,3.10560314e-05
89,24,3.83710326,29.508301,2.18361069e-07
90,24,3.88971258,29.646337,1.95414872e-07
91,24,3.94232191,29.792050,1.70621352e-07
92,24,3.99493123,29.446258,7.49740733e-04
93,24,4.04754055,28.710297,1.69436164e-05
94,24,4.10014987,28.078537,9.96407364e-04
95,24,4.15275899,27.601533,6.75706337e-03
96,24,4.20536831,27.315426,1.51730558e-02
97,24,4.25797763,27.181962,6.38072033e-03
98,24,4.31058696,27.129888,1.43480723e-02
99,24,4.36319628,27.115447,2.50302204e-03
0,25,0.00000000,28.862843,3.21283235e-07
1,25,0.06074799,29.038018,1.81244787e-04
2,25,0.12149598,29.488888,5.75528754e-04
3,25,0.18224397,30.114103,1.11428774e-03
4,25,0.24299205,30.829552,1.75107901e-03
5,25,0.30373983,31.583733,2.46653474e-03
6,25,0.36448784,31.983872,3.66027271e-05
7,25,0.42523585,31.219780,1.39824322e-04
8,25,0.48598386,30.430381,4.39595843e-04
9,25,0.54673188,29.660967,1.06678224e-03
10,25,0.60747989,28.956807,2.03581130e-03
11,25,0.66822790,28.466331,2.85917218e-05
12,25,0.72897591,28.428536,4.64861354e-05
13,25,0.78972392,28.520940,5.41944958e-05
14,25,0.85047193,28.652034,5.31148665e-05
15,25,0.91121971,28.796354,4.12216702e-03
16,25,0.97196773,28.931455,4.68092515e-03
17,25,1.03271574,29.038756,5.12809238e-03
18,25,1.09346375,29.111063,5.41946491e-03
19,25,1.15421176,29.136372,5.51211412e-03
20,25,1.15421176,29.136372,5.51395188e-03
21,25,1.18458576,29.162416,5.28538792e-03
22,25,1.21495976,29.236950,4.68768580e-03
23,25,1.24533376,29.350410,4.01941417e-03
24,25,1.27570776,29.489349,3.36740356e-03
25,25,1.30608176,29.638639,2.79858274e-03
26,25,1.33645576,29.781450,2.92754560e-03
27,25,1.36682976,29.895117,8.08424054e-03
28,25,1.39720381,29.962737,7.49102210e-03
29,25,1.42757781,29.964432,6.97095337e-03
30,25,1.45795159,29.894462,6.10082753e-03
31,25,1.48832560,29.766048,5.13550620e-03
32,25,1.51869960,29.599505,4.25965973e-03
33,25,1.54907361,29.410687,3.44960357e-03
34,25,1.57944761,29.193485,2.57673872e-03
35,25,1.60982162,28.902836,1.64051971e-03
36,25,1.64019563,28.506547,9.57004709e-04
37,25,1.67056963,28.052925,8.31478982e-04
38,25,1.70094364,27.585367,6.53074603e-04
39,25,1.73131764,27.187755,2.38581175e-05
40,25,1.73131764,27.187755,2.38597372e-05
41,25,1.75279515,27.524002,3.28592130e-05
42,25,1.77427297,27.928547,6.19153844e-05
43,25,1.79575048,28.321513,1.23743686e-04
44,25,1.81722830,28.530189,1.93690147e-04
45,25,1.83870581,28.495874,2.73633012e-04
46,25,1.86018364,28.442060,4.43757092e-04
47,25,1.88166114,28.394493,6.93753125e-04
48,25,1.90313897,28.358390,1.03008950e-03
49,25,1.92461647,28.334094,1.46033546e-03
50,25,1.94609430,28.324166,1.99616714e-03
51,25,1.96757180,28.330203,2.63774729e-03
52,25,1.98904963,28.353989,3.38858028e-03
53,25,2.01052713,28.397191,4.24982706e-03
54,25,2.03200496,28.461600,5.19940282e-03
55,25,2.05348246,28.548423,6.22921527e-03
56,25,2.07496029,28.663635,7.35773833e-03
57,25,2.09643779,28.797085,8.63600147e-03
58,25,2.11791562,28.950793,1.06081029e-02
59,25,2.13939312,29.086369,1.83075924e-02
60,25,2.13939312,29.086369,1.83075955e-02
61,25,2.20382612,28.815053,4.35952713e-06
62,25,2.26825912,28.547008,8.45234439e-06
63,25,2.33269211,27.855770,3.71058914e-06
64,25,2.39712495,28.017786,2.59419695e-05
65,25,2.46155794,28.854504,2.41399906e-05
66,25,2.52599094,28.915760,5.89521203e-03
67,25,2.59042394,28.998441,2.98219795e-03
68,25,2.65485693,29.193820,6.44628935e-04
69,25,2.71928993,29.523370,1.03552028e-04
70,25,2.78372276,30.420690,2.87331282e-03
71,25,2.84815576,30.790386,6.38756357e-05
72,25,2.91258876,31.223279,5.98010722e-05
73,25,2.97702175,31.656134,1.12096469e-03
74,25,3.04145475,31.337131,5.18839809e-06
75,25,3.10588775,31.582464,1.03173162e-05
76,25,3.17032058,30.603558,1.15969988e-05
77,25,3.23475363,29.735297,1.43604389e-05
78,25,3.29918661,29.104092,1.76350126e-05
79,25,3.36361957,28.862843,3.21249235e-07
80,25,3.36361957,28.862843,3.21134436e-07
81,25,3.41622887,28.996058,2.30393460e-04
82,25,3.46883817,29.358471,1.38151402e-03
83,25,3.52144747,29.896097,1.56077939e-04
84,25,3.57405686,30.542130,2.80869577e-03
85,25,3.62666598,31.242488,1.31290845e-03
86,25,3.67927530,31.900709,4.09219476e-03
87,25,3.73188462,32.376224,1.35160572e-02
88,25,3.78449394,32.354343,2.54568692e-04
89,25,3.83710326,31.804075,2.57968744e-03
90,25,3.88971258,31.048898,3.52905118e-04
91,25,3.94232191,30.241970,8.13160182e-04
92,25,3.99493123,29.446258,4.59041381e-04
93,25,4.04754055,29.489367,1.57111215e-05
94,25,4.10014987,29.445315,1.11050147e-05
95,25,4.15275899,29.234076,6.64695861e-06
96,25,4.20536831,28.867004,3.27479587e-06
97,25,4.25797763,28.402247,1.47683264e-06
98,25,4.31058696,27.963766,9.22589530e-07
99,25,4.36319628,27.765535,8.86100640e-07
0,26,0.00000000,34.511773,7.42522962e-05
1,26,0.06074799,34.458467,8.56233645e-06
2,26,0.12149598,34.194862,8.58218380e-05
3,26,0.18224397,33.774737,1.99434692e-04
4,26,0.24299205,33.223151,2.02690420e-04
5,26,0.30373983,32.568430,2.80120202e-04
6,26,0.36448784,32.004451,7.75985648e-04
7,26,0.42523585,32.592182,5.18243989e-04
8,26,0.48598386,31.510244,6.75782154e-04
9,26,0.54673188,30.434592,8.54135069e-04
10,26,0.60747989,29.375039,1.05892384e-03
11,26,0.66822790,28.466331,7.19638046e-04
12,26,0.72897591,28.428536,1.79278512e-03
13,26,0.78972392,28.520940,2.70729238e-03
14,26,0.85047193,28.652034,3.46955398e-03
15,26,0.91121971,29.336263,1.46957139e-03
16,26,0.97196773,30.476652,1.04835582e-03
17,26,1.03271574,31.639578,6.26406504e-04
18,26,1.09346375,32.774841,2.68369992e-04
19,26,1.15421176,33.718480,1.43706724e-03
20,26,1.15421176,33.718480,1.43671645e-03
21,26,1.18458576,33.482166,8.98324900e-04
22,26,1.21495976,33.206008,8.09176841e-04
23,26,1.24533376,32.927413,4.11324869e-05
24,26,1.27570776,32.652498,4.04740113e-05
25,26,1.30608176,32.389063,9.43371147e-05
26,26,1.33645576,32.147210,2.49833525e-04
27,26,1.36682976,31.939772,6.32812605e-04
28,26,1.39720381,31.785389,1.45421448e-03
29,26,1.42757781,31.693960,2.83178337e-03
30,26,1.45795159,31.610463,2.47328703e-03
31,26,1.48832560,31.229248,2.37997282e-05
32,26,1.51869960,30.742621,8.18617571e-05
33,26,1.54907361,30.257652,2.69946200e-04
34,26,1.57944761,29.806466,7.01112907e-04
35,26,1.60982162,29.441301,1.43214539e-03
36,26,1.64019563,29.213696,1.22062307e-03
37,26,1.67056963,29.080602,4.71706692e-04
38,26,1.70094364,29.007643,2.19431555e-04
39,26,1.73131764,28.983956,1.57111741e-04
40,26,1.73131764,28.983956,1.57044064e-04
41,26,1.75279515,28.878086,8.09084620e-05
42,26,1.77427297,28.784048,3.95429336e-05
43,26,1.79575048,28.717795,2.24352904e-05
44,26,1.81722830,28.849012,5.35283538e-05
45,26,1.83870581,29.235294,1.57791563e-04
46,26,1.86018364,29.652323,2.74292443e-04
47,26,1.88166114,30.072605,4.68340694e-04
48,26,1.90313897,30.455125,4.92898880e-04
49,26,1.92461647,30.640356,5.65854258e-04
50,26,1.94609430,30.781739,6.24106041e-04
51,26,1.96757180,30.863676,6.29644243e-04
52,26,1.98904963,30.692553,1.08039234e-02
53,26,2.01052713,30.463305,1.06699117e-02
54,26,2.03200496,30.229615,1.04489997e-02
55,26,2.05348246,29.995671,1.01244590e-02
56,26,2.07496029,29.766921,9.62595626e-03
57,26,2.09643779,29.545612,8.85470151e-03
58,26,2.11791562,29.338089,7.22736696e-03
59,26,2.13939312,29.185799,3.60733908e-06
60,26,2.13939312,29.185799,3.60712913e-06
61,26,2.20382612,29.054437,1.69059044e-02
62,26,2.26825912,28.899742,2.15770785e-06
63,26,2.33269211,28.471490,3.33464572e-05
64,26,2.39712495,28.920721,7.42225051e-05
65,26,2.46155794,28.905683,8.68190167e-03
66,26,2.52599094,29.667882,1.98221492e-05
67,26,2.59042394,30.413969,1.13678111e-05
68,26,2.65485693,30.972555,6.24996325e-07
69,26,2.71928993,31.089831,1.34188893e-05
70,26,2.78372276,30.845718,4.51280776e-05
71,26,2.84815576,31.506866,2.16750449e-03
72,26,2.91258876,32.290367,1.47362071e-04
73,26,2.97702175,31.860454,5.64744599e-05
74,26,3.04145475,32.512197,1.00528481e-05
75,26,3.10588775,32.267749,5.84201122e-06
76,26,3.17032058,33.120756,7.17439663e-06
77,26,3.23475363,33.845097,8.24880940e-06
78,26,3.29918661,34.358796,9.10274898e-06
79,26,3.36361957,34.511773,6.07738276e-05
80,26,3.36361957,34.511773,3.11821239e-05
81,26,3.41622887,34.401500,5.90573963e-06
82,26,3.46883817,33.992336,6.25258601e-06
83,26,3.52144747,33.401549,7.10555354e-06
84,26,3.57405686,32.693703,8.66136021e-06
85,26,3.62666598,31.913848,1.11533945e-05
86,26,3.67927530,31.900709,1.11767536e-02
87,26,3.73188462,32.376224,7.36062094e-03
88,26,3.78449394,32.354343,1.93364810e-02
89,26,3.83710326,31.804075,1.02581263e-02
90,26,3.88971258,31.048898,7.14937541e-03
91,26,3.94232191,30.241970,2.92492422e-03
92,26,3.99493123,29.942367,1.44329871e-07
93,26,4.04754055,30.093334,1.16942974e-07
94,26,4.10014987,30.244057,8.94005232e-08
95,26,4.15275899,30.379970,6.25047521e-08
96,26,4.20536831,30.498004,3.80280480e-08
97,26,4.25797763,30.590270,1.80002357e-08
98,26,4.31058696,30.649333,4.72460302e-09
99,26,4.36319628,30.669515,5.75979547e-11
0,27,0.00000000,34.511773,5.14545186e-05
1,27,0.06074799,34.460322,1.11467123e-04
2,27,0.12149598,34.194862,1.99846697e-04
3,27,0.18224397,33.774737,2.52062029e-04
4,27,0.24299205,33.223151,4.21278326e-04
5,27,0.30373983,32.568430,4.71756366e-04
6,27,0.36448784,32.004451,1.24379487e-04
7,27,0.42523585,32.777105,9.01631216e-04
8,27,0.48598386,33.668907,4.73843755e-03
9,27,0.54673188,34.182476,5.27477649e-03
10,27,0.60747989,34.576303,5.55183854e-03
11,27,0.66822790,34.579116,3.37528868e-05
12,27,0.72897591,34.579021,5.81983346e-06
13,27,0.78972392,34.643305,4.43285914e-05
14,27,0.85047193,34.723939,8.04219135e-04
15,27,0.91121971,34.390600,8.36697184e-04
16,27,0.97196773,34.109945,1.61475163e-03
17,27,1.03271574,33.897408,1.44396237e-03
18,27,1.09346375,33.764042,1.42734949e-03
19,27,1.15421176,33.718480,1.95067406e-07
20,27,1.15421176,33.718480,5.58566618e-07
21,27,1.18458576,33.482166,1.20415635e-05
22,27,1.21495976,33.206008,8.49665808e-05
23,27,1.24533376,32.927413,8.42342298e-04
24,27,1.27570776,32.652498,8.20887767e-04
25,27,1.30608176,32.389063,7.55842885e-04
26,27,1.33645576,32.147210,6.63037861e-04
27,27,1.36682976,31.939772,5.57927482e-04
28,27,1.39720381,31.785389,4.64206572e-04
29,27,1.42757781,31.693960,5.33638585e-04
30,27,1.45795159,31.610463,2.81317730e-03
31,27,1.48832560,31.229248,2.94343025e-03
32,27,1.51869960,30.742621,2.03651442e-03
33,27,1.54907361,30.257652,1.48876275e-03
34,27,1.57944761,29.806466,9.18276044e-04
35,27,1.60982162,29.441301,1.92170912e-04
36,27,1.64019563,29.213696,2.02974680e-04
37,27,1.67056963,29.080602,5.88298216e-04
38,27,1.70094364,29.007643,5.00694493e-04
39,27,1.73131764,28.983956,3.25262766e-04
40,27,1.73131764,28.983956,3.25330824e-04
41,27,1.75279515,29.107996,3.10659920e-04
42,27,1.77427297,29.256555,3.05092964e-04
43,27,1.79575048,29.426621,3.09560360e-04
44,27,1.81722830,29.614860,3.23123131e-04
45,27,1.83870581,29.817575,3.46344147e-04
46,27,1.86018364,30.030051,3.80884239e-04
47,27,1.88166114,30.245574,4.29155976e-04
48,27,1.90313897,30.488355,9.22375141e-04
49,27,1.92461647,30.865333,2.63653183e-03
50,27,1.94609430,31.031888,8.69121690e-03
51,27,1.96757180,30.900793,1.06782445e-02
52,27,1.98904963,30.888122,5.71806067e-04
53,27,2.01052713,30.872018,4.70558372e-04
54,27,2.03200496,30.832960,3.58861837e-04
55,27,2.05348246,30.785112,2.48244603e-04
56,27,2.07496029,30.739356,1.48048785e-04
57,27,2.09643779,30.700471,6.83709120e-05
58,27,2.11791562,30.674952,1.69021748e-05
59,27,2.13939312,30.666272,2.50210598e-07
60,27,2.13939312,30.666272,2.50195570e-07
61,27,2.20382612,29.872566,4.60953250e-07
62,27,2.26825912,29.017302,1.52484043e-02
63,27,2.33269211,28.974984,1.33381631e-02
64,27,2.39712495,28.931165,1.11693299e-02
65,27,2.46155794,29.678888,7.33418982e-05
66,27,2.52599094,30.482209,6.41459261e-05
67,27,2.59042394,31.274662,5.42778639e-05
68,27,2.65485693,32.031174,4.50314488e-05
69,27,2.71928993,32.713333,3.67142332e-05
70,27,2.78372276,33.274220,2.93016373e-05
71,27,2.84815576,33.286959,4.53523515e-03
72,27,2.91258876,32.821679,4.99907440e-03
73,27,2.97702175,33.263482,1.24019632e-05
74,27,3.04145475,32.521286,5.70194315e-05
75,27,3.10588775,33.152416,5.96756447e-05
76,27,3.17032058,33.709250,6.36564526e-05
77,27,3.23475363,34.152758,6.79961371e-05
78,27,3.29918661,34.443120,7.14940186e-05
79,27,3.36361957,34.511773,6.20875206e-05
80,27,3.36361957,34.511773,9.19927660e-05
81,27,3.41622887,34.524829,1.81178013e-04
82,27,3.46883817,34.444721,5.62190089e-04
83,27,3.52144747,34.317124,1.97593719e-04
84,27,3.57405686,34.147650,5.01729489e-04
85,27,3.62666598,33.943632,3.35877292e-04
86,27,3.67927530,33.715177,3.66469752e-04
87,27,3.73188462,33.503080,1.79021110e-04
88,27,3.78449394,33.412873,2.45498813e-04
89,27,3.83710326,33.235522,1.14029118e-04
90,27,3.88971258,32.979007,7.76532308e-04
91,27,3.94232191,32.738187,1.53986069e-03
92,27,3.99493123,32.525081,6.09529261e-04
93,27,4.04754055,32.344407,3.61177481e-04
94,27,4.10014987,32.195695,1.08247339e-03
95,27,4.15275899,32.079845,1.17467033e-03
96,27,4.20536831,32.004916,8.39572259e-04
97,27,4.25797763,31.957067,3.73717505e-04
98,27,4.31058696,31.935305,3.36134209e-05
99,27,4.36319628,31.928747,1.05887780e-05
0,28,0.00000000,34.511773,5.34137837e-06
1,28,0.06074799,34.460322,5.54626802e-05
2,28,0.12149598,34.198104,9.79004490e-06
3,28,0.18224397,33.803314,9.70666835e-06
4,28,0.24299205,33.295155,9.66583588e-06
5,28,0.30373983,32.684738,1.31027613e-05
6,28,0.36448784,32.325538,3.23947101e-03
7,28,0.42523585,32.777105,9.60455299e-04
8,28,0.48598386,33.695163,1.60898897e-03
9,28,0.54673188,34.612575,1.73499991e-03
10,28,0.60747989,34.650706,1.68537744e-04
11,28,0.66822790,34.856237,5.56695809e-03
12,28,0.72897591,35.042882,5.38619922e-03
13,28,0.78972392,35.105654,8.11172472e-06
14,28,0.85047193,34.723939,1.44073248e-03
15,28,0.91121971,34.390600,1.17294139e-03
16,28,0.97196773,34.109945,1.84719452e-04
17,28,1.03271574,33.897408,1.71244471e-04
18,28,1.09346375,33.764042,5.75558880e-05
19,28,1.15421176,33.792977,8.30736784e-05
20,28,1.15421176,33.792977,8.30829927e-05
21,28,1.18458576,34.018990,4.75092561e-04
22,28,1.21495976,34.264924,4.63430114e-04
23,28,1.24533376,34.495166,2.52716385e-04
24,28,1.27570776,34.547114,3.78868105e-07
25,28,1.30608176,34.170726,2.50646166e-05
26,28,1.33645576,33.735839,1.07581435e-05
27,28,1.36682976,33.272462,1.72910319e-05
28,28,1.39720381,32.786991,3.72352467e-05
29,28,1.42757781,32.303053,1.09737914e-04
30,28,1.45795159,31.878186,6.02481012e-04
31,28,1.48832560,31.806267,4.28578126e-03
32,28,1.51869960,31.875952,6.25383076e-03
33,28,1.54907361,31.972568,7.53865052e-03
34,28,1.57944761,32.073371,8.48173878e-03
35,28,1.60982162,32.166291,9.12778357e-03
36,28,1.64019563,32.245126,9.67123022e-03
37,28,1.67056963,32.305028,1.00186387e-02
38,28,1.70094364,32.351586,1.02213622e-02
39,28,1.73131764,32.373828,6.98235322e-03
40,28,1.73131764,32.373828,9.84088174e-03
41,28,1.75279515,32.329042,1.05236158e-03
42,28,1.77427297,32.269182,9.82359250e-04
43,28,1.79575048,32.214922,9.02294782e-04
44,28,1.81722830,32.159778,8.19040156e-04
45,28,1.83870581,32.104051,7.27403277e-04
46,28,1.86018364,31.986948,1.05727730e-02
47,28,1.88166114,31.831377,1.04392438e-02
48,28,1.90313897,31.665530,1.00238494e-02
49,28,1.92461647,31.519815,8.34852450e-03
50,28,1.94609430,31.568741,2.32398309e-03
51,28,1.96757180,31.903940,2.42163271e-04
52,28,1.98904963,32.304351,2.55076338e-05
53,28,2.01052713,32.605453,3.83621535e-05
54,28,2.03200496,32.883209,7.71860123e-05
55,28,2.05348246,33.181535,1.21186850e-04
56,28,2.07496029,33.495461,1.69004186e-04
57,28,2.09643779,33.807049,2.22831165e-04
58,28,2.11791562,34.101581,2.96690502e-04
59,28,2.13939312,34.276019,3.88697832e-04
60,28,2.13939312,34.276019,3.88690664e-04
61,28,2.20382612,34.238794,2.29732458e-04
62,28,2.26825912,34.101032,2.99583093e-04
63,28,2.33269211,33.991910,3.57442935e-04
64,28,2.39712495,33.913977,3.69704172e-04
65,28,2.46155794,33.883303,3.49751686e-04
66,28,2.52599094,33.882325,2.73878989e-04
67,28,2.59042394,33.452410,1.25555823e-04
68,28,2.65485693,33.113562,1.43473290e-04
69,28,2.71928993,33.196963,1.41220317e-04
70,28,2.78372276,33.709205,1.23404063e-04
71,28,2.84815576,33.638981,2.27392907e-05
72,28,2.91258876,33.667590,1.68842426e-05
73,28,2.97702175,33.794802,2.63093698e-03
74,28,3.04145475,34.257888,1.24608520e-03
75,28,3.10588775,34.377060,9.96938199e-04
76,28,3.17032058,34.457441,6.26927488e-04
77,28,3.23475363,34.509254,3.15751875e-04
78,28,3.29918661,34.538801,1.17626743e-04
79,28,3.36361957,34.511773,8.18864099e-06
80,28,3.36361957,34.511773,7.87483761e-06
81,28,3.41622887,34.524829,5.96235210e-05
82,28,3.46883817,34.444721,5.01432487e-06
83,28,3.52144747,34.317124,8.60345833e-04
84,28,3.57405686,34.147650,1.12329283e-03
85,28,3.62666598,33.943633,1.74612331e-03
86,28,3.67927530,33.715177,1.60743230e-03
87,28,3.73188462,33.503080,3.32674368e-04
88,28,3.78449394,33.412873,1.29632657e-04
89,28,3.83710326,33.235522,7.74951545e-05
90,28,3.88971258,32.979007,2.24432442e-04
91,28,3.94232191,32.738187,1.61271118e-04
92,28,3.99493123,32.525081,1.39401434e-03
93,28,4.04754055,32.344408,1.62371881e-03
94,28,4.10014987,32.195695,6.69409231e-04
95,28,4.15275899,32.079845,1.99984657e-04
96,28,4.20536831,32.004916,1.15357572e-04
97,28,4.25797763,31.957067,1.40327826e-04
98,28,4.31058696,31.935305,1.31938136e-04
99,28,4.36319628,31.928747,1.58203903e-05
0,29,0.00000000,37.687382,7.46565957e-07
1,29,0.06074799,37.755726,2.83296381e-06
2,29,0.12149598,37.521813,5.03777145e-05
3,29,0.18224397,36.703250,1.01390495e-04
4,29,0.24299205,35.753144,1.73243491e-04
5,29,0.30373983,34.730768,2.66553083e-04
6,29,0.36448784,33.670225,3.81589347e-04
7,29,0.42523585,33.023397,4.02372669e-03
8,29,0.48598386,33.695163,1.16783847e-03
9,29,0.54673188,34.612575,2.17980881e-03
10,29,0.60747989,35.486501,2.67546455e-03
11,29,0.66822790,35.868751,7.36523438e-04
12,29,0.72897591,35.516184,1.36918279e-03
13,29,0.78972392,35.105654,2.53450383e-03
14,29,0.85047193,34.744721,1.09337603e-04
15,29,0.91121971,34.861266,1.64891404e-04
16,29,0.97196773,34.942586,1.78566663e-04
17,29,1.03271574,34.887789,1.16966200e-04
18,29,1.09346375,34.537368,1.40304965e-05
19,29,1.15421176,33.792977,9.11827972e-08
20,29,1.15421176,33.792977,8.01377918e-08
21,29,1.18458576,34.018990,1.23234945e-04
22,29,1.21495976,34.264924,8.33767901e-05
23,29,1.24533376,34.495166,9.85486245e-05
24,29,1.27570776,34.547114,2.57278479e-03
25,29,1.30608176,34.170726,3.41760069e-03
26,29,1.33645576,33.735839,3.06702309e-03
27,29,1.36682976,33.272462,2.59076861e-03
28,29,1.39720381,32.786991,2.04535331e-03
29,29,1.42757781,32.303053,1.27284065e-03
30,29,1.45795159,31.878186,5.40594633e-05
31,29,1.48832560,31.806267,3.29876508e-06
32,29,1.51869960,31.875952,7.83169187e-07
33,29,1.54907361,31.972568,5.32321808e-06
34,29,1.57944761,32.073371,6.71260967e-06
35,29,1.60982162,32.166291,6.25495965e-05
36,29,1.64019563,32.245126,3.51926780e-05
37,29,1.67056963,32.305028,5.39199404e-05
38,29,1.70094364,32.351586,9.05764161e-05
39,29,1.73131764,32.373828,3.41383463e-03
40,29,1.73131764,32.373828,5.55287264e-04
41,29,1.75279515,32.387599,9.75890589e-03
42,29,1.77427297,32.366121,1.01388538e-02
43,29,1.79575048,32.315694,1.03794720e-02
44,29,1.81722830,32.233616,1.05266771e-02
45,29,1.83870581,32.122723,1.05908830e-02
46,29,1.86018364,32.050987,6.24292616e-04
47,29,1.88166114,32.006061,5.06424029e-04
48,29,1.90313897,31.979058,3.71817847e-04
49,29,1.92461647,31.984284,2.28064188e-04
50,29,1.94609430,32.041533,1.00377367e-04
51,29,1.96757180,32.168170,2.69238648e-05
52,29,1.98904963,32.361644,1.41618054e-05
53,29,2.01052713,32.708941,1.66976426e-05
54,29,2.03200496,33.108819,4.28013125e-05
55,29,2.05348246,33.490717,7.58784157e-05
56,29,2.07496029,33.844575,1.09483820e-04
57,29,2.09643779,34.139148,1.38993893e-04
58,29,2.11791562,34.343976,1.60792067e-04
59,29,2.13939312,34.419050,1.67893322e-04
60,29,2.13939312,34.419050,1.67896493e-04
61,29,2.20382612,34.454535,4.75211951e-04
62,29,2.26825912,34.657328,6.08368656e-04
63,29,2.33269211,34.702877,7.10536955e-05
64,29,2.39712495,34.606711,8.61724116e-05
65,29,2.46155794,34.337596,9.94675873e-05
66,29,2.52599094,33.920748,1.11167768e-04
67,29,2.59042394,33.899380,1.36570005e-04
68,29,2.65485693,33.929344,1.79662543e-05
69,29,2.71928993,33.939668,5.73350909e-05
70,29,2.78372276,33.898920,2.42357067e-04
71,29,2.84815576,33.860923,6.63183555e-05
72,29,2.91258876,33.928581,2.01246552e-04
73,29,2.97702175,34.098997,9.82828658e-04
74,29,3.04145475,34.866468,1.86582073e-03
75,29,3.10588775,35.892243,1.27170874e-03
76,29,3.17032058,36.823312,7.70980901e-04
77,29,3.23475363,37.598256,3.94193956e-04
78,29,3.29918661,37.762244,7.16373744e-07
79,29,3.36361957,37.687382,7.46667031e-07
80,29,3.36361957,37.687382,7.46789151e-07
81,29,3.41622887,37.738415,9.90515251e-07
82,29,3.46883817,37.863728,1.61667442e-06
83,29,3.52144747,37.509347,7.42533602e-04
84,29,3.57405686,36.912894,3.46474999e-04
85,29,3.62666598,36.194556,6.36197830e-04
86,29,3.67927530,35.419730,3.64938586e-04
87,29,3.73188462,34.690716,2.41047877e-04
88,29,3.78449394,34.194303,1.08400675e-03
89,29,3.83710326,34.072792,6.58394740e-03
90,29,3.88971258,34.019882,1.41960890e-03
91,29,3.94232191,33.875856,2.98431892e-04
92,29,3.99493123,33.666079,2.86430238e-04
93,29,4.04754055,33.425778,5.82894162e-04
94,29,4.10014987,33.190857,3.35853586e-04
95,29,4.15275899,32.967394,2.18367477e-04
96,29,4.20536831,32.773799,1.59446738e-04
97,29,4.25797763,32.617263,1.63054691e-04
98,29,4.31058696,32.513765,1.43928599e-03
99,29,4.36319628,32.473527,8.43919781e-05
0,30,0.00000000,38.292740,2.09579501e-04
1,30,0.06074799,38.108767,1.99534751e-05
2,30,0.12149598,37.908492,1.90412449e-04
3,30,0.18224397,37.837468,2.77674487e-03
4,30,0.24299205,37.212410,4.15927177e-03
5,30,0.30373983,36.516808,3.35662395e-03
6,30,0.36448784,35.910319,2.38285228e-03
7,30,0.42523585,35.428184,1.54521493e-03
8,30,0.48598386,35.065020,9.00477706e-04
9,30,0.54673188,34.809610,4.47870034e-04
10,30,0.60747989,35.486501,2.83629153e-03
11,30,0.66822790,35.868751,4.19934263e-03
12,30,0.72897591,35.516184,1.70821087e-03
13,30,0.78972392,35.169561,5.09160019e-03
14,30,0.85047193,35.244066,4.74880083e-03
15,30,0.91121971,35.298717,4.39272563e-03
16,30,0.97196773,35.334876,4.05072603e-03
17,30,1.03271574,35.368700,3.72788989e-03
18,30,1.09346375,35.406918,3.42738939e-03
19,30,1.15421176,35.454259,4.52110601e-06
20,30,1.15421176,35.454259,3.81626536e-05
21,30,1.18458576,35.391111,1.08457333e-05
22,30,1.21495976,35.211567,1.17576561e-06
23,30,1.24533376,34.943695,3.06148442e-05
24,30,1.27570776,34.765584,1.24423633e-04
25,30,1.30608176,34.953206,1.43208077e-03
26,30,1.33645576,35.154457,1.46933587e-03
27,30,1.36682976,35.354784,1.71714741e-03
28,30,1.39720381,35.551699,1.95400872e-03
29,30,1.42757781,35.749261,2.15744016e-03
30,30,1.45795159,35.949680,2.43538555e-03
31,30,1.48832560,36.147257,2.54891550e-03
32,30,1.51869960,36.336386,3.46550249e-03
33,30,1.54907361,36.492133,2.71532228e-03
34,30,1.57944761,36.549464,9.78998531e-04
35,30,1.60982162,36.499752,9.96257726e-05
36,30,1.64019563,36.427596,1.14173824e-05
37,30,1.67056963,36.366748,3.15112919e-05
38,30,1.70094364,36.329032,2.99105780e-05
39,30,1.73131764,36.318339,1.55480228e-04
40,30,1.73131764,36.318339,9.94498720e-05
41,30,1.75279515,36.184536,1.81056756e-03
42,30,1.77427297,36.041345,1.48639421e-03
43,30,1.79575048,35.896575,1.21555166e-03
44,30,1.81722830,35.753623,9.85171326e-04
45,30,1.83870581,35.614671,7.93347894e-04
46,30,1.86018364,35.481949,6.34003016e-04
47,30,1.88166114,35.357068,5.01887040e-04
48,30,1.90313897,35.241337,3.92580358e-04
49,30,1.92461647,35.135144,3.02584460e-04
50,30,1.94609430,35.038427,2.30374942e-04
51,30,1.96757180,34.952821,1.70677214e-04
52,30,1.98904963,34.877673,1.22967760e-04
53,30,2.01052713,34.812913,8.65409340e-05
54,30,2.03200496,34.758204,5.81564310e-05
55,30,2.05348246,34.713149,3.80350855e-05
56,30,2.07496029,34.677305,2.62358688e-05
57,30,2.09643779,34.647096,2.51505086e-05
58,30,2.11791562,34.611459,4.18316467e-05
59,30,2.13939312,34.561549,3.58248400e-05
60,30,2.13939312,34.561549,3.58230640e-05
61,30,2.20382612,34.590781,4.65122111e-05
62,30,2.26825912,34.667416,5.73781647e-05
63,30,2.33269211,34.880947,8.09374661e-04
64,30,2.39712495,35.116912,1.13894202e-03
65,30,2.46155794,35.359313,1.67414929e-03
66,30,2.52599094,35.572776,2.67783478e-03
67,30,2.59042394,35.662912,4.62516027e-03
68,30,2.65485693,35.431311,6.71052573e-03
69,30,2.71928993,34.837499,6.61453765e-03
70,30,2.78372276,34.069882,5.50322807e-03
71,30,2.84815576,34.381574,1.14512434e-04
72,30,2.91258876,35.087384,1.12194282e-04
73,30,2.97702175,35.727128,4.36163315e-04
74,30,3.04145475,36.435608,2.90254773e-03
75,30,3.10588775,37.044321,1.16949215e-04
76,30,3.17032058,37.566135,1.18700817e-04
77,30,3.23475363,37.933476,6.04200299e-07
78,30,3.29918661,38.133658,1.71503238e-04
79,30,3.36361957,38.292740,1.60760872e-04
80,30,3.36361957,38.292740,2.15617519e-04
81,30,3.41622887,38.233394,1.67368616e-04
82,30,3.46883817,37.953650,1.84976226e-04
83,30,3.52144747,37.509347,1.03954459e-03
84,30,3.57405686,36.912895,2.45633164e-03
85,30,3.62666598,36.194557,2.30045454e-03
86,30,3.67927530,35.419730,1.40500968e-03
87,30,3.73188462,34.690716,1.19042336e-05
88,30,3.78449394,34.194303,1.07520876e-03
89,30,3.83710326,34.072792,1.53514513e-04
90,30,3.88971258,34.019882,5.45928343e-03
91,30,3.94232191,33.875856,5.11281505e-03
92,30,3.99493123,33.666079,3.73067219e-03
93,30,4.04754055,33.425778,2.42660469e-03
94,30,4.10014987,33.190857,2.00028029e-03
95,30,4.15275899,32.967394,1.72233873e-03
96,30,4.20536831,32.773799,1.57028073e-03
97,30,4.25797763,32.617263,1.53385359e-03
98,30,4.31058696,32.513765,3.13362813e-04
99,30,4.36319628,32.473527,1.69579924e-03
0,31,0.00000000,38.292740,8.10414397e-06
1,31,0.06074799,38.297954,2.33849564e-04
2,31,0.12149598,38.203820,3.04776998e-04
3,31,0.18224397,38.059507,4.09362724e-04
4,31,0.24299205,37.877699,5.34401892e-04
5,31,0.30373983,37.671076,6.70237997e-04
6,31,0.36448784,37.450662,8.10337764e-04
7,31,0.42523585,37.225310,9.52205048e-04
8,31,0.48598386,37.001818,1.09518814e-03
9,31,0.54673188,36.785267,1.23937222e-03
10,31,0.60747989,36.579406,1.38644845e-03
11,31,0.66822790,36.387553,1.53816344e-03
12,31,0.72897591,36.210316,1.69636233e-03
13,31,0.78972392,36.049763,1.86261633e-03
14,31,0.85047193,35.906633,2.03928665e-03
15,31,0.91121971,35.782994,2.23070315e-03
16,31,0.97196773,35.679420,2.43717428e-03
17,31,1.03271574,35.588574,2.65588954e-03
18,31,1.09346375,35.514041,2.89273556e-03
19,31,1.15421176,35.454259,6.29413548e-03
20,31,1.15421176,35.454259,6.26048994e-03
21,31,1.18458576,35.391111,6.14829192e-03
22,31,1.21495976,35.211567,5.81734242e-03
23,31,1.24533376,34.943695,5.46536449e-03
24,31,1.27570776,34.765584,2.64851792e-03
25,31,1.30608176,34.953206,8.77425306e-05
26,31,1.33645576,35.154457,1.35248765e-04
27,31,1.36682976,35.354784,1.93491752e-04
28,31,1.39720381,35.551699,3.93196542e-04
29,31,1.42757781,35.749261,7.30632541e-04
30,31,1.45795159,35.949680,1.06546601e-03
31,31,1.48832560,36.147257,1.53699227e-03
32,31,1.51869960,36.336386,9.54507785e-04
33,31,1.54907361,36.492133,1.05421703e-03
34,31,1.57944761,36.549464,8.20684641e-04
35,31,1.60982162,36.499752,1.01040056e-03
36,31,1.64019563,36.427596,1.24515813e-03
37,31,1.67056963,36.366748,1.55290780e-03
38,31,1.70094364,36.329032,1.95751368e-03
39,31,1.73131764,36.318339,2.26865309e-03
40,31,1.73131764,36.318339,2.32465824e-03
41,31,1.75279515,36.447590,1.00745704e-03
42,31,1.77427297,36.579584,2.22370719e-03
43,31,1.79575048,36.698143,3.71539136e-03
44,31,1.81722830,36.781266,4.94197762e-03
45,31,1.83870581,36.808147,5.19322412e-03
46,31,1.86018364,36.781640,4.54999234e-03
47,31,1.88166114,36.721372,3.63020081e-03
48,31,1.90313897,36.645481,2.78378378e-03
49,31,1.92461647,36.564700,2.09036058e-03
50,31,1.94609430,36.484385,1.54784897e-03
51,31,1.96757180,36.410499,1.12448099e-03
52,31,1.98904963,36.343734,7.97386431e-04
53,31,2.01052713,36.284380,5.49158905e-04
54,31,2.03200496,36.115301,1.94957117e-04
55,31,2.05348246,35.834114,2.05397625e-04
56,31,2.07496029,35.540907,1.93865764e-04
57,31,2.09643779,35.244530,1.57882732e-04
58,31,2.11791562,34.976530,7.90775449e-05
59,31,2.13939312,34.849955,1.05477283e-06
60,31,2.13939312,34.849955,1.05485084e-06
61,31,2.20382612,35.135030,2.19940980e-06
62,31,2.26825912,35.513560,5.26180786e-06
63,31,2.33269211,35.916169,9.25702157e-06
64,31,2.39712495,36.340154,1.46063528e-05
65,31,2.46155794,36.764561,2.13208398e-06
66,31,2.52599094,36.887307,1.95637006e-02
67,31,2.59042394,36.320350,1.68648093e-02
68,31,2.65485693,35.792193,1.37383844e-02
69,31,2.71928993,35.355054,1.00258429e-02
70,31,2.78372276,35.092486,5.81516302e-03
71,31,2.84815576,35.064851,2.23233790e-03
72,31,2.91258876,35.269764,2.43711620e-04
73,31,2.97702175,35.782470,1.12989476e-04
74,31,3.04145475,36.439927,1.14779961e-04
75,31,3.10588775,37.316120,6.51233287e-03
76,31,3.17032058,38.107269,5.45107804e-07
77,31,3.23475363,37.974459,1.19382197e-04
78,31,3.29918661,38.237826,1.19285736e-04
79,31,3.36361957,38.292740,5.69187933e-05
80,31,3.36361957,38.292741,2.03755435e-06
81,31,3.41622887,38.233394,1.84277888e-04
82,31,3.46883817,37.953651,6.50429433e-04
83,31,3.52144747,38.018243,2.43355710e-06
84,31,3.57405686,38.169883,3.29985839e-06
85,31,3.62666598,38.098262,2.18722371e-03
86,31,3.67927530,37.711718,9.41670449e-04
87,31,3.73188462,37.459214,2.06898206e-05
88,31,3.78449394,37.402834,1.00703226e-03
89,31,3.83710326,37.612894,4.20763047e-03
90,31,3.88971258,37.383798,3.14326333e-06
91,31,3.94232191,36.509679,5.38937287e-06
92,31,3.99493123,35.678136,7.99650980e-06
93,31,4.04754055,34.934897,1.13797140e-05
94,31,4.10014987,34.330532,1.55705896e-05
95,31,4.15275899,33.897366,1.97944490e-05
96,31,4.20536831,33.641749,2.31303884e-05
97,31,4.25797763,33.524221,2.52271196e-05
98,31,4.31058696,33.481980,2.63544778e-05
99,31,4.36319628,33.473123,2.67067822e-05
0,32,0.00000000,40.168744,9.54435429e-03
1,32,0.06074799,39.864176,1.23832135e-02
2,32,0.12149598,39.187590,9.39603105e-03
3,32,0.18224397,38.724671,4.36177239e-03
4,32,0.24299205,38.904158,1.54492146e-03
5,32,0.30373983,39.283066,1.04407384e-03
6,32,0.36448784,39.130216,2.09563604e-03
7,32,0.42523585,38.425622,7.53383115e-04
8,32,0.48598386,37.779389,3.79485942e-05
9,32,0.54673188,37.193249,5.83917921e-06
10,32,0.60747989,36.701514,8.20380605e-04
11,32,0.66822790,36.737823,2.71354691e-04
12,32,0.72897591,37.506551,1.17913972e-03
13,32,0.78972392,38.309716,5.55094893e-03
14,32,0.85047193,39.010050,2.46904251e-03
15,32,0.91121971,38.740429,7.42171328e-04
16,32,0.97196773,38.395950,7.24401194e-04
17,32,1.03271574,38.081268,7.02079120e-04
18,32,1.09346375,37.841650,6.61200151e-04
19,32,1.15421176,37.762476,1.01400368e-03
20,32,1.15421176,37.762476,9.81750896e-04
21,32,1.18458576,37.786746,8.60514291e-04
22,32,1.21495976,37.858187,1.17663189e-03
23,32,1.24533376,37.972460,1.10949996e-03
24,32,1.27570776,38.117140,4.64794467e-04
25,32,1.30608176,38.257832,1.07832556e-03
26,32,1.33645576,38.276329,7.32363182e-04
27,32,1.36682976,38.106838,2.72628503e-04
28,32,1.39720381,37.881260,1.40498238e-04
29,32,1.42757781,37.654736,1.52063516e-04
30,32,1.45795159,37.441227,1.84478624e-04
31,32,1.48832560,37.248144,2.39252052e-04
32,32,1.51869960,37.082438,1.60096836e-03
33,32,1.54907361,36.972253,4.41449567e-04
34,32,1.57944761,36.980414,7.54382007e-05
35,32,1.60982162,37.105728,1.49177122e-03
36,32,1.64019563,37.260191,9.68443809e-03
37,32,1.67056963,37.397567,8.52399279e-03
38,32,1.70094364,37.493348,7.89429806e-03
39,32,1.73131764,37.531444,6.54006134e-03
40,32,1.73131764,37.531444,6.50998143e-03
41,32,1.75279515,37.482682,2.93588364e-04
42,32,1.77427297,37.447900,3.33602205e-04
43,32,1.79575048,37.420767,3.29623675e-04
44,32,1.81722830,37.396045,2.89918031e-04
45,32,1.83870581,37.368152,2.25155156e-04
46,32,1.86018364,37.331716,1.49649882e-04
47,32,1.88166114,37.280994,7.89073736e-05
48,32,1.90313897,37.207548,2.76482774e-05
49,32,1.92461647,37.109429,8.45095539e-06
50,32,1.94609430,36.977466,2.39811125e-05
51,32,1.96757180,36.811573,6.56375603e-05
52,32,1.98904963,36.610367,1.17564317e-04
53,32,2.01052713,36.375783,1.64610530e-04
54,32,2.03200496,36.234575,3.58331085e-04
55,32,2.05348246,36.193734,2.16380897e-04
56,32,2.07496029,36.162570,1.15949573e-04
57,32,2.09643779,36.139855,4.82892910e-05
58,32,2.11791562,36.126184,1.07685682e-05
59,32,2.13939312,36.121709,3.75561223e-07
60,32,2.13939312,36.121709,3.75520411e-07
61,32,2.20382612,36.319558,7.80379005e-07
62,32,2.26825912,36.490231,1.83307552e-06
63,32,2.33269211,36.590627,2.96791139e-06
64,32,2.39712495,36.660976,2.88575152e-06
65,32,2.46155794,36.794337,2.09272134e-05
66,32,2.52599094,36.924109,1.30296692e-06
67,32,2.59042394,37.145959,6.42497159e-07
68,32,2.65485693,37.427301,2.35655075e-07
69,32,2.71928993,37.532363,9.55259398e-05
70,32,2.78372276,37.849929,4.91461949e-05
71,32,2.84815576,38.269645,2.86386942e-04
72,32,2.91258876,38.106812,1.53990379e-06
73,32,2.97702175,37.959847,2.45781874e-06
74,32,3.04145475,38.069466,2.16415451e-06
75,32,3.10588775,38.178802,1.02520762e-06
76,32,3.17032058,38.265970,1.03828819e-02
77,32,3.23475363,39.177469,1.41249287e-02
78,32,3.29918661,39.895885,1.73200930e-02
79,32,3.36361957,40.168744,1.38749462e-02
80,32,3.36361957,40.168744,9.03437417e-03
81,32,3.41622887,40.047032,9.82043523e-04
82,32,3.46883817,39.663171,1.00343541e-02
83,32,3.52144747,39.135250,6.67205824e-03
84,32,3.57405686,38.585417,5.39759319e-03
85,32,3.62666598,38.098262,1.44252640e-03
86,32,3.67927530,37.711718,9.40486690e-05
87,32,3.73188462,37.459214,1.88619881e-05
88,32,3.78449394,37.402834,3.51224163e-04
89,32,3.83710326,37.612894,1.60901761e-03
90,32,3.88971258,38.094965,8.86359411e-03
91,32,3.94232191,37.937833,3.83701641e-06
92,32,3.99493123,37.675961,3.03540486e-06
93,32,4.04754055,37.288675,1.71608544e-07
94,32,4.10014987,36.915857,1.95118870e-07
95,32,4.15275899,36.594656,2.18028476e-07
96,32,4.20536831,36.332457,2.39684183e-07
97,32,4.25797763,36.137189,2.57594875e-07
98,32,4.31058696,36.016318,2.69584349e-07
99,32,4.36319628,35.974999,2.73834304e-07
0,33,0.00000000,40.168744,9.20439035e-03
1,33,0.06074799,40.168969,4.51714213e-03
2,33,0.12149598,40.117760,4.20929156e-03
3,33,0.18224397,40.049402,3.74108506e-03
4,33,0.24299205,39.984419,3.15657895e-03
5,33,0.30373983,39.893912,1.47845251e-03
6,33,0.36448784,39.130216,5.59454765e-04
7,33,0.42523585,38.425622,1.57174982e-03
8,33,0.48598386,37.779389,1.95840302e-03
9,33,0.54673188,37.193249,1.58493710e-03
10,33,0.60747989,36.701514,6.09149046e-06
11,33,0.66822790,36.737823,1.92452943e-03
12,33,0.72897591,37.506552,3.59950434e-03
13,33,0.78972392,38.309716,2.73966578e-04
14,33,0.85047193,39.010050,3.70584636e-03
15,33,0.91121971,39.293499,9.82078472e-05
16,33,0.97196773,39.203800,8.41962793e-06
17,33,1.03271574,38.628276,9.45240417e-05
18,33,1.09346375,37.992059,3.54742673e-04
19,33,1.15421176,37.762476,1.15212649e-04
20,33,1.15421176,37.762476,1.47444074e-04
21,33,1.18458576,37.786746,2.84978128e-04
22,33,1.21495976,37.858187,5.22651309e-06
23,33,1.24533376,37.972460,1.00547309e-04
24,33,1.27570776,38.117140,7.29848328e-04
25,33,1.30608176,38.257832,8.22238854e-07
26,33,1.33645576,38.276329,1.76305594e-04
27,33,1.36682976,38.106838,6.70591506e-04
28,33,1.39720381,37.881260,8.89195777e-04
29,33,1.42757781,37.654736,1.00233342e-03
30,33,1.45795159,37.441227,1.16804310e-03
31,33,1.48832560,37.248144,1.46367719e-03
32,33,1.51869960,37.082438,8.17032235e-04
33,33,1.54907361,36.972254,3.75155207e-03
34,33,1.57944761,36.980414,7.25006172e-03
35,33,1.60982162,37.105728,7.64654940e-03
36,33,1.64019563,37.260191,2.53917362e-04
37,33,1.67056963,37.397567,1.68670254e-03
38,33,1.70094364,37.493348,1.98722401e-03
39,33,1.73131764,37.531444,2.36111141e-03
40,33,1.73131764,37.531444,2.39118213e-03
41,33,1.75279515,37.568443,6.52542936e-03
42,33,1.77427297,37.581013,4.08375558e-03
43,33,1.79575048,37.587528,1.75547103e-03
44,33,1.81722830,37.619425,2.28083248e-04
45,33,1.83870581,37.702387,1.73219341e-04
46,33,1.86018364,37.837979,1.42392509e-03
47,33,1.88166114,38.008611,3.26465879e-03
48,33,1.90313897,38.196230,5.23942927e-03
49,33,1.92461647,38.387360,7.12303690e-03
50,33,1.94609430,38.572547,8.68071216e-03
51,33,1.96757180,38.730146,9.36290657e-03
52,33,1.98904963,38.821464,7.62214300e-03
53,33,2.01052713,38.745516,2.78052425e-03
54,33,2.03200496,38.485115,4.61771789e-04
55,33,2.05348246,38.156514,5.17380019e-05
56,33,2.07496029,37.830534,3.36355831e-06
57,33,2.09643779,37.547394,5.22214352e-06
58,33,2.11791562,37.347907,7.89603629e-06
59,33,2.13939312,37.274717,9.56078823e-06
60,33,2.13939312,37.274717,9.56167027e-06
61,33,2.20382612,37.107432,8.04541579e-06
62,33,2.26825912,37.056260,5.68644881e-06
63,33,2.33269211,37.160875,3.15801750e-06
64,33,2.39712495,37.389491,1.89612813e-06
65,33,2.46155794,37.461609,2.19658300e-02
66,33,2.52599094,37.289841,2.77451808e-05
67,33,2.59042394,37.735316,5.06169155e-03
68,33,2.65485693,37.429798,1.39122336e-03
69,33,2.71928993,37.756346,9.21016165e-08
70,33,2.78372276,38.109365,1.64065330e-07
71,33,2.84815576,38.438250,3.65768308e-07
72,33,2.91258876,38.712832,6.48002671e-07
73,33,2.97702175,38.854946,9.27490378e-07
74,33,3.04145475,38.915315,1.38629683e-06
75,33,3.10588775,39.051007,2.03561122e-06
76,33,3.17032058,39.376233,1.93120064e-06
77,33,3.23475363,39.766229,1.30223745e-06
78,33,3.29918661,40.071600,6.62482222e-07
79,33,3.36361957,40.168744,4.87380162e-03
80,33,3.36361957,40.168744,9.71444568e-03
81,33,3.41622887,40.047032,1.71099642e-02
82,33,3.46883817,39.663171,5.80632688e-03
83,33,3.52144747,39.135250,5.37194106e-03
84,33,3.57405686,38.585417,2.14457203e-03
85,33,3.62666598,38.300205,4.04467830e-06
86,33,3.67927530,38.389770,4.49343675e-06
87,33,3.73188462,38.422865,4.43525867e-06
88,33,3.78449394,38.382042,3.52660801e-06
89,33,3.83710326,38.166405,6.18211615e-08
90,33,3.88971258,38.094965,3.70483143e-03
91,33,3.94232191,38.165362,1.26804504e-07
92,33,3.99493123,37.706896,1.48317139e-07
93,33,4.04754055,37.394430,2.44232808e-06
94,33,4.10014987,37.110292,1.95445395e-06
95,33,4.15275899,36.837528,1.50333060e-06
96,33,4.20536831,36.593709,1.05302140e-06
97,33,4.25797763,36.397027,6.16691867e-07
98,33,4.31058696,36.267800,2.70005308e-07
99,33,4.36319628,36.222245,1.33789269e-07
0,34,0.00000000,41.694681,7.95381657e-05
1,34,0.06074799,41.687792,3.67795418e-04
2,34,0.12149598,41.641482,3.98353743e-04
3,34,0.18224397,41.552269,5.97312706e-04
4,34,0.24299205,40.712203,1.35467810e-03
5,34,0.30373983,39.893913,1.52194677e-03
6,34,0.36448784,39.694328,9.26434675e-04
7,34,0.42523585,40.069312,1.10817031e-03
8,34,0.48598386,40.290964,5.19364219e-04
9,34,0.54673188,40.421484,6.06687580e-05
10,34,0.60747989,40.168790,2.01339916e-05
11,34,0.66822790,39.942439,3.09087262e-05
12,34,0.72897591,39.724529,7.74953006e-04
13,34,0.78972392,39.418373,7.70759495e-04
14,34,0.85047193,39.086730,7.57648640e-04
15,34,0.91121971,39.293499,5.84702265e-05
16,34,0.97196773,39.203801,1.46595095e-05
17,34,1.03271574,39.137316,7.90743479e-06
18,34,1.09346375,39.097360,5.36976579e-06
19,34,1.15421176,39.084028,5.81339088e-06
20,34,1.15421176,39.084028,5.51294531e-06
21,34,1.18458576,39.128412,1.32856503e-05
22,34,1.21495976,39.243603,5.50897046e-05
23,34,1.24533376,39.321831,5.55566351e-05
24,34,1.27570776,39.143750,9.42246356e-04
25,34,1.30608176,38.916647,1.11202331e-03
26,34,1.33645576,38.841835,1.52650515e-03
27,34,1.36682976,38.990383,1.48115462e-03
28,34,1.39720381,39.223687,1.36061530e-03
29,34,1.42757781,39.477470,1.25412050e-03
30,34,1.45795159,39.725841,1.13721678e-03
31,34,1.48832560,39.941008,9.87664058e-04
32,34,1.51869960,40.094752,2.88999579e-04
33,34,1.54907361,40.176147,4.29306660e-04
34,34,1.57944761,40.178843,5.05743277e-04
35,34,1.60982162,40.115924,1.27337456e-04
36,34,1.64019563,40.019094,2.76144175e-04
37,34,1.67056963,39.918996,2.22772211e-03
38,34,1.70094364,39.845074,4.90301239e-03
39,34,1.73131764,39.831247,5.93093427e-03
40,34,1.73131764,39.831247,4.87846470e-03
41,34,1.75279515,39.819584,4.17041921e-03
42,34,1.77427297,39.792522,4.34065068e-03
43,34,1.79575048,39.744394,4.43860190e-03
44,34,1.81722830,39.681002,4.43282840e-03
45,34,1.83870581,39.598009,4.32396603e-03
46,34,1.86018364,39.497159,4.11300861e-03
47,34,1.88166114,39.382449,3.80912808e-03
48,34,1.90313897,39.259953,3.42990810e-03
49,34,1.92461647,39.137917,2.99155874e-03
50,34,1.94609430,39.021195,2.51411833e-03
51,34,1.96757180,38.922275,2.03769603e-03
52,34,1.98904963,38.841131,1.58397715e-03
53,34,2.01052713,38.780275,1.16438174e-03
54,34,2.03200496,38.732751,8.17640117e-04
55,34,2.05348246,38.698687,5.35991726e-04
56,34,2.07496029,38.675557,3.18332509e-04
57,34,2.09643779,38.660448,1.65620659e-04
58,34,2.11791562,38.652052,7.37324818e-05
59,34,2.13939312,38.649451,4.11930076e-05
60,34,2.13939312,38.649451,4.11864686e-05
61,34,2.20382612,38.502458,4.57044292e-05
62,34,2.26825912,38.232441,4.33926748e-05
63,34,2.33269211,37.933888,3.53901220e-05
64,34,2.39712495,37.735710,2.44833292e-05
65,34,2.46155794,37.684276,1.45254691e-06
66,34,2.52599094,37.877340,9.82119368e-06
67,34,2.59042394,37.832214,3.54059620e-05
68,34,2.65485693,38.389257,4.21685101e-05
69,34,2.71928993,38.833874,2.71931452e-05
70,34,2.78372276,39.172404,6.12725226e-08
71,34,2.84815576,38.598883,4.50425286e-07
72,34,2.91258876,38.754485,5.94080119e-04
73,34,2.97702175,39.291579,9.26867120e-04
74,34,3.04145475,39.871717,1.25907748e-03
75,34,3.10588775,40.486018,1.54046887e-03
76,34,3.17032058,41.081896,1.63300156e-03
77,34,3.23475363,41.520050,1.32472305e-03
78,34,3.29918661,41.682386,8.75867924e-04
79,34,3.36361957,41.694681,5.07989363e-04
80,34,3.36361957,41.694681,2.37131629e-04
81,34,3.41622887,41.706912,9.55999579e-05
82,34,3.46883817,41.690228,4.19857025e-04
83,34,3.52144747,41.611560,7.16228964e-05
84,34,3.57405686,41.482661,9.91416639e-05
85,34,3.62666598,41.279020,1.94617282e-06
86,34,3.67927530,40.719730,2.66309011e-06
87,34,3.73188462,40.018444,3.33436695e-06
88,34,3.78449394,39.216854,4.45151409e-06
89,34,3.83710326,38.453795,7.96313927e-06
90,34,3.88971258,38.169403,5.14779044e-06
91,34,3.94232191,38.765785,1.28043467e-02
92,34,3.99493123,39.509117,7.00695596e-03
93,34,4.04754055,40.137266,2.33318446e-02
94,34,4.10014987,40.354583,1.48698610e-02
95,34,4.15275899,40.382208,1.06413274e-02
96,34,4.20536831,40.382192,1.09451852e-02
97,34,4.25797763,40.377367,6.75764752e-03
98,34,4.31058696,40.373685,1.55138945e-03
99,34,4.36319628,40.371869,8.46852179e-03
0,35,0.00000000,41.694681,5.21748539e-05
1,35,0.06074799,41.742891,2.12208488e-04
2,35,0.12149598,41.833660,3.73677596e-04
3,35,0.18224397,41.552269,2.78622185e-03
4,35,0.24299205,40.712203,1.97976837e-03
5,35,0.30373983,39.947205,2.49457611e-03
6,35,0.36448784,39.965335,1.79388110e-03
7,35,0.42523585,40.098219,9.18963135e-04
8,35,0.48598386,40.461687,9.48339368e-04
9,35,0.54673188,40.421484,4.38809725e-05
10,35,0.60747989,40.168790,5.35521872e-05
11,35,0.66822790,39.942439,1.65213741e-05
12,35,0.72897591,39.741761,2.21559092e-05
13,35,0.78972392,39.568965,1.28289195e-05
14,35,0.85047193,39.424342,4.54184378e-05
15,35,0.91121971,39.579322,2.03376992e-03
16,35,0.97196773,39.521156,1.03970337e-05
17,35,1.03271574,39.137316,2.37065563e-06
18,35,1.09346375,39.097360,1.68861657e-06
19,35,1.15421176,39.084028,5.25270546e-07
20,35,1.15421176,39.084028,8.31632161e-07
21,35,1.18458576,39.128412,8.47045883e-05
22,35,1.21495976,39.243603,2.54216440e-04
23,35,1.24533376,39.321831,6.88124427e-04
24,35,1.27570776,39.143750,4.08718540e-04
25,35,1.30608176,38.916647,3.82164742e-04
26,35,1.33645576,38.841835,6.24604256e-05
27,35,1.36682976,38.990383,1.32700685e-05
28,35,1.39720381,39.223687,1.32093724e-05
29,35,1.42757781,39.477470,8.62767042e-06
30,35,1.45795159,39.725841,3.51949567e-05
31,35,1.48832560,39.941008,1.42334015e-04
32,35,1.51869960,40.094753,8.96618473e-04
33,35,1.54907361,40.176147,9.40920037e-04
34,35,1.57944761,40.178843,1.18019064e-03
35,35,1.60982162,40.115924,2.00460730e-03
36,35,1.64019563,40.019094,2.49610480e-03
37,35,1.67056963,39.918996,1.53016904e-03
38,35,1.70094364,39.845074,3.40497117e-04
39,35,1.73131764,39.831247,1.36869863e-03
40,35,1.73131764,39.831247,2.42113680e-03
41,35,1.75279515,39.848874,5.27239643e-03
42,35,1.77427297,39.932085,7.15707068e-03
43,35,1.79575048,40.061167,8.80131469e-03
44,35,1.81722830,40.224797,1.00454901e-02
45,35,1.83870581,40.406233,1.08897173e-02
46,35,1.86018364,40.584061,1.13416612e-02
47,35,1.88166114,40.718355,1.12054477e-02
48,35,1.90313897,40.734326,9.81941368e-03
49,35,1.92461647,40.571619,7.73197947e-03
50,35,1.94609430,40.281533,6.72126158e-03
51,35,1.96757180,39.956151,7.36752813e-03
52,35,1.98904963,39.661028,1.08265824e-02
53,35,2.01052713,39.507896,1.74968273e-02
54,35,2.03200496,39.528382,2.16815381e-02
55,35,2.05348246,39.611056,2.38675826e-02
56,35,2.07496029,39.699871,2.54700213e-02
57,35,2.09643779,39.769206,2.66869621e-02
58,35,2.11791562,39.813594,2.74626330e-02
59,35,2.13939312,39.834394,2.77413086e-02
60,35,2.13939312,39.834394,2.77416596e-02
61,35,2.20382612,39.464423,2.77128865e-02
62,35,2.26825912,39.040571,2.70027888e-02
63,35,2.33269211,38.559585,2.57227120e-02
64,35,2.39712495,38.013338,2.40202055e-02
65,35,2.46155794,37.721694,1.54296097e-05
66,35,2.52599094,38.014582,1.30127274e-06
67,35,2.59042394,38.154913,5.24038705e-06
68,35,2.65485693,38.547172,7.47870655e-07
69,35,2.71928993,39.091398,1.04878916e-06
70,35,2.78372276,39.249757,2.31984467e-05
71,35,2.84815576,39.673780,2.22670684e-05
72,35,2.91258876,40.102858,2.15778153e-05
73,35,2.97702175,40.531605,2.01018846e-05
74,35,3.04145475,40.951361,1.71493027e-05
75,35,3.10588775,41.352772,1.27494391e-05
76,35,3.17032058,41.675555,6.64773514e-06
77,35,3.23475363,41.784605,1.75921089e-06
78,35,3.29918661,41.736733,2.95542342e-07
79,35,3.36361957,41.694681,1.47191633e-05
80,35,3.36361957,41.694681,1.81749780e-04
81,35,3.41622887,41.706912,6.31736556e-04
82,35,3.46883817,41.690230,2.26715528e-04
83,35,3.52144747,41.611560,3.77175331e-04
84,35,3.57405686,41.482661,2.08315093e-04
85,35,3.62666598,41.335423,1.98004556e-04
86,35,3.67927530,40.942045,4.57193746e-08
87,35,3.73188462,40.330570,5.87622642e-08
88,35,3.78449394,39.744998,7.26983922e-08
89,35,3.83710326,39.187376,8.92082690e-08
90,35,3.88971258,38.659946,1.07238364e-07
91,35,3.94232191,38.765785,6.96736874e-03
92,35,3.99493123,39.509117,1.93467299e-02
93,35,4.04754055,40.137267,3.91106726e-03
94,35,4.10014987,40.354583,1.29073302e-03
95,35,4.15275899,40.382208,1.71777567e-03
96,35,4.20536831,40.382192,4.67022272e-04
97,35,4.25797763,40.377367,4.45449402e-03
98,35,4.31058696,40.373685,9.66568054e-03
99,35,4.36319628,40.371869,2.77266722e-03
0,36,0.00000000,41.694682,5.84794850e-04
1,36,0.06074799,41.742891,1.64615216e-04
2,36,0.12149598,41.833664,1.38648909e-04
3,36,0.18224397,41.555752,4.35877575e-04
4,36,0.24299205,41.433946,4.77350564e-04
5,36,0.30373983,41.283300,5.21133209e-04
6,36,0.36448784,41.110093,5.68300709e-04
7,36,0.42523585,40.919768,6.15622078e-04
8,36,0.48598386,40.698686,1.01651781e-04
9,36,0.54673188,40.497869,7.03479230e-04
10,36,0.60747989,40.265068,7.37646180e-04
11,36,0.66822790,40.003347,7.65518235e-04
12,36,0.72897591,39.741761,5.30696282e-06
13,36,0.78972392,39.568965,2.58597186e-06
14,36,0.85047193,39.424342,6.31121591e-06
15,36,0.91121971,39.579322,3.79106717e-03
16,36,0.97196773,39.936509,1.81384436e-03
17,36,1.03271574,40.142125,3.69085635e-03
18,36,1.09346375,40.242470,1.34373676e-03
19,36,1.15421176,40.271838,3.08863041e-03
20,36,1.15421176,40.271838,1.43919897e-03
21,36,1.18458576,40.143634,8.36471909e-04
22,36,1.21495976,39.884896,1.16031205e-03
23,36,1.24533376,39.698424,1.94775985e-03
24,36,1.27570776,39.826880,8.96721448e-04
25,36,1.30608176,40.087796,8.99880956e-04
26,36,1.33645576,40.383734,9.75657274e-04
27,36,1.36682976,40.693361,1.07806916e-03
28,36,1.39720381,41.008183,1.45986108e-03
29,36,1.42757781,41.318273,5.05225123e-04
30,36,1.45795159,41.610784,7.04767462e-04
31,36,1.48832560,41.855345,1.97471715e-04
32,36,1.51869960,42.021060,1.73118894e-03
33,36,1.54907361,42.142113,8.50249849e-04
34,36,1.57944761,42.270632,2.73376855e-03
35,36,1.60982162,42.416963,2.33085389e-03
36,36,1.64019563,42.566680,1.63770131e-03
37,36,1.67056963,42.694847,1.86423514e-03
38,36,1.70094364,42.781184,6.85488791e-05
39,36,1.73131764,42.813245,3.03798774e-03
40,36,1.73131764,42.813245,9.83804470e-04
41,36,1.75279515,42.774663,7.99197407e-04
42,36,1.77427297,42.724202,3.92762233e-04
43,36,1.79575048,42.664647,1.23893703e-04
44,36,1.81722830,42.601608,6.63184797e-06
45,36,1.83870581,42.436645,9.00785932e-04
46,36,1.86018364,42.208539,2.21076466e-04
47,36,1.88166114,41.991691,2.76455497e-05
48,36,1.90313897,41.874665,9.53321553e-04
49,36,1.92461647,41.922994,2.48634441e-03
50,36,1.94609430,42.087437,2.95841646e-03
51,36,1.96757180,42.294771,2.23462050e-03
52,36,1.98904963,42.414592,1.77556547e-03
53,36,2.01052713,42.444002,1.77107077e-03
54,36,2.03200496,42.477001,1.65561640e-03
55,36,2.05348246,42.512976,1.39269935e-03
56,36,2.07496029,42.549706,9.79919281e-04
57,36,2.09643779,42.580065,5.28327756e-04
58,36,2.11791562,42.577504,7.64258617e-05
59,36,2.13939312,42.573228,1.90234256e-07
60,36,2.13939312,42.573228,1.93318341e-07
61,36,2.20382612,42.715409,1.94944205e-02
62,36,2.26825912,41.884461,1.74037300e-02
63,36,2.33269211,41.013420,1.55553775e-02
64,36,2.39712495,40.099075,1.35833009e-02
65,36,2.46155794,39.226011,1.14071511e-02
66,36,2.52599094,38.403040,8.71293822e-03
67,36,2.59042394,38.369025,1.25312210e-06
68,36,2.65485693,38.737805,1.21714848e-06
69,36,2.71928993,39.147932,1.79907814e-05
70,36,2.78372276,39.747295,1.44410231e-06
71,36,2.84815576,39.979162,1.47032809e-06
72,36,2.91258876,40.333909,1.27773915e-06
73,36,2.97702175,40.729347,1.05890706e-06
74,36,3.04145475,41.151991,7.89622467e-07
75,36,3.10588775,41.555182,3.70939542e-07
76,36,3.17032058,41.815864,3.63955312e-08
77,36,3.23475363,41.836908,1.41981330e-07
78,36,3.29918661,41.745777,1.11990303e-07
79,36,3.36361957,41.694682,1.93783294e-04
80,36,3.36361957,41.694684,2.97639369e-04
81,36,3.41622887,41.736836,3.44139811e-08
82,36,3.46883817,41.810882,1.28371064e-07
83,36,3.52144747,41.829885,4.48438880e-07
84,36,3.57405686,41.663372,1.13068233e-06
85,36,3.62666598,41.335423,7.19949842e-05
86,36,3.67927530,41.189897,3.07760348e-04
87,36,3.73188462,41.055813,3.39717353e-04
88,36,3.78449394,40.937448,9.85114806e-05
89,36,3.83710326,40.836659,5.57191323e-05
90,36,3.88971258,40.755278,6.61920026e-04
91,36,3.94232191,40.697690,5.16994785e-04
92,36,3.99493123,40.682117,5.48512051e-05
93,36,4.04754055,40.810974,2.61755397e-03
94,36,4.10014987,41.290111,4.10062689e-03
95,36,4.15275899,41.757432,9.92901937e-04
96,36,4.20536831,42.024924,6.14239797e-03
97,36,4.25797763,42.140962,2.25384701e-03
98,36,4.31058696,42.186208,4.53441482e-04
99,36,4.36319628,42.196188,2.17251034e-05
0,37,0.00000000,43.459501,3.84238553e-06
1,37,0.06074799,43.154709,2.65263691e-04
2,37,0.12149598,42.467361,2.85373486e-03
3,37,0.18224397,41.980951,2.72227547e-04
4,37,0.24299205,41.879552,1.55378660e-04
5,37,0.30373983,41.624510,4.62138291e-05
6,37,0.36448784,41.311844,7.15987159e-05
7,37,0.42523585,40.997278,1.06426085e-04
8,37,0.48598386,40.698686,3.67814664e-05
9,37,0.54673188,40.657420,1.31336295e-04
10,37,0.60747989,40.958696,1.00147576e-03
11,37,0.66822790,41.069647,9.94536056e-04
12,37,0.72897591,41.079092,9.58725806e-04
13,37,0.78972392,40.995298,8.68295942e-04
14,37,0.85047193,40.779983,6.62024583e-04
15,37,0.91121971,40.317027,2.75271818e-04
16,37,0.97196773,39.936509,3.50959546e-03
17,37,1.03271574,40.142126,9.76031688e-04
18,37,1.09346375,40.242470,2.88008277e-03
19,37,1.15421176,40.271838,9.85306746e-04
20,37,1.15421176,40.271838,2.63428116e-03
21,37,1.18458576,40.143634,2.72125307e-03
22,37,1.21495976,39.884896,1.76264758e-03
23,37,1.24533376,39.698424,4.44879791e-04
24,37,1.27570776,39.826880,1.00713817e-03
25,37,1.30608176,40.087796,1.14977710e-03
26,37,1.33645576,40.383734,1.33923898e-03
27,37,1.36682976,40.693361,1.50477990e-03
28,37,1.39720381,41.008183,1.36349860e-03
29,37,1.42757781,41.318273,2.49368846e-03
30,37,1.45795159,41.610784,2.36106856e-03
31,37,1.48832560,41.855345,2.81134792e-03
32,37,1.51869960,42.021062,1.33146127e-03
33,37,1.54907361,42.142113,2.34292661e-03
34,37,1.57944761,42.270632,4.91960458e-04
35,37,1.60982162,42.416963,9.37108884e-04
36,37,1.64019563,42.566681,1.78730886e-03
37,37,1.67056963,42.694848,1.86092843e-03
38,37,1.70094364,42.781184,4.05541763e-03
39,37,1.73131764,42.813245,1.52340282e-03
40,37,1.73131764,42.813245,3.57720452e-03
41,37,1.75279515,42.829057,3.31315440e-03
42,37,1.77427297,42.811606,3.15803661e-03
43,37,1.79575048,42.747601,2.64861720e-03
44,37,1.81722830,42.623853,1.80311944e-03
45,37,1.83870581,42.540179,3.68888710e-05
46,37,1.86018364,42.485295,1.96551144e-04
47,37,1.88166114,42.440810,4.53437826e-04
48,37,1.90313897,42.408365,7.64552534e-04
49,37,1.92461647,42.390627,1.09093958e-03
50,37,1.94609430,42.388240,1.38773484e-03
51,37,1.96757180,42.396125,1.62777470e-03
52,37,1.98904963,42.489069,7.88220263e-04
53,37,2.01052713,42.610575,5.15879071e-07
54,37,2.03200496,42.646447,3.16478941e-04
55,37,2.05348246,42.637796,5.47491734e-04
56,37,2.07496029,42.615545,4.76065633e-04
57,37,2.09643779,42.593208,2.67683571e-04
58,37,2.11791562,42.600918,1.50172660e-04
59,37,2.13939312,42.608410,4.54388708e-06
60,37,2.13939312,42.608410,4.53340185e-06
61,37,2.20382612,42.899903,6.34302321e-07
62,37,2.26825912,43.146798,2.13809122e-07
63,37,2.33269211,43.072091,3.49955626e-07
64,37,2.39712495,42.848127,4.99216112e-07
65,37,2.46155794,42.526377,6.03819633e-07
66,37,2.52599094,42.102683,6.16655487e-07
67,37,2.59042394,41.572417,5.37233787e-07
68,37,2.65485693,40.944610,4.10214913e-07
69,37,2.71928993,40.240760,4.25689588e-07
70,37,2.78372276,39.846683,2.23890599e-05
71,37,2.84815576,40.572298,2.14395450e-05
72,37,2.91258876,41.273705,1.77305212e-05
73,37,2.97702175,41.860485,1.22811452e-05
74,37,3.04145475,42.236605,7.21766692e-06
75,37,3.10588775,42.400333,4.66604869e-06
76,37,3.17032058,42.487425,4.83770483e-06
77,37,3.23475363,42.737740,5.03322751e-06
78,37,3.29918661,43.168488,3.44605707e-06
79,37,3.36361957,43.459501,1.05243274e-06
80,37,3.36361957,43.459501,4.34115705e-06
81,37,3.41622887,43.314191,1.30763670e-07
82,37,3.46883817,43.064564,2.45352729e-07
83,37,3.52144747,42.871380,3.88488478e-07
84,37,3.57405686,42.233250,2.59256227e-08
85,37,3.62666598,41.577239,3.55609351e-08
86,37,3.67927530,41.189897,3.37355666e-06
87,37,3.73188462,41.055813,7.27750516e-05
88,37,3.78449394,40.937448,4.59459194e-04
89,37,3.83710326,40.836659,6.55355449e-04
90,37,3.88971258,40.755278,1.33024895e-04
91,37,3.94232191,40.697690,1.29651628e-04
92,37,3.99493123,40.682117,3.57814129e-05
93,37,4.04754055,40.810975,5.24073610e-04
94,37,4.10014987,41.290112,9.90987343e-03
95,37,4.15275899,41.757432,1.12187989e-02
96,37,4.20536831,42.024924,2.77558222e-04
97,37,4.25797763,42.140962,2.61833722e-04
98,37,4.31058696,42.186208,1.58379662e-04
99,37,4.36319628,42.196188,1.66333004e-05
0,38,0.00000000,43.459506,3.65732183e-06
1,38,0.06074799,43.154710,1.48528265e-03
2,38,0.12149598,42.467364,3.66514150e-04
3,38,0.18224397,41.980951,2.88443502e-04
4,38,0.24299205,41.879553,1.47529694e-04
5,38,0.30373983,41.624511,1.92401807e-04
6,38,0.36448784,41.311844,1.33169759e-04
7,38,0.42523585,40.997278,6.59071271e-05
8,38,0.48598386,40.715535,6.62017646e-04
9,38,0.54673188,40.755001,9.81949436e-04
10,38,0.60747989,41.181287,1.74711053e-05
11,38,0.66822790,41.855937,1.71184806e-04
12,38,0.72897591,42.422839,4.40324719e-04
13,38,0.78972392,42.061062,5.14968817e-04
14,38,0.85047193,41.772938,6.03851182e-04
15,38,0.91121971,41.558036,6.98220475e-04
16,38,0.97196773,41.408736,7.86280921e-04
17,38,1.03271574,41.318848,8.64590060e-04
18,38,1.09346375,41.281737,9.29932161e-04
19,38,1.15421176,41.293846,8.43926042e-04
20,38,1.15421176,41.293846,6.78120408e-04
21,38,1.18458576,41.430173,2.29396623e-03
22,38,1.21495976,41.717965,1.09274061e-03
23,38,1.24533376,42.029580,1.46129970e-03
24,38,1.27570776,42.304499,4.30552040e-03
25,38,1.30608176,42.507870,7.17987016e-03
26,38,1.33645576,42.625710,7.91502014e-03
27,38,1.36682976,42.659282,4.78930340e-03
28,38,1.39720381,42.641645,6.86914217e-03
29,38,1.42757781,42.596749,3.35719964e-03
30,38,1.45795159,42.558735,7.90363839e-03
31,38,1.48832560,42.573253,7.56601365e-03
32,38,1.51869960,42.692545,3.53343593e-03
33,38,1.54907361,42.909646,4.05253822e-03
34,38,1.57944761,43.174411,7.93166206e-03
35,38,1.60982162,43.425910,3.07647601e-03
36,38,1.64019563,43.658135,7.10610930e-04
37,38,1.67056963,43.847466,4.73061263e-03
38,38,1.70094364,43.974090,8.74178841e-03
39,38,1.73131764,44.024680,7.99303202e-03
40,38,1.73131764,44.024680,1.17770244e-02
41,38,1.75279515,43.909468,2.22569502e-03
42,38,1.77427297,43.774251,2.72980666e-03
43,38,1.79575048,43.628002,3.52891076e-03
44,38,1.81722830,43.494343,4.61561554e-03
45,38,1.83870581,43.387420,5.68965162e-03
46,38,1.86018364,43.306763,6.51385453e-03
47,38,1.88166114,43.243249,7.09381978e-03
48,38,1.90313897,43.189705,7.52689745e-03
49,38,1.92461647,43.142419,7.89996433e-03
50,38,1.94609430,43.104022,8.31373248e-03
51,38,1.96757180,43.081220,8.90246925e-03
52,38,1.98904963,43.100128,9.58658646e-03
53,38,2.01052713,43.205275,9.21093833e-03
54,38,2.03200496,43.406528,7.43781819e-03
55,38,2.05348246,43.603095,2.07799260e-02
56,38,2.07496029,43.543165,2.13454228e-02
57,38,2.09643779,43.491592,2.19153887e-02
58,38,2.11791562,43.458008,2.23678708e-02
59,38,2.13939312,43.448306,2.25539177e-02
60,38,2.13939312,43.448306,2.25524829e-02
61,38,2.20382612,43.009387,9.91870588e-08
62,38,2.26825912,43.369392,3.04865883e-07
63,38,2.33269211,43.875435,1.34995794e-06
64,38,2.39712495,44.318381,2.16323880e-06
65,38,2.46155794,44.189354,7.50003528e-04
66,38,2.52599094,43.629951,7.82448852e-04
67,38,2.59042394,43.153484,8.29566654e-04
68,38,2.65485693,42.763925,8.51399592e-04
69,38,2.71928993,42.462367,8.33140900e-04
70,38,2.78372276,42.249839,7.71124306e-04
71,38,2.84815576,42.127588,6.71119071e-04
72,38,2.91258876,42.092505,5.42484156e-04
73,38,2.97702175,42.143841,3.97936941e-04
74,38,3.04145475,42.278522,2.50494453e-04
75,38,3.10588775,42.493001,1.16421040e-04
76,38,3.17032058,42.778783,2.27522938e-05
77,38,3.23475363,43.109981,1.79329641e-06
78,38,3.29918661,43.353191,2.45120829e-06
79,38,3.36361957,43.459504,6.07594507e-06
80,38,3.36361957,43.459510,5.31965085e-06
81,38,3.41622887,43.378166,4.66913478e-06
82,38,3.46883817,43.289824,8.62532514e-07
83,38,3.52144747,42.904913,1.87032887e-08
84,38,3.57405686,42.824320,3.53535553e-07
85,38,3.62666598,42.913254,2.82579827e-07
86,38,3.67927530,43.060327,2.08785082e-07
87,38,3.73188462,43.230812,1.11834016e-08
88,38,3.78449394,43.265389,1.08783173e-05
89,38,3.83710326,43.083214,1.94008154e-05
90,38,3.88971258,42.903059,2.26931801e-05
91,38,3.94232191,42.753520,2.46253820e-05
92,38,3.99493123,42.633827,2.58810292e-05
93,38,4.04754055,42.539438,2.66634452e-05
94,38,4.10014987,42.467421,2.74461840e-05
95,38,4.15275899,42.412354,2.78727937e-05
96,38,4.20536831,42.372490,2.82078975e-05
97,38,4.25797763,42.345581,2.84406498e-05
98,38,4.31058696,42.330056,2.85838635e-05
99,38,4.36319628,42.324425,2.86329761e-05
0,39,0.00000000,43.459527,3.17305267e-06
1,39,0.06074799,43.574858,1.12636680e-03
2,39,0.12149598,43.435709,1.25494931e-04
3,39,0.18224397,43.069482,6.56764439e-05
4,39,0.24299205,42.990504,7.62652341e-05
5,39,0.30373983,43.146614,3.07834217e-04
6,39,0.36448784,43.366754,3.53867259e-04
7,39,0.42523585,43.534603,4.30963890e-04
8,39,0.48598386,43.581922,6.27614296e-04
9,39,0.54673188,43.502539,2.36425475e-04
10,39,0.60747989,43.339806,3.50798300e-04
11,39,0.66822790,42.853687,3.84993080e-04
12,39,0.72897591,42.659812,5.15839820e-04
13,39,0.78972392,43.002992,6.86707854e-04
14,39,0.85047193,43.072309,9.22082288e-04
15,39,0.91121971,42.298733,5.65692455e-04
16,39,0.97196773,41.751340,9.04581451e-04
17,39,1.03271574,41.490637,1.01092212e-03
18,39,1.09346375,41.357826,1.01421808e-03
19,39,1.15421176,41.293846,1.11882234e-03
20,39,1.15421176,41.293846,1.28472486e-03
21,39,1.18458576,41.430173,3.91746496e-04
22,39,1.21495976,41.717966,2.87538055e-03
23,39,1.24533376,42.029580,3.89761972e-03
24,39,1.27570776,42.304501,2.44842392e-03
25,39,1.30608176,42.507870,7.49423044e-04
26,39,1.33645576,42.625710,7.31295010e-04
27,39,1.36682976,42.659282,4.07175161e-03
28,39,1.39720381,42.641646,1.90929939e-03
29,39,1.42757781,42.596749,5.24414717e-03
30,39,1.45795159,42.558735,5.88865502e-04
31,39,1.48832560,42.573253,9.79272151e-04
32,39,1.51869960,42.692548,5.01501870e-03
33,39,1.54907361,42.909647,4.55299589e-03
34,39,1.57944761,43.174411,9.86017305e-04
35,39,1.60982162,43.425910,6.43860356e-03
36,39,1.64019563,43.658135,9.58685106e-03
37,39,1.67056963,43.847466,6.49282794e-03
38,39,1.70094364,43.974090,3.51338832e-03
39,39,1.73131764,44.024680,5.36439529e-03
40,39,1.73131764,44.024680,1.58059396e-03
41,39,1.75279515,44.111105,1.29512696e-02
42,39,1.77427297,44.179411,1.43889581e-02
43,39,1.79575048,44.225248,1.56944644e-02
44,39,1.81722830,44.250503,1.68382114e-02
45,39,1.83870581,44.252894,1.77513721e-02
46,39,1.86018364,44.233977,1.84193133e-02
47,39,1.88166114,44.196470,1.88643443e-02
48,39,1.90313897,44.143222,1.91375130e-02
49,39,1.92461647,44.078548,1.92985565e-02
50,39,1.94609430,43.998788,1.94355105e-02
51,39,1.96757180,43.919860,1.95429008e-02
52,39,1.98904963,43.837989,1.96990277e-02
53,39,2.01052713,43.756570,1.99887683e-02
54,39,2.03200496,43.677108,2.03275259e-02
55,39,2.05348246,43.655579,5.52007946e-03
56,39,2.07496029,43.914620,3.77969366e-03
57,39,2.09643779,44.155635,2.13691284e-03
58,39,2.11791562,44.341980,6.78149686e-04
59,39,2.13939312,44.416442,1.79967272e-05
60,39,2.13939312,44.416442,1.80323445e-05
61,39,2.20382612,45.337411,1.65035564e-05
62,39,2.26825912,45.983013,1.50397903e-03
63,39,2.33269211,45.445458,8.91974481e-04
64,39,2.39712495,44.803816,7.51910099e-04
65,39,2.46155794,44.618890,2.16194409e-06
66,39,2.52599094,44.753459,1.63990030e-06
67,39,2.59042394,44.756075,9.92018742e-07
68,39,2.65485693,44.692230,4.38883445e-07
69,39,2.71928993,44.152431,9.45707258e-07
70,39,2.78372276,43.710189,7.29328518e-07
71,39,2.84815576,43.407615,5.70680617e-07
72,39,2.91258876,43.238319,4.77137444e-07
73,39,2.97702175,43.170746,4.71224444e-07
74,39,3.04145475,43.162652,6.43700212e-07
75,39,3.10588775,43.205924,1.15335041e-06
76,39,3.17032058,43.270193,4.12746261e-04
77,39,3.23475363,43.272135,3.72305936e-06
78,39,3.29918661,43.387146,8.33251867e-06
79,39,3.36361957,43.459517,3.50658631e-06
80,39,3.36361957,43.459564,1.04902124e-06
81,39,3.41622887,43.378227,5.59982924e-05
82,39,3.46883817,43.289825,2.17966029e-05
83,39,3.52144747,43.335927,2.72394010e-04
84,39,3.57405686,43.436034,2.34888246e-04
85,39,3.62666598,43.488899,2.38112105e-04
86,39,3.67927530,43.501095,1.33738258e-04
87,39,3.73188462,43.495209,8.96546795e-05
88,39,3.78449394,43.477097,4.22087540e-05
89,39,3.83710326,43.447673,1.21037055e-05
90,39,3.88971258,43.412209,9.52422610e-06
91,39,3.94232191,43.380377,2.15693701e-04
92,39,3.99493123,43.369746,7.22312407e-04
93,39,4.04754055,43.413829,2.01591384e-03
94,39,4.10014987,43.533392,1.21103626e-07
95,39,4.15275899,43.484884,1.07110998e-07
96,39,4.20536831,43.444873,9.19660718e-08
97,39,4.25797763,43.414395,7.62577909e-08
98,39,4.31058696,43.395252,6.37726234e-08
99,39,4.36319628,43.387981,5.71923831e-08
0,40,0.00000000,44.055217,2.63949423e-07
1,40,0.06074799,44.026444,8.18064803e-04
2,40,0.12149598,43.435710,1.62859596e-04
3,40,0.18224397,43.069482,3.19183284e-05
4,40,0.24299205,42.990504,1.84464806e-04
5,40,0.30373983,43.146615,1.32143938e-04
6,40,0.36448784,43.366754,2.22741673e-04
7,40,0.42523585,43.534604,2.23104157e-04
8,40,0.48598386,43.581922,8.45702892e-06
9,40,0.54673188,43.502539,3.10539297e-04
10,40,0.60747989,43.349509,3.36662274e-04
11,40,0.66822790,43.183732,3.26397453e-04
12,40,0.72897591,43.053609,4.77171721e-04
13,40,0.78972392,43.002992,6.25599530e-05
14,40,0.85047193,43.072309,4.38102033e-04
15,40,0.91121971,43.299610,1.14018623e-03
16,40,0.97196773,43.670413,1.13816610e-03
17,40,1.03271574,44.105297,8.09872158e-04
18,40,1.09346375,44.471858,2.89279657e-04
19,40,1.15421176,44.618596,7.30766657e-06
20,40,1.15421176,44.618596,8.81418309e-06
21,40,1.18458576,44.631218,1.52265775e-04
22,40,1.21495976,44.673207,3.86662158e-04
23,40,1.24533376,44.757275,5.55923012e-04
24,40,1.27570776,44.901361,6.12960755e-04
25,40,1.30608176,45.123291,6.23611639e-04
26,40,1.33645576,45.426761,6.43890127e-04
27,40,1.36682976,45.794940,7.74547978e-04
28,40,1.39720381,46.194554,1.46528278e-03
29,40,1.42757781,46.572076,2.86969370e-03
30,40,1.45795159,46.830485,6.73790028e-03
31,40,1.48832560,46.919709,8.94723434e-03
32,40,1.51869960,46.928674,7.03557178e-03
33,40,1.54907361,46.929468,9.42213596e-03
34,40,1.57944761,46.934498,1.35922575e-02
35,40,1.60982162,46.943392,1.46597119e-02
36,40,1.64019563,46.946316,1.28737317e-02
37,40,1.67056963,46.930855,1.34323688e-02
38,40,1.70094364,46.903326,1.17080351e-02
39,40,1.73131764,46.891396,2.69153852e-03
40,40,1.73131764,46.891396,1.02715113e-02
41,40,1.75279515,46.783733,2.31559130e-03
42,40,1.77427297,46.661342,1.45665981e-03
43,40,1.79575048,46.547114,8.04251669e-04
44,40,1.81722830,46.455213,3.39244388e-04
45,40,1.83870581,46.388907,7.86368528e-05
46,40,1.86018364,46.347983,2.29266773e-05
47,40,1.88166114,46.329617,1.48360758e-04
48,40,1.90313897,46.330484,4.10157713e-04
49,40,1.92461647,46.344702,7.57781587e-04
50,40,1.94609430,46.364279,1.13926342e-03
51,40,1.96757180,46.394361,1.53334027e-03
52,40,1.98904963,46.428026,1.91190148e-03
53,40,2.01052713,46.460009,2.24472326e-03
54,40,2.03200496,46.455636,4.81764579e-04
55,40,2.05348246,46.278148,1.07791995e-03
56,40,2.07496029,46.082126,1.93910124e-03
57,40,2.09643779,45.885067,3.04381356e-03
58,40,2.11791562,45.724659,4.22890783e-03
59,40,2.13939312,45.660911,4.83747013e-03
60,40,2.13939312,45.660911,4.83744103e-03
61,40,2.20382612,46.029351,2.96798586e-03
62,40,2.26825912,46.355325,1.55545668e-05
63,40,2.33269211,47.227316,1.15063024e-05
64,40,2.39712495,47.123874,1.48716240e-04
65,40,2.46155794,46.646710,3.15401838e-05
66,40,2.52599094,46.100380,8.79103214e-07
67,40,2.59042394,45.382139,1.20508706e-06
68,40,2.65485693,44.719252,1.14964802e-06
69,40,2.71928993,44.593560,1.11838870e-07
70,40,2.78372276,44.502145,9.12589047e-08
71,40,2.84815576,44.202830,3.50086334e-05
72,40,2.91258876,43.921318,4.71733810e-05
73,40,2.97702175,43.676102,6.66650899e-05
74,40,3.04145475,43.469650,1.03006636e-04
75,40,3.10588775,43.317010,1.85136710e-04
76,40,3.17032058,43.352153,1.56284986e-07
77,40,3.23475363,43.472073,9.72389123e-04
78,40,3.29918661,44.029195,1.61642200e-03
79,40,3.36361957,44.055113,2.25898754e-07
80,40,3.36361957,44.055259,2.33671286e-07
81,40,3.41622887,44.210258,7.79985412e-10
82,40,3.46883817,43.579454,8.59934193e-09
83,40,3.52144747,43.335928,1.85304661e-05
84,40,3.57405686,43.436034,2.28263155e-04
85,40,3.62666598,43.488899,1.24134195e-04
86,40,3.67927530,43.501096,1.20262460e-04
87,40,3.73188462,43.495209,7.79150862e-05
88,40,3.78449394,43.477097,4.24201193e-05
89,40,3.83710326,43.447673,5.87922572e-06
90,40,3.88971258,43.412209,1.46924340e-05
91,40,3.94232191,43.380377,4.04649157e-05
92,40,3.99493123,43.369746,3.68859468e-04
93,40,4.04754055,43.413829,1.46629503e-03
94,40,4.10014987,43.581721,6.43593373e-03
95,40,4.15275899,43.964536,1.63502109e-02
96,40,4.20536831,44.582456,1.31410063e-03
97,40,4.25797763,45.312283,1.22625147e-02
98,40,4.31058696,45.985014,1.09280626e-02
99,40,4.36319628,46.286398,6.31423858e-02
0,41,0.00000000,44.457719,6.40468757e-06
1,41,0.06074799,44.026471,6.84323323e-04
2,41,0.12149598,43.718511,1.56533242e-03
3,41,0.18224397,43.877393,1.50376641e-03
4,41,0.24299205,44.069438,1.33510128e-03
5,41,0.30373983,44.294635,1.14789913e-03
6,41,0.36448784,44.548053,9.80394347e-04
7,41,0.42523585,44.833587,8.59117491e-04
8,41,0.48598386,44.430764,3.36768050e-04
9,41,0.54673188,43.871748,3.36759393e-04
10,41,0.60747989,43.349509,1.18069536e-04
11,41,0.66822790,43.183732,8.87019729e-05
12,41,0.72897591,43.053609,5.57188032e-06
13,41,0.78972392,43.567846,9.59452450e-04
14,41,0.85047193,43.262536,1.83853303e-04
15,41,0.91121971,43.299610,1.29232971e-03
16,41,0.97196773,43.670413,2.65037020e-03
17,41,1.03271574,44.105297,4.22313177e-03
18,41,1.09346375,44.471858,5.58839328e-03
19,41,1.15421176,44.618596,6.16944823e-03
20,41,1.15421176,44.618596,6.16793055e-03
21,41,1.18458576,44.631218,5.82581626e-03
22,41,1.21495976,44.673207,5.00219616e-03
23,41,1.24533376,44.757275,3.89654020e-03
24,41,1.27570776,44.901361,2.71804242e-03
25,41,1.30608176,45.123291,1.69652002e-03
26,41,1.33645576,45.426761,1.07327820e-03
27,41,1.36682976,45.794940,8.58375217e-04
28,41,1.39720381,46.194554,6.38454690e-04
29,41,1.42757781,46.572076,6.74241006e-04
30,41,1.45795159,46.830485,2.77909760e-04
31,41,1.48832560,46.919709,1.62222719e-03
32,41,1.51869960,46.928674,5.46690044e-03
33,41,1.54907361,46.929468,4.17329241e-03
34,41,1.57944761,46.934498,7.29363848e-04
35,41,1.60982162,46.943392,1.01837728e-04
36,41,1.64019563,46.946316,1.84527408e-03
37,41,1.67056963,46.930855,3.88266702e-04
38,41,1.70094364,46.903326,5.18159329e-04
39,41,1.73131764,46.891396,7.97248465e-03
40,41,1.73131764,46.891396,3.92801254e-04
41,41,1.75279515,46.956188,6.61909399e-03
42,41,1.77427297,46.974615,5.49619194e-03
43,41,1.79575048,46.953507,4.18855889e-03
44,41,1.81722830,46.917178,3.08610450e-03
45,41,1.83870581,46.885635,2.28235814e-03
46,41,1.86018364,46.866238,1.69285390e-03
47,41,1.88166114,46.857520,1.23626304e-03
48,41,1.90313897,46.853908,8.63571085e-04
49,41,1.92461647,46.846854,5.47209700e-04
50,41,1.94609430,46.828503,2.87984646e-04
51,41,1.96757180,46.786892,9.92048945e-05
52,41,1.98904963,46.714665,3.01162731e-05
53,41,2.01052713,46.601555,1.41479147e-04
54,41,2.03200496,46.493311,2.55116536e-03
55,41,2.05348246,46.523395,2.81063588e-03
56,41,2.07496029,46.551232,3.02653079e-03
57,41,2.09643779,46.570208,3.17678791e-03
58,41,2.11791562,46.581991,3.26803769e-03
59,41,2.13939312,46.586622,3.30813476e-03
60,41,2.13939312,46.586622,3.30805537e-03
61,41,2.20382612,47.291777,4.13568141e-03
62,41,2.26825912,47.628057,2.30872236e-03
63,41,2.33269211,47.500515,6.97733175e-04
64,41,2.39712495,47.373107,1.18606103e-06
65,41,2.46155794,46.813327,1.74509883e-07
66,41,2.52599094,46.156227,1.22894086e-05
67,41,2.59042394,45.692798,1.20799523e-05
68,41,2.65485693,45.268315,1.62825695e-05
69,41,2.71928993,44.876431,2.10703904e-05
70,41,2.78372276,44.520984,2.68382257e-05
71,41,2.84815576,44.458406,5.54396543e-07
72,41,2.91258876,44.522764,1.80706025e-06
73,41,2.97702175,44.766706,3.89916291e-06
74,41,3.04145475,44.293751,1.44941888e-05
75,41,3.10588775,43.749975,1.10179847e-05
76,41,3.17032058,43.394486,9.20041794e-06
77,41,3.23475363,43.697235,3.09176903e-06
78,41,3.29918661,44.146887,1.70322011e-06
79,41,3.36361957,44.457719,4.54755163e-06
80,41,3.36361957,44.457719,9.90159409e-06
81,41,3.41622887,44.220783,9.76050741e-07
82,41,3.46883817,44.113848,5.13483729e-07
83,41,3.52144747,44.026532,1.14605384e-04
84,41,3.57405686,44.037930,7.30183328e-06
85,41,3.62666598,43.890950,9.52098477e-06
86,41,3.67927530,43.734925,1.26013793e-05
87,41,3.73188462,43.571163,1.73972480e-05
88,41,3.78449394,43.555163,1.09613936e-05
89,41,3.83710326,43.757223,4.37806379e-06
90,41,3.88971258,43.768663,4.60625994e-07
91,41,3.94232191,43.706290,1.87273993e-07
92,41,3.99493123,43.642100,1.47644166e-07
93,41,4.04754055,43.584237,1.32754371e-07
94,41,4.10014987,43.581721,3.15588370e-03
95,41,4.15275899,43.964536,4.64048844e-03
96,41,4.20536831,44.582456,3.28196609e-02
97,41,4.25797763,45.312283,3.38580702e-02
98,41,4.31058696,45.985014,4.82064563e-02
99,41,4.36319628,46.286398,6.19088611e-03
0,42,0.00000000,44.457759,6.20456901e-06
1,42,0.06074799,44.376500,3.94831947e-04
2,42,0.12149598,44.785348,1.69375164e-03
3,42,0.18224397,45.059763,1.59178255e-03
4,42,0.24299205,45.423838,1.46308300e-03
5,42,0.30373983,45.864570,1.32623950e-03
6,42,0.36448784,45.526353,3.46575581e-04
7,42,0.42523585,44.995256,3.43684606e-04
8,42,0.48598386,45.163284,7.93841091e-04
9,42,0.54673188,45.553727,7.87915659e-04
10,42,0.60747989,46.019452,8.29125073e-04
11,42,0.66822790,46.507251,8.00325797e-04
12,42,0.72897591,45.768992,2.07168620e-05
13,42,0.78972392,44.486434,1.99048716e-05
14,42,0.85047193,44.552042,1.42241894e-03
15,42,0.91121971,45.602763,1.86012866e-03
16,42,0.97196773,46.685515,2.23111501e-03
17,42,1.03271574,47.795935,2.51745240e-03
18,42,1.09346375,48.718888,3.38315217e-03
19,42,1.15421176,48.639918,5.56906444e-03
20,42,1.15421176,48.639918,6.46042269e-03
21,42,1.18458576,48.589416,7.39868702e-03
22,42,1.21495976,48.458555,6.50167937e-03
23,42,1.24533376,48.286073,3.40211378e-03
24,42,1.27570776,48.098877,7.46987908e-03
25,42,1.30608176,47.915739,5.81895218e-03
26,42,1.33645576,47.748338,6.92860510e-03
27,42,1.36682976,47.604536,8.42370084e-03
28,42,1.39720381,47.498739,3.14514513e-03
29,42,1.42757781,47.463183,2.46489800e-03
30,42,1.45795159,47.565904,1.70729906e-03
31,42,1.48832560,47.814609,9.87622634e-04
32,42,1.51869960,48.065351,3.93337152e-04
33,42,1.54907361,48.198176,2.39800549e-03
34,42,1.57944761,48.186668,2.71555280e-03
35,42,1.60982162,48.079584,4.51583465e-04
36,42,1.64019563,47.971743,1.14690066e-03
37,42,1.67056963,47.927156,1.88998602e-04
38,42,1.70094364,47.973600,9.19677187e-04
39,42,1.73131764,48.049360,9.96858878e-04
40,42,1.73131764,48.049360,6.07601231e-04
41,42,1.75279515,47.928170,2.77860224e-04
42,42,1.77427297,47.837072,1.16080993e-03
43,42,1.79575048,47.818014,2.19475152e-03
44,42,1.81722830,47.850263,2.94118260e-03
45,42,1.83870581,47.905022,3.29654826e-03
46,42,1.86018364,47.965092,3.32697779e-03
47,42,1.88166114,48.021208,3.10945671e-03
48,42,1.90313897,48.071205,2.71318535e-03
49,42,1.92461647,48.108690,2.20530458e-03
50,42,1.94609430,48.135462,1.64992565e-03
51,42,1.96757180,48.156973,1.15009397e-03
52,42,1.98904963,48.175078,7.43176771e-04
53,42,2.01052713,48.190790,4.52666744e-04
54,42,2.03200496,48.209410,2.70484635e-04
55,42,2.05348246,48.229030,1.66690129e-04
56,42,2.07496029,48.248792,1.13422990e-04
57,42,2.09643779,48.264730,8.67672876e-05
58,42,2.11791562,48.275306,7.53238769e-05
59,42,2.13939312,48.279768,7.45702670e-05
60,42,2.13939312,48.279768,7.46047767e-05
61,42,2.20382612,47.702028,1.37343300e-05
62,42,2.26825912,47.640966,2.77551562e-04
63,42,2.33269211,48.158050,2.11684442e-04
64,42,2.39712495,48.867383,2.84721071e-05
65,42,2.46155794,48.794881,7.44086645e-07
66,42,2.52599094,48.610262,5.08438912e-07
67,42,2.59042394,48.040020,1.62214978e-05
68,42,2.65485693,47.461413,8.17496614e-06
69,42,2.71928993,46.936363,3.55305818e-06
70,42,2.78372276,46.505812,1.46234293e-06
71,42,2.84815576,46.214137,1.86611803e-06
72,42,2.91258876,45.658818,2.25593291e-05
73,42,2.97702175,44.942810,1.84375689e-05
74,42,3.04145475,45.136714,3.16360302e-06
75,42,3.10588775,44.846931,9.95567094e-07
76,42,3.17032058,44.634019,8.59468922e-07
77,42,3.23475363,44.524499,9.74488413e-07
78,42,3.29918661,44.371198,1.51121231e-06
79,42,3.36361957,44.457759,8.42562000e-06
80,42,3.36361957,44.457740,2.66264235e-06
81,42,3.41622887,44.318530,1.68140573e-04
82,42,3.46883817,44.113851,1.01442736e-06
83,42,3.52144747,44.026534,1.34969302e-05
84,42,3.57405686,44.121797,6.28026224e-04
85,42,3.62666598,44.417916,2.41334991e-04
86,42,3.67927530,44.840803,7.62109390e-04
87,42,3.73188462,44.388463,3.16174989e-06
88,42,3.78449394,44.107830,2.42691550e-06
89,42,3.83710326,44.012583,4.82926547e-06
90,42,3.88971258,44.265309,9.12722756e-06
91,42,3.94232191,44.692380,1.09407779e-05
92,42,3.99493123,45.194371,1.26382140e-05
93,42,4.04754055,45.752868,1.41229518e-05
94,42,4.10014987,46.349818,1.54465500e-05
95,42,4.15275899,46.967430,1.64631456e-05
96,42,4.20536831,47.586034,1.72540738e-05
97,42,4.25797763,48.160004,1.80023454e-05
98,42,4.31058696,48.204701,4.44436378e-03
99,42,4.36319628,48.008729,1.73879926e-06
0,43,0.00000000,44.459044,1.70204859e-06
1,43,0.06074799,44.613329,1.76824347e-03
2,43,0.12149598,45.069687,1.02457958e-05
3,43,0.18224397,45.596193,5.74895668e-05
4,43,0.24299205,45.972935,1.76024215e-04
5,43,0.30373983,45.925633,3.05827843e-04
6,43,0.36448784,46.370619,1.18172467e-03
7,43,0.42523585,46.568384,1.99861062e-04
8,43,0.48598386,46.559520,2.28253567e-04
9,43,0.54673188,46.751535,6.34559840e-05
10,43,0.60747989,47.089305,2.92772194e-04
11,43,0.66822790,47.186019,7.61137079e-05
12,43,0.72897591,47.334428,9.03780668e-04
13,43,0.78972392,48.051762,1.03231414e-03
14,43,0.85047193,48.711448,2.73014660e-03
15,43,0.91121971,48.943142,2.55082817e-03
16,43,0.97196773,48.988188,1.99831703e-03
17,43,1.03271574,48.881537,4.11604551e-03
18,43,1.09346375,48.718888,3.91435998e-03
19,43,1.15421176,48.639918,1.86373228e-03
20,43,1.15421176,48.639918,9.72837636e-04
21,43,1.18458576,48.589416,1.03447287e-04
22,43,1.21495976,48.458555,1.22247472e-03
23,43,1.24533376,48.286073,4.70755412e-03
24,43,1.27570776,48.098877,1.17272766e-03
25,43,1.30608176,47.915739,3.47729951e-03
26,43,1.33645576,47.748338,3.10265866e-03
27,43,1.36682976,47.604536,2.37430537e-03
28,43,1.39720381,47.498739,8.25963431e-03
29,43,1.42757781,47.463183,8.80181787e-03
30,43,1.45795159,47.565905,7.45051991e-03
31,43,1.48832560,47.814609,5.96599847e-03
32,43,1.51869960,48.065352,5.66431769e-03
33,43,1.54907361,48.198177,2.73149452e-03
34,43,1.57944761,48.186668,9.82327584e-04
35,43,1.60982162,48.079585,1.75863709e-03
36,43,1.64019563,47.971745,9.50961508e-06
37,43,1.67056963,47.927156,7.29312493e-04
38,43,1.70094364,47.973600,4.00260411e-04
39,43,1.73131764,48.049360,2.12666689e-05
40,43,1.73131764,48.049360,4.10384248e-04
41,43,1.75279515,48.142144,1.24360440e-03
42,43,1.77427297,48.280583,1.66779489e-03
43,43,1.79575048,48.412201,1.72661733e-03
44,43,1.81722830,48.514945,1.49539423e-03
45,43,1.83870581,48.620451,1.53211679e-03
46,43,1.86018364,48.735407,1.64761284e-03
47,43,1.88166114,48.859852,1.78217415e-03
48,43,1.90313897,48.992590,1.90204043e-03
49,43,1.92461647,49.131387,1.99662299e-03
50,43,1.94609430,49.276455,2.06329799e-03
51,43,1.96757180,49.362592,1.49067571e-03
52,43,1.98904963,49.207711,1.64361067e-03
53,43,2.01052713,49.067574,1.58310245e-03
54,43,2.03200496,48.953401,1.35075233e-03
55,43,2.05348246,48.862629,1.00028439e-03
56,43,2.07496029,48.795390,6.20749281e-04
57,43,2.09643779,48.747971,2.94923078e-04
58,43,2.11791562,48.720047,7.82499510e-05
59,43,2.13939312,48.715449,3.63381459e-06
60,43,2.13939312,48.715449,3.63286949e-06
61,43,2.20382612,48.947226,1.07550203e-06
62,43,2.26825912,49.019375,3.91864697e-07
63,43,2.33269211,48.783342,7.13267991e-06
64,43,2.39712495,48.884492,2.52725500e-05
65,43,2.46155794,49.052505,3.67807560e-05
66,43,2.52599094,48.622085,2.72213186e-05
67,43,2.59042394,48.356829,2.26783077e-07
68,43,2.65485693,48.019840,7.67096302e-08
69,43,2.71928993,47.602136,7.66175077e-08
70,43,2.78372276,47.125805,1.99818357e-07
71,43,2.84815576,46.426818,2.48051787e-05
72,43,2.91258876,46.108510,5.18145854e-07
73,43,2.97702175,45.625512,5.49975500e-07
74,43,3.04145475,45.330376,2.69190163e-06
75,43,3.10588775,45.629906,1.76375667e-03
76,43,3.17032058,45.167563,1.52231249e-03
77,43,3.23475363,44.805446,1.41240872e-03
78,43,3.29918661,44.481331,7.34039167e-07
79,43,3.36361957,44.458258,2.08117282e-06
80,43,3.36361957,44.458312,2.65698807e-06
81,43,3.41622887,44.318835,6.90886179e-06
82,43,3.46883817,44.266707,3.24711327e-06
83,43,3.52144747,44.170710,5.23390316e-06
84,43,3.57405686,44.121797,5.04173954e-05
85,43,3.62666598,44.417917,1.33186015e-03
86,43,3.67927530,44.840804,1.75362490e-03
87,43,3.73188462,45.327068,2.53034698e-03
88,43,3.78449394,45.843542,3.21952823e-03
89,43,3.83710326,46.365212,4.76814321e-03
90,43,3.88971258,46.872028,1.41003331e-03
91,43,3.94232191,47.343085,2.64690633e-03
92,43,3.99493123,47.759554,1.17404136e-03
93,43,4.04754055,48.127265,2.40055528e-03
94,43,4.10014987,48.402072,3.87130411e-03
95,43,4.15275899,48.576600,1.21664406e-02
96,43,4.20536831,48.627761,5.66241789e-03
97,43,4.25797763,48.488878,3.07443078e-03
98,43,4.31058696,48.204702,3.27419759e-03
99,43,4.36319628,48.008729,1.87649766e-06
0,44,0.00000000,44.550056,3.60504339e-03
1,44,0.06074799,44.635952,2.47568396e-06
2,44,0.12149598,45.206781,2.08161813e-03
3,44,0.18224397,45.824997,1.36325879e-03
4,44,0.24299205,46.397748,6.84826697e-04
5,44,0.30373983,46.846824,7.74484993e-04
6,44,0.36448784,46.757925,2.78835326e-04
7,44,0.42523585,46.568510,2.65375325e-05
8,44,0.48598386,46.559523,1.60744384e-04
9,44,0.54673188,46.751536,6.28771921e-04
10,44,0.60747989,47.089310,7.94997791e-04
11,44,0.66822790,47.514828,3.81096815e-05
12,44,0.72897591,47.953723,2.59974451e-04
13,44,0.78972392,48.370028,1.60068555e-03
14,44,0.85047193,48.711448,1.08250890e-03
15,44,0.91121971,48.943143,2.36714690e-03
16,44,0.97196773,48.988188,4.01064677e-03
17,44,1.03271574,48.881537,2.72111546e-03
18,44,1.09346375,48.921605,2.69790599e-03
19,44,1.15421176,50.046804,2.00513501e-03
20,44,1.15421176,50.046804,1.03556916e-03
21,44,1.18458576,50.095754,1.57769782e-04
22,44,1.21495976,50.220610,4.88619929e-03
23,44,1.24533376,50.380543,1.76318193e-03
24,44,1.27570776,50.537695,1.60850728e-03
25,44,1.30608176,50.666232,6.18263949e-04
26,44,1.33645576,50.745024,5.47002299e-03
27,44,1.36682976,50.755553,1.76422468e-03
28,44,1.39720381,50.698412,1.22186940e-03
29,44,1.42757781,50.580230,1.38617628e-03
30,44,1.45795159,50.421775,5.38181295e-04
31,44,1.48832560,50.260221,1.39987762e-03
32,44,1.51869960,50.140707,3.43168420e-04
33,44,1.54907361,50.041465,4.79404277e-04
34,44,1.57944761,49.722123,1.56749284e-03
35,44,1.60982162,49.347957,8.01892395e-05
36,44,1.64019563,48.993232,6.23812135e-04
37,44,1.67056963,48.672136,1.09438922e-03
38,44,1.70094364,48.402631,8.93282563e-04
39,44,1.73131764,48.257026,1.09953403e-03
40,44,1.73131764,48.257026,1.38017338e-05
41,44,1.75279515,48.305315,1.87893831e-04
42,44,1.77427297,48.377481,7.07194048e-05
43,44,1.79575048,48.502381,1.98647780e-04
44,44,1.81722830,48.691633,5.44598828e-04
45,44,1.83870581,48.905119,5.92835896e-04
46,44,1.86018364,49.130614,5.50473675e-04
47,44,1.88166114,49.362954,4.87240267e-04
48,44,1.90313897,49.597754,4.27102639e-04
49,44,1.92461647,49.671844,5.12964162e-04
50,44,1.94609430,49.526633,1.14596530e-03
51,44,1.96757180,49.420319,2.05189732e-03
52,44,1.98904963,49.562115,1.98334744e-03
53,44,2.01052713,49.697795,1.81840290e-03
54,44,2.03200496,49.822698,1.55116125e-03
55,44,2.05348246,49.931628,1.20149633e-03
56,44,2.07496029,50.022194,7.80810078e-04
57,44,2.09643779,50.085770,3.93576740e-04
58,44,2.11791562,50.123838,1.11235752e-04
59,44,2.13939312,50.139678,4.86585530e-07
60,44,2.13939312,50.139721,3.79791120e-07
61,44,2.20382612,49.927362,5.37317177e-07
62,44,2.26825912,49.539610,5.64488827e-07
63,44,2.33269211,49.213608,6.99607034e-07
64,44,2.39712495,48.972073,7.96400039e-07
65,44,2.46155794,49.603562,1.12810631e-04
66,44,2.52599094,49.944824,6.23788201e-03
67,44,2.59042394,49.611399,5.09958957e-03
68,44,2.65485693,48.853988,2.85360971e-05
69,44,2.71928993,48.024207,3.15847209e-05
70,44,2.78372276,47.207839,2.99465377e-05
71,44,2.84815576,46.616121,3.56248932e-07
72,44,2.91258876,46.124360,2.93804831e-07
73,44,2.97702175,46.226066,4.61862923e-07
74,44,3.04145475,46.155538,2.01688219e-03
75,44,3.10588775,45.801523,3.94625487e-03
76,44,3.17032058,45.267601,4.23285726e-03
77,44,3.23475363,44.809150,4.69377613e-03
78,44,3.29918661,44.551386,5.89112936e-03
79,44,3.36361957,44.550056,4.28724438e-03
80,44,3.36361957,44.550056,1.24847229e-03
81,44,3.41622887,44.492681,1.09196805e-06
82,44,3.46883817,44.797075,2.52566438e-07
83,44,3.52144747,45.308831,2.00972510e-08
84,44,3.57405686,45.834350,3.50057167e-07
85,44,3.62666598,45.510294,2.67329562e-06
86,44,3.67927530,44.863711,3.50799181e-06
87,44,3.73188462,45.327074,9.55279331e-04
88,44,3.78449394,45.843552,1.28398044e-03
89,44,3.83710326,46.365212,8.06815080e-04
90,44,3.88971258,46.872030,5.24444656e-03
91,44,3.94232191,47.343086,5.03857694e-03
92,44,3.99493123,47.759558,7.47971284e-03
93,44,4.04754055,48.127265,7.36081138e-03
94,44,4.10014987,48.402073,7.24864096e-03
95,44,4.15275899,48.576601,6.28780917e-04
96,44,4.20536831,48.627762,8.60417089e-03
97,44,4.25797763,48.488878,1.06163597e-02
98,44,4.31058696,48.598220,1.87512437e-05
99,44,4.36319628,48.771833,1.92590169e-05
0,45,0.00000000,44.550161,4.81207971e-03
1,45,0.06074799,44.776612,1.91297867e-03
2,45,0.12149598,45.267967,8.89796609e-04
3,45,0.18224397,45.825112,1.36642180e-03
4,45,0.24299205,46.399179,1.63772204e-03
5,45,0.30373983,46.850970,7.10198386e-04
6,45,0.36448784,46.759207,3.74447030e-05
7,45,0.42523585,46.932438,1.04827323e-03
8,45,0.48598386,47.542188,8.99263441e-04
9,45,0.54673188,48.193766,7.63312692e-04
10,45,0.60747989,48.126111,2.36906311e-05
11,45,0.66822790,47.514829,1.53117295e-03
12,45,0.72897591,47.953738,1.88994278e-03
13,45,0.78972392,48.370028,1.28945962e-03
14,45,0.85047193,48.849783,1.12759540e-03
15,45,0.91121971,49.705009,1.22274456e-03
16,45,0.97196773,50.584141,1.33431450e-03
17,45,1.03271574,51.462967,1.49122744e-03
18,45,1.09346375,51.141597,2.57638793e-03
19,45,1.15421176,50.046805,3.47953247e-03
20,45,1.15421176,50.046806,4.44993970e-03
21,45,1.18458576,50.095754,5.37096021e-03
22,45,1.21495976,50.220610,7.55075201e-04
23,45,1.24533376,50.380545,4.01378825e-03
24,45,1.27570776,50.537698,4.29085519e-03
25,45,1.30608176,50.666234,5.30012522e-03
26,45,1.33645576,50.745033,2.67165018e-04
27,45,1.36682976,50.755586,3.47802810e-03
28,45,1.39720381,50.698491,3.23724915e-03
29,45,1.42757781,50.580293,2.06177553e-03
30,45,1.45795159,50.421779,1.83547493e-03
31,45,1.48832560,50.260232,4.90248208e-05
32,45,1.51869960,50.140786,7.55256506e-04
33,45,1.54907361,50.041620,1.46323658e-03
34,45,1.57944761,49.722144,2.25836053e-04
35,45,1.60982162,49.347959,1.46286681e-03
36,45,1.64019563,48.993237,7.03165159e-04
37,45,1.67056963,48.672137,4.23959423e-06
38,45,1.70094364,48.402631,1.97930087e-05
39,45,1.73131764,48.257027,4.07899587e-04
40,45,1.73131764,48.257026,1.49375590e-03
41,45,1.75279515,48.328372,1.65424846e-03
42,45,1.77427297,48.477299,1.51404329e-03
43,45,1.79575048,48.650464,1.33522410e-03
44,45,1.81722830,48.839018,1.11579769e-03
45,45,1.83870581,49.038490,8.65627904e-04
46,45,1.86018364,49.245429,5.99170824e-04
47,45,1.88166114,49.454532,3.23576914e-04
48,45,1.90313897,49.644383,4.95051761e-05
49,45,1.92461647,49.831030,3.83317263e-04
50,45,1.94609430,50.057481,3.57028899e-04
51,45,1.96757180,50.270057,3.67476979e-04
52,45,1.98904963,50.462462,4.12149857e-04
53,45,2.01052713,50.626555,5.15595721e-04
54,45,2.03200496,50.765493,6.75102137e-04
55,45,2.05348246,50.882684,8.78700812e-04
56,45,2.07496029,50.987595,1.15265863e-03
57,45,2.09643779,51.087292,1.25246881e-03
58,45,2.11791562,51.180334,8.75835561e-04
59,45,2.13939312,51.233653,4.18679309e-07
60,45,2.13939312,51.235037,7.16274890e-07
61,45,2.20382612,50.826994,1.12054864e-05
62,45,2.26825912,50.504114,2.23049100e-06
63,45,2.33269211,50.374302,1.20345894e-05
64,45,2.39712495,50.120158,1.73728013e-05
65,45,2.46155794,50.054155,3.63759465e-06
66,45,2.52599094,50.093147,1.51919612e-03
67,45,2.59042394,49.631560,1.97080645e-05
68,45,2.65485693,49.237148,4.25626052e-03
69,45,2.71928993,48.807088,3.65415821e-03
70,45,2.78372276,48.331437,3.20530611e-03
71,45,2.84815576,47.816182,2.85514683e-03
72,45,2.91258876,47.271961,2.55454259e-03
73,45,2.97702175,46.711975,2.28178706e-03
74,45,3.04145475,46.361744,3.74917724e-03
75,45,3.10588775,46.007098,4.49216533e-06
76,45,3.17032058,45.493283,4.13282114e-06
77,45,3.23475363,44.890865,2.13197548e-06
78,45,3.29918661,44.577434,1.33261147e-03
79,45,3.36361957,44.550223,6.22740175e-03
80,45,3.36361957,44.550132,8.51204728e-03
81,45,3.41622887,44.737081,4.74953196e-03
82,45,3.46883817,45.159185,7.08152159e-03
83,45,3.52144747,45.690821,6.42018009e-03
84,45,3.57405686,46.292325,6.77413644e-03
85,45,3.62666598,46.805112,6.87492801e-08
86,45,3.67927530,47.542549,3.97963109e-07
87,45,3.73188462,48.349262,5.09696026e-04
88,45,3.78449394,48.854125,4.48458969e-04
89,45,3.83710326,48.956891,6.07071909e-05
90,45,3.88971258,49.143436,6.25907751e-05
91,45,3.94232191,49.423121,1.14448635e-04
92,45,3.99493123,49.791332,8.84613076e-04
93,45,4.04754055,50.236780,9.41968894e-04
94,45,4.10014987,50.716217,1.43381057e-03
95,45,4.15275899,51.182695,2.00732830e-03
96,45,4.20536831,51.596755,3.26908118e-03
97,45,4.25797763,51.904576,9.03980177e-05
98,45,4.31058696,52.095108,2.22368077e-04
99,45,4.36319628,51.996956,2.82635634e-07
0,46,0.00000000,44.550637,2.52450227e-03
1,46,0.06074799,44.776709,2.64765072e-03
2,46,0.12149598,45.268009,2.40978652e-03
3,46,0.18224397,46.275984,3.51102969e-03
4,46,0.24299205,46.862179,7.54310219e-04
5,46,0.30373983,47.352417,1.07140978e-03
6,46,0.36448784,47.930114,2.61385900e-03
7,46,0.42523585,48.556626,2.39607004e-04
8,46,0.48598386,49.041937,2.89209726e-04
9,46,0.54673188,48.757037,1.05864929e-04
10,46,0.60747989,48.881408,6.33033801e-04
11,46,0.66822790,49.603934,4.90160290e-04
12,46,0.72897591,50.345215,3.46882303e-04
13,46,0.78972392,51.096425,2.08920194e-04
14,46,0.85047193,51.829430,6.22185254e-05
15,46,0.91121971,52.463413,1.57550463e-05
16,46,0.97196773,52.683810,6.83269670e-04
17,46,1.03271574,52.119455,1.98158370e-03
18,46,1.09346375,52.318586,1.71903279e-03
19,46,1.15421176,53.091118,1.50736245e-03
20,46,1.15421176,53.091065,3.74168341e-03
21,46,1.18458576,53.088025,2.49595328e-04
22,46,1.21495976,53.077568,1.73667667e-03
23,46,1.24533376,53.058452,9.44798011e-04
24,46,1.27570776,53.014910,2.09296311e-03
25,46,1.30608176,52.933056,1.37436479e-03
26,46,1.33645576,52.786067,9.67440617e-04
27,46,1.36682976,52.551818,9.21325750e-04
28,46,1.39720381,52.233899,3.62106406e-04
29,46,1.42757781,51.857097,1.47068633e-04
30,46,1.45795159,51.448350,7.74563315e-04
31,46,1.48832560,51.030393,2.34841266e-04
32,46,1.51869960,50.617408,4.99052153e-04
33,46,1.54907361,50.315107,1.22352411e-04
34,46,1.57944761,50.379882,6.59981401e-04
35,46,1.60982162,50.588433,2.48012760e-03
36,46,1.64019563,50.808839,3.41558801e-03
37,46,1.67056963,50.988841,4.14996715e-03
38,46,1.70094364,51.103920,3.05757691e-03
39,46,1.73131764,51.147692,6.73484465e-03
40,46,1.73131764,51.147682,4.97926374e-03
41,46,1.75279515,51.032106,6.37755004e-04
42,46,1.77427297,50.905908,3.39256140e-04
43,46,1.79575048,50.767454,1.23143993e-04
44,46,1.81722830,50.618538,1.27455018e-05
45,46,1.83870581,50.460623,2.58107617e-05
46,46,1.86018364,50.295620,1.71126971e-04
47,46,1.88166114,50.128099,4.53934268e-04
48,46,1.90313897,49.979741,8.63432867e-04
49,46,1.92461647,49.994784,6.16151840e-04
50,46,1.94609430,50.188293,2.36721326e-04
51,46,1.96757180,50.403319,9.61918694e-05
52,46,1.98904963,50.615476,4.06133276e-05
53,46,2.01052713,50.815055,2.38416988e-05
54,46,2.03200496,50.991368,2.38851322e-05
55,46,2.05348246,51.136124,2.45869567e-05
56,46,2.07496029,51.245677,2.35387185e-05
57,46,2.09643779,51.317426,1.72945373e-05
58,46,2.11791562,51.357790,9.18331696e-06
59,46,2.13939312,51.371305,2.83486041e-06
60,46,2.13939312,51.371428,6.61782201e-06
61,46,2.20382612,50.833036,8.44312305e-03
62,46,2.26825912,50.527420,1.09752151e-02
63,46,2.33269211,50.442787,1.13780318e-02
64,46,2.39712495,50.374032,9.73922559e-03
65,46,2.46155794,50.208832,7.81519269e-03
66,46,2.52599094,50.113037,5.10974082e-06
67,46,2.59042394,49.950751,3.17807858e-03
68,46,2.65485693,49.537434,3.53310966e-03
69,46,2.71928993,49.059840,3.60544120e-03
70,46,2.78372276,48.552491,3.60641042e-03
71,46,2.84815576,48.026381,3.60516739e-03
72,46,2.91258876,47.482047,3.61270921e-03
73,46,2.97702175,46.924748,3.66344097e-03
74,46,3.04145475,46.426977,2.96704686e-06
75,46,3.10588775,46.089706,5.50265124e-06
76,46,3.17032058,46.344884,2.06213827e-06
77,46,3.23475363,45.662277,2.23939545e-07
78,46,3.29918661,44.939181,1.79209985e-08
79,46,3.36361957,44.551926,4.20997034e-04
80,46,3.36361957,44.551392,1.19561548e-03
81,46,3.41622887,44.737548,4.89918459e-03
82,46,3.46883817,45.159287,1.75463897e-03
83,46,3.52144747,45.691273,2.00297799e-03
84,46,3.57405686,46.292491,1.37850608e-03
85,46,3.62666598,46.949654,2.89573243e-04
86,46,3.67927530,47.649915,2.92376798e-03
87,46,3.73188462,48.380319,2.38134525e-03
88,46,3.78449394,48.891322,2.25756862e-04
89,46,3.83710326,48.958420,1.58172466e-04
90,46,3.88971258,49.144039,2.52026730e-04
91,46,3.94232191,49.423268,6.18916530e-04
92,46,3.99493123,49.791584,5.51888746e-04
93,46,4.04754055,50.236802,1.45160907e-03
94,46,4.10014987,50.716233,1.86931231e-03
95,46,4.15275899,51.182752,1.86380414e-03
96,46,4.20536831,51.597436,4.95321325e-04
97,46,4.25797763,51.906408,2.44774225e-03
98,46,4.31058696,52.122218,6.08527032e-04
99,46,4.36319628,52.161236,1.14276755e-05
0,47,0.00000000,45.906459,9.21735576e-06
1,47,0.06074799,45.973595,7.82701908e-05
2,47,0.12149598,46.160084,2.58155922e-04
3,47,0.18224397,46.461124,4.68711580e-04
4,47,0.24299205,47.464320,3.89957537e-03
5,47,0.30373983,47.612756,2.90376002e-04
6,47,0.36448784,47.954030,4.87138956e-04
7,47,0.42523585,48.607183,2.23786948e-04
8,47,0.48598386,49.301816,1.47674941e-03
9,47,0.54673188,50.075262,9.13881989e-04
10,47,0.60747989,50.849673,3.13675689e-04
11,47,0.66822790,51.644705,1.86590491e-03
12,47,0.72897591,52.267156,5.85730749e-04
13,47,0.78972392,52.563690,6.95523537e-04
14,47,0.85047193,53.012464,8.72219452e-04
15,47,0.91121971,53.523490,1.61723163e-03
16,47,0.97196773,54.102715,7.01671134e-04
17,47,1.03271574,54.083951,3.04311809e-03
18,47,1.09346375,53.701802,2.52439893e-03
19,47,1.15421176,53.091830,2.63369302e-03
20,47,1.15421176,53.091198,3.69921399e-04
21,47,1.18458576,53.088239,3.75939026e-03
22,47,1.21495976,53.077953,1.95808350e-03
23,47,1.24533376,53.059403,2.25288475e-03
24,47,1.27570776,53.015403,4.90151194e-04
25,47,1.30608176,52.936641,5.43445831e-04
26,47,1.33645576,52.792725,4.15332027e-04
27,47,1.36682976,52.553536,1.94062443e-04
28,47,1.39720381,52.236382,7.02764843e-04
29,47,1.42757781,51.859958,8.67068167e-04
30,47,1.45795159,51.448639,4.02844060e-04
31,47,1.48832560,51.030422,9.53330432e-04
32,47,1.51869960,50.617476,5.67839306e-04
33,47,1.54907361,50.315138,5.18492632e-04
34,47,1.57944761,50.379900,1.43402397e-03
35,47,1.60982162,50.588557,1.31782568e-03
36,47,1.64019563,50.809113,1.86420525e-03
37,47,1.67056963,50.988893,2.25658090e-03
38,47,1.70094364,51.103929,4.06316225e-03
39,47,1.73131764,51.147860,6.64459520e-04
40,47,1.73131764,51.147746,2.41063101e-03
41,47,1.75279515,51.245262,6.42124626e-03
42,47,1.77427297,51.330826,6.33699395e-03
43,47,1.79575048,51.399449,6.11645178e-03
44,47,1.81722830,51.457887,5.77881863e-03
45,47,1.83870581,51.502681,5.38590450e-03
46,47,1.86018364,51.534060,4.88886344e-03
47,47,1.88166114,51.553967,4.38957426e-03
48,47,1.90313897,51.561503,3.86462232e-03
49,47,1.92461647,51.565652,3.33396610e-03
50,47,1.94609430,51.564812,2.92872812e-03
51,47,1.96757180,51.569505,2.52085517e-03
52,47,1.98904963,51.581183,2.35572425e-03
53,47,2.01052713,51.597238,2.32538866e-03
54,47,2.03200496,51.609172,2.60670954e-03
55,47,2.05348246,51.607703,2.82539059e-03
56,47,2.07496029,51.580322,3.27394207e-03
57,47,2.09643779,51.524715,3.87251518e-03
58,47,2.11791562,51.451805,4.70714395e-03
59,47,2.13939312,51.407179,5.74606844e-03
60,47,2.13939312,51.407420,5.77290182e-03
61,47,2.20382612,52.305661,2.19627559e-06
62,47,2.26825912,52.662135,7.45555026e-04
63,47,2.33269211,52.372609,4.39034017e-03
64,47,2.39712495,51.868753,4.18170532e-03
65,47,2.46155794,51.447228,3.83902948e-03
66,47,2.52599094,51.328163,2.19092418e-03
67,47,2.59042394,51.683242,1.54077634e-06
68,47,2.65485693,50.973205,3.05631033e-05
69,47,2.71928993,50.256470,2.38963674e-05
70,47,2.78372276,49.551677,2.11544391e-05
71,47,2.84815576,48.866999,1.78580322e-05
72,47,2.91258876,48.203291,1.43186393e-05
73,47,2.97702175,47.571720,1.09418942e-05
74,47,3.04145475,47.091598,5.16053507e-06
75,47,3.10588775,47.428124,1.08028823e-05
76,47,3.17032058,47.397818,3.03630175e-06
77,47,3.23475363,47.339785,4.50771625e-03
78,47,3.29918661,46.324890,2.05455538e-04
79,47,3.36361957,45.906459,5.68881823e-06
80,47,3.36361957,45.906459,1.31677914e-06
81,47,3.41622887,46.279766,5.34712785e-04
82,47,3.46883817,46.990750,1.29560491e-04
83,47,3.52144747,47.484642,2.31825649e-05
84,47,3.57405686,46.615087,1.11309446e-06
85,47,3.62666598,46.950211,7.63348338e-03
86,47,3.67927530,47.649954,4.69773550e-03
87,47,3.73188462,48.403256,3.68849109e-03
88,47,3.78449394,49.170716,2.05108946e-03
89,47,3.83710326,49.939385,6.47282137e-04
90,47,3.88971258,50.589750,1.43888839e-04
91,47,3.94232191,51.127829,4.22599396e-05
92,47,3.99493123,51.648099,9.27645923e-05
93,47,4.04754055,51.990652,1.23927946e-05
94,47,4.10014987,52.351192,1.28077734e-05
95,47,4.15275899,52.647572,9.06620702e-06
96,47,4.20536831,52.785129,7.52153420e-06
97,47,4.25797763,52.510153,1.58839572e-07
98,47,4.31058696,52.154456,5.75043883e-06
99,47,4.36319628,52.168843,3.52858709e-05
